duplicate_candidate_key,duplicate_candidate_count,duplicate_candidate_rank,source_row_number,offre_id,titre_poste,employeur,ville_region_raw,secteur_activite_raw,etl_completeness_score
6f12895c03a824d752c5,207,1,17,OFFRE_000017_a380a5f3d501,Vendeur en magasin,Non précisé,Limbe / Buea,Commerce / Vente,0.75
84b3a44add9ca0466da3,207,1,18,OFFRE_000018_04777b7ef19e,Cuisinier Domestique,Non précisé,Limbe / Buea,Services / Sécurité,1.0
f005fd4db9d8ea5358d6,207,1,19,OFFRE_000019_45e5c3277bbb,Employé de Ménage,Non précisé,Limbe / Buea,Services / Sécurité,0.75
b8422418f75683615598,206,1,20,OFFRE_000020_8ed6522f59cb,Cadre comptable,Non précisé,Limbe / Buea,Finance / Comptabilité,1.0
05b9077590cb0833ed8a,206,1,21,OFFRE_000021_efd1c30b2e8e,Cadre administratif,Non précisé,,Administration / RH,0.875
f1e755172099e42005e8,206,1,22,OFFRE_000022_92f85fc08b11,"Cadre Sécurité, Hygiène et Environnement",Non précisé,Ngousso,Services / Sécurité,1.0
340d8b5317eee956c3d7,412,1,23,OFFRE_000023_3eb75a636c1b,Enseignant du Secondaire,Non précisé,Kribi,Éducation / Formation,0.875
340d8b5317eee956c3d7,412,2,24,OFFRE_000024_e99033571d89,Enseignant du Secondaire,Non précisé,Kribi,Éducation / Formation,0.875
a872b4975e7aeb22c040,207,1,25,OFFRE_000025_5c5917aa0b86,Gestionnaire des ressources humaines,Non précisé,Yaoundé,Administration / RH,1.0
d0f7b6caba540fdebf41,208,1,26,OFFRE_000026_6c3b292c80d3,Scieur,Non précisé,Yaoundé (Ekoumdoum),Industrie / Maintenance,0.75
cf03f4912425c0ffef8b,206,1,27,OFFRE_000027_f9bac18de42a,Agent d'entretien,Non précisé,Yaoundé (Ekoumdoum),Services / Sécurité,0.75
6f12895c03a824d752c5,207,2,28,OFFRE_000028_83ad469d1bff,Vendeur en magasin,Non précisé,Limbe / Buea,Commerce / Vente,0.75
84b3a44add9ca0466da3,207,2,29,OFFRE_000029_4b66f35d080d,Cuisinier Domestique,Non précisé,Limbe / Buea,Services / Sécurité,1.0
f005fd4db9d8ea5358d6,207,2,30,OFFRE_000030_2fe157321e33,Employé de Ménage,Non précisé,Limbe / Buea,Services / Sécurité,0.75
b8422418f75683615598,206,2,31,OFFRE_000031_48078f55651e,Cadre comptable,Non précisé,Limbe / Buea,Finance / Comptabilité,1.0
05b9077590cb0833ed8a,206,2,32,OFFRE_000032_2b9b98cef432,Cadre administratif,Non précisé,,Administration / RH,0.875
f1e755172099e42005e8,206,2,33,OFFRE_000033_173a3e335357,"Cadre Sécurité, Hygiène et Environnement",Non précisé,Ngousso,Services / Sécurité,1.0
a872b4975e7aeb22c040,207,2,34,OFFRE_000034_6d978851b11d,Gestionnaire des ressources humaines,Non précisé,Yaoundé,Administration / RH,1.0
d0f7b6caba540fdebf41,208,2,35,OFFRE_000035_9ece0df13907,Scieur,Non précisé,Yaoundé (Ekoumdoum),Industrie / Maintenance,0.75
cf03f4912425c0ffef8b,206,2,36,OFFRE_000036_7649d5d5951c,Agent d'entretien,Non précisé,Yaoundé (Ekoumdoum),Services / Sécurité,0.75
6f12895c03a824d752c5,207,3,37,OFFRE_000037_a2eb55ad557b,Vendeur en magasin,Non précisé,Limbe / Buea,Commerce / Vente,0.75
84b3a44add9ca0466da3,207,3,38,OFFRE_000038_d2f58739bc1f,Cuisinier Domestique,Non précisé,Limbe / Buea,Services / Sécurité,1.0
f005fd4db9d8ea5358d6,207,3,39,OFFRE_000039_b9343917c565,Employé de Ménage,Non précisé,Limbe / Buea,Services / Sécurité,0.75
b8422418f75683615598,206,3,40,OFFRE_000040_843b9d176044,Cadre comptable,Non précisé,Limbe / Buea,Finance / Comptabilité,1.0
05b9077590cb0833ed8a,206,3,41,OFFRE_000041_fb9953804adb,Cadre administratif,Non précisé,,Administration / RH,0.875
f1e755172099e42005e8,206,3,42,OFFRE_000042_a0f0c93124b0,"Cadre Sécurité, Hygiène et Environnement",Non précisé,Ngousso,Services / Sécurité,1.0
9286af8e61cb94f04193,206,1,43,OFFRE_000043_fac6e83b95e8,Contrôleur du travail,Non précisé,Ngousso,Autre / Non classé,0.75
340d8b5317eee956c3d7,412,3,44,OFFRE_000044_ceff41b32ddc,Enseignant du Secondaire,Non précisé,Kribi,Éducation / Formation,0.875
340d8b5317eee956c3d7,412,4,45,OFFRE_000045_687cf3ea0682,Enseignant du Secondaire,Non précisé,Kribi,Éducation / Formation,0.875
a872b4975e7aeb22c040,207,3,46,OFFRE_000046_727cc060b1e2,Gestionnaire des ressources humaines,Non précisé,Yaoundé,Administration / RH,1.0
d0f7b6caba540fdebf41,208,3,47,OFFRE_000047_1d79e95be092,Scieur,Non précisé,Yaoundé (Ekoumdoum),Industrie / Maintenance,0.75
cf03f4912425c0ffef8b,206,3,48,OFFRE_000048_ea9e2ec6d385,Agent d'entretien,Non précisé,Yaoundé (Ekoumdoum),Services / Sécurité,0.75
6f12895c03a824d752c5,207,4,49,OFFRE_000049_bed4bd52107b,Vendeur en magasin,Non précisé,Limbe / Buea,Commerce / Vente,0.75
84b3a44add9ca0466da3,207,4,50,OFFRE_000050_a6c7b4e6450b,Cuisinier Domestique,Non précisé,Limbe / Buea,Services / Sécurité,1.0
f005fd4db9d8ea5358d6,207,4,51,OFFRE_000051_bf26aa9b5116,Employé de Ménage,Non précisé,Limbe / Buea,Services / Sécurité,0.75
b8422418f75683615598,206,4,52,OFFRE_000052_bef5a5ea16a1,Cadre comptable,Non précisé,Limbe / Buea,Finance / Comptabilité,1.0
05b9077590cb0833ed8a,206,4,53,OFFRE_000053_0ffc450dc6e8,Cadre administratif,Non précisé,,Administration / RH,0.875
f1e755172099e42005e8,206,4,54,OFFRE_000054_197d15c22f26,"Cadre Sécurité, Hygiène et Environnement",Non précisé,Ngousso,Services / Sécurité,1.0
9286af8e61cb94f04193,206,2,55,OFFRE_000055_7010379876da,Contrôleur du travail,Non précisé,Ngousso,Autre / Non classé,0.75
340d8b5317eee956c3d7,412,5,56,OFFRE_000056_0076ddb31b03,Enseignant du Secondaire,Non précisé,Kribi,Éducation / Formation,0.875
340d8b5317eee956c3d7,412,6,57,OFFRE_000057_080f73289bf8,Enseignant du Secondaire,Non précisé,Kribi,Éducation / Formation,0.875
a872b4975e7aeb22c040,207,4,58,OFFRE_000058_9ee29fb7dbd4,Gestionnaire des ressources humaines,Non précisé,Yaoundé,Administration / RH,1.0
d0f7b6caba540fdebf41,208,4,59,OFFRE_000059_472ae404f67c,Scieur,Non précisé,Yaoundé (Ekoumdoum),Industrie / Maintenance,0.75
cf03f4912425c0ffef8b,206,4,60,OFFRE_000060_d9fca033a28b,Agent d'entretien,Non précisé,Yaoundé (Ekoumdoum),Services / Sécurité,0.75
6f12895c03a824d752c5,207,5,61,OFFRE_000061_31f101c3bd4b,Vendeur en magasin,Non précisé,Limbe / Buea,Commerce / Vente,0.75
84b3a44add9ca0466da3,207,5,62,OFFRE_000062_7447170460c2,Cuisinier Domestique,Non précisé,Limbe / Buea,Services / Sécurité,1.0
f005fd4db9d8ea5358d6,207,5,63,OFFRE_000063_5c4059bc29c0,Employé de Ménage,Non précisé,Limbe / Buea,Services / Sécurité,0.75
b8422418f75683615598,206,5,64,OFFRE_000064_0a4ff4550b40,Cadre comptable,Non précisé,Limbe / Buea,Finance / Comptabilité,1.0
05b9077590cb0833ed8a,206,5,65,OFFRE_000065_978e8771947f,Cadre administratif,Non précisé,,Administration / RH,0.875
f1e755172099e42005e8,206,5,66,OFFRE_000066_63abf6a9d850,"Cadre Sécurité, Hygiène et Environnement",Non précisé,Ngousso,Services / Sécurité,1.0
9286af8e61cb94f04193,206,3,67,OFFRE_000067_2c4d1feba515,Contrôleur du travail,Non précisé,Ngousso,Autre / Non classé,0.75
340d8b5317eee956c3d7,412,7,68,OFFRE_000068_8c1f950b7f9b,Enseignant du Secondaire,Non précisé,Kribi,Éducation / Formation,0.875
340d8b5317eee956c3d7,412,8,69,OFFRE_000069_82732a147a76,Enseignant du Secondaire,Non précisé,Kribi,Éducation / Formation,0.875
a872b4975e7aeb22c040,207,5,70,OFFRE_000070_dc7b64941066,Gestionnaire des ressources humaines,Non précisé,Yaoundé,Administration / RH,1.0
d0f7b6caba540fdebf41,208,5,71,OFFRE_000071_0c1ee7ff65f6,Scieur,Non précisé,Yaoundé (Ekoumdoum),Industrie / Maintenance,0.75
cf03f4912425c0ffef8b,206,5,72,OFFRE_000072_1d7073008c31,Agent d'entretien,Non précisé,Yaoundé (Ekoumdoum),Services / Sécurité,0.75
6f12895c03a824d752c5,207,6,73,OFFRE_000073_1a380eb4157c,Vendeur en magasin,Non précisé,Limbe / Buea,Commerce / Vente,0.75
84b3a44add9ca0466da3,207,6,74,OFFRE_000074_dcb68eb41a17,Cuisinier Domestique,Non précisé,Limbe / Buea,Services / Sécurité,1.0
f005fd4db9d8ea5358d6,207,6,75,OFFRE_000075_dec07e945984,Employé de Ménage,Non précisé,Limbe / Buea,Services / Sécurité,0.75
b8422418f75683615598,206,6,76,OFFRE_000076_3bf4287d48aa,Cadre comptable,Non précisé,Limbe / Buea,Finance / Comptabilité,1.0
05b9077590cb0833ed8a,206,6,77,OFFRE_000077_6e7808a315a5,Cadre administratif,Non précisé,,Administration / RH,0.875
f1e755172099e42005e8,206,6,78,OFFRE_000078_43b44104e190,"Cadre Sécurité, Hygiène et Environnement",Non précisé,Ngousso,Services / Sécurité,1.0
9286af8e61cb94f04193,206,4,79,OFFRE_000079_38885f5842c1,Contrôleur du travail,Non précisé,Ngousso,Autre / Non classé,0.75
340d8b5317eee956c3d7,412,9,80,OFFRE_000080_e879ebcb6182,Enseignant du Secondaire,Non précisé,Kribi,Éducation / Formation,0.875
340d8b5317eee956c3d7,412,10,81,OFFRE_000081_bd98668775f5,Enseignant du Secondaire,Non précisé,Kribi,Éducation / Formation,0.875
a872b4975e7aeb22c040,207,6,82,OFFRE_000082_13d78b20031a,Gestionnaire des ressources humaines,Non précisé,Yaoundé,Administration / RH,1.0
d0f7b6caba540fdebf41,208,6,83,OFFRE_000083_8b8e0d6cf1be,Scieur,Non précisé,Yaoundé (Ekoumdoum),Industrie / Maintenance,0.75
cf03f4912425c0ffef8b,206,6,84,OFFRE_000084_96ae8b7c7ae7,Agent d'entretien,Non précisé,Yaoundé (Ekoumdoum),Services / Sécurité,0.75
6f12895c03a824d752c5,207,7,85,OFFRE_000085_185c25ccf175,Vendeur en magasin,Non précisé,Limbe / Buea,Commerce / Vente,0.75
84b3a44add9ca0466da3,207,7,86,OFFRE_000086_6df3b8e21494,Cuisinier Domestique,Non précisé,Limbe / Buea,Services / Sécurité,1.0
f005fd4db9d8ea5358d6,207,7,87,OFFRE_000087_bf45c879b539,Employé de Ménage,Non précisé,Limbe / Buea,Services / Sécurité,0.75
b8422418f75683615598,206,7,88,OFFRE_000088_def0b37c8334,Cadre comptable,Non précisé,Limbe / Buea,Finance / Comptabilité,1.0
05b9077590cb0833ed8a,206,7,89,OFFRE_000089_71168841f0fc,Cadre administratif,Non précisé,,Administration / RH,0.875
f1e755172099e42005e8,206,7,90,OFFRE_000090_5c6bfe0754ab,"Cadre Sécurité, Hygiène et Environnement",Non précisé,Ngousso,Services / Sécurité,1.0
9286af8e61cb94f04193,206,5,91,OFFRE_000091_84797601e8d2,Contrôleur du travail,Non précisé,Ngousso,Autre / Non classé,0.75
340d8b5317eee956c3d7,412,11,92,OFFRE_000092_4f15bc389871,Enseignant du Secondaire,Non précisé,Kribi,Éducation / Formation,0.875
340d8b5317eee956c3d7,412,12,93,OFFRE_000093_9cec0c74a340,Enseignant du Secondaire,Non précisé,Kribi,Éducation / Formation,0.875
a872b4975e7aeb22c040,207,7,94,OFFRE_000094_aabc57ec92cd,Gestionnaire des ressources humaines,Non précisé,Yaoundé,Administration / RH,1.0
d0f7b6caba540fdebf41,208,7,95,OFFRE_000095_7fdc9be52dcb,Scieur,Non précisé,Yaoundé (Ekoumdoum),Industrie / Maintenance,0.75
cf03f4912425c0ffef8b,206,7,96,OFFRE_000096_75e9302ad57f,Agent d'entretien,Non précisé,Yaoundé (Ekoumdoum),Services / Sécurité,0.75
6f12895c03a824d752c5,207,8,97,OFFRE_000097_b822bb25b786,Vendeur en magasin,Non précisé,Limbe / Buea,Commerce / Vente,0.75
84b3a44add9ca0466da3,207,8,98,OFFRE_000098_fc8066be65a8,Cuisinier Domestique,Non précisé,Limbe / Buea,Services / Sécurité,1.0
f005fd4db9d8ea5358d6,207,8,99,OFFRE_000099_1e82e5c950b3,Employé de Ménage,Non précisé,Limbe / Buea,Services / Sécurité,0.75
b8422418f75683615598,206,8,100,OFFRE_000100_de826547b871,Cadre comptable,Non précisé,Limbe / Buea,Finance / Comptabilité,1.0
05b9077590cb0833ed8a,206,8,101,OFFRE_000101_f39f196ba480,Cadre administratif,Non précisé,,Administration / RH,0.875
f1e755172099e42005e8,206,8,102,OFFRE_000102_87a9ee4df2de,"Cadre Sécurité, Hygiène et Environnement",Non précisé,Ngousso,Services / Sécurité,1.0
9286af8e61cb94f04193,206,6,103,OFFRE_000103_aa0bf863d5e0,Contrôleur du travail,Non précisé,Ngousso,Autre / Non classé,0.75
340d8b5317eee956c3d7,412,13,104,OFFRE_000104_0806336141d5,Enseignant du Secondaire,Non précisé,Kribi,Éducation / Formation,0.875
340d8b5317eee956c3d7,412,14,105,OFFRE_000105_b80e88ab9ce6,Enseignant du Secondaire,Non précisé,Kribi,Éducation / Formation,0.875
a872b4975e7aeb22c040,207,8,106,OFFRE_000106_aae147aee8a0,Gestionnaire des ressources humaines,Non précisé,Yaoundé,Administration / RH,1.0
d0f7b6caba540fdebf41,208,8,107,OFFRE_000107_b271b6d7baa5,Scieur,Non précisé,Yaoundé (Ekoumdoum),Industrie / Maintenance,0.75
cf03f4912425c0ffef8b,206,8,108,OFFRE_000108_44c4e55d2542,Agent d'entretien,Non précisé,Yaoundé (Ekoumdoum),Services / Sécurité,0.75
6f12895c03a824d752c5,207,9,109,OFFRE_000109_065d6b3a184f,Vendeur en magasin,Non précisé,Limbe / Buea,Commerce / Vente,0.75
84b3a44add9ca0466da3,207,9,110,OFFRE_000110_9d62ce2c0ec2,Cuisinier Domestique,Non précisé,Limbe / Buea,Services / Sécurité,1.0
f005fd4db9d8ea5358d6,207,9,111,OFFRE_000111_d7689e831521,Employé de Ménage,Non précisé,Limbe / Buea,Services / Sécurité,0.75
b8422418f75683615598,206,9,112,OFFRE_000112_01e102fe8373,Cadre comptable,Non précisé,Limbe / Buea,Finance / Comptabilité,1.0
05b9077590cb0833ed8a,206,9,113,OFFRE_000113_0a2d080776fa,Cadre administratif,Non précisé,,Administration / RH,0.875
f1e755172099e42005e8,206,9,114,OFFRE_000114_02b28f9fd95c,"Cadre Sécurité, Hygiène et Environnement",Non précisé,Ngousso,Services / Sécurité,1.0
9286af8e61cb94f04193,206,7,115,OFFRE_000115_40aa26073ad0,Contrôleur du travail,Non précisé,Ngousso,Autre / Non classé,0.75
340d8b5317eee956c3d7,412,15,116,OFFRE_000116_7384211c697e,Enseignant du Secondaire,Non précisé,Kribi,Éducation / Formation,0.875
340d8b5317eee956c3d7,412,16,117,OFFRE_000117_d0d70aeec5cb,Enseignant du Secondaire,Non précisé,Kribi,Éducation / Formation,0.875
a872b4975e7aeb22c040,207,9,118,OFFRE_000118_854d7e4c7331,Gestionnaire des ressources humaines,Non précisé,Yaoundé,Administration / RH,1.0
d0f7b6caba540fdebf41,208,9,119,OFFRE_000119_c5f6ce1064c0,Scieur,Non précisé,Yaoundé (Ekoumdoum),Industrie / Maintenance,0.75
cf03f4912425c0ffef8b,206,9,120,OFFRE_000120_d572dbeb56e1,Agent d'entretien,Non précisé,Yaoundé (Ekoumdoum),Services / Sécurité,0.75
6f12895c03a824d752c5,207,10,121,OFFRE_000121_2322b296d936,Vendeur en magasin,Non précisé,Limbe / Buea,Commerce / Vente,0.75
84b3a44add9ca0466da3,207,10,122,OFFRE_000122_c0dfdc092cf1,Cuisinier Domestique,Non précisé,Limbe / Buea,Services / Sécurité,1.0
f005fd4db9d8ea5358d6,207,10,123,OFFRE_000123_f2bb335be31f,Employé de Ménage,Non précisé,Limbe / Buea,Services / Sécurité,0.75
b8422418f75683615598,206,10,124,OFFRE_000124_017d3337f3cc,Cadre comptable,Non précisé,Limbe / Buea,Finance / Comptabilité,1.0
05b9077590cb0833ed8a,206,10,125,OFFRE_000125_ec8bbd5d9d26,Cadre administratif,Non précisé,,Administration / RH,0.875
f1e755172099e42005e8,206,10,126,OFFRE_000126_369808101947,"Cadre Sécurité, Hygiène et Environnement",Non précisé,Ngousso,Services / Sécurité,1.0
9286af8e61cb94f04193,206,8,127,OFFRE_000127_0503f30474a5,Contrôleur du travail,Non précisé,Ngousso,Autre / Non classé,0.75
340d8b5317eee956c3d7,412,17,128,OFFRE_000128_994b43bba22c,Enseignant du Secondaire,Non précisé,Kribi,Éducation / Formation,0.875
340d8b5317eee956c3d7,412,18,129,OFFRE_000129_6d49fb99e2c0,Enseignant du Secondaire,Non précisé,Kribi,Éducation / Formation,0.875
a872b4975e7aeb22c040,207,10,130,OFFRE_000130_cb0f2073000a,Gestionnaire des ressources humaines,Non précisé,Yaoundé,Administration / RH,1.0
d0f7b6caba540fdebf41,208,10,131,OFFRE_000131_90ddd31b2ec5,Scieur,Non précisé,Yaoundé (Ekoumdoum),Industrie / Maintenance,0.75
cf03f4912425c0ffef8b,206,10,132,OFFRE_000132_84b87828e6cb,Agent d'entretien,Non précisé,Yaoundé (Ekoumdoum),Services / Sécurité,0.75
6f12895c03a824d752c5,207,11,133,OFFRE_000133_17afc8d6bd73,Vendeur en magasin,Non précisé,Limbe / Buea,Commerce / Vente,0.75
84b3a44add9ca0466da3,207,11,134,OFFRE_000134_9606ac8283e6,Cuisinier Domestique,Non précisé,Limbe / Buea,Services / Sécurité,1.0
f005fd4db9d8ea5358d6,207,11,135,OFFRE_000135_24c50913e6f4,Employé de Ménage,Non précisé,Limbe / Buea,Services / Sécurité,0.75
b8422418f75683615598,206,11,136,OFFRE_000136_40836da94d81,Cadre comptable,Non précisé,Limbe / Buea,Finance / Comptabilité,1.0
05b9077590cb0833ed8a,206,11,137,OFFRE_000137_197ac9cf867f,Cadre administratif,Non précisé,,Administration / RH,0.875
f1e755172099e42005e8,206,11,138,OFFRE_000138_e904d014e6a0,"Cadre Sécurité, Hygiène et Environnement",Non précisé,Ngousso,Services / Sécurité,1.0
9286af8e61cb94f04193,206,9,139,OFFRE_000139_2f381401d4cd,Contrôleur du travail,Non précisé,Ngousso,Autre / Non classé,0.75
340d8b5317eee956c3d7,412,19,140,OFFRE_000140_e436380db08f,Enseignant du Secondaire,Non précisé,Kribi,Éducation / Formation,0.875
340d8b5317eee956c3d7,412,20,141,OFFRE_000141_347802349a5c,Enseignant du Secondaire,Non précisé,Kribi,Éducation / Formation,0.875
a872b4975e7aeb22c040,207,11,142,OFFRE_000142_b057a7285453,Gestionnaire des ressources humaines,Non précisé,Yaoundé,Administration / RH,1.0
d0f7b6caba540fdebf41,208,11,143,OFFRE_000143_293fbf0bb8e8,Scieur,Non précisé,Yaoundé (Ekoumdoum),Industrie / Maintenance,0.75
cf03f4912425c0ffef8b,206,11,144,OFFRE_000144_f3f59db61161,Agent d'entretien,Non précisé,Yaoundé (Ekoumdoum),Services / Sécurité,0.75
6f12895c03a824d752c5,207,12,145,OFFRE_000145_c5724bd9c373,Vendeur en magasin,Non précisé,Limbe / Buea,Commerce / Vente,0.75
84b3a44add9ca0466da3,207,12,146,OFFRE_000146_4b0e06dc143b,Cuisinier Domestique,Non précisé,Limbe / Buea,Services / Sécurité,1.0
f005fd4db9d8ea5358d6,207,12,147,OFFRE_000147_c78d2602fcb6,Employé de Ménage,Non précisé,Limbe / Buea,Services / Sécurité,0.75
b8422418f75683615598,206,12,148,OFFRE_000148_6fd8f75159dd,Cadre comptable,Non précisé,Limbe / Buea,Finance / Comptabilité,1.0
05b9077590cb0833ed8a,206,12,149,OFFRE_000149_3545b495b969,Cadre administratif,Non précisé,,Administration / RH,0.875
f1e755172099e42005e8,206,12,150,OFFRE_000150_7b927da35b77,"Cadre Sécurité, Hygiène et Environnement",Non précisé,Ngousso,Services / Sécurité,1.0
9286af8e61cb94f04193,206,10,151,OFFRE_000151_8c2e41ecda86,Contrôleur du travail,Non précisé,Ngousso,Autre / Non classé,0.75
340d8b5317eee956c3d7,412,21,152,OFFRE_000152_8fbbb8c0ceec,Enseignant du Secondaire,Non précisé,Kribi,Éducation / Formation,0.875
340d8b5317eee956c3d7,412,22,153,OFFRE_000153_24016e158c49,Enseignant du Secondaire,Non précisé,Kribi,Éducation / Formation,0.875
a872b4975e7aeb22c040,207,12,154,OFFRE_000154_9daf14962f35,Gestionnaire des ressources humaines,Non précisé,Yaoundé,Administration / RH,1.0
d0f7b6caba540fdebf41,208,12,155,OFFRE_000155_ec2a9096d7b3,Scieur,Non précisé,Yaoundé (Ekoumdoum),Industrie / Maintenance,0.75
cf03f4912425c0ffef8b,206,12,156,OFFRE_000156_22b2faba7ed2,Agent d'entretien,Non précisé,Yaoundé (Ekoumdoum),Services / Sécurité,0.75
6f12895c03a824d752c5,207,13,157,OFFRE_000157_e4e214c4e8ac,Vendeur en magasin,Non précisé,Limbe / Buea,Commerce / Vente,0.75
84b3a44add9ca0466da3,207,13,158,OFFRE_000158_d99029712a34,Cuisinier Domestique,Non précisé,Limbe / Buea,Services / Sécurité,1.0
f005fd4db9d8ea5358d6,207,13,159,OFFRE_000159_1ab65caa0cdc,Employé de Ménage,Non précisé,Limbe / Buea,Services / Sécurité,0.75
b8422418f75683615598,206,13,160,OFFRE_000160_d8766056f298,Cadre comptable,Non précisé,Limbe / Buea,Finance / Comptabilité,1.0
05b9077590cb0833ed8a,206,13,161,OFFRE_000161_9aed3790bff8,Cadre administratif,Non précisé,,Administration / RH,0.875
f1e755172099e42005e8,206,13,162,OFFRE_000162_233168aa1894,"Cadre Sécurité, Hygiène et Environnement",Non précisé,Ngousso,Services / Sécurité,1.0
9286af8e61cb94f04193,206,11,163,OFFRE_000163_8bfd06b9e757,Contrôleur du travail,Non précisé,Ngousso,Autre / Non classé,0.75
340d8b5317eee956c3d7,412,23,164,OFFRE_000164_8584e15d5d6d,Enseignant du Secondaire,Non précisé,Kribi,Éducation / Formation,0.875
340d8b5317eee956c3d7,412,24,165,OFFRE_000165_a5f55311fbc5,Enseignant du Secondaire,Non précisé,Kribi,Éducation / Formation,0.875
a872b4975e7aeb22c040,207,13,166,OFFRE_000166_7e4acdecbf3b,Gestionnaire des ressources humaines,Non précisé,Yaoundé,Administration / RH,1.0
d0f7b6caba540fdebf41,208,13,167,OFFRE_000167_be4d03a4e8ee,Scieur,Non précisé,Yaoundé (Ekoumdoum),Industrie / Maintenance,0.75
cf03f4912425c0ffef8b,206,13,168,OFFRE_000168_73465ab450f2,Agent d'entretien,Non précisé,Yaoundé (Ekoumdoum),Services / Sécurité,0.75
6f12895c03a824d752c5,207,14,169,OFFRE_000169_54a3cfe1622a,Vendeur en magasin,Non précisé,Limbe / Buea,Commerce / Vente,0.75
84b3a44add9ca0466da3,207,14,170,OFFRE_000170_fb4c6bf028c4,Cuisinier Domestique,Non précisé,Limbe / Buea,Services / Sécurité,1.0
f005fd4db9d8ea5358d6,207,14,171,OFFRE_000171_b2603f370ee3,Employé de Ménage,Non précisé,Limbe / Buea,Services / Sécurité,0.75
b8422418f75683615598,206,14,172,OFFRE_000172_3c13ceb09013,Cadre comptable,Non précisé,Limbe / Buea,Finance / Comptabilité,1.0
05b9077590cb0833ed8a,206,14,173,OFFRE_000173_5e4f68a0216d,Cadre administratif,Non précisé,,Administration / RH,0.875
f1e755172099e42005e8,206,14,174,OFFRE_000174_14532f03f237,"Cadre Sécurité, Hygiène et Environnement",Non précisé,Ngousso,Services / Sécurité,1.0
9286af8e61cb94f04193,206,12,175,OFFRE_000175_c718a17914fc,Contrôleur du travail,Non précisé,Ngousso,Autre / Non classé,0.75
340d8b5317eee956c3d7,412,25,176,OFFRE_000176_5dc4dbb918e0,Enseignant du Secondaire,Non précisé,Kribi,Éducation / Formation,0.875
340d8b5317eee956c3d7,412,26,177,OFFRE_000177_ebea02e0f196,Enseignant du Secondaire,Non précisé,Kribi,Éducation / Formation,0.875
a872b4975e7aeb22c040,207,14,178,OFFRE_000178_7530b8bcc8f2,Gestionnaire des ressources humaines,Non précisé,Yaoundé,Administration / RH,1.0
d0f7b6caba540fdebf41,208,14,179,OFFRE_000179_afbd710307b6,Scieur,Non précisé,Yaoundé (Ekoumdoum),Industrie / Maintenance,0.75
cf03f4912425c0ffef8b,206,14,180,OFFRE_000180_9d56dd530a3b,Agent d'entretien,Non précisé,Yaoundé (Ekoumdoum),Services / Sécurité,0.75
6f12895c03a824d752c5,207,15,181,OFFRE_000181_beb6d4d0e9e2,Vendeur en magasin,Non précisé,Limbe / Buea,Commerce / Vente,0.75
84b3a44add9ca0466da3,207,15,182,OFFRE_000182_d311a55d3c31,Cuisinier Domestique,Non précisé,Limbe / Buea,Services / Sécurité,1.0
f005fd4db9d8ea5358d6,207,15,183,OFFRE_000183_9b7f36d9bf56,Employé de Ménage,Non précisé,Limbe / Buea,Services / Sécurité,0.75
b8422418f75683615598,206,15,184,OFFRE_000184_d11246866376,Cadre comptable,Non précisé,Limbe / Buea,Finance / Comptabilité,1.0
05b9077590cb0833ed8a,206,15,185,OFFRE_000185_bfb9c2c041a4,Cadre administratif,Non précisé,,Administration / RH,0.875
f1e755172099e42005e8,206,15,186,OFFRE_000186_ebe1892e8c79,"Cadre Sécurité, Hygiène et Environnement",Non précisé,Ngousso,Services / Sécurité,1.0
9286af8e61cb94f04193,206,13,187,OFFRE_000187_e05765da8f6b,Contrôleur du travail,Non précisé,Ngousso,Autre / Non classé,0.75
340d8b5317eee956c3d7,412,27,188,OFFRE_000188_c253b5917666,Enseignant du Secondaire,Non précisé,Kribi,Éducation / Formation,0.875
340d8b5317eee956c3d7,412,28,189,OFFRE_000189_4e5425d6f7e1,Enseignant du Secondaire,Non précisé,Kribi,Éducation / Formation,0.875
a872b4975e7aeb22c040,207,15,190,OFFRE_000190_374ce5811f99,Gestionnaire des ressources humaines,Non précisé,Yaoundé,Administration / RH,1.0
d0f7b6caba540fdebf41,208,15,191,OFFRE_000191_fee14d710196,Scieur,Non précisé,Yaoundé (Ekoumdoum),Industrie / Maintenance,0.75
cf03f4912425c0ffef8b,206,15,192,OFFRE_000192_c0da73e114b9,Agent d'entretien,Non précisé,Yaoundé (Ekoumdoum),Services / Sécurité,0.75
6f12895c03a824d752c5,207,16,193,OFFRE_000193_436ff472b50e,Vendeur en magasin,Non précisé,Limbe / Buea,Commerce / Vente,0.75
84b3a44add9ca0466da3,207,16,194,OFFRE_000194_c548c85cb75d,Cuisinier Domestique,Non précisé,Limbe / Buea,Services / Sécurité,1.0
f005fd4db9d8ea5358d6,207,16,195,OFFRE_000195_237754c9e2db,Employé de Ménage,Non précisé,Limbe / Buea,Services / Sécurité,0.75
9286af8e61cb94f04193,206,14,196,OFFRE_000196_7ebc80542450,Contrôleur du travail,Non précisé,Ngousso,Autre / Non classé,0.75
340d8b5317eee956c3d7,412,29,197,OFFRE_000197_d7653cf17a28,Enseignant du Secondaire,Non précisé,Kribi,Éducation / Formation,0.875
340d8b5317eee956c3d7,412,30,198,OFFRE_000198_287793220869,Enseignant du Secondaire,Non précisé,Kribi,Éducation / Formation,0.875
a872b4975e7aeb22c040,207,16,199,OFFRE_000199_9e7cdd2c9ad0,Gestionnaire des ressources humaines,Non précisé,Yaoundé,Administration / RH,1.0
d0f7b6caba540fdebf41,208,16,200,OFFRE_000200_35807e68842b,Scieur,Non précisé,Yaoundé (Ekoumdoum),Industrie / Maintenance,0.75
340d8b5317eee956c3d7,412,31,201,OFFRE_000201_a952a79ed7ec,Enseignant du Secondaire,Non précisé,Kribi,Éducation / Formation,0.875
9286af8e61cb94f04193,206,15,202,OFFRE_000202_df275b1ff85f,Contrôleur du travail,Non précisé,Ngousso,Autre / Non classé,0.75
340d8b5317eee956c3d7,412,32,203,OFFRE_000203_dde33f924e2d,Enseignant du Secondaire,Non précisé,Kribi,Éducation / Formation,0.875
340d8b5317eee956c3d7,412,33,204,OFFRE_000204_e253a848e619,Enseignant du Secondaire,Non précisé,Kribi,Éducation / Formation,0.875
a872b4975e7aeb22c040,207,17,205,OFFRE_000205_a7ed56743acf,Gestionnaire des ressources humaines,Non précisé,Yaoundé,Administration / RH,1.0
d0f7b6caba540fdebf41,208,17,206,OFFRE_000206_d290ca2371c2,Scieur,Non précisé,Yaoundé (Ekoumdoum),Industrie / Maintenance,0.75
cf03f4912425c0ffef8b,206,16,207,OFFRE_000207_825cf95d5c05,Agent d'entretien,Non précisé,Yaoundé (Ekoumdoum),Services / Sécurité,0.75
6f12895c03a824d752c5,207,17,208,OFFRE_000208_535d302c588e,Vendeur en magasin,Non précisé,Limbe / Buea,Commerce / Vente,0.75
84b3a44add9ca0466da3,207,17,209,OFFRE_000209_fdbd060ff889,Cuisinier Domestique,Non précisé,Limbe / Buea,Services / Sécurité,1.0
f005fd4db9d8ea5358d6,207,17,210,OFFRE_000210_127eff7ce1f3,Employé de Ménage,Non précisé,Limbe / Buea,Services / Sécurité,0.75
b8422418f75683615598,206,16,211,OFFRE_000211_3abb982eb6b6,Cadre comptable,Non précisé,Limbe / Buea,Finance / Comptabilité,1.0
05b9077590cb0833ed8a,206,16,212,OFFRE_000212_4ee1d941ea48,Cadre administratif,Non précisé,,Administration / RH,0.875
f1e755172099e42005e8,206,16,213,OFFRE_000213_e1e8a7503133,"Cadre Sécurité, Hygiène et Environnement",Non précisé,Ngousso,Services / Sécurité,1.0
9286af8e61cb94f04193,206,16,214,OFFRE_000214_c1091e2f2f25,Contrôleur du travail,Non précisé,Ngousso,Autre / Non classé,0.75
340d8b5317eee956c3d7,412,34,215,OFFRE_000215_fca9249fbe44,Enseignant du Secondaire,Non précisé,Kribi,Éducation / Formation,0.875
340d8b5317eee956c3d7,412,35,216,OFFRE_000216_e871f07257c8,Enseignant du Secondaire,Non précisé,Kribi,Éducation / Formation,0.875
a872b4975e7aeb22c040,207,18,217,OFFRE_000217_ff62fcdef4e8,Gestionnaire des ressources humaines,Non précisé,Yaoundé,Administration / RH,1.0
d0f7b6caba540fdebf41,208,18,218,OFFRE_000218_157df3bbef42,Scieur,Non précisé,Yaoundé (Ekoumdoum),Industrie / Maintenance,0.75
cf03f4912425c0ffef8b,206,17,219,OFFRE_000219_775e8e84b7ff,Agent d'entretien,Non précisé,Yaoundé (Ekoumdoum),Services / Sécurité,0.75
6f12895c03a824d752c5,207,18,220,OFFRE_000220_e7ec0074a21e,Vendeur en magasin,Non précisé,Limbe / Buea,Commerce / Vente,0.75
84b3a44add9ca0466da3,207,18,221,OFFRE_000221_1e412e7b8e3b,Cuisinier Domestique,Non précisé,Limbe / Buea,Services / Sécurité,1.0
f005fd4db9d8ea5358d6,207,18,222,OFFRE_000222_3c74797f548c,Employé de Ménage,Non précisé,Limbe / Buea,Services / Sécurité,0.75
b8422418f75683615598,206,17,223,OFFRE_000223_69dbb654259e,Cadre comptable,Non précisé,Limbe / Buea,Finance / Comptabilité,1.0
05b9077590cb0833ed8a,206,17,224,OFFRE_000224_e3d4c897351b,Cadre administratif,Non précisé,,Administration / RH,0.875
f1e755172099e42005e8,206,17,225,OFFRE_000225_538ba6f7f098,"Cadre Sécurité, Hygiène et Environnement",Non précisé,Ngousso,Services / Sécurité,1.0
9286af8e61cb94f04193,206,17,226,OFFRE_000226_4c22b5074ed5,Contrôleur du travail,Non précisé,Ngousso,Autre / Non classé,0.75
340d8b5317eee956c3d7,412,36,227,OFFRE_000227_190c671cf005,Enseignant du Secondaire,Non précisé,Kribi,Éducation / Formation,0.875
340d8b5317eee956c3d7,412,37,228,OFFRE_000228_414b2f4ef69c,Enseignant du Secondaire,Non précisé,Kribi,Éducation / Formation,0.875
a872b4975e7aeb22c040,207,19,229,OFFRE_000229_3810f3dab625,Gestionnaire des ressources humaines,Non précisé,Yaoundé,Administration / RH,1.0
d0f7b6caba540fdebf41,208,19,230,OFFRE_000230_7baeeec2580f,Scieur,Non précisé,Yaoundé (Ekoumdoum),Industrie / Maintenance,0.75
cf03f4912425c0ffef8b,206,18,231,OFFRE_000231_dd2bf8e8a949,Agent d'entretien,Non précisé,Yaoundé (Ekoumdoum),Services / Sécurité,0.75
6f12895c03a824d752c5,207,19,232,OFFRE_000232_a8529ee2ccb9,Vendeur en magasin,Non précisé,Limbe / Buea,Commerce / Vente,0.75
84b3a44add9ca0466da3,207,19,233,OFFRE_000233_d8e41ab142c7,Cuisinier Domestique,Non précisé,Limbe / Buea,Services / Sécurité,1.0
f005fd4db9d8ea5358d6,207,19,234,OFFRE_000234_37eb8ac22f1d,Employé de Ménage,Non précisé,Limbe / Buea,Services / Sécurité,0.75
b8422418f75683615598,206,18,235,OFFRE_000235_3511204a3b10,Cadre comptable,Non précisé,Limbe / Buea,Finance / Comptabilité,1.0
05b9077590cb0833ed8a,206,18,236,OFFRE_000236_8a4148637099,Cadre administratif,Non précisé,,Administration / RH,0.875
f1e755172099e42005e8,206,18,237,OFFRE_000237_3f6142d44e48,"Cadre Sécurité, Hygiène et Environnement",Non précisé,Ngousso,Services / Sécurité,1.0
9286af8e61cb94f04193,206,18,238,OFFRE_000238_46d0424d8d69,Contrôleur du travail,Non précisé,Ngousso,Autre / Non classé,0.75
340d8b5317eee956c3d7,412,38,239,OFFRE_000239_268e53ef0bec,Enseignant du Secondaire,Non précisé,Kribi,Éducation / Formation,0.875
340d8b5317eee956c3d7,412,39,240,OFFRE_000240_afab1f233506,Enseignant du Secondaire,Non précisé,Kribi,Éducation / Formation,0.875
a872b4975e7aeb22c040,207,20,241,OFFRE_000241_a1742516ed20,Gestionnaire des ressources humaines,Non précisé,Yaoundé,Administration / RH,1.0
d0f7b6caba540fdebf41,208,20,242,OFFRE_000242_bcc9406ebb52,Scieur,Non précisé,Yaoundé (Ekoumdoum),Industrie / Maintenance,0.75
cf03f4912425c0ffef8b,206,19,243,OFFRE_000243_79fbae9df56c,Agent d'entretien,Non précisé,Yaoundé (Ekoumdoum),Services / Sécurité,0.75
6f12895c03a824d752c5,207,20,244,OFFRE_000244_a61a938d35ba,Vendeur en magasin,Non précisé,Limbe / Buea,Commerce / Vente,0.75
84b3a44add9ca0466da3,207,20,245,OFFRE_000245_646dd2c511c6,Cuisinier Domestique,Non précisé,Limbe / Buea,Services / Sécurité,1.0
f005fd4db9d8ea5358d6,207,20,246,OFFRE_000246_7604eb1ecb20,Employé de Ménage,Non précisé,Limbe / Buea,Services / Sécurité,0.75
b8422418f75683615598,206,19,247,OFFRE_000247_c5ccdac6f5a0,Cadre comptable,Non précisé,Limbe / Buea,Finance / Comptabilité,1.0
05b9077590cb0833ed8a,206,19,248,OFFRE_000248_98681e49b5ae,Cadre administratif,Non précisé,,Administration / RH,0.875
f1e755172099e42005e8,206,19,249,OFFRE_000249_22cbe9a79dd2,"Cadre Sécurité, Hygiène et Environnement",Non précisé,Ngousso,Services / Sécurité,1.0
9286af8e61cb94f04193,206,19,250,OFFRE_000250_bc457f4d81b9,Contrôleur du travail,Non précisé,Ngousso,Autre / Non classé,0.75
340d8b5317eee956c3d7,412,40,251,OFFRE_000251_840ddc3865d2,Enseignant du Secondaire,Non précisé,Kribi,Éducation / Formation,0.875
340d8b5317eee956c3d7,412,41,252,OFFRE_000252_42019086c576,Enseignant du Secondaire,Non précisé,Kribi,Éducation / Formation,0.875
a872b4975e7aeb22c040,207,21,253,OFFRE_000253_dc214ebf801b,Gestionnaire des ressources humaines,Non précisé,Yaoundé,Administration / RH,1.0
d0f7b6caba540fdebf41,208,21,254,OFFRE_000254_5c664ddff053,Scieur,Non précisé,Yaoundé (Ekoumdoum),Industrie / Maintenance,0.75
cf03f4912425c0ffef8b,206,20,255,OFFRE_000255_94fcd869d848,Agent d'entretien,Non précisé,Yaoundé (Ekoumdoum),Services / Sécurité,0.75
6f12895c03a824d752c5,207,21,256,OFFRE_000256_7e147ef9f47f,Vendeur en magasin,Non précisé,Limbe / Buea,Commerce / Vente,0.75
84b3a44add9ca0466da3,207,21,257,OFFRE_000257_ee625e98fcd7,Cuisinier Domestique,Non précisé,Limbe / Buea,Services / Sécurité,1.0
f005fd4db9d8ea5358d6,207,21,258,OFFRE_000258_b38a3b3b97c2,Employé de Ménage,Non précisé,Limbe / Buea,Services / Sécurité,0.75
b8422418f75683615598,206,20,259,OFFRE_000259_ff4a5375be68,Cadre comptable,Non précisé,Limbe / Buea,Finance / Comptabilité,1.0
05b9077590cb0833ed8a,206,20,260,OFFRE_000260_8c6775bd93c4,Cadre administratif,Non précisé,,Administration / RH,0.875
f1e755172099e42005e8,206,20,261,OFFRE_000261_86a7fbeead49,"Cadre Sécurité, Hygiène et Environnement",Non précisé,Ngousso,Services / Sécurité,1.0
9286af8e61cb94f04193,206,20,262,OFFRE_000262_1af0d7821df4,Contrôleur du travail,Non précisé,Ngousso,Autre / Non classé,0.75
340d8b5317eee956c3d7,412,42,263,OFFRE_000263_2a180675d9a8,Enseignant du Secondaire,Non précisé,Kribi,Éducation / Formation,0.875
340d8b5317eee956c3d7,412,43,264,OFFRE_000264_63f416b7ccfa,Enseignant du Secondaire,Non précisé,Kribi,Éducation / Formation,0.875
a872b4975e7aeb22c040,207,22,265,OFFRE_000265_e70a17e25e27,Gestionnaire des ressources humaines,Non précisé,Yaoundé,Administration / RH,1.0
d0f7b6caba540fdebf41,208,22,266,OFFRE_000266_6f7543609c72,Scieur,Non précisé,Yaoundé (Ekoumdoum),Industrie / Maintenance,0.75
cf03f4912425c0ffef8b,206,21,267,OFFRE_000267_6cceff610a25,Agent d'entretien,Non précisé,Yaoundé (Ekoumdoum),Services / Sécurité,0.75
6f12895c03a824d752c5,207,22,268,OFFRE_000268_7e4bddd8fa4a,Vendeur en magasin,Non précisé,Limbe / Buea,Commerce / Vente,0.75
84b3a44add9ca0466da3,207,22,269,OFFRE_000269_3089a439a3fa,Cuisinier Domestique,Non précisé,Limbe / Buea,Services / Sécurité,1.0
f005fd4db9d8ea5358d6,207,22,270,OFFRE_000270_c9c9858cd949,Employé de Ménage,Non précisé,Limbe / Buea,Services / Sécurité,0.75
b8422418f75683615598,206,21,271,OFFRE_000271_c1faeec6a44d,Cadre comptable,Non précisé,Limbe / Buea,Finance / Comptabilité,1.0
05b9077590cb0833ed8a,206,21,272,OFFRE_000272_4fecf3dc8701,Cadre administratif,Non précisé,,Administration / RH,0.875
f1e755172099e42005e8,206,21,273,OFFRE_000273_fad32d4fcc30,"Cadre Sécurité, Hygiène et Environnement",Non précisé,Ngousso,Services / Sécurité,1.0
9286af8e61cb94f04193,206,21,274,OFFRE_000274_6277a5cc44ec,Contrôleur du travail,Non précisé,Ngousso,Autre / Non classé,0.75
340d8b5317eee956c3d7,412,44,275,OFFRE_000275_4eb88e85adef,Enseignant du Secondaire,Non précisé,Kribi,Éducation / Formation,0.875
340d8b5317eee956c3d7,412,45,276,OFFRE_000276_d26a780ca3f6,Enseignant du Secondaire,Non précisé,Kribi,Éducation / Formation,0.875
a872b4975e7aeb22c040,207,23,277,OFFRE_000277_30138ef9f900,Gestionnaire des ressources humaines,Non précisé,Yaoundé,Administration / RH,1.0
d0f7b6caba540fdebf41,208,23,278,OFFRE_000278_f63196cdb6c5,Scieur,Non précisé,Yaoundé (Ekoumdoum),Industrie / Maintenance,0.75
cf03f4912425c0ffef8b,206,22,279,OFFRE_000279_a5dc61ea0f82,Agent d'entretien,Non précisé,Yaoundé (Ekoumdoum),Services / Sécurité,0.75
6f12895c03a824d752c5,207,23,280,OFFRE_000280_7078cf25e7aa,Vendeur en magasin,Non précisé,Limbe / Buea,Commerce / Vente,0.75
84b3a44add9ca0466da3,207,23,281,OFFRE_000281_b409e6a60c61,Cuisinier Domestique,Non précisé,Limbe / Buea,Services / Sécurité,1.0
f005fd4db9d8ea5358d6,207,23,282,OFFRE_000282_9a1604867897,Employé de Ménage,Non précisé,Limbe / Buea,Services / Sécurité,0.75
b8422418f75683615598,206,22,283,OFFRE_000283_afcdb220398c,Cadre comptable,Non précisé,Limbe / Buea,Finance / Comptabilité,1.0
05b9077590cb0833ed8a,206,22,284,OFFRE_000284_d6198f68e204,Cadre administratif,Non précisé,,Administration / RH,0.875
f1e755172099e42005e8,206,22,285,OFFRE_000285_901f10fc0692,"Cadre Sécurité, Hygiène et Environnement",Non précisé,Ngousso,Services / Sécurité,1.0
9286af8e61cb94f04193,206,22,286,OFFRE_000286_bfee9c0b90ca,Contrôleur du travail,Non précisé,Ngousso,Autre / Non classé,0.75
340d8b5317eee956c3d7,412,46,287,OFFRE_000287_4d02b2021f2a,Enseignant du Secondaire,Non précisé,Kribi,Éducation / Formation,0.875
340d8b5317eee956c3d7,412,47,288,OFFRE_000288_ad2fcf28833e,Enseignant du Secondaire,Non précisé,Kribi,Éducation / Formation,0.875
a872b4975e7aeb22c040,207,24,289,OFFRE_000289_5b85d8f7c17d,Gestionnaire des ressources humaines,Non précisé,Yaoundé,Administration / RH,1.0
d0f7b6caba540fdebf41,208,24,290,OFFRE_000290_f2d3da6a4ee8,Scieur,Non précisé,Yaoundé (Ekoumdoum),Industrie / Maintenance,0.75
cf03f4912425c0ffef8b,206,23,291,OFFRE_000291_a8c60762cf32,Agent d'entretien,Non précisé,Yaoundé (Ekoumdoum),Services / Sécurité,0.75
6f12895c03a824d752c5,207,24,292,OFFRE_000292_df3770b35457,Vendeur en magasin,Non précisé,Limbe / Buea,Commerce / Vente,0.75
84b3a44add9ca0466da3,207,24,293,OFFRE_000293_13800ef19202,Cuisinier Domestique,Non précisé,Limbe / Buea,Services / Sécurité,1.0
f005fd4db9d8ea5358d6,207,24,294,OFFRE_000294_ccb1062ef3d8,Employé de Ménage,Non précisé,Limbe / Buea,Services / Sécurité,0.75
b8422418f75683615598,206,23,295,OFFRE_000295_bceb3437ff45,Cadre comptable,Non précisé,Limbe / Buea,Finance / Comptabilité,1.0
05b9077590cb0833ed8a,206,23,296,OFFRE_000296_9b6f05b20c04,Cadre administratif,Non précisé,,Administration / RH,0.875
f1e755172099e42005e8,206,23,297,OFFRE_000297_b2afc3a3acfd,"Cadre Sécurité, Hygiène et Environnement",Non précisé,Ngousso,Services / Sécurité,1.0
9286af8e61cb94f04193,206,23,298,OFFRE_000298_8d7491e54d35,Contrôleur du travail,Non précisé,Ngousso,Autre / Non classé,0.75
340d8b5317eee956c3d7,412,48,299,OFFRE_000299_dbea4690a8f3,Enseignant du Secondaire,Non précisé,Kribi,Éducation / Formation,0.875
340d8b5317eee956c3d7,412,49,300,OFFRE_000300_f93a58ca152f,Enseignant du Secondaire,Non précisé,Kribi,Éducation / Formation,0.875
a872b4975e7aeb22c040,207,25,301,OFFRE_000301_e64f7335a83e,Gestionnaire des ressources humaines,Non précisé,Yaoundé,Administration / RH,1.0
d0f7b6caba540fdebf41,208,25,302,OFFRE_000302_78c6e6de0454,Scieur,Non précisé,Yaoundé (Ekoumdoum),Industrie / Maintenance,0.75
cf03f4912425c0ffef8b,206,24,303,OFFRE_000303_7cf43856a364,Agent d'entretien,Non précisé,Yaoundé (Ekoumdoum),Services / Sécurité,0.75
6f12895c03a824d752c5,207,25,304,OFFRE_000304_349e3757e9e3,Vendeur en magasin,Non précisé,Limbe / Buea,Commerce / Vente,0.75
84b3a44add9ca0466da3,207,25,305,OFFRE_000305_9777287e39d7,Cuisinier Domestique,Non précisé,Limbe / Buea,Services / Sécurité,1.0
f005fd4db9d8ea5358d6,207,25,306,OFFRE_000306_204073b1e86d,Employé de Ménage,Non précisé,Limbe / Buea,Services / Sécurité,0.75
b8422418f75683615598,206,24,307,OFFRE_000307_605b38b3534a,Cadre comptable,Non précisé,Limbe / Buea,Finance / Comptabilité,1.0
05b9077590cb0833ed8a,206,24,308,OFFRE_000308_cf3adc8a0f07,Cadre administratif,Non précisé,,Administration / RH,0.875
f1e755172099e42005e8,206,24,309,OFFRE_000309_ab4001610c7e,"Cadre Sécurité, Hygiène et Environnement",Non précisé,Ngousso,Services / Sécurité,1.0
9286af8e61cb94f04193,206,24,310,OFFRE_000310_eedcda184574,Contrôleur du travail,Non précisé,Ngousso,Autre / Non classé,0.75
340d8b5317eee956c3d7,412,50,311,OFFRE_000311_6a2580706232,Enseignant du Secondaire,Non précisé,Kribi,Éducation / Formation,0.875
340d8b5317eee956c3d7,412,51,312,OFFRE_000312_ec313fbc3018,Enseignant du Secondaire,Non précisé,Kribi,Éducation / Formation,0.875
a872b4975e7aeb22c040,207,26,313,OFFRE_000313_dea0727a1f50,Gestionnaire des ressources humaines,Non précisé,Yaoundé,Administration / RH,1.0
d0f7b6caba540fdebf41,208,26,314,OFFRE_000314_05f1844a2064,Scieur,Non précisé,Yaoundé (Ekoumdoum),Industrie / Maintenance,0.75
cf03f4912425c0ffef8b,206,25,315,OFFRE_000315_8280c517e5c6,Agent d'entretien,Non précisé,Yaoundé (Ekoumdoum),Services / Sécurité,0.75
6f12895c03a824d752c5,207,26,316,OFFRE_000316_0189481ddaa3,Vendeur en magasin,Non précisé,Limbe / Buea,Commerce / Vente,0.75
84b3a44add9ca0466da3,207,26,317,OFFRE_000317_d794dd984252,Cuisinier Domestique,Non précisé,Limbe / Buea,Services / Sécurité,1.0
f005fd4db9d8ea5358d6,207,26,318,OFFRE_000318_35230e4d8142,Employé de Ménage,Non précisé,Limbe / Buea,Services / Sécurité,0.75
b8422418f75683615598,206,25,319,OFFRE_000319_99b498ec8b97,Cadre comptable,Non précisé,Limbe / Buea,Finance / Comptabilité,1.0
05b9077590cb0833ed8a,206,25,320,OFFRE_000320_834ffbfcfef1,Cadre administratif,Non précisé,,Administration / RH,0.875
f1e755172099e42005e8,206,25,321,OFFRE_000321_427f1647defd,"Cadre Sécurité, Hygiène et Environnement",Non précisé,Ngousso,Services / Sécurité,1.0
9286af8e61cb94f04193,206,25,322,OFFRE_000322_1cdc0bb02a13,Contrôleur du travail,Non précisé,Ngousso,Autre / Non classé,0.75
340d8b5317eee956c3d7,412,52,323,OFFRE_000323_1427be914899,Enseignant du Secondaire,Non précisé,Kribi,Éducation / Formation,0.875
340d8b5317eee956c3d7,412,53,324,OFFRE_000324_fc14b18dc266,Enseignant du Secondaire,Non précisé,Kribi,Éducation / Formation,0.875
a872b4975e7aeb22c040,207,27,325,OFFRE_000325_0efdead840b8,Gestionnaire des ressources humaines,Non précisé,Yaoundé,Administration / RH,1.0
d0f7b6caba540fdebf41,208,27,326,OFFRE_000326_bba76263a3a7,Scieur,Non précisé,Yaoundé (Ekoumdoum),Industrie / Maintenance,0.75
cf03f4912425c0ffef8b,206,26,327,OFFRE_000327_1be7bbbb29f4,Agent d'entretien,Non précisé,Yaoundé (Ekoumdoum),Services / Sécurité,0.75
6f12895c03a824d752c5,207,27,328,OFFRE_000328_e03a58f8af93,Vendeur en magasin,Non précisé,Limbe / Buea,Commerce / Vente,0.75
84b3a44add9ca0466da3,207,27,329,OFFRE_000329_4326db3cae9b,Cuisinier Domestique,Non précisé,Limbe / Buea,Services / Sécurité,1.0
f005fd4db9d8ea5358d6,207,27,330,OFFRE_000330_3f499c2b286e,Employé de Ménage,Non précisé,Limbe / Buea,Services / Sécurité,0.75
b8422418f75683615598,206,26,331,OFFRE_000331_b4ffd1072e71,Cadre comptable,Non précisé,Limbe / Buea,Finance / Comptabilité,1.0
05b9077590cb0833ed8a,206,26,332,OFFRE_000332_d6a729f01b1b,Cadre administratif,Non précisé,,Administration / RH,0.875
f1e755172099e42005e8,206,26,333,OFFRE_000333_8d165fca9136,"Cadre Sécurité, Hygiène et Environnement",Non précisé,Ngousso,Services / Sécurité,1.0
9286af8e61cb94f04193,206,26,334,OFFRE_000334_193b8547603c,Contrôleur du travail,Non précisé,Ngousso,Autre / Non classé,0.75
340d8b5317eee956c3d7,412,54,335,OFFRE_000335_076af485eca5,Enseignant du Secondaire,Non précisé,Kribi,Éducation / Formation,0.875
340d8b5317eee956c3d7,412,55,336,OFFRE_000336_481dabd9d40e,Enseignant du Secondaire,Non précisé,Kribi,Éducation / Formation,0.875
a872b4975e7aeb22c040,207,28,337,OFFRE_000337_fdcbf7c2b9a9,Gestionnaire des ressources humaines,Non précisé,Yaoundé,Administration / RH,1.0
d0f7b6caba540fdebf41,208,28,338,OFFRE_000338_1d59d872fae9,Scieur,Non précisé,Yaoundé (Ekoumdoum),Industrie / Maintenance,0.75
cf03f4912425c0ffef8b,206,27,339,OFFRE_000339_a4aa2efa46d6,Agent d'entretien,Non précisé,Yaoundé (Ekoumdoum),Services / Sécurité,0.75
6f12895c03a824d752c5,207,28,340,OFFRE_000340_923a829aae45,Vendeur en magasin,Non précisé,Limbe / Buea,Commerce / Vente,0.75
84b3a44add9ca0466da3,207,28,341,OFFRE_000341_96ab491eab9b,Cuisinier Domestique,Non précisé,Limbe / Buea,Services / Sécurité,1.0
f005fd4db9d8ea5358d6,207,28,342,OFFRE_000342_1af6bfde712c,Employé de Ménage,Non précisé,Limbe / Buea,Services / Sécurité,0.75
b8422418f75683615598,206,27,343,OFFRE_000343_03e9a41f116b,Cadre comptable,Non précisé,Limbe / Buea,Finance / Comptabilité,1.0
05b9077590cb0833ed8a,206,27,344,OFFRE_000344_b0182dbf2185,Cadre administratif,Non précisé,,Administration / RH,0.875
f1e755172099e42005e8,206,27,345,OFFRE_000345_09ada21f65c3,"Cadre Sécurité, Hygiène et Environnement",Non précisé,Ngousso,Services / Sécurité,1.0
9286af8e61cb94f04193,206,27,346,OFFRE_000346_74af81730833,Contrôleur du travail,Non précisé,Ngousso,Autre / Non classé,0.75
340d8b5317eee956c3d7,412,56,347,OFFRE_000347_273e41b799bf,Enseignant du Secondaire,Non précisé,Kribi,Éducation / Formation,0.875
340d8b5317eee956c3d7,412,57,348,OFFRE_000348_3ee7dc26ad14,Enseignant du Secondaire,Non précisé,Kribi,Éducation / Formation,0.875
a872b4975e7aeb22c040,207,29,349,OFFRE_000349_085b24f3cbe1,Gestionnaire des ressources humaines,Non précisé,Yaoundé,Administration / RH,1.0
d0f7b6caba540fdebf41,208,29,350,OFFRE_000350_397754151f33,Scieur,Non précisé,Yaoundé (Ekoumdoum),Industrie / Maintenance,0.75
cf03f4912425c0ffef8b,206,28,351,OFFRE_000351_551330230c5a,Agent d'entretien,Non précisé,Yaoundé (Ekoumdoum),Services / Sécurité,0.75
6f12895c03a824d752c5,207,29,352,OFFRE_000352_e30c0c504262,Vendeur en magasin,Non précisé,Limbe / Buea,Commerce / Vente,0.75
84b3a44add9ca0466da3,207,29,353,OFFRE_000353_930268536318,Cuisinier Domestique,Non précisé,Limbe / Buea,Services / Sécurité,1.0
f005fd4db9d8ea5358d6,207,29,354,OFFRE_000354_07a93150794b,Employé de Ménage,Non précisé,Limbe / Buea,Services / Sécurité,0.75
b8422418f75683615598,206,28,355,OFFRE_000355_66609a60244c,Cadre comptable,Non précisé,Limbe / Buea,Finance / Comptabilité,1.0
05b9077590cb0833ed8a,206,28,356,OFFRE_000356_c7acf9c4a427,Cadre administratif,Non précisé,,Administration / RH,0.875
f1e755172099e42005e8,206,28,357,OFFRE_000357_6941a06d91a0,"Cadre Sécurité, Hygiène et Environnement",Non précisé,Ngousso,Services / Sécurité,1.0
9286af8e61cb94f04193,206,28,358,OFFRE_000358_ac46887cbd8b,Contrôleur du travail,Non précisé,Ngousso,Autre / Non classé,0.75
340d8b5317eee956c3d7,412,58,359,OFFRE_000359_c4ece35ee209,Enseignant du Secondaire,Non précisé,Kribi,Éducation / Formation,0.875
340d8b5317eee956c3d7,412,59,360,OFFRE_000360_3ed9a51599b7,Enseignant du Secondaire,Non précisé,Kribi,Éducation / Formation,0.875
a872b4975e7aeb22c040,207,30,361,OFFRE_000361_1e15a44a3011,Gestionnaire des ressources humaines,Non précisé,Yaoundé,Administration / RH,1.0
d0f7b6caba540fdebf41,208,30,362,OFFRE_000362_e7322fb068ec,Scieur,Non précisé,Yaoundé (Ekoumdoum),Industrie / Maintenance,0.75
cf03f4912425c0ffef8b,206,29,363,OFFRE_000363_6ace7b25120a,Agent d'entretien,Non précisé,Yaoundé (Ekoumdoum),Services / Sécurité,0.75
6f12895c03a824d752c5,207,30,364,OFFRE_000364_d93bb12854b6,Vendeur en magasin,Non précisé,Limbe / Buea,Commerce / Vente,0.75
84b3a44add9ca0466da3,207,30,365,OFFRE_000365_a8a02b23e341,Cuisinier Domestique,Non précisé,Limbe / Buea,Services / Sécurité,1.0
f005fd4db9d8ea5358d6,207,30,366,OFFRE_000366_a0669d2e4a6e,Employé de Ménage,Non précisé,Limbe / Buea,Services / Sécurité,0.75
b8422418f75683615598,206,29,367,OFFRE_000367_58728e09301e,Cadre comptable,Non précisé,Limbe / Buea,Finance / Comptabilité,1.0
05b9077590cb0833ed8a,206,29,368,OFFRE_000368_53c0a133ed4c,Cadre administratif,Non précisé,,Administration / RH,0.875
f1e755172099e42005e8,206,29,369,OFFRE_000369_0f47bb59df09,"Cadre Sécurité, Hygiène et Environnement",Non précisé,Ngousso,Services / Sécurité,1.0
9286af8e61cb94f04193,206,29,370,OFFRE_000370_10a08da33868,Contrôleur du travail,Non précisé,Ngousso,Autre / Non classé,0.75
340d8b5317eee956c3d7,412,60,371,OFFRE_000371_745e8c70cfca,Enseignant du Secondaire,Non précisé,Kribi,Éducation / Formation,0.875
340d8b5317eee956c3d7,412,61,372,OFFRE_000372_05cfe1e63c2b,Enseignant du Secondaire,Non précisé,Kribi,Éducation / Formation,0.875
a872b4975e7aeb22c040,207,31,373,OFFRE_000373_ef3dd1901bf1,Gestionnaire des ressources humaines,Non précisé,Yaoundé,Administration / RH,1.0
d0f7b6caba540fdebf41,208,31,374,OFFRE_000374_0f27f44bb890,Scieur,Non précisé,Yaoundé (Ekoumdoum),Industrie / Maintenance,0.75
cf03f4912425c0ffef8b,206,30,375,OFFRE_000375_7775b1271eaa,Agent d'entretien,Non précisé,Yaoundé (Ekoumdoum),Services / Sécurité,0.75
6f12895c03a824d752c5,207,31,376,OFFRE_000376_cb3a260480e3,Vendeur en magasin,Non précisé,Limbe / Buea,Commerce / Vente,0.75
84b3a44add9ca0466da3,207,31,377,OFFRE_000377_a23fd975a689,Cuisinier Domestique,Non précisé,Limbe / Buea,Services / Sécurité,1.0
f005fd4db9d8ea5358d6,207,31,378,OFFRE_000378_90eaf6577622,Employé de Ménage,Non précisé,Limbe / Buea,Services / Sécurité,0.75
b8422418f75683615598,206,30,379,OFFRE_000379_b973547dc4e6,Cadre comptable,Non précisé,Limbe / Buea,Finance / Comptabilité,1.0
05b9077590cb0833ed8a,206,30,380,OFFRE_000380_f3262d86eae8,Cadre administratif,Non précisé,,Administration / RH,0.875
f1e755172099e42005e8,206,30,381,OFFRE_000381_b14318c93b91,"Cadre Sécurité, Hygiène et Environnement",Non précisé,Ngousso,Services / Sécurité,1.0
9286af8e61cb94f04193,206,30,382,OFFRE_000382_30cd58c6d41e,Contrôleur du travail,Non précisé,Ngousso,Autre / Non classé,0.75
340d8b5317eee956c3d7,412,62,383,OFFRE_000383_6d54212ae048,Enseignant du Secondaire,Non précisé,Kribi,Éducation / Formation,0.875
340d8b5317eee956c3d7,412,63,384,OFFRE_000384_0b794d59b477,Enseignant du Secondaire,Non précisé,Kribi,Éducation / Formation,0.875
a872b4975e7aeb22c040,207,32,385,OFFRE_000385_e7376061492c,Gestionnaire des ressources humaines,Non précisé,Yaoundé,Administration / RH,1.0
d0f7b6caba540fdebf41,208,32,386,OFFRE_000386_9da0b90c0652,Scieur,Non précisé,Yaoundé (Ekoumdoum),Industrie / Maintenance,0.75
cf03f4912425c0ffef8b,206,31,387,OFFRE_000387_0724f670dc4b,Agent d'entretien,Non précisé,Yaoundé (Ekoumdoum),Services / Sécurité,0.75
6f12895c03a824d752c5,207,32,388,OFFRE_000388_424dda1338e1,Vendeur en magasin,Non précisé,Limbe / Buea,Commerce / Vente,0.75
84b3a44add9ca0466da3,207,32,389,OFFRE_000389_c79b5753ce52,Cuisinier Domestique,Non précisé,Limbe / Buea,Services / Sécurité,1.0
f005fd4db9d8ea5358d6,207,32,390,OFFRE_000390_0e48deda04f5,Employé de Ménage,Non précisé,Limbe / Buea,Services / Sécurité,0.75
b8422418f75683615598,206,31,391,OFFRE_000391_4a4f49c9b541,Cadre comptable,Non précisé,Limbe / Buea,Finance / Comptabilité,1.0
05b9077590cb0833ed8a,206,31,392,OFFRE_000392_0621b9527d3b,Cadre administratif,Non précisé,,Administration / RH,0.875
f1e755172099e42005e8,206,31,393,OFFRE_000393_b47dce69a29f,"Cadre Sécurité, Hygiène et Environnement",Non précisé,Ngousso,Services / Sécurité,1.0
9286af8e61cb94f04193,206,31,394,OFFRE_000394_003ba60a3c4b,Contrôleur du travail,Non précisé,Ngousso,Autre / Non classé,0.75
340d8b5317eee956c3d7,412,64,395,OFFRE_000395_6ed99ba86c8a,Enseignant du Secondaire,Non précisé,Kribi,Éducation / Formation,0.875
340d8b5317eee956c3d7,412,65,396,OFFRE_000396_d8ab6b79018b,Enseignant du Secondaire,Non précisé,Kribi,Éducation / Formation,0.875
a872b4975e7aeb22c040,207,33,397,OFFRE_000397_db1df62e71c8,Gestionnaire des ressources humaines,Non précisé,Yaoundé,Administration / RH,1.0
d0f7b6caba540fdebf41,208,33,398,OFFRE_000398_ad1fd20e0ec4,Scieur,Non précisé,Yaoundé (Ekoumdoum),Industrie / Maintenance,0.75
cf03f4912425c0ffef8b,206,32,399,OFFRE_000399_820939b06cf5,Agent d'entretien,Non précisé,Yaoundé (Ekoumdoum),Services / Sécurité,0.75
6f12895c03a824d752c5,207,33,400,OFFRE_000400_21679e69ab59,Vendeur en magasin,Non précisé,Limbe / Buea,Commerce / Vente,0.75
84b3a44add9ca0466da3,207,33,401,OFFRE_000401_7f3559c2d042,Cuisinier Domestique,Non précisé,Limbe / Buea,Services / Sécurité,1.0
f005fd4db9d8ea5358d6,207,33,402,OFFRE_000402_fb22b6763b70,Employé de Ménage,Non précisé,Limbe / Buea,Services / Sécurité,0.75
b8422418f75683615598,206,32,403,OFFRE_000403_63d420ec4424,Cadre comptable,Non précisé,Limbe / Buea,Finance / Comptabilité,1.0
05b9077590cb0833ed8a,206,32,404,OFFRE_000404_1ab0ef2c3178,Cadre administratif,Non précisé,,Administration / RH,0.875
f1e755172099e42005e8,206,32,405,OFFRE_000405_b1f2a0eb2aab,"Cadre Sécurité, Hygiène et Environnement",Non précisé,Ngousso,Services / Sécurité,1.0
9286af8e61cb94f04193,206,32,406,OFFRE_000406_98c4d00a0a9d,Contrôleur du travail,Non précisé,Ngousso,Autre / Non classé,0.75
340d8b5317eee956c3d7,412,66,407,OFFRE_000407_145627e94f03,Enseignant du Secondaire,Non précisé,Kribi,Éducation / Formation,0.875
340d8b5317eee956c3d7,412,67,408,OFFRE_000408_2d47a21f6d4f,Enseignant du Secondaire,Non précisé,Kribi,Éducation / Formation,0.875
a872b4975e7aeb22c040,207,34,409,OFFRE_000409_6ddc7b4d25ac,Gestionnaire des ressources humaines,Non précisé,Yaoundé,Administration / RH,1.0
d0f7b6caba540fdebf41,208,34,410,OFFRE_000410_6b856b056885,Scieur,Non précisé,Yaoundé (Ekoumdoum),Industrie / Maintenance,0.75
cf03f4912425c0ffef8b,206,33,411,OFFRE_000411_7a587c25883e,Agent d'entretien,Non précisé,Yaoundé (Ekoumdoum),Services / Sécurité,0.75
6f12895c03a824d752c5,207,34,412,OFFRE_000412_41641a91579b,Vendeur en magasin,Non précisé,Limbe / Buea,Commerce / Vente,0.75
84b3a44add9ca0466da3,207,34,413,OFFRE_000413_7b356ba618de,Cuisinier Domestique,Non précisé,Limbe / Buea,Services / Sécurité,1.0
f005fd4db9d8ea5358d6,207,34,414,OFFRE_000414_c07c8c1eaf10,Employé de Ménage,Non précisé,Limbe / Buea,Services / Sécurité,0.75
b8422418f75683615598,206,33,415,OFFRE_000415_9a1079331b2a,Cadre comptable,Non précisé,Limbe / Buea,Finance / Comptabilité,1.0
05b9077590cb0833ed8a,206,33,416,OFFRE_000416_02cc47120759,Cadre administratif,Non précisé,,Administration / RH,0.875
f1e755172099e42005e8,206,33,417,OFFRE_000417_5075253bb0e3,"Cadre Sécurité, Hygiène et Environnement",Non précisé,Ngousso,Services / Sécurité,1.0
9286af8e61cb94f04193,206,33,418,OFFRE_000418_2ee60ab80ed1,Contrôleur du travail,Non précisé,Ngousso,Autre / Non classé,0.75
340d8b5317eee956c3d7,412,68,419,OFFRE_000419_834ede98935c,Enseignant du Secondaire,Non précisé,Kribi,Éducation / Formation,0.875
340d8b5317eee956c3d7,412,69,420,OFFRE_000420_2d72c5d2aee1,Enseignant du Secondaire,Non précisé,Kribi,Éducation / Formation,0.875
a872b4975e7aeb22c040,207,35,421,OFFRE_000421_a7994a0579ac,Gestionnaire des ressources humaines,Non précisé,Yaoundé,Administration / RH,1.0
d0f7b6caba540fdebf41,208,35,422,OFFRE_000422_06e6cd539cf9,Scieur,Non précisé,Yaoundé (Ekoumdoum),Industrie / Maintenance,0.75
cf03f4912425c0ffef8b,206,34,423,OFFRE_000423_a8487a0e6a57,Agent d'entretien,Non précisé,Yaoundé (Ekoumdoum),Services / Sécurité,0.75
6f12895c03a824d752c5,207,35,424,OFFRE_000424_ee9a59f39280,Vendeur en magasin,Non précisé,Limbe / Buea,Commerce / Vente,0.75
84b3a44add9ca0466da3,207,35,425,OFFRE_000425_a681d795b326,Cuisinier Domestique,Non précisé,Limbe / Buea,Services / Sécurité,1.0
f005fd4db9d8ea5358d6,207,35,426,OFFRE_000426_10187693491e,Employé de Ménage,Non précisé,Limbe / Buea,Services / Sécurité,0.75
b8422418f75683615598,206,34,427,OFFRE_000427_7334157f35a6,Cadre comptable,Non précisé,Limbe / Buea,Finance / Comptabilité,1.0
05b9077590cb0833ed8a,206,34,428,OFFRE_000428_3cc903486712,Cadre administratif,Non précisé,,Administration / RH,0.875
f1e755172099e42005e8,206,34,429,OFFRE_000429_c0719a2268a6,"Cadre Sécurité, Hygiène et Environnement",Non précisé,Ngousso,Services / Sécurité,1.0
9286af8e61cb94f04193,206,34,430,OFFRE_000430_9fe780964cb4,Contrôleur du travail,Non précisé,Ngousso,Autre / Non classé,0.75
340d8b5317eee956c3d7,412,70,431,OFFRE_000431_d1fb844a6e2b,Enseignant du Secondaire,Non précisé,Kribi,Éducation / Formation,0.875
340d8b5317eee956c3d7,412,71,432,OFFRE_000432_70bc56201154,Enseignant du Secondaire,Non précisé,Kribi,Éducation / Formation,0.875
a872b4975e7aeb22c040,207,36,433,OFFRE_000433_2b24a0d66dd1,Gestionnaire des ressources humaines,Non précisé,Yaoundé,Administration / RH,1.0
d0f7b6caba540fdebf41,208,36,434,OFFRE_000434_e6853c3a7dfd,Scieur,Non précisé,Yaoundé (Ekoumdoum),Industrie / Maintenance,0.75
cf03f4912425c0ffef8b,206,35,435,OFFRE_000435_29c3328fd752,Agent d'entretien,Non précisé,Yaoundé (Ekoumdoum),Services / Sécurité,0.75
6f12895c03a824d752c5,207,36,436,OFFRE_000436_c433ae0941ea,Vendeur en magasin,Non précisé,Limbe / Buea,Commerce / Vente,0.75
84b3a44add9ca0466da3,207,36,437,OFFRE_000437_e9625fe9a37e,Cuisinier Domestique,Non précisé,Limbe / Buea,Services / Sécurité,1.0
f005fd4db9d8ea5358d6,207,36,438,OFFRE_000438_920abb855601,Employé de Ménage,Non précisé,Limbe / Buea,Services / Sécurité,0.75
b8422418f75683615598,206,35,439,OFFRE_000439_5ec1a74e7154,Cadre comptable,Non précisé,Limbe / Buea,Finance / Comptabilité,1.0
05b9077590cb0833ed8a,206,35,440,OFFRE_000440_480866ae3941,Cadre administratif,Non précisé,,Administration / RH,0.875
f1e755172099e42005e8,206,35,441,OFFRE_000441_6d8cc4f3695b,"Cadre Sécurité, Hygiène et Environnement",Non précisé,Ngousso,Services / Sécurité,1.0
9286af8e61cb94f04193,206,35,442,OFFRE_000442_985f84f57c12,Contrôleur du travail,Non précisé,Ngousso,Autre / Non classé,0.75
340d8b5317eee956c3d7,412,72,443,OFFRE_000443_33046595c4a6,Enseignant du Secondaire,Non précisé,Kribi,Éducation / Formation,0.875
340d8b5317eee956c3d7,412,73,444,OFFRE_000444_95a0171aee5a,Enseignant du Secondaire,Non précisé,Kribi,Éducation / Formation,0.875
a872b4975e7aeb22c040,207,37,445,OFFRE_000445_14a9a1467230,Gestionnaire des ressources humaines,Non précisé,Yaoundé,Administration / RH,1.0
d0f7b6caba540fdebf41,208,37,446,OFFRE_000446_c199784ff105,Scieur,Non précisé,Yaoundé (Ekoumdoum),Industrie / Maintenance,0.75
cf03f4912425c0ffef8b,206,36,447,OFFRE_000447_3a2bdc2d39dd,Agent d'entretien,Non précisé,Yaoundé (Ekoumdoum),Services / Sécurité,0.75
6f12895c03a824d752c5,207,37,448,OFFRE_000448_1bd660de988a,Vendeur en magasin,Non précisé,Limbe / Buea,Commerce / Vente,0.75
84b3a44add9ca0466da3,207,37,449,OFFRE_000449_09307f5fa5f0,Cuisinier Domestique,Non précisé,Limbe / Buea,Services / Sécurité,1.0
f005fd4db9d8ea5358d6,207,37,450,OFFRE_000450_f5d2eea82e75,Employé de Ménage,Non précisé,Limbe / Buea,Services / Sécurité,0.75
b8422418f75683615598,206,36,451,OFFRE_000451_9863416eb3ec,Cadre comptable,Non précisé,Limbe / Buea,Finance / Comptabilité,1.0
05b9077590cb0833ed8a,206,36,452,OFFRE_000452_c8865b9545f1,Cadre administratif,Non précisé,,Administration / RH,0.875
f1e755172099e42005e8,206,36,453,OFFRE_000453_588f42e5fe10,"Cadre Sécurité, Hygiène et Environnement",Non précisé,Ngousso,Services / Sécurité,1.0
9286af8e61cb94f04193,206,36,454,OFFRE_000454_985abbf99748,Contrôleur du travail,Non précisé,Ngousso,Autre / Non classé,0.75
340d8b5317eee956c3d7,412,74,455,OFFRE_000455_2f46a686614c,Enseignant du Secondaire,Non précisé,Kribi,Éducation / Formation,0.875
340d8b5317eee956c3d7,412,75,456,OFFRE_000456_46def468b385,Enseignant du Secondaire,Non précisé,Kribi,Éducation / Formation,0.875
a872b4975e7aeb22c040,207,38,457,OFFRE_000457_462c95a44a04,Gestionnaire des ressources humaines,Non précisé,Yaoundé,Administration / RH,1.0
d0f7b6caba540fdebf41,208,38,458,OFFRE_000458_c80a92d135e0,Scieur,Non précisé,Yaoundé (Ekoumdoum),Industrie / Maintenance,0.75
cf03f4912425c0ffef8b,206,37,459,OFFRE_000459_cf2291b72d72,Agent d'entretien,Non précisé,Yaoundé (Ekoumdoum),Services / Sécurité,0.75
6f12895c03a824d752c5,207,38,460,OFFRE_000460_b9dc1f5aae56,Vendeur en magasin,Non précisé,Limbe / Buea,Commerce / Vente,0.75
84b3a44add9ca0466da3,207,38,461,OFFRE_000461_5fcafb6e2721,Cuisinier Domestique,Non précisé,Limbe / Buea,Services / Sécurité,1.0
f005fd4db9d8ea5358d6,207,38,462,OFFRE_000462_64519fd27287,Employé de Ménage,Non précisé,Limbe / Buea,Services / Sécurité,0.75
b8422418f75683615598,206,37,463,OFFRE_000463_9e0be88814a2,Cadre comptable,Non précisé,Limbe / Buea,Finance / Comptabilité,1.0
05b9077590cb0833ed8a,206,37,464,OFFRE_000464_809d7857503f,Cadre administratif,Non précisé,,Administration / RH,0.875
f1e755172099e42005e8,206,37,465,OFFRE_000465_a70fe28e523c,"Cadre Sécurité, Hygiène et Environnement",Non précisé,Ngousso,Services / Sécurité,1.0
9286af8e61cb94f04193,206,37,466,OFFRE_000466_71b74f3b669b,Contrôleur du travail,Non précisé,Ngousso,Autre / Non classé,0.75
340d8b5317eee956c3d7,412,76,467,OFFRE_000467_cfeb5ac523b4,Enseignant du Secondaire,Non précisé,Kribi,Éducation / Formation,0.875
340d8b5317eee956c3d7,412,77,468,OFFRE_000468_3cc5a56d6d6f,Enseignant du Secondaire,Non précisé,Kribi,Éducation / Formation,0.875
a872b4975e7aeb22c040,207,39,469,OFFRE_000469_d4dea5f92be4,Gestionnaire des ressources humaines,Non précisé,Yaoundé,Administration / RH,1.0
d0f7b6caba540fdebf41,208,39,470,OFFRE_000470_2d0a299346fc,Scieur,Non précisé,Yaoundé (Ekoumdoum),Industrie / Maintenance,0.75
cf03f4912425c0ffef8b,206,38,471,OFFRE_000471_9d64d11146dc,Agent d'entretien,Non précisé,Yaoundé (Ekoumdoum),Services / Sécurité,0.75
6f12895c03a824d752c5,207,39,472,OFFRE_000472_41dcc0cf56e1,Vendeur en magasin,Non précisé,Limbe / Buea,Commerce / Vente,0.75
84b3a44add9ca0466da3,207,39,473,OFFRE_000473_273bd362f8a0,Cuisinier Domestique,Non précisé,Limbe / Buea,Services / Sécurité,1.0
f005fd4db9d8ea5358d6,207,39,474,OFFRE_000474_f866a164394d,Employé de Ménage,Non précisé,Limbe / Buea,Services / Sécurité,0.75
b8422418f75683615598,206,38,475,OFFRE_000475_92b7479dd6e9,Cadre comptable,Non précisé,Limbe / Buea,Finance / Comptabilité,1.0
05b9077590cb0833ed8a,206,38,476,OFFRE_000476_ca1c876c9e7d,Cadre administratif,Non précisé,,Administration / RH,0.875
f1e755172099e42005e8,206,38,477,OFFRE_000477_e3a43d249b93,"Cadre Sécurité, Hygiène et Environnement",Non précisé,Ngousso,Services / Sécurité,1.0
9286af8e61cb94f04193,206,38,478,OFFRE_000478_b9b9b8061c0f,Contrôleur du travail,Non précisé,Ngousso,Autre / Non classé,0.75
340d8b5317eee956c3d7,412,78,479,OFFRE_000479_84beb0157e3c,Enseignant du Secondaire,Non précisé,Kribi,Éducation / Formation,0.875
340d8b5317eee956c3d7,412,79,480,OFFRE_000480_f3b070a708a0,Enseignant du Secondaire,Non précisé,Kribi,Éducation / Formation,0.875
a872b4975e7aeb22c040,207,40,481,OFFRE_000481_b92fb131b632,Gestionnaire des ressources humaines,Non précisé,Yaoundé,Administration / RH,1.0
d0f7b6caba540fdebf41,208,40,482,OFFRE_000482_340a761e4dcf,Scieur,Non précisé,Yaoundé (Ekoumdoum),Industrie / Maintenance,0.75
cf03f4912425c0ffef8b,206,39,483,OFFRE_000483_9f8da4a4342f,Agent d'entretien,Non précisé,Yaoundé (Ekoumdoum),Services / Sécurité,0.75
6f12895c03a824d752c5,207,40,484,OFFRE_000484_249f251102ea,Vendeur en magasin,Non précisé,Limbe / Buea,Commerce / Vente,0.75
84b3a44add9ca0466da3,207,40,485,OFFRE_000485_6ea2f5b1d79c,Cuisinier Domestique,Non précisé,Limbe / Buea,Services / Sécurité,1.0
f005fd4db9d8ea5358d6,207,40,486,OFFRE_000486_80407c47be47,Employé de Ménage,Non précisé,Limbe / Buea,Services / Sécurité,0.75
b8422418f75683615598,206,39,487,OFFRE_000487_7b6e5b1a59f2,Cadre comptable,Non précisé,Limbe / Buea,Finance / Comptabilité,1.0
05b9077590cb0833ed8a,206,39,488,OFFRE_000488_72984aa8c480,Cadre administratif,Non précisé,,Administration / RH,0.875
f1e755172099e42005e8,206,39,489,OFFRE_000489_9e3f4fe1c8cc,"Cadre Sécurité, Hygiène et Environnement",Non précisé,Ngousso,Services / Sécurité,1.0
9286af8e61cb94f04193,206,39,490,OFFRE_000490_ed47e6cfe990,Contrôleur du travail,Non précisé,Ngousso,Autre / Non classé,0.75
340d8b5317eee956c3d7,412,80,491,OFFRE_000491_96dea76d930c,Enseignant du Secondaire,Non précisé,Kribi,Éducation / Formation,0.875
340d8b5317eee956c3d7,412,81,492,OFFRE_000492_ac73b53330a6,Enseignant du Secondaire,Non précisé,Kribi,Éducation / Formation,0.875
a872b4975e7aeb22c040,207,41,493,OFFRE_000493_7d7aad601458,Gestionnaire des ressources humaines,Non précisé,Yaoundé,Administration / RH,1.0
d0f7b6caba540fdebf41,208,41,494,OFFRE_000494_c0942d963f8d,Scieur,Non précisé,Yaoundé (Ekoumdoum),Industrie / Maintenance,0.75
cf03f4912425c0ffef8b,206,40,495,OFFRE_000495_4876ab801700,Agent d'entretien,Non précisé,Yaoundé (Ekoumdoum),Services / Sécurité,0.75
6f12895c03a824d752c5,207,41,496,OFFRE_000496_07b4d70e37bb,Vendeur en magasin,Non précisé,Limbe / Buea,Commerce / Vente,0.75
84b3a44add9ca0466da3,207,41,497,OFFRE_000497_4d62217f9132,Cuisinier Domestique,Non précisé,Limbe / Buea,Services / Sécurité,1.0
f005fd4db9d8ea5358d6,207,41,498,OFFRE_000498_6675b6921581,Employé de Ménage,Non précisé,Limbe / Buea,Services / Sécurité,0.75
b8422418f75683615598,206,40,499,OFFRE_000499_ff838be26d05,Cadre comptable,Non précisé,Limbe / Buea,Finance / Comptabilité,1.0
05b9077590cb0833ed8a,206,40,500,OFFRE_000500_102e328ad39a,Cadre administratif,Non précisé,,Administration / RH,0.875
f1e755172099e42005e8,206,40,501,OFFRE_000501_919dfce0ae5d,"Cadre Sécurité, Hygiène et Environnement",Non précisé,Ngousso,Services / Sécurité,1.0
9286af8e61cb94f04193,206,40,502,OFFRE_000502_578bcb6382ad,Contrôleur du travail,Non précisé,Ngousso,Autre / Non classé,0.75
340d8b5317eee956c3d7,412,82,503,OFFRE_000503_26adba5c9968,Enseignant du Secondaire,Non précisé,Kribi,Éducation / Formation,0.875
340d8b5317eee956c3d7,412,83,504,OFFRE_000504_6098d17a91a7,Enseignant du Secondaire,Non précisé,Kribi,Éducation / Formation,0.875
a872b4975e7aeb22c040,207,42,505,OFFRE_000505_b03800ac47fd,Gestionnaire des ressources humaines,Non précisé,Yaoundé,Administration / RH,1.0
d0f7b6caba540fdebf41,208,42,506,OFFRE_000506_7e6322ba8bb2,Scieur,Non précisé,Yaoundé (Ekoumdoum),Industrie / Maintenance,0.75
6f12895c03a824d752c5,207,42,507,OFFRE_000507_df5488dd7ab7,Vendeur en magasin,Non précisé,Limbe / Buea,Commerce / Vente,0.75
84b3a44add9ca0466da3,207,42,508,OFFRE_000508_fd2f1a5b595c,Cuisinier Domestique,Non précisé,Limbe / Buea,Services / Sécurité,1.0
f005fd4db9d8ea5358d6,207,42,509,OFFRE_000509_0b6c10f956d2,Employé de Ménage,Non précisé,Limbe / Buea,Services / Sécurité,0.75
b8422418f75683615598,206,41,510,OFFRE_000510_d01faf653485,Cadre comptable,Non précisé,Limbe / Buea,Finance / Comptabilité,1.0
05b9077590cb0833ed8a,206,41,511,OFFRE_000511_21fe9d352489,Cadre administratif,Non précisé,,Administration / RH,0.875
f1e755172099e42005e8,206,41,512,OFFRE_000512_cecde3680fbd,"Cadre Sécurité, Hygiène et Environnement",Non précisé,Ngousso,Services / Sécurité,1.0
9286af8e61cb94f04193,206,41,513,OFFRE_000513_15840c720d54,Contrôleur du travail,Non précisé,Ngousso,Autre / Non classé,0.75
340d8b5317eee956c3d7,412,84,514,OFFRE_000514_17442f936050,Enseignant du Secondaire,Non précisé,Kribi,Éducation / Formation,0.875
340d8b5317eee956c3d7,412,85,515,OFFRE_000515_e5ddb6514a80,Enseignant du Secondaire,Non précisé,Kribi,Éducation / Formation,0.875
a872b4975e7aeb22c040,207,43,516,OFFRE_000516_a3407e7cd2db,Gestionnaire des ressources humaines,Non précisé,Yaoundé,Administration / RH,1.0
d0f7b6caba540fdebf41,208,43,517,OFFRE_000517_4340ab94a770,Scieur,Non précisé,Yaoundé (Ekoumdoum),Industrie / Maintenance,0.75
cf03f4912425c0ffef8b,206,41,518,OFFRE_000518_290211e959c0,Agent d'entretien,Non précisé,Yaoundé (Ekoumdoum),Services / Sécurité,0.75
6f12895c03a824d752c5,207,43,519,OFFRE_000519_ef89d3a91539,Vendeur en magasin,Non précisé,Limbe / Buea,Commerce / Vente,0.75
84b3a44add9ca0466da3,207,43,520,OFFRE_000520_077846a4809d,Cuisinier Domestique,Non précisé,Limbe / Buea,Services / Sécurité,1.0
f005fd4db9d8ea5358d6,207,43,521,OFFRE_000521_8a706ae1e105,Employé de Ménage,Non précisé,Limbe / Buea,Services / Sécurité,0.75
b8422418f75683615598,206,42,522,OFFRE_000522_ac2f809ced76,Cadre comptable,Non précisé,Limbe / Buea,Finance / Comptabilité,1.0
05b9077590cb0833ed8a,206,42,523,OFFRE_000523_0c2485d189af,Cadre administratif,Non précisé,,Administration / RH,0.875
f1e755172099e42005e8,206,42,524,OFFRE_000524_e65d56b22ea2,"Cadre Sécurité, Hygiène et Environnement",Non précisé,Ngousso,Services / Sécurité,1.0
9286af8e61cb94f04193,206,42,525,OFFRE_000525_3290572be67f,Contrôleur du travail,Non précisé,Ngousso,Autre / Non classé,0.75
340d8b5317eee956c3d7,412,86,526,OFFRE_000526_f611da93fbd8,Enseignant du Secondaire,Non précisé,Kribi,Éducation / Formation,0.875
340d8b5317eee956c3d7,412,87,527,OFFRE_000527_f784aea6d942,Enseignant du Secondaire,Non précisé,Kribi,Éducation / Formation,0.875
a872b4975e7aeb22c040,207,44,528,OFFRE_000528_e0b9bd506d45,Gestionnaire des ressources humaines,Non précisé,Yaoundé,Administration / RH,1.0
d0f7b6caba540fdebf41,208,44,529,OFFRE_000529_ef3c1dbaa3c4,Scieur,Non précisé,Yaoundé (Ekoumdoum),Industrie / Maintenance,0.75
cf03f4912425c0ffef8b,206,42,530,OFFRE_000530_fc4d3ad002f2,Agent d'entretien,Non précisé,Yaoundé (Ekoumdoum),Services / Sécurité,0.75
6f12895c03a824d752c5,207,44,531,OFFRE_000531_117bbbc7e521,Vendeur en magasin,Non précisé,Limbe / Buea,Commerce / Vente,0.75
84b3a44add9ca0466da3,207,44,532,OFFRE_000532_406245496f4a,Cuisinier Domestique,Non précisé,Limbe / Buea,Services / Sécurité,1.0
f005fd4db9d8ea5358d6,207,44,533,OFFRE_000533_6cf7ce443bce,Employé de Ménage,Non précisé,Limbe / Buea,Services / Sécurité,0.75
b8422418f75683615598,206,43,534,OFFRE_000534_ecf07f0aa0c8,Cadre comptable,Non précisé,Limbe / Buea,Finance / Comptabilité,1.0
05b9077590cb0833ed8a,206,43,535,OFFRE_000535_d98cb25cc7c8,Cadre administratif,Non précisé,,Administration / RH,0.875
f1e755172099e42005e8,206,43,536,OFFRE_000536_2b3e6427bbbc,"Cadre Sécurité, Hygiène et Environnement",Non précisé,Ngousso,Services / Sécurité,1.0
9286af8e61cb94f04193,206,43,537,OFFRE_000537_5f94696d337d,Contrôleur du travail,Non précisé,Ngousso,Autre / Non classé,0.75
340d8b5317eee956c3d7,412,88,538,OFFRE_000538_caf042c03595,Enseignant du Secondaire,Non précisé,Kribi,Éducation / Formation,0.875
340d8b5317eee956c3d7,412,89,539,OFFRE_000539_4cf4e46210b8,Enseignant du Secondaire,Non précisé,Kribi,Éducation / Formation,0.875
a872b4975e7aeb22c040,207,45,540,OFFRE_000540_7f74c4fa8ebb,Gestionnaire des ressources humaines,Non précisé,Yaoundé,Administration / RH,1.0
d0f7b6caba540fdebf41,208,45,541,OFFRE_000541_0687db6f5593,Scieur,Non précisé,Yaoundé (Ekoumdoum),Industrie / Maintenance,0.75
cf03f4912425c0ffef8b,206,43,542,OFFRE_000542_aa750a8c13fb,Agent d'entretien,Non précisé,Yaoundé (Ekoumdoum),Services / Sécurité,0.75
6f12895c03a824d752c5,207,45,543,OFFRE_000543_3c296212e94e,Vendeur en magasin,Non précisé,Limbe / Buea,Commerce / Vente,0.75
84b3a44add9ca0466da3,207,45,544,OFFRE_000544_cc7610421774,Cuisinier Domestique,Non précisé,Limbe / Buea,Services / Sécurité,1.0
f005fd4db9d8ea5358d6,207,45,545,OFFRE_000545_f052e39a804b,Employé de Ménage,Non précisé,Limbe / Buea,Services / Sécurité,0.75
b8422418f75683615598,206,44,546,OFFRE_000546_0abdd5ed5af3,Cadre comptable,Non précisé,Limbe / Buea,Finance / Comptabilité,1.0
05b9077590cb0833ed8a,206,44,547,OFFRE_000547_853ca2bbde68,Cadre administratif,Non précisé,,Administration / RH,0.875
f1e755172099e42005e8,206,44,548,OFFRE_000548_0d1ee208d873,"Cadre Sécurité, Hygiène et Environnement",Non précisé,Ngousso,Services / Sécurité,1.0
9286af8e61cb94f04193,206,44,549,OFFRE_000549_92279b7dfa6a,Contrôleur du travail,Non précisé,Ngousso,Autre / Non classé,0.75
340d8b5317eee956c3d7,412,90,550,OFFRE_000550_fc96909e81f2,Enseignant du Secondaire,Non précisé,Kribi,Éducation / Formation,0.875
340d8b5317eee956c3d7,412,91,551,OFFRE_000551_4e017b62e97b,Enseignant du Secondaire,Non précisé,Kribi,Éducation / Formation,0.875
a872b4975e7aeb22c040,207,46,552,OFFRE_000552_9dcba1b7cc12,Gestionnaire des ressources humaines,Non précisé,Yaoundé,Administration / RH,1.0
d0f7b6caba540fdebf41,208,46,553,OFFRE_000553_2846136304d7,Scieur,Non précisé,Yaoundé (Ekoumdoum),Industrie / Maintenance,0.75
cf03f4912425c0ffef8b,206,44,554,OFFRE_000554_65b5755bc609,Agent d'entretien,Non précisé,Yaoundé (Ekoumdoum),Services / Sécurité,0.75
6f12895c03a824d752c5,207,46,555,OFFRE_000555_c2a70d107e0e,Vendeur en magasin,Non précisé,Limbe / Buea,Commerce / Vente,0.75
84b3a44add9ca0466da3,207,46,556,OFFRE_000556_c2bbdd4b1a3f,Cuisinier Domestique,Non précisé,Limbe / Buea,Services / Sécurité,1.0
f005fd4db9d8ea5358d6,207,46,557,OFFRE_000557_70478bc43d68,Employé de Ménage,Non précisé,Limbe / Buea,Services / Sécurité,0.75
b8422418f75683615598,206,45,558,OFFRE_000558_380009455b9b,Cadre comptable,Non précisé,Limbe / Buea,Finance / Comptabilité,1.0
05b9077590cb0833ed8a,206,45,559,OFFRE_000559_a5bda93fac25,Cadre administratif,Non précisé,,Administration / RH,0.875
f1e755172099e42005e8,206,45,560,OFFRE_000560_f955375c03ac,"Cadre Sécurité, Hygiène et Environnement",Non précisé,Ngousso,Services / Sécurité,1.0
9286af8e61cb94f04193,206,45,561,OFFRE_000561_a05f87a9443b,Contrôleur du travail,Non précisé,Ngousso,Autre / Non classé,0.75
340d8b5317eee956c3d7,412,92,562,OFFRE_000562_79cabd502a2e,Enseignant du Secondaire,Non précisé,Kribi,Éducation / Formation,0.875
340d8b5317eee956c3d7,412,93,563,OFFRE_000563_8f4b976bbff0,Enseignant du Secondaire,Non précisé,Kribi,Éducation / Formation,0.875
a872b4975e7aeb22c040,207,47,564,OFFRE_000564_b35c8a6735ec,Gestionnaire des ressources humaines,Non précisé,Yaoundé,Administration / RH,1.0
d0f7b6caba540fdebf41,208,47,565,OFFRE_000565_06758dd826e6,Scieur,Non précisé,Yaoundé (Ekoumdoum),Industrie / Maintenance,0.75
cf03f4912425c0ffef8b,206,45,566,OFFRE_000566_9eb05aee8b9a,Agent d'entretien,Non précisé,Yaoundé (Ekoumdoum),Services / Sécurité,0.75
6f12895c03a824d752c5,207,47,567,OFFRE_000567_ebc08b4abc57,Vendeur en magasin,Non précisé,Limbe / Buea,Commerce / Vente,0.75
84b3a44add9ca0466da3,207,47,568,OFFRE_000568_67f1fa78db37,Cuisinier Domestique,Non précisé,Limbe / Buea,Services / Sécurité,1.0
f005fd4db9d8ea5358d6,207,47,569,OFFRE_000569_132064663fa6,Employé de Ménage,Non précisé,Limbe / Buea,Services / Sécurité,0.75
b8422418f75683615598,206,46,570,OFFRE_000570_8124b839bdc8,Cadre comptable,Non précisé,Limbe / Buea,Finance / Comptabilité,1.0
05b9077590cb0833ed8a,206,46,571,OFFRE_000571_9c8090cbabba,Cadre administratif,Non précisé,,Administration / RH,0.875
f1e755172099e42005e8,206,46,572,OFFRE_000572_2506f8c312e8,"Cadre Sécurité, Hygiène et Environnement",Non précisé,Ngousso,Services / Sécurité,1.0
9286af8e61cb94f04193,206,46,573,OFFRE_000573_1128a5a89ed3,Contrôleur du travail,Non précisé,Ngousso,Autre / Non classé,0.75
340d8b5317eee956c3d7,412,94,574,OFFRE_000574_99aceed22119,Enseignant du Secondaire,Non précisé,Kribi,Éducation / Formation,0.875
340d8b5317eee956c3d7,412,95,575,OFFRE_000575_95a83bbecf01,Enseignant du Secondaire,Non précisé,Kribi,Éducation / Formation,0.875
a872b4975e7aeb22c040,207,48,576,OFFRE_000576_a7c64653a2a7,Gestionnaire des ressources humaines,Non précisé,Yaoundé,Administration / RH,1.0
d0f7b6caba540fdebf41,208,48,577,OFFRE_000577_882d00721ceb,Scieur,Non précisé,Yaoundé (Ekoumdoum),Industrie / Maintenance,0.75
cf03f4912425c0ffef8b,206,46,578,OFFRE_000578_43b841ac56d4,Agent d'entretien,Non précisé,Yaoundé (Ekoumdoum),Services / Sécurité,0.75
6f12895c03a824d752c5,207,48,579,OFFRE_000579_09730d05b4e8,Vendeur en magasin,Non précisé,Limbe / Buea,Commerce / Vente,0.75
84b3a44add9ca0466da3,207,48,580,OFFRE_000580_60aba3c2cb05,Cuisinier Domestique,Non précisé,Limbe / Buea,Services / Sécurité,1.0
f005fd4db9d8ea5358d6,207,48,581,OFFRE_000581_2f2dcc4efd44,Employé de Ménage,Non précisé,Limbe / Buea,Services / Sécurité,0.75
b8422418f75683615598,206,47,582,OFFRE_000582_50321b7738fe,Cadre comptable,Non précisé,Limbe / Buea,Finance / Comptabilité,1.0
05b9077590cb0833ed8a,206,47,583,OFFRE_000583_9aead5dc5400,Cadre administratif,Non précisé,,Administration / RH,0.875
f1e755172099e42005e8,206,47,584,OFFRE_000584_c4eb2a84e03e,"Cadre Sécurité, Hygiène et Environnement",Non précisé,Ngousso,Services / Sécurité,1.0
9286af8e61cb94f04193,206,47,585,OFFRE_000585_8f2b83adae4d,Contrôleur du travail,Non précisé,Ngousso,Autre / Non classé,0.75
340d8b5317eee956c3d7,412,96,586,OFFRE_000586_3affbab2c14b,Enseignant du Secondaire,Non précisé,Kribi,Éducation / Formation,0.875
340d8b5317eee956c3d7,412,97,587,OFFRE_000587_30deeae8e80d,Enseignant du Secondaire,Non précisé,Kribi,Éducation / Formation,0.875
a872b4975e7aeb22c040,207,49,588,OFFRE_000588_95365c9c26e3,Gestionnaire des ressources humaines,Non précisé,Yaoundé,Administration / RH,1.0
d0f7b6caba540fdebf41,208,49,589,OFFRE_000589_bab47bca4b6d,Scieur,Non précisé,Yaoundé (Ekoumdoum),Industrie / Maintenance,0.75
cf03f4912425c0ffef8b,206,47,590,OFFRE_000590_0e91e530f516,Agent d'entretien,Non précisé,Yaoundé (Ekoumdoum),Services / Sécurité,0.75
6f12895c03a824d752c5,207,49,591,OFFRE_000591_9949d122e8c6,Vendeur en magasin,Non précisé,Limbe / Buea,Commerce / Vente,0.75
84b3a44add9ca0466da3,207,49,592,OFFRE_000592_bb2597aba325,Cuisinier Domestique,Non précisé,Limbe / Buea,Services / Sécurité,1.0
f005fd4db9d8ea5358d6,207,49,593,OFFRE_000593_b1b6ec7b653d,Employé de Ménage,Non précisé,Limbe / Buea,Services / Sécurité,0.75
b8422418f75683615598,206,48,594,OFFRE_000594_568263d852aa,Cadre comptable,Non précisé,Limbe / Buea,Finance / Comptabilité,1.0
05b9077590cb0833ed8a,206,48,595,OFFRE_000595_d899cb4d101c,Cadre administratif,Non précisé,,Administration / RH,0.875
f1e755172099e42005e8,206,48,596,OFFRE_000596_995be7ab9d8c,"Cadre Sécurité, Hygiène et Environnement",Non précisé,Ngousso,Services / Sécurité,1.0
9286af8e61cb94f04193,206,48,597,OFFRE_000597_a1740fe67021,Contrôleur du travail,Non précisé,Ngousso,Autre / Non classé,0.75
340d8b5317eee956c3d7,412,98,598,OFFRE_000598_42d762848150,Enseignant du Secondaire,Non précisé,Kribi,Éducation / Formation,0.875
340d8b5317eee956c3d7,412,99,599,OFFRE_000599_2b43c73d522d,Enseignant du Secondaire,Non précisé,Kribi,Éducation / Formation,0.875
a872b4975e7aeb22c040,207,50,600,OFFRE_000600_d869c7256b8a,Gestionnaire des ressources humaines,Non précisé,Yaoundé,Administration / RH,1.0
d0f7b6caba540fdebf41,208,50,601,OFFRE_000601_ca9be1b21204,Scieur,Non précisé,Yaoundé (Ekoumdoum),Industrie / Maintenance,0.75
cf03f4912425c0ffef8b,206,48,602,OFFRE_000602_7e0e7bf9ac55,Agent d'entretien,Non précisé,Yaoundé (Ekoumdoum),Services / Sécurité,0.75
6f12895c03a824d752c5,207,50,603,OFFRE_000603_a68c0e1a44bd,Vendeur en magasin,Non précisé,Limbe / Buea,Commerce / Vente,0.75
84b3a44add9ca0466da3,207,50,604,OFFRE_000604_55a555204036,Cuisinier Domestique,Non précisé,Limbe / Buea,Services / Sécurité,1.0
f005fd4db9d8ea5358d6,207,50,605,OFFRE_000605_0ecbcd81c56d,Employé de Ménage,Non précisé,Limbe / Buea,Services / Sécurité,0.75
b8422418f75683615598,206,49,606,OFFRE_000606_937dd4a6bd49,Cadre comptable,Non précisé,Limbe / Buea,Finance / Comptabilité,1.0
05b9077590cb0833ed8a,206,49,607,OFFRE_000607_b59c8d43f405,Cadre administratif,Non précisé,,Administration / RH,0.875
f1e755172099e42005e8,206,49,608,OFFRE_000608_a1b043bb81e9,"Cadre Sécurité, Hygiène et Environnement",Non précisé,Ngousso,Services / Sécurité,1.0
9286af8e61cb94f04193,206,49,609,OFFRE_000609_5dc61c05471f,Contrôleur du travail,Non précisé,Ngousso,Autre / Non classé,0.75
340d8b5317eee956c3d7,412,100,610,OFFRE_000610_8f3cdd73abcf,Enseignant du Secondaire,Non précisé,Kribi,Éducation / Formation,0.875
340d8b5317eee956c3d7,412,101,611,OFFRE_000611_49b5cf97ec1f,Enseignant du Secondaire,Non précisé,Kribi,Éducation / Formation,0.875
a872b4975e7aeb22c040,207,51,612,OFFRE_000612_86e642e397ac,Gestionnaire des ressources humaines,Non précisé,Yaoundé,Administration / RH,1.0
d0f7b6caba540fdebf41,208,51,613,OFFRE_000613_045a66475c3d,Scieur,Non précisé,Yaoundé (Ekoumdoum),Industrie / Maintenance,0.75
cf03f4912425c0ffef8b,206,49,614,OFFRE_000614_e1343ab03e3a,Agent d'entretien,Non précisé,Yaoundé (Ekoumdoum),Services / Sécurité,0.75
6f12895c03a824d752c5,207,51,615,OFFRE_000615_1d1b5f7dab89,Vendeur en magasin,Non précisé,Limbe / Buea,Commerce / Vente,0.75
84b3a44add9ca0466da3,207,51,616,OFFRE_000616_55e2dc9e7ce7,Cuisinier Domestique,Non précisé,Limbe / Buea,Services / Sécurité,1.0
f005fd4db9d8ea5358d6,207,51,617,OFFRE_000617_c31676273286,Employé de Ménage,Non précisé,Limbe / Buea,Services / Sécurité,0.75
b8422418f75683615598,206,50,618,OFFRE_000618_4f2d74ba477b,Cadre comptable,Non précisé,Limbe / Buea,Finance / Comptabilité,1.0
05b9077590cb0833ed8a,206,50,619,OFFRE_000619_0a4de9578381,Cadre administratif,Non précisé,,Administration / RH,0.875
f1e755172099e42005e8,206,50,620,OFFRE_000620_b70ad4f62871,"Cadre Sécurité, Hygiène et Environnement",Non précisé,Ngousso,Services / Sécurité,1.0
9286af8e61cb94f04193,206,50,621,OFFRE_000621_7d51d98e2e6f,Contrôleur du travail,Non précisé,Ngousso,Autre / Non classé,0.75
340d8b5317eee956c3d7,412,102,622,OFFRE_000622_b37ebd3c6c65,Enseignant du Secondaire,Non précisé,Kribi,Éducation / Formation,0.875
340d8b5317eee956c3d7,412,103,623,OFFRE_000623_4afb1b6e8df1,Enseignant du Secondaire,Non précisé,Kribi,Éducation / Formation,0.875
a872b4975e7aeb22c040,207,52,624,OFFRE_000624_9552f427dffd,Gestionnaire des ressources humaines,Non précisé,Yaoundé,Administration / RH,1.0
d0f7b6caba540fdebf41,208,52,625,OFFRE_000625_569f2180ec24,Scieur,Non précisé,Yaoundé (Ekoumdoum),Industrie / Maintenance,0.75
cf03f4912425c0ffef8b,206,50,626,OFFRE_000626_578a6e81f2eb,Agent d'entretien,Non précisé,Yaoundé (Ekoumdoum),Services / Sécurité,0.75
6f12895c03a824d752c5,207,52,627,OFFRE_000627_5ec32358cdef,Vendeur en magasin,Non précisé,Limbe / Buea,Commerce / Vente,0.75
84b3a44add9ca0466da3,207,52,628,OFFRE_000628_ab0528fe943f,Cuisinier Domestique,Non précisé,Limbe / Buea,Services / Sécurité,1.0
f005fd4db9d8ea5358d6,207,52,629,OFFRE_000629_f1d0b65a4a87,Employé de Ménage,Non précisé,Limbe / Buea,Services / Sécurité,0.75
b8422418f75683615598,206,51,630,OFFRE_000630_b00190ddc513,Cadre comptable,Non précisé,Limbe / Buea,Finance / Comptabilité,1.0
05b9077590cb0833ed8a,206,51,631,OFFRE_000631_4bfcd6b9075a,Cadre administratif,Non précisé,,Administration / RH,0.875
f1e755172099e42005e8,206,51,632,OFFRE_000632_2f557ad301cb,"Cadre Sécurité, Hygiène et Environnement",Non précisé,Ngousso,Services / Sécurité,1.0
9286af8e61cb94f04193,206,51,633,OFFRE_000633_fa21a8ceab4a,Contrôleur du travail,Non précisé,Ngousso,Autre / Non classé,0.75
340d8b5317eee956c3d7,412,104,634,OFFRE_000634_fa2003a5bb43,Enseignant du Secondaire,Non précisé,Kribi,Éducation / Formation,0.875
340d8b5317eee956c3d7,412,105,635,OFFRE_000635_f67772465a65,Enseignant du Secondaire,Non précisé,Kribi,Éducation / Formation,0.875
a872b4975e7aeb22c040,207,53,636,OFFRE_000636_1854021ebe6a,Gestionnaire des ressources humaines,Non précisé,Yaoundé,Administration / RH,1.0
d0f7b6caba540fdebf41,208,53,637,OFFRE_000637_f0c272207a0a,Scieur,Non précisé,Yaoundé (Ekoumdoum),Industrie / Maintenance,0.75
cf03f4912425c0ffef8b,206,51,638,OFFRE_000638_cf878ad66429,Agent d'entretien,Non précisé,Yaoundé (Ekoumdoum),Services / Sécurité,0.75
6f12895c03a824d752c5,207,53,639,OFFRE_000639_2c8aac78f9f9,Vendeur en magasin,Non précisé,Limbe / Buea,Commerce / Vente,0.75
84b3a44add9ca0466da3,207,53,640,OFFRE_000640_d564bed25b7d,Cuisinier Domestique,Non précisé,Limbe / Buea,Services / Sécurité,1.0
f005fd4db9d8ea5358d6,207,53,641,OFFRE_000641_ff550135b1af,Employé de Ménage,Non précisé,Limbe / Buea,Services / Sécurité,0.75
b8422418f75683615598,206,52,642,OFFRE_000642_cb1f04ea4251,Cadre comptable,Non précisé,Limbe / Buea,Finance / Comptabilité,1.0
05b9077590cb0833ed8a,206,52,643,OFFRE_000643_4b99ac879b78,Cadre administratif,Non précisé,,Administration / RH,0.875
f1e755172099e42005e8,206,52,644,OFFRE_000644_69ff42e66d28,"Cadre Sécurité, Hygiène et Environnement",Non précisé,Ngousso,Services / Sécurité,1.0
9286af8e61cb94f04193,206,52,645,OFFRE_000645_4ddca304495c,Contrôleur du travail,Non précisé,Ngousso,Autre / Non classé,0.75
340d8b5317eee956c3d7,412,106,646,OFFRE_000646_3e2c99e4cddc,Enseignant du Secondaire,Non précisé,Kribi,Éducation / Formation,0.875
340d8b5317eee956c3d7,412,107,647,OFFRE_000647_7717d48e3748,Enseignant du Secondaire,Non précisé,Kribi,Éducation / Formation,0.875
a872b4975e7aeb22c040,207,54,648,OFFRE_000648_946095ca2f42,Gestionnaire des ressources humaines,Non précisé,Yaoundé,Administration / RH,1.0
d0f7b6caba540fdebf41,208,54,649,OFFRE_000649_dff247510102,Scieur,Non précisé,Yaoundé (Ekoumdoum),Industrie / Maintenance,0.75
cf03f4912425c0ffef8b,206,52,650,OFFRE_000650_39bd5f99f929,Agent d'entretien,Non précisé,Yaoundé (Ekoumdoum),Services / Sécurité,0.75
6f12895c03a824d752c5,207,54,651,OFFRE_000651_85ce5be0cb7b,Vendeur en magasin,Non précisé,Limbe / Buea,Commerce / Vente,0.75
84b3a44add9ca0466da3,207,54,652,OFFRE_000652_f84b52b7e53a,Cuisinier Domestique,Non précisé,Limbe / Buea,Services / Sécurité,1.0
f005fd4db9d8ea5358d6,207,54,653,OFFRE_000653_396f106e9a2b,Employé de Ménage,Non précisé,Limbe / Buea,Services / Sécurité,0.75
b8422418f75683615598,206,53,654,OFFRE_000654_8d082703ad9a,Cadre comptable,Non précisé,Limbe / Buea,Finance / Comptabilité,1.0
05b9077590cb0833ed8a,206,53,655,OFFRE_000655_2f1ce556cdfa,Cadre administratif,Non précisé,,Administration / RH,0.875
f1e755172099e42005e8,206,53,656,OFFRE_000656_56cb21607481,"Cadre Sécurité, Hygiène et Environnement",Non précisé,Ngousso,Services / Sécurité,1.0
9286af8e61cb94f04193,206,53,657,OFFRE_000657_34d9c5107f29,Contrôleur du travail,Non précisé,Ngousso,Autre / Non classé,0.75
340d8b5317eee956c3d7,412,108,658,OFFRE_000658_f04d7a38fc75,Enseignant du Secondaire,Non précisé,Kribi,Éducation / Formation,0.875
340d8b5317eee956c3d7,412,109,659,OFFRE_000659_79ccafba96a7,Enseignant du Secondaire,Non précisé,Kribi,Éducation / Formation,0.875
a872b4975e7aeb22c040,207,55,660,OFFRE_000660_9fe7369cee36,Gestionnaire des ressources humaines,Non précisé,Yaoundé,Administration / RH,1.0
d0f7b6caba540fdebf41,208,55,661,OFFRE_000661_6c1438670d0d,Scieur,Non précisé,Yaoundé (Ekoumdoum),Industrie / Maintenance,0.75
cf03f4912425c0ffef8b,206,53,662,OFFRE_000662_3a2479e73b79,Agent d'entretien,Non précisé,Yaoundé (Ekoumdoum),Services / Sécurité,0.75
6f12895c03a824d752c5,207,55,663,OFFRE_000663_72c021b44b85,Vendeur en magasin,Non précisé,Limbe / Buea,Commerce / Vente,0.75
84b3a44add9ca0466da3,207,55,664,OFFRE_000664_73e0331f6e42,Cuisinier Domestique,Non précisé,Limbe / Buea,Services / Sécurité,1.0
f005fd4db9d8ea5358d6,207,55,665,OFFRE_000665_18c4ac0c626e,Employé de Ménage,Non précisé,Limbe / Buea,Services / Sécurité,0.75
b8422418f75683615598,206,54,666,OFFRE_000666_73309a48a24c,Cadre comptable,Non précisé,Limbe / Buea,Finance / Comptabilité,1.0
05b9077590cb0833ed8a,206,54,667,OFFRE_000667_e57bba678b86,Cadre administratif,Non précisé,,Administration / RH,0.875
f1e755172099e42005e8,206,54,668,OFFRE_000668_dcb8f8baea37,"Cadre Sécurité, Hygiène et Environnement",Non précisé,Ngousso,Services / Sécurité,1.0
9286af8e61cb94f04193,206,54,669,OFFRE_000669_254a06472fe2,Contrôleur du travail,Non précisé,Ngousso,Autre / Non classé,0.75
340d8b5317eee956c3d7,412,110,670,OFFRE_000670_53cbb5eff955,Enseignant du Secondaire,Non précisé,Kribi,Éducation / Formation,0.875
340d8b5317eee956c3d7,412,111,671,OFFRE_000671_d0650a26075a,Enseignant du Secondaire,Non précisé,Kribi,Éducation / Formation,0.875
a872b4975e7aeb22c040,207,56,672,OFFRE_000672_594c9ad7167c,Gestionnaire des ressources humaines,Non précisé,Yaoundé,Administration / RH,1.0
d0f7b6caba540fdebf41,208,56,673,OFFRE_000673_911c59984ca5,Scieur,Non précisé,Yaoundé (Ekoumdoum),Industrie / Maintenance,0.75
cf03f4912425c0ffef8b,206,54,674,OFFRE_000674_648ea02c0d86,Agent d'entretien,Non précisé,Yaoundé (Ekoumdoum),Services / Sécurité,0.75
6f12895c03a824d752c5,207,56,675,OFFRE_000675_614abe2ee01f,Vendeur en magasin,Non précisé,Limbe / Buea,Commerce / Vente,0.75
84b3a44add9ca0466da3,207,56,676,OFFRE_000676_786717767cc3,Cuisinier Domestique,Non précisé,Limbe / Buea,Services / Sécurité,1.0
f005fd4db9d8ea5358d6,207,56,677,OFFRE_000677_91ce1f70bd69,Employé de Ménage,Non précisé,Limbe / Buea,Services / Sécurité,0.75
b8422418f75683615598,206,55,678,OFFRE_000678_b7aa883d910c,Cadre comptable,Non précisé,Limbe / Buea,Finance / Comptabilité,1.0
05b9077590cb0833ed8a,206,55,679,OFFRE_000679_3453aa7a653f,Cadre administratif,Non précisé,,Administration / RH,0.875
f1e755172099e42005e8,206,55,680,OFFRE_000680_594ef2028ce0,"Cadre Sécurité, Hygiène et Environnement",Non précisé,Ngousso,Services / Sécurité,1.0
9286af8e61cb94f04193,206,55,681,OFFRE_000681_f981006ab330,Contrôleur du travail,Non précisé,Ngousso,Autre / Non classé,0.75
340d8b5317eee956c3d7,412,112,682,OFFRE_000682_6fde81a0805e,Enseignant du Secondaire,Non précisé,Kribi,Éducation / Formation,0.875
340d8b5317eee956c3d7,412,113,683,OFFRE_000683_702470285743,Enseignant du Secondaire,Non précisé,Kribi,Éducation / Formation,0.875
a872b4975e7aeb22c040,207,57,684,OFFRE_000684_11732b1d8163,Gestionnaire des ressources humaines,Non précisé,Yaoundé,Administration / RH,1.0
d0f7b6caba540fdebf41,208,57,685,OFFRE_000685_86ea0ad097f8,Scieur,Non précisé,Yaoundé (Ekoumdoum),Industrie / Maintenance,0.75
cf03f4912425c0ffef8b,206,55,686,OFFRE_000686_82d89fefe4be,Agent d'entretien,Non précisé,Yaoundé (Ekoumdoum),Services / Sécurité,0.75
6f12895c03a824d752c5,207,57,687,OFFRE_000687_77fd864b50fc,Vendeur en magasin,Non précisé,Limbe / Buea,Commerce / Vente,0.75
84b3a44add9ca0466da3,207,57,688,OFFRE_000688_ed7cb429842b,Cuisinier Domestique,Non précisé,Limbe / Buea,Services / Sécurité,1.0
f005fd4db9d8ea5358d6,207,57,689,OFFRE_000689_e6d4cb116235,Employé de Ménage,Non précisé,Limbe / Buea,Services / Sécurité,0.75
b8422418f75683615598,206,56,690,OFFRE_000690_3658ad42ae45,Cadre comptable,Non précisé,Limbe / Buea,Finance / Comptabilité,1.0
05b9077590cb0833ed8a,206,56,691,OFFRE_000691_7eea63577c39,Cadre administratif,Non précisé,,Administration / RH,0.875
f1e755172099e42005e8,206,56,692,OFFRE_000692_d60e4b6f93ff,"Cadre Sécurité, Hygiène et Environnement",Non précisé,Ngousso,Services / Sécurité,1.0
9286af8e61cb94f04193,206,56,693,OFFRE_000693_22e09c92310f,Contrôleur du travail,Non précisé,Ngousso,Autre / Non classé,0.75
340d8b5317eee956c3d7,412,114,694,OFFRE_000694_0bc5f597b5b4,Enseignant du Secondaire,Non précisé,Kribi,Éducation / Formation,0.875
340d8b5317eee956c3d7,412,115,695,OFFRE_000695_f6b6ce0ae0c7,Enseignant du Secondaire,Non précisé,Kribi,Éducation / Formation,0.875
a872b4975e7aeb22c040,207,58,696,OFFRE_000696_0f1c20b40f4d,Gestionnaire des ressources humaines,Non précisé,Yaoundé,Administration / RH,1.0
d0f7b6caba540fdebf41,208,58,697,OFFRE_000697_b1201bfd3b7b,Scieur,Non précisé,Yaoundé (Ekoumdoum),Industrie / Maintenance,0.75
cf03f4912425c0ffef8b,206,56,698,OFFRE_000698_2b28e3521f22,Agent d'entretien,Non précisé,Yaoundé (Ekoumdoum),Services / Sécurité,0.75
6f12895c03a824d752c5,207,58,699,OFFRE_000699_27de29623cc6,Vendeur en magasin,Non précisé,Limbe / Buea,Commerce / Vente,0.75
84b3a44add9ca0466da3,207,58,700,OFFRE_000700_26f1c958f092,Cuisinier Domestique,Non précisé,Limbe / Buea,Services / Sécurité,1.0
f005fd4db9d8ea5358d6,207,58,701,OFFRE_000701_0d530b0d0261,Employé de Ménage,Non précisé,Limbe / Buea,Services / Sécurité,0.75
b8422418f75683615598,206,57,702,OFFRE_000702_2ccd44d81ee1,Cadre comptable,Non précisé,Limbe / Buea,Finance / Comptabilité,1.0
05b9077590cb0833ed8a,206,57,703,OFFRE_000703_832e9c7e4a89,Cadre administratif,Non précisé,,Administration / RH,0.875
f1e755172099e42005e8,206,57,704,OFFRE_000704_1ffff6d536ba,"Cadre Sécurité, Hygiène et Environnement",Non précisé,Ngousso,Services / Sécurité,1.0
9286af8e61cb94f04193,206,57,705,OFFRE_000705_139c4a5ddd1c,Contrôleur du travail,Non précisé,Ngousso,Autre / Non classé,0.75
340d8b5317eee956c3d7,412,116,706,OFFRE_000706_d462d01efbb2,Enseignant du Secondaire,Non précisé,Kribi,Éducation / Formation,0.875
340d8b5317eee956c3d7,412,117,707,OFFRE_000707_8316cda12ccc,Enseignant du Secondaire,Non précisé,Kribi,Éducation / Formation,0.875
a872b4975e7aeb22c040,207,59,708,OFFRE_000708_3042dd84c6ed,Gestionnaire des ressources humaines,Non précisé,Yaoundé,Administration / RH,1.0
d0f7b6caba540fdebf41,208,59,709,OFFRE_000709_9a65730b5270,Scieur,Non précisé,Yaoundé (Ekoumdoum),Industrie / Maintenance,0.75
cf03f4912425c0ffef8b,206,57,710,OFFRE_000710_d184369a7a14,Agent d'entretien,Non précisé,Yaoundé (Ekoumdoum),Services / Sécurité,0.75
6f12895c03a824d752c5,207,59,711,OFFRE_000711_1d087887f455,Vendeur en magasin,Non précisé,Limbe / Buea,Commerce / Vente,0.75
84b3a44add9ca0466da3,207,59,712,OFFRE_000712_09154031c1de,Cuisinier Domestique,Non précisé,Limbe / Buea,Services / Sécurité,1.0
f005fd4db9d8ea5358d6,207,59,713,OFFRE_000713_770b9480d6b0,Employé de Ménage,Non précisé,Limbe / Buea,Services / Sécurité,0.75
b8422418f75683615598,206,58,714,OFFRE_000714_3c4a18f844af,Cadre comptable,Non précisé,Limbe / Buea,Finance / Comptabilité,1.0
05b9077590cb0833ed8a,206,58,715,OFFRE_000715_d4a8dd0679a3,Cadre administratif,Non précisé,,Administration / RH,0.875
f1e755172099e42005e8,206,58,716,OFFRE_000716_74627fd54668,"Cadre Sécurité, Hygiène et Environnement",Non précisé,Ngousso,Services / Sécurité,1.0
9286af8e61cb94f04193,206,58,717,OFFRE_000717_e6798d1801ac,Contrôleur du travail,Non précisé,Ngousso,Autre / Non classé,0.75
340d8b5317eee956c3d7,412,118,718,OFFRE_000718_707aa6ed5576,Enseignant du Secondaire,Non précisé,Kribi,Éducation / Formation,0.875
340d8b5317eee956c3d7,412,119,719,OFFRE_000719_6195fb52fb85,Enseignant du Secondaire,Non précisé,Kribi,Éducation / Formation,0.875
a872b4975e7aeb22c040,207,60,720,OFFRE_000720_5425010c85d8,Gestionnaire des ressources humaines,Non précisé,Yaoundé,Administration / RH,1.0
d0f7b6caba540fdebf41,208,60,721,OFFRE_000721_3bee50228d3e,Scieur,Non précisé,Yaoundé (Ekoumdoum),Industrie / Maintenance,0.75
cf03f4912425c0ffef8b,206,58,722,OFFRE_000722_6507be8eed7b,Agent d'entretien,Non précisé,Yaoundé (Ekoumdoum),Services / Sécurité,0.75
6f12895c03a824d752c5,207,60,723,OFFRE_000723_ed7b907674f1,Vendeur en magasin,Non précisé,Limbe / Buea,Commerce / Vente,0.75
84b3a44add9ca0466da3,207,60,724,OFFRE_000724_fb0737308bf0,Cuisinier Domestique,Non précisé,Limbe / Buea,Services / Sécurité,1.0
f005fd4db9d8ea5358d6,207,60,725,OFFRE_000725_a7d4a9fe0164,Employé de Ménage,Non précisé,Limbe / Buea,Services / Sécurité,0.75
b8422418f75683615598,206,59,726,OFFRE_000726_9d2ba0811c54,Cadre comptable,Non précisé,Limbe / Buea,Finance / Comptabilité,1.0
05b9077590cb0833ed8a,206,59,727,OFFRE_000727_d8a57ffa6894,Cadre administratif,Non précisé,,Administration / RH,0.875
f1e755172099e42005e8,206,59,728,OFFRE_000728_ee20ef2fe78d,"Cadre Sécurité, Hygiène et Environnement",Non précisé,Ngousso,Services / Sécurité,1.0
9286af8e61cb94f04193,206,59,729,OFFRE_000729_644ae5e722ef,Contrôleur du travail,Non précisé,Ngousso,Autre / Non classé,0.75
340d8b5317eee956c3d7,412,120,730,OFFRE_000730_56edae571b6a,Enseignant du Secondaire,Non précisé,Kribi,Éducation / Formation,0.875
340d8b5317eee956c3d7,412,121,731,OFFRE_000731_b944221daf8e,Enseignant du Secondaire,Non précisé,Kribi,Éducation / Formation,0.875
a872b4975e7aeb22c040,207,61,732,OFFRE_000732_70c049c22cd6,Gestionnaire des ressources humaines,Non précisé,Yaoundé,Administration / RH,1.0
d0f7b6caba540fdebf41,208,61,733,OFFRE_000733_2d3a0931c956,Scieur,Non précisé,Yaoundé (Ekoumdoum),Industrie / Maintenance,0.75
cf03f4912425c0ffef8b,206,59,734,OFFRE_000734_ba876af4398a,Agent d'entretien,Non précisé,Yaoundé (Ekoumdoum),Services / Sécurité,0.75
6f12895c03a824d752c5,207,61,735,OFFRE_000735_6a308a9ba08b,Vendeur en magasin,Non précisé,Limbe / Buea,Commerce / Vente,0.75
84b3a44add9ca0466da3,207,61,736,OFFRE_000736_498c826ac6ed,Cuisinier Domestique,Non précisé,Limbe / Buea,Services / Sécurité,1.0
f005fd4db9d8ea5358d6,207,61,737,OFFRE_000737_f67686000c16,Employé de Ménage,Non précisé,Limbe / Buea,Services / Sécurité,0.75
b8422418f75683615598,206,60,738,OFFRE_000738_e70113e373e0,Cadre comptable,Non précisé,Limbe / Buea,Finance / Comptabilité,1.0
05b9077590cb0833ed8a,206,60,739,OFFRE_000739_d704365c8cb5,Cadre administratif,Non précisé,,Administration / RH,0.875
f1e755172099e42005e8,206,60,740,OFFRE_000740_632c84bfec6b,"Cadre Sécurité, Hygiène et Environnement",Non précisé,Ngousso,Services / Sécurité,1.0
9286af8e61cb94f04193,206,60,741,OFFRE_000741_29682418d150,Contrôleur du travail,Non précisé,Ngousso,Autre / Non classé,0.75
340d8b5317eee956c3d7,412,122,742,OFFRE_000742_609fa6817557,Enseignant du Secondaire,Non précisé,Kribi,Éducation / Formation,0.875
340d8b5317eee956c3d7,412,123,743,OFFRE_000743_8b660387084e,Enseignant du Secondaire,Non précisé,Kribi,Éducation / Formation,0.875
a872b4975e7aeb22c040,207,62,744,OFFRE_000744_888c3f6747c8,Gestionnaire des ressources humaines,Non précisé,Yaoundé,Administration / RH,1.0
d0f7b6caba540fdebf41,208,62,745,OFFRE_000745_8e6fbfa8aa48,Scieur,Non précisé,Yaoundé (Ekoumdoum),Industrie / Maintenance,0.75
cf03f4912425c0ffef8b,206,60,746,OFFRE_000746_6579601144c4,Agent d'entretien,Non précisé,Yaoundé (Ekoumdoum),Services / Sécurité,0.75
6f12895c03a824d752c5,207,62,747,OFFRE_000747_e31da9b5e639,Vendeur en magasin,Non précisé,Limbe / Buea,Commerce / Vente,0.75
84b3a44add9ca0466da3,207,62,748,OFFRE_000748_e8350b8de71f,Cuisinier Domestique,Non précisé,Limbe / Buea,Services / Sécurité,1.0
f005fd4db9d8ea5358d6,207,62,749,OFFRE_000749_1591b96106eb,Employé de Ménage,Non précisé,Limbe / Buea,Services / Sécurité,0.75
b8422418f75683615598,206,61,750,OFFRE_000750_b4f051572dc6,Cadre comptable,Non précisé,Limbe / Buea,Finance / Comptabilité,1.0
05b9077590cb0833ed8a,206,61,751,OFFRE_000751_16e6530d443f,Cadre administratif,Non précisé,,Administration / RH,0.875
f1e755172099e42005e8,206,61,752,OFFRE_000752_46c394b8142c,"Cadre Sécurité, Hygiène et Environnement",Non précisé,Ngousso,Services / Sécurité,1.0
9286af8e61cb94f04193,206,61,753,OFFRE_000753_1404bcee907c,Contrôleur du travail,Non précisé,Ngousso,Autre / Non classé,0.75
340d8b5317eee956c3d7,412,124,754,OFFRE_000754_e52dfac5d705,Enseignant du Secondaire,Non précisé,Kribi,Éducation / Formation,0.875
340d8b5317eee956c3d7,412,125,755,OFFRE_000755_7e9e0c0d6cbf,Enseignant du Secondaire,Non précisé,Kribi,Éducation / Formation,0.875
a872b4975e7aeb22c040,207,63,756,OFFRE_000756_6f090f97061d,Gestionnaire des ressources humaines,Non précisé,Yaoundé,Administration / RH,1.0
d0f7b6caba540fdebf41,208,63,757,OFFRE_000757_4be36a22875d,Scieur,Non précisé,Yaoundé (Ekoumdoum),Industrie / Maintenance,0.75
cf03f4912425c0ffef8b,206,61,758,OFFRE_000758_e18fe598c59e,Agent d'entretien,Non précisé,Yaoundé (Ekoumdoum),Services / Sécurité,0.75
6f12895c03a824d752c5,207,63,759,OFFRE_000759_5b50c978abc0,Vendeur en magasin,Non précisé,Limbe / Buea,Commerce / Vente,0.75
84b3a44add9ca0466da3,207,63,760,OFFRE_000760_2baf5372865c,Cuisinier Domestique,Non précisé,Limbe / Buea,Services / Sécurité,1.0
f005fd4db9d8ea5358d6,207,63,761,OFFRE_000761_d5e2fa2a6b64,Employé de Ménage,Non précisé,Limbe / Buea,Services / Sécurité,0.75
b8422418f75683615598,206,62,762,OFFRE_000762_297c20d2ca2c,Cadre comptable,Non précisé,Limbe / Buea,Finance / Comptabilité,1.0
05b9077590cb0833ed8a,206,62,763,OFFRE_000763_f753ae543e40,Cadre administratif,Non précisé,,Administration / RH,0.875
f1e755172099e42005e8,206,62,764,OFFRE_000764_425298a68e43,"Cadre Sécurité, Hygiène et Environnement",Non précisé,Ngousso,Services / Sécurité,1.0
9286af8e61cb94f04193,206,62,765,OFFRE_000765_bd79d6356122,Contrôleur du travail,Non précisé,Ngousso,Autre / Non classé,0.75
340d8b5317eee956c3d7,412,126,766,OFFRE_000766_c6a4515ba3d6,Enseignant du Secondaire,Non précisé,Kribi,Éducation / Formation,0.875
340d8b5317eee956c3d7,412,127,767,OFFRE_000767_4c5b13f2a2ad,Enseignant du Secondaire,Non précisé,Kribi,Éducation / Formation,0.875
a872b4975e7aeb22c040,207,64,768,OFFRE_000768_b341161297ee,Gestionnaire des ressources humaines,Non précisé,Yaoundé,Administration / RH,1.0
d0f7b6caba540fdebf41,208,64,769,OFFRE_000769_25b803b19918,Scieur,Non précisé,Yaoundé (Ekoumdoum),Industrie / Maintenance,0.75
cf03f4912425c0ffef8b,206,62,770,OFFRE_000770_41ca1e6262d0,Agent d'entretien,Non précisé,Yaoundé (Ekoumdoum),Services / Sécurité,0.75
6f12895c03a824d752c5,207,64,771,OFFRE_000771_01bf0b7cd4d4,Vendeur en magasin,Non précisé,Limbe / Buea,Commerce / Vente,0.75
84b3a44add9ca0466da3,207,64,772,OFFRE_000772_82442373dd1b,Cuisinier Domestique,Non précisé,Limbe / Buea,Services / Sécurité,1.0
f005fd4db9d8ea5358d6,207,64,773,OFFRE_000773_06639b2c5523,Employé de Ménage,Non précisé,Limbe / Buea,Services / Sécurité,0.75
b8422418f75683615598,206,63,774,OFFRE_000774_af602fff6ec0,Cadre comptable,Non précisé,Limbe / Buea,Finance / Comptabilité,1.0
05b9077590cb0833ed8a,206,63,775,OFFRE_000775_36ee8bdffb5c,Cadre administratif,Non précisé,,Administration / RH,0.875
f1e755172099e42005e8,206,63,776,OFFRE_000776_bc5fb22b75ce,"Cadre Sécurité, Hygiène et Environnement",Non précisé,Ngousso,Services / Sécurité,1.0
9286af8e61cb94f04193,206,63,777,OFFRE_000777_2e59bc98f832,Contrôleur du travail,Non précisé,Ngousso,Autre / Non classé,0.75
340d8b5317eee956c3d7,412,128,778,OFFRE_000778_c10c132664cf,Enseignant du Secondaire,Non précisé,Kribi,Éducation / Formation,0.875
340d8b5317eee956c3d7,412,129,779,OFFRE_000779_5294a8aba090,Enseignant du Secondaire,Non précisé,Kribi,Éducation / Formation,0.875
a872b4975e7aeb22c040,207,65,780,OFFRE_000780_9b2a3fc86775,Gestionnaire des ressources humaines,Non précisé,Yaoundé,Administration / RH,1.0
d0f7b6caba540fdebf41,208,65,781,OFFRE_000781_03e631342de6,Scieur,Non précisé,Yaoundé (Ekoumdoum),Industrie / Maintenance,0.75
cf03f4912425c0ffef8b,206,63,782,OFFRE_000782_fe64a9e54e54,Agent d'entretien,Non précisé,Yaoundé (Ekoumdoum),Services / Sécurité,0.75
6f12895c03a824d752c5,207,65,783,OFFRE_000783_1ebaa5b7bc40,Vendeur en magasin,Non précisé,Limbe / Buea,Commerce / Vente,0.75
84b3a44add9ca0466da3,207,65,784,OFFRE_000784_ed19c75ee549,Cuisinier Domestique,Non précisé,Limbe / Buea,Services / Sécurité,1.0
f005fd4db9d8ea5358d6,207,65,785,OFFRE_000785_6814fe625ebf,Employé de Ménage,Non précisé,Limbe / Buea,Services / Sécurité,0.75
b8422418f75683615598,206,64,786,OFFRE_000786_ba2e3e3d545c,Cadre comptable,Non précisé,Limbe / Buea,Finance / Comptabilité,1.0
05b9077590cb0833ed8a,206,64,787,OFFRE_000787_15d427e18119,Cadre administratif,Non précisé,,Administration / RH,0.875
f1e755172099e42005e8,206,64,788,OFFRE_000788_f401dc605f83,"Cadre Sécurité, Hygiène et Environnement",Non précisé,Ngousso,Services / Sécurité,1.0
9286af8e61cb94f04193,206,64,789,OFFRE_000789_5d55522d043a,Contrôleur du travail,Non précisé,Ngousso,Autre / Non classé,0.75
340d8b5317eee956c3d7,412,130,790,OFFRE_000790_e1801e3d961a,Enseignant du Secondaire,Non précisé,Kribi,Éducation / Formation,0.875
340d8b5317eee956c3d7,412,131,791,OFFRE_000791_ae6e22a55151,Enseignant du Secondaire,Non précisé,Kribi,Éducation / Formation,0.875
a872b4975e7aeb22c040,207,66,792,OFFRE_000792_44c2f2440b2e,Gestionnaire des ressources humaines,Non précisé,Yaoundé,Administration / RH,1.0
d0f7b6caba540fdebf41,208,66,793,OFFRE_000793_09897dfda35f,Scieur,Non précisé,Yaoundé (Ekoumdoum),Industrie / Maintenance,0.75
cf03f4912425c0ffef8b,206,64,794,OFFRE_000794_d5c90a6fcee4,Agent d'entretien,Non précisé,Yaoundé (Ekoumdoum),Services / Sécurité,0.75
6f12895c03a824d752c5,207,66,795,OFFRE_000795_c8604bfce3f3,Vendeur en magasin,Non précisé,Limbe / Buea,Commerce / Vente,0.75
84b3a44add9ca0466da3,207,66,796,OFFRE_000796_d46e077754f4,Cuisinier Domestique,Non précisé,Limbe / Buea,Services / Sécurité,1.0
f005fd4db9d8ea5358d6,207,66,797,OFFRE_000797_79104f5f8f49,Employé de Ménage,Non précisé,Limbe / Buea,Services / Sécurité,0.75
b8422418f75683615598,206,65,798,OFFRE_000798_8ab02a569c09,Cadre comptable,Non précisé,Limbe / Buea,Finance / Comptabilité,1.0
05b9077590cb0833ed8a,206,65,799,OFFRE_000799_a95073417ded,Cadre administratif,Non précisé,,Administration / RH,0.875
f1e755172099e42005e8,206,65,800,OFFRE_000800_889d4f49d1f3,"Cadre Sécurité, Hygiène et Environnement",Non précisé,Ngousso,Services / Sécurité,1.0
9286af8e61cb94f04193,206,65,801,OFFRE_000801_9f293c5bcbf9,Contrôleur du travail,Non précisé,Ngousso,Autre / Non classé,0.75
340d8b5317eee956c3d7,412,132,802,OFFRE_000802_48723be82f58,Enseignant du Secondaire,Non précisé,Kribi,Éducation / Formation,0.875
340d8b5317eee956c3d7,412,133,803,OFFRE_000803_f4a4dd071139,Enseignant du Secondaire,Non précisé,Kribi,Éducation / Formation,0.875
a872b4975e7aeb22c040,207,67,804,OFFRE_000804_295fb331b30f,Gestionnaire des ressources humaines,Non précisé,Yaoundé,Administration / RH,1.0
d0f7b6caba540fdebf41,208,67,805,OFFRE_000805_30c90a11b2f6,Scieur,Non précisé,Yaoundé (Ekoumdoum),Industrie / Maintenance,0.75
cf03f4912425c0ffef8b,206,65,806,OFFRE_000806_4444307ace3e,Agent d'entretien,Non précisé,Yaoundé (Ekoumdoum),Services / Sécurité,0.75
6f12895c03a824d752c5,207,67,807,OFFRE_000807_7f53dd0ecf34,Vendeur en magasin,Non précisé,Limbe / Buea,Commerce / Vente,0.75
84b3a44add9ca0466da3,207,67,808,OFFRE_000808_72d07344f740,Cuisinier Domestique,Non précisé,Limbe / Buea,Services / Sécurité,1.0
f005fd4db9d8ea5358d6,207,67,809,OFFRE_000809_31a5b8e7e9c3,Employé de Ménage,Non précisé,Limbe / Buea,Services / Sécurité,0.75
b8422418f75683615598,206,66,810,OFFRE_000810_c76856a6ded3,Cadre comptable,Non précisé,Limbe / Buea,Finance / Comptabilité,1.0
05b9077590cb0833ed8a,206,66,811,OFFRE_000811_4816e027bbd5,Cadre administratif,Non précisé,,Administration / RH,0.875
f1e755172099e42005e8,206,66,812,OFFRE_000812_a7c4f9e0f1f6,"Cadre Sécurité, Hygiène et Environnement",Non précisé,Ngousso,Services / Sécurité,1.0
9286af8e61cb94f04193,206,66,813,OFFRE_000813_986b91feef82,Contrôleur du travail,Non précisé,Ngousso,Autre / Non classé,0.75
340d8b5317eee956c3d7,412,134,814,OFFRE_000814_f087ed0be708,Enseignant du Secondaire,Non précisé,Kribi,Éducation / Formation,0.875
340d8b5317eee956c3d7,412,135,815,OFFRE_000815_ee9eee6bbdf2,Enseignant du Secondaire,Non précisé,Kribi,Éducation / Formation,0.875
a872b4975e7aeb22c040,207,68,816,OFFRE_000816_75b5b1c48ff4,Gestionnaire des ressources humaines,Non précisé,Yaoundé,Administration / RH,1.0
d0f7b6caba540fdebf41,208,68,817,OFFRE_000817_a4cf82df6a6f,Scieur,Non précisé,Yaoundé (Ekoumdoum),Industrie / Maintenance,0.75
cf03f4912425c0ffef8b,206,66,818,OFFRE_000818_e4aca451961c,Agent d'entretien,Non précisé,Yaoundé (Ekoumdoum),Services / Sécurité,0.75
6f12895c03a824d752c5,207,68,819,OFFRE_000819_74a130e16c28,Vendeur en magasin,Non précisé,Limbe / Buea,Commerce / Vente,0.75
84b3a44add9ca0466da3,207,68,820,OFFRE_000820_669bd56f577d,Cuisinier Domestique,Non précisé,Limbe / Buea,Services / Sécurité,1.0
f005fd4db9d8ea5358d6,207,68,821,OFFRE_000821_b13fafda043c,Employé de Ménage,Non précisé,Limbe / Buea,Services / Sécurité,0.75
b8422418f75683615598,206,67,822,OFFRE_000822_775cf6ff9b91,Cadre comptable,Non précisé,Limbe / Buea,Finance / Comptabilité,1.0
05b9077590cb0833ed8a,206,67,823,OFFRE_000823_e7013e1c4f72,Cadre administratif,Non précisé,,Administration / RH,0.875
f1e755172099e42005e8,206,67,824,OFFRE_000824_e46729a3a81b,"Cadre Sécurité, Hygiène et Environnement",Non précisé,Ngousso,Services / Sécurité,1.0
9286af8e61cb94f04193,206,67,825,OFFRE_000825_ff965cab9e44,Contrôleur du travail,Non précisé,Ngousso,Autre / Non classé,0.75
340d8b5317eee956c3d7,412,136,826,OFFRE_000826_87ad77f0c66b,Enseignant du Secondaire,Non précisé,Kribi,Éducation / Formation,0.875
340d8b5317eee956c3d7,412,137,827,OFFRE_000827_7559dcfc8d7b,Enseignant du Secondaire,Non précisé,Kribi,Éducation / Formation,0.875
a872b4975e7aeb22c040,207,69,828,OFFRE_000828_1cc76f2a56c3,Gestionnaire des ressources humaines,Non précisé,Yaoundé,Administration / RH,1.0
d0f7b6caba540fdebf41,208,69,829,OFFRE_000829_08eb6347d8eb,Scieur,Non précisé,Yaoundé (Ekoumdoum),Industrie / Maintenance,0.75
cf03f4912425c0ffef8b,206,67,830,OFFRE_000830_f2e49d327c39,Agent d'entretien,Non précisé,Yaoundé (Ekoumdoum),Services / Sécurité,0.75
6f12895c03a824d752c5,207,69,831,OFFRE_000831_6bd97c286268,Vendeur en magasin,Non précisé,Limbe / Buea,Commerce / Vente,0.75
84b3a44add9ca0466da3,207,69,832,OFFRE_000832_692c61b49d56,Cuisinier Domestique,Non précisé,Limbe / Buea,Services / Sécurité,1.0
f005fd4db9d8ea5358d6,207,69,833,OFFRE_000833_cf929da672ad,Employé de Ménage,Non précisé,Limbe / Buea,Services / Sécurité,0.75
b8422418f75683615598,206,68,834,OFFRE_000834_006aa0d8f393,Cadre comptable,Non précisé,Limbe / Buea,Finance / Comptabilité,1.0
05b9077590cb0833ed8a,206,68,835,OFFRE_000835_9b8fbd8ec359,Cadre administratif,Non précisé,,Administration / RH,0.875
f1e755172099e42005e8,206,68,836,OFFRE_000836_2c4e11c56c9c,"Cadre Sécurité, Hygiène et Environnement",Non précisé,Ngousso,Services / Sécurité,1.0
9286af8e61cb94f04193,206,68,837,OFFRE_000837_7479a67075e3,Contrôleur du travail,Non précisé,Ngousso,Autre / Non classé,0.75
340d8b5317eee956c3d7,412,138,838,OFFRE_000838_c58a112cc8e2,Enseignant du Secondaire,Non précisé,Kribi,Éducation / Formation,0.875
340d8b5317eee956c3d7,412,139,839,OFFRE_000839_4530dd00e132,Enseignant du Secondaire,Non précisé,Kribi,Éducation / Formation,0.875
a872b4975e7aeb22c040,207,70,840,OFFRE_000840_a26d2cd55a96,Gestionnaire des ressources humaines,Non précisé,Yaoundé,Administration / RH,1.0
d0f7b6caba540fdebf41,208,70,841,OFFRE_000841_35dcea3ae093,Scieur,Non précisé,Yaoundé (Ekoumdoum),Industrie / Maintenance,0.75
cf03f4912425c0ffef8b,206,68,842,OFFRE_000842_d9b53a9f6535,Agent d'entretien,Non précisé,Yaoundé (Ekoumdoum),Services / Sécurité,0.75
6f12895c03a824d752c5,207,70,843,OFFRE_000843_cfa752885cb6,Vendeur en magasin,Non précisé,Limbe / Buea,Commerce / Vente,0.75
84b3a44add9ca0466da3,207,70,844,OFFRE_000844_2f96ff269963,Cuisinier Domestique,Non précisé,Limbe / Buea,Services / Sécurité,1.0
f005fd4db9d8ea5358d6,207,70,845,OFFRE_000845_1e496aa03c9a,Employé de Ménage,Non précisé,Limbe / Buea,Services / Sécurité,0.75
b8422418f75683615598,206,69,846,OFFRE_000846_e720729d8c9c,Cadre comptable,Non précisé,Limbe / Buea,Finance / Comptabilité,1.0
05b9077590cb0833ed8a,206,69,847,OFFRE_000847_c93d9a3fbfda,Cadre administratif,Non précisé,,Administration / RH,0.875
f1e755172099e42005e8,206,69,848,OFFRE_000848_692532f0a956,"Cadre Sécurité, Hygiène et Environnement",Non précisé,Ngousso,Services / Sécurité,1.0
9286af8e61cb94f04193,206,69,849,OFFRE_000849_a18ea2fbc9b1,Contrôleur du travail,Non précisé,Ngousso,Autre / Non classé,0.75
340d8b5317eee956c3d7,412,140,850,OFFRE_000850_4b8e649ead0f,Enseignant du Secondaire,Non précisé,Kribi,Éducation / Formation,0.875
340d8b5317eee956c3d7,412,141,851,OFFRE_000851_c5776cc69d82,Enseignant du Secondaire,Non précisé,Kribi,Éducation / Formation,0.875
a872b4975e7aeb22c040,207,71,852,OFFRE_000852_5942f2ac9253,Gestionnaire des ressources humaines,Non précisé,Yaoundé,Administration / RH,1.0
d0f7b6caba540fdebf41,208,71,853,OFFRE_000853_7bb66ee0c897,Scieur,Non précisé,Yaoundé (Ekoumdoum),Industrie / Maintenance,0.75
cf03f4912425c0ffef8b,206,69,854,OFFRE_000854_ff4a20c2f195,Agent d'entretien,Non précisé,Yaoundé (Ekoumdoum),Services / Sécurité,0.75
6f12895c03a824d752c5,207,71,855,OFFRE_000855_b044c45dff24,Vendeur en magasin,Non précisé,Limbe / Buea,Commerce / Vente,0.75
84b3a44add9ca0466da3,207,71,856,OFFRE_000856_c6f31a11b790,Cuisinier Domestique,Non précisé,Limbe / Buea,Services / Sécurité,1.0
f005fd4db9d8ea5358d6,207,71,857,OFFRE_000857_78febc4827bb,Employé de Ménage,Non précisé,Limbe / Buea,Services / Sécurité,0.75
b8422418f75683615598,206,70,858,OFFRE_000858_153fb107fece,Cadre comptable,Non précisé,Limbe / Buea,Finance / Comptabilité,1.0
05b9077590cb0833ed8a,206,70,859,OFFRE_000859_207c1df5b35c,Cadre administratif,Non précisé,,Administration / RH,0.875
f1e755172099e42005e8,206,70,860,OFFRE_000860_26bb89449ddd,"Cadre Sécurité, Hygiène et Environnement",Non précisé,Ngousso,Services / Sécurité,1.0
9286af8e61cb94f04193,206,70,861,OFFRE_000861_e3ead06b339a,Contrôleur du travail,Non précisé,Ngousso,Autre / Non classé,0.75
340d8b5317eee956c3d7,412,142,862,OFFRE_000862_c4e02eed6831,Enseignant du Secondaire,Non précisé,Kribi,Éducation / Formation,0.875
340d8b5317eee956c3d7,412,143,863,OFFRE_000863_e71d0cfaf558,Enseignant du Secondaire,Non précisé,Kribi,Éducation / Formation,0.875
a872b4975e7aeb22c040,207,72,864,OFFRE_000864_2264713aecbd,Gestionnaire des ressources humaines,Non précisé,Yaoundé,Administration / RH,1.0
d0f7b6caba540fdebf41,208,72,865,OFFRE_000865_96f16300efec,Scieur,Non précisé,Yaoundé (Ekoumdoum),Industrie / Maintenance,0.75
cf03f4912425c0ffef8b,206,70,866,OFFRE_000866_d99db1d094cc,Agent d'entretien,Non précisé,Yaoundé (Ekoumdoum),Services / Sécurité,0.75
6f12895c03a824d752c5,207,72,867,OFFRE_000867_44c9c0c3dc31,Vendeur en magasin,Non précisé,Limbe / Buea,Commerce / Vente,0.75
84b3a44add9ca0466da3,207,72,868,OFFRE_000868_d0a28284aeff,Cuisinier Domestique,Non précisé,Limbe / Buea,Services / Sécurité,1.0
f005fd4db9d8ea5358d6,207,72,869,OFFRE_000869_c4273d766e7f,Employé de Ménage,Non précisé,Limbe / Buea,Services / Sécurité,0.75
b8422418f75683615598,206,71,870,OFFRE_000870_a184f547cc96,Cadre comptable,Non précisé,Limbe / Buea,Finance / Comptabilité,1.0
05b9077590cb0833ed8a,206,71,871,OFFRE_000871_6e1426f3e2f3,Cadre administratif,Non précisé,,Administration / RH,0.875
f1e755172099e42005e8,206,71,872,OFFRE_000872_ed83b2c5c760,"Cadre Sécurité, Hygiène et Environnement",Non précisé,Ngousso,Services / Sécurité,1.0
9286af8e61cb94f04193,206,71,873,OFFRE_000873_93bff21bbe9c,Contrôleur du travail,Non précisé,Ngousso,Autre / Non classé,0.75
340d8b5317eee956c3d7,412,144,874,OFFRE_000874_65d7d610b349,Enseignant du Secondaire,Non précisé,Kribi,Éducation / Formation,0.875
340d8b5317eee956c3d7,412,145,875,OFFRE_000875_cdd908345721,Enseignant du Secondaire,Non précisé,Kribi,Éducation / Formation,0.875
a872b4975e7aeb22c040,207,73,876,OFFRE_000876_2bd770e78518,Gestionnaire des ressources humaines,Non précisé,Yaoundé,Administration / RH,1.0
d0f7b6caba540fdebf41,208,73,877,OFFRE_000877_4d3a83a47eec,Scieur,Non précisé,Yaoundé (Ekoumdoum),Industrie / Maintenance,0.75
cf03f4912425c0ffef8b,206,71,878,OFFRE_000878_75ade43d3d98,Agent d'entretien,Non précisé,Yaoundé (Ekoumdoum),Services / Sécurité,0.75
6f12895c03a824d752c5,207,73,879,OFFRE_000879_7e3a5bd3acff,Vendeur en magasin,Non précisé,Limbe / Buea,Commerce / Vente,0.75
84b3a44add9ca0466da3,207,73,880,OFFRE_000880_6d4814fd291d,Cuisinier Domestique,Non précisé,Limbe / Buea,Services / Sécurité,1.0
f005fd4db9d8ea5358d6,207,73,881,OFFRE_000881_2338cc3d079c,Employé de Ménage,Non précisé,Limbe / Buea,Services / Sécurité,0.75
b8422418f75683615598,206,72,882,OFFRE_000882_c5295ab40dca,Cadre comptable,Non précisé,Limbe / Buea,Finance / Comptabilité,1.0
05b9077590cb0833ed8a,206,72,883,OFFRE_000883_97583ba09c5c,Cadre administratif,Non précisé,,Administration / RH,0.875
f1e755172099e42005e8,206,72,884,OFFRE_000884_5c8768d93ca0,"Cadre Sécurité, Hygiène et Environnement",Non précisé,Ngousso,Services / Sécurité,1.0
9286af8e61cb94f04193,206,72,885,OFFRE_000885_1dfc8a19ef7c,Contrôleur du travail,Non précisé,Ngousso,Autre / Non classé,0.75
340d8b5317eee956c3d7,412,146,886,OFFRE_000886_58437c888d67,Enseignant du Secondaire,Non précisé,Kribi,Éducation / Formation,0.875
340d8b5317eee956c3d7,412,147,887,OFFRE_000887_51c0798ec270,Enseignant du Secondaire,Non précisé,Kribi,Éducation / Formation,0.875
a872b4975e7aeb22c040,207,74,888,OFFRE_000888_36233cc2c039,Gestionnaire des ressources humaines,Non précisé,Yaoundé,Administration / RH,1.0
d0f7b6caba540fdebf41,208,74,889,OFFRE_000889_201b93f0e11f,Scieur,Non précisé,Yaoundé (Ekoumdoum),Industrie / Maintenance,0.75
cf03f4912425c0ffef8b,206,72,890,OFFRE_000890_43adf9ac2fb6,Agent d'entretien,Non précisé,Yaoundé (Ekoumdoum),Services / Sécurité,0.75
6f12895c03a824d752c5,207,74,891,OFFRE_000891_6a6b19aa0162,Vendeur en magasin,Non précisé,Limbe / Buea,Commerce / Vente,0.75
84b3a44add9ca0466da3,207,74,892,OFFRE_000892_7fd30cce57b8,Cuisinier Domestique,Non précisé,Limbe / Buea,Services / Sécurité,1.0
f005fd4db9d8ea5358d6,207,74,893,OFFRE_000893_91c349441b2e,Employé de Ménage,Non précisé,Limbe / Buea,Services / Sécurité,0.75
b8422418f75683615598,206,73,894,OFFRE_000894_8eb107a500b9,Cadre comptable,Non précisé,Limbe / Buea,Finance / Comptabilité,1.0
05b9077590cb0833ed8a,206,73,895,OFFRE_000895_1b17a8dc575d,Cadre administratif,Non précisé,,Administration / RH,0.875
f1e755172099e42005e8,206,73,896,OFFRE_000896_383d80778d68,"Cadre Sécurité, Hygiène et Environnement",Non précisé,Ngousso,Services / Sécurité,1.0
9286af8e61cb94f04193,206,73,897,OFFRE_000897_d8d3192338bb,Contrôleur du travail,Non précisé,Ngousso,Autre / Non classé,0.75
340d8b5317eee956c3d7,412,148,898,OFFRE_000898_395b362f968b,Enseignant du Secondaire,Non précisé,Kribi,Éducation / Formation,0.875
340d8b5317eee956c3d7,412,149,899,OFFRE_000899_25cc87414e63,Enseignant du Secondaire,Non précisé,Kribi,Éducation / Formation,0.875
a872b4975e7aeb22c040,207,75,900,OFFRE_000900_ef45ca066b47,Gestionnaire des ressources humaines,Non précisé,Yaoundé,Administration / RH,1.0
d0f7b6caba540fdebf41,208,75,901,OFFRE_000901_728e1935838d,Scieur,Non précisé,Yaoundé (Ekoumdoum),Industrie / Maintenance,0.75
cf03f4912425c0ffef8b,206,73,902,OFFRE_000902_cb7c3a3e46a7,Agent d'entretien,Non précisé,Yaoundé (Ekoumdoum),Services / Sécurité,0.75
6f12895c03a824d752c5,207,75,903,OFFRE_000903_3767572d1cdd,Vendeur en magasin,Non précisé,Limbe / Buea,Commerce / Vente,0.75
84b3a44add9ca0466da3,207,75,904,OFFRE_000904_fa8e65450214,Cuisinier Domestique,Non précisé,Limbe / Buea,Services / Sécurité,1.0
f005fd4db9d8ea5358d6,207,75,905,OFFRE_000905_4c62c750559d,Employé de Ménage,Non précisé,Limbe / Buea,Services / Sécurité,0.75
b8422418f75683615598,206,74,906,OFFRE_000906_61c91f51253c,Cadre comptable,Non précisé,Limbe / Buea,Finance / Comptabilité,1.0
05b9077590cb0833ed8a,206,74,907,OFFRE_000907_cc383bcfe153,Cadre administratif,Non précisé,,Administration / RH,0.875
f1e755172099e42005e8,206,74,908,OFFRE_000908_57876ab858f1,"Cadre Sécurité, Hygiène et Environnement",Non précisé,Ngousso,Services / Sécurité,1.0
9286af8e61cb94f04193,206,74,909,OFFRE_000909_2fb7ba8bbb34,Contrôleur du travail,Non précisé,Ngousso,Autre / Non classé,0.75
340d8b5317eee956c3d7,412,150,910,OFFRE_000910_22493910197a,Enseignant du Secondaire,Non précisé,Kribi,Éducation / Formation,0.875
340d8b5317eee956c3d7,412,151,911,OFFRE_000911_36d1ee5c8c58,Enseignant du Secondaire,Non précisé,Kribi,Éducation / Formation,0.875
a872b4975e7aeb22c040,207,76,912,OFFRE_000912_33042037d45b,Gestionnaire des ressources humaines,Non précisé,Yaoundé,Administration / RH,1.0
d0f7b6caba540fdebf41,208,76,913,OFFRE_000913_04552d6f38c0,Scieur,Non précisé,Yaoundé (Ekoumdoum),Industrie / Maintenance,0.75
cf03f4912425c0ffef8b,206,74,914,OFFRE_000914_fbb2c8421e24,Agent d'entretien,Non précisé,Yaoundé (Ekoumdoum),Services / Sécurité,0.75
6f12895c03a824d752c5,207,76,915,OFFRE_000915_e65f797729df,Vendeur en magasin,Non précisé,Limbe / Buea,Commerce / Vente,0.75
84b3a44add9ca0466da3,207,76,916,OFFRE_000916_247791950dee,Cuisinier Domestique,Non précisé,Limbe / Buea,Services / Sécurité,1.0
f005fd4db9d8ea5358d6,207,76,917,OFFRE_000917_e39658a64df7,Employé de Ménage,Non précisé,Limbe / Buea,Services / Sécurité,0.75
b8422418f75683615598,206,75,918,OFFRE_000918_33e05b2c7654,Cadre comptable,Non précisé,Limbe / Buea,Finance / Comptabilité,1.0
05b9077590cb0833ed8a,206,75,919,OFFRE_000919_66fbc812c907,Cadre administratif,Non précisé,,Administration / RH,0.875
f1e755172099e42005e8,206,75,920,OFFRE_000920_56b1f34ea6c0,"Cadre Sécurité, Hygiène et Environnement",Non précisé,Ngousso,Services / Sécurité,1.0
9286af8e61cb94f04193,206,75,921,OFFRE_000921_36a4f5a314ee,Contrôleur du travail,Non précisé,Ngousso,Autre / Non classé,0.75
340d8b5317eee956c3d7,412,152,922,OFFRE_000922_8ab1da1e0c02,Enseignant du Secondaire,Non précisé,Kribi,Éducation / Formation,0.875
340d8b5317eee956c3d7,412,153,923,OFFRE_000923_b37cea7552b8,Enseignant du Secondaire,Non précisé,Kribi,Éducation / Formation,0.875
a872b4975e7aeb22c040,207,77,924,OFFRE_000924_cf47dcd89bcc,Gestionnaire des ressources humaines,Non précisé,Yaoundé,Administration / RH,1.0
d0f7b6caba540fdebf41,208,77,925,OFFRE_000925_5913cf9e62e4,Scieur,Non précisé,Yaoundé (Ekoumdoum),Industrie / Maintenance,0.75
cf03f4912425c0ffef8b,206,75,926,OFFRE_000926_70dcabfd3269,Agent d'entretien,Non précisé,Yaoundé (Ekoumdoum),Services / Sécurité,0.75
6f12895c03a824d752c5,207,77,927,OFFRE_000927_807f791818fb,Vendeur en magasin,Non précisé,Limbe / Buea,Commerce / Vente,0.75
84b3a44add9ca0466da3,207,77,928,OFFRE_000928_d00302b86601,Cuisinier Domestique,Non précisé,Limbe / Buea,Services / Sécurité,1.0
f005fd4db9d8ea5358d6,207,77,929,OFFRE_000929_25ec378da334,Employé de Ménage,Non précisé,Limbe / Buea,Services / Sécurité,0.75
b8422418f75683615598,206,76,930,OFFRE_000930_36162a20bdcc,Cadre comptable,Non précisé,Limbe / Buea,Finance / Comptabilité,1.0
05b9077590cb0833ed8a,206,76,931,OFFRE_000931_eb063cd645e5,Cadre administratif,Non précisé,,Administration / RH,0.875
f1e755172099e42005e8,206,76,932,OFFRE_000932_a22fd2af7cc1,"Cadre Sécurité, Hygiène et Environnement",Non précisé,Ngousso,Services / Sécurité,1.0
9286af8e61cb94f04193,206,76,933,OFFRE_000933_1d4c01c432b9,Contrôleur du travail,Non précisé,Ngousso,Autre / Non classé,0.75
340d8b5317eee956c3d7,412,154,934,OFFRE_000934_57932826dd04,Enseignant du Secondaire,Non précisé,Kribi,Éducation / Formation,0.875
340d8b5317eee956c3d7,412,155,935,OFFRE_000935_39fb7b9f95d5,Enseignant du Secondaire,Non précisé,Kribi,Éducation / Formation,0.875
a872b4975e7aeb22c040,207,78,936,OFFRE_000936_db302315a382,Gestionnaire des ressources humaines,Non précisé,Yaoundé,Administration / RH,1.0
d0f7b6caba540fdebf41,208,78,937,OFFRE_000937_e4608ae19283,Scieur,Non précisé,Yaoundé (Ekoumdoum),Industrie / Maintenance,0.75
cf03f4912425c0ffef8b,206,76,938,OFFRE_000938_b4b04d83baa2,Agent d'entretien,Non précisé,Yaoundé (Ekoumdoum),Services / Sécurité,0.75
6f12895c03a824d752c5,207,78,939,OFFRE_000939_779b90430c91,Vendeur en magasin,Non précisé,Limbe / Buea,Commerce / Vente,0.75
84b3a44add9ca0466da3,207,78,940,OFFRE_000940_715d0fe3ab39,Cuisinier Domestique,Non précisé,Limbe / Buea,Services / Sécurité,1.0
f005fd4db9d8ea5358d6,207,78,941,OFFRE_000941_fffb04ad9dc6,Employé de Ménage,Non précisé,Limbe / Buea,Services / Sécurité,0.75
b8422418f75683615598,206,77,942,OFFRE_000942_e61b2cb2f269,Cadre comptable,Non précisé,Limbe / Buea,Finance / Comptabilité,1.0
05b9077590cb0833ed8a,206,77,943,OFFRE_000943_97b8834d1be7,Cadre administratif,Non précisé,,Administration / RH,0.875
f1e755172099e42005e8,206,77,944,OFFRE_000944_bd0175f3645e,"Cadre Sécurité, Hygiène et Environnement",Non précisé,Ngousso,Services / Sécurité,1.0
9286af8e61cb94f04193,206,77,945,OFFRE_000945_1af860f87560,Contrôleur du travail,Non précisé,Ngousso,Autre / Non classé,0.75
340d8b5317eee956c3d7,412,156,946,OFFRE_000946_4581568880be,Enseignant du Secondaire,Non précisé,Kribi,Éducation / Formation,0.875
340d8b5317eee956c3d7,412,157,947,OFFRE_000947_e9ed55e3b1d4,Enseignant du Secondaire,Non précisé,Kribi,Éducation / Formation,0.875
a872b4975e7aeb22c040,207,79,948,OFFRE_000948_73807bf49c24,Gestionnaire des ressources humaines,Non précisé,Yaoundé,Administration / RH,1.0
d0f7b6caba540fdebf41,208,79,949,OFFRE_000949_133e3f645bf3,Scieur,Non précisé,Yaoundé (Ekoumdoum),Industrie / Maintenance,0.75
cf03f4912425c0ffef8b,206,77,950,OFFRE_000950_6f5fdb360435,Agent d'entretien,Non précisé,Yaoundé (Ekoumdoum),Services / Sécurité,0.75
6f12895c03a824d752c5,207,79,951,OFFRE_000951_51efe709c06c,Vendeur en magasin,Non précisé,Limbe / Buea,Commerce / Vente,0.75
84b3a44add9ca0466da3,207,79,952,OFFRE_000952_83387bf4bfaa,Cuisinier Domestique,Non précisé,Limbe / Buea,Services / Sécurité,1.0
f005fd4db9d8ea5358d6,207,79,953,OFFRE_000953_9138ddb230dc,Employé de Ménage,Non précisé,Limbe / Buea,Services / Sécurité,0.75
b8422418f75683615598,206,78,954,OFFRE_000954_7bdcf32d7351,Cadre comptable,Non précisé,Limbe / Buea,Finance / Comptabilité,1.0
05b9077590cb0833ed8a,206,78,955,OFFRE_000955_68429138abb0,Cadre administratif,Non précisé,,Administration / RH,0.875
f1e755172099e42005e8,206,78,956,OFFRE_000956_cbe5e8965e69,"Cadre Sécurité, Hygiène et Environnement",Non précisé,Ngousso,Services / Sécurité,1.0
9286af8e61cb94f04193,206,78,957,OFFRE_000957_c98c34d6b347,Contrôleur du travail,Non précisé,Ngousso,Autre / Non classé,0.75
340d8b5317eee956c3d7,412,158,958,OFFRE_000958_23214673a441,Enseignant du Secondaire,Non précisé,Kribi,Éducation / Formation,0.875
340d8b5317eee956c3d7,412,159,959,OFFRE_000959_83f7529c190c,Enseignant du Secondaire,Non précisé,Kribi,Éducation / Formation,0.875
a872b4975e7aeb22c040,207,80,960,OFFRE_000960_64daa8de7516,Gestionnaire des ressources humaines,Non précisé,Yaoundé,Administration / RH,1.0
d0f7b6caba540fdebf41,208,80,961,OFFRE_000961_01e80733a927,Scieur,Non précisé,Yaoundé (Ekoumdoum),Industrie / Maintenance,0.75
cf03f4912425c0ffef8b,206,78,962,OFFRE_000962_1fdca7dabafd,Agent d'entretien,Non précisé,Yaoundé (Ekoumdoum),Services / Sécurité,0.75
6f12895c03a824d752c5,207,80,963,OFFRE_000963_b2f426805fa3,Vendeur en magasin,Non précisé,Limbe / Buea,Commerce / Vente,0.75
84b3a44add9ca0466da3,207,80,964,OFFRE_000964_8f5709fce720,Cuisinier Domestique,Non précisé,Limbe / Buea,Services / Sécurité,1.0
f005fd4db9d8ea5358d6,207,80,965,OFFRE_000965_427436d0c5cd,Employé de Ménage,Non précisé,Limbe / Buea,Services / Sécurité,0.75
b8422418f75683615598,206,79,966,OFFRE_000966_8aa9950c06f5,Cadre comptable,Non précisé,Limbe / Buea,Finance / Comptabilité,1.0
05b9077590cb0833ed8a,206,79,967,OFFRE_000967_9b2f12bb0e7d,Cadre administratif,Non précisé,,Administration / RH,0.875
f1e755172099e42005e8,206,79,968,OFFRE_000968_d89c3d7ebdcd,"Cadre Sécurité, Hygiène et Environnement",Non précisé,Ngousso,Services / Sécurité,1.0
9286af8e61cb94f04193,206,79,969,OFFRE_000969_3ac87b2e6ceb,Contrôleur du travail,Non précisé,Ngousso,Autre / Non classé,0.75
340d8b5317eee956c3d7,412,160,970,OFFRE_000970_5f9e03d4a9d6,Enseignant du Secondaire,Non précisé,Kribi,Éducation / Formation,0.875
340d8b5317eee956c3d7,412,161,971,OFFRE_000971_49b3d902596c,Enseignant du Secondaire,Non précisé,Kribi,Éducation / Formation,0.875
a872b4975e7aeb22c040,207,81,972,OFFRE_000972_7c4d58c715cb,Gestionnaire des ressources humaines,Non précisé,Yaoundé,Administration / RH,1.0
d0f7b6caba540fdebf41,208,81,973,OFFRE_000973_f65ff38e6ec8,Scieur,Non précisé,Yaoundé (Ekoumdoum),Industrie / Maintenance,0.75
cf03f4912425c0ffef8b,206,79,974,OFFRE_000974_baa24b1e44fa,Agent d'entretien,Non précisé,Yaoundé (Ekoumdoum),Services / Sécurité,0.75
6f12895c03a824d752c5,207,81,975,OFFRE_000975_e6d27a1664ee,Vendeur en magasin,Non précisé,Limbe / Buea,Commerce / Vente,0.75
84b3a44add9ca0466da3,207,81,976,OFFRE_000976_2423d1f3233e,Cuisinier Domestique,Non précisé,Limbe / Buea,Services / Sécurité,1.0
f005fd4db9d8ea5358d6,207,81,977,OFFRE_000977_8a6bd321015a,Employé de Ménage,Non précisé,Limbe / Buea,Services / Sécurité,0.75
b8422418f75683615598,206,80,978,OFFRE_000978_bfb6742ef0f0,Cadre comptable,Non précisé,Limbe / Buea,Finance / Comptabilité,1.0
05b9077590cb0833ed8a,206,80,979,OFFRE_000979_8f1c2b4b1021,Cadre administratif,Non précisé,,Administration / RH,0.875
f1e755172099e42005e8,206,80,980,OFFRE_000980_6e97e2b3d4ba,"Cadre Sécurité, Hygiène et Environnement",Non précisé,Ngousso,Services / Sécurité,1.0
9286af8e61cb94f04193,206,80,981,OFFRE_000981_f4f88458ad24,Contrôleur du travail,Non précisé,Ngousso,Autre / Non classé,0.75
340d8b5317eee956c3d7,412,162,982,OFFRE_000982_6e7f08dbe48e,Enseignant du Secondaire,Non précisé,Kribi,Éducation / Formation,0.875
340d8b5317eee956c3d7,412,163,983,OFFRE_000983_1caf3bc31538,Enseignant du Secondaire,Non précisé,Kribi,Éducation / Formation,0.875
a872b4975e7aeb22c040,207,82,984,OFFRE_000984_33eb2f21d4c1,Gestionnaire des ressources humaines,Non précisé,Yaoundé,Administration / RH,1.0
d0f7b6caba540fdebf41,208,82,985,OFFRE_000985_65983676a047,Scieur,Non précisé,Yaoundé (Ekoumdoum),Industrie / Maintenance,0.75
cf03f4912425c0ffef8b,206,80,986,OFFRE_000986_077a7b9d4c08,Agent d'entretien,Non précisé,Yaoundé (Ekoumdoum),Services / Sécurité,0.75
6f12895c03a824d752c5,207,82,987,OFFRE_000987_e35899a0b3fd,Vendeur en magasin,Non précisé,Limbe / Buea,Commerce / Vente,0.75
84b3a44add9ca0466da3,207,82,988,OFFRE_000988_46e2dfe59184,Cuisinier Domestique,Non précisé,Limbe / Buea,Services / Sécurité,1.0
f005fd4db9d8ea5358d6,207,82,989,OFFRE_000989_937885c9331b,Employé de Ménage,Non précisé,Limbe / Buea,Services / Sécurité,0.75
b8422418f75683615598,206,81,990,OFFRE_000990_e76b9030d3f6,Cadre comptable,Non précisé,Limbe / Buea,Finance / Comptabilité,1.0
05b9077590cb0833ed8a,206,81,991,OFFRE_000991_7f8efdaa18ad,Cadre administratif,Non précisé,,Administration / RH,0.875
f1e755172099e42005e8,206,81,992,OFFRE_000992_72728b9c05f2,"Cadre Sécurité, Hygiène et Environnement",Non précisé,Ngousso,Services / Sécurité,1.0
9286af8e61cb94f04193,206,81,993,OFFRE_000993_f0a1b59aaa44,Contrôleur du travail,Non précisé,Ngousso,Autre / Non classé,0.75
340d8b5317eee956c3d7,412,164,994,OFFRE_000994_9a261016d2cb,Enseignant du Secondaire,Non précisé,Kribi,Éducation / Formation,0.875
340d8b5317eee956c3d7,412,165,995,OFFRE_000995_85af1dfe54ec,Enseignant du Secondaire,Non précisé,Kribi,Éducation / Formation,0.875
a872b4975e7aeb22c040,207,83,996,OFFRE_000996_5277ee565f5c,Gestionnaire des ressources humaines,Non précisé,Yaoundé,Administration / RH,1.0
d0f7b6caba540fdebf41,208,83,997,OFFRE_000997_1264dd47954b,Scieur,Non précisé,Yaoundé (Ekoumdoum),Industrie / Maintenance,0.75
cf03f4912425c0ffef8b,206,81,998,OFFRE_000998_52190bb08d13,Agent d'entretien,Non précisé,Yaoundé (Ekoumdoum),Services / Sécurité,0.75
6f12895c03a824d752c5,207,83,999,OFFRE_000999_ab8db82d7303,Vendeur en magasin,Non précisé,Limbe / Buea,Commerce / Vente,0.75
84b3a44add9ca0466da3,207,83,1000,OFFRE_001000_9e164cf05eb0,Cuisinier Domestique,Non précisé,Limbe / Buea,Services / Sécurité,1.0
f005fd4db9d8ea5358d6,207,83,1001,OFFRE_001001_84813927f4e2,Employé de Ménage,Non précisé,Limbe / Buea,Services / Sécurité,0.75
b8422418f75683615598,206,82,1002,OFFRE_001002_545437c1b615,Cadre comptable,Non précisé,Limbe / Buea,Finance / Comptabilité,1.0
05b9077590cb0833ed8a,206,82,1003,OFFRE_001003_86baaaba216f,Cadre administratif,Non précisé,,Administration / RH,0.875
f1e755172099e42005e8,206,82,1004,OFFRE_001004_851c00ff60b1,"Cadre Sécurité, Hygiène et Environnement",Non précisé,Ngousso,Services / Sécurité,1.0
9286af8e61cb94f04193,206,82,1005,OFFRE_001005_a7f675b8921f,Contrôleur du travail,Non précisé,Ngousso,Autre / Non classé,0.75
340d8b5317eee956c3d7,412,166,1006,OFFRE_001006_7c679b82c48c,Enseignant du Secondaire,Non précisé,Kribi,Éducation / Formation,0.875
340d8b5317eee956c3d7,412,167,1007,OFFRE_001007_3e414348b225,Enseignant du Secondaire,Non précisé,Kribi,Éducation / Formation,0.875
a872b4975e7aeb22c040,207,84,1008,OFFRE_001008_231831811a8a,Gestionnaire des ressources humaines,Non précisé,Yaoundé,Administration / RH,1.0
d0f7b6caba540fdebf41,208,84,1009,OFFRE_001009_e4438eafe1f5,Scieur,Non précisé,Yaoundé (Ekoumdoum),Industrie / Maintenance,0.75
cf03f4912425c0ffef8b,206,82,1010,OFFRE_001010_68883a0cbecb,Agent d'entretien,Non précisé,Yaoundé (Ekoumdoum),Services / Sécurité,0.75
6f12895c03a824d752c5,207,84,1011,OFFRE_001011_e615fece2203,Vendeur en magasin,Non précisé,Limbe / Buea,Commerce / Vente,0.75
84b3a44add9ca0466da3,207,84,1012,OFFRE_001012_ab74459f580c,Cuisinier Domestique,Non précisé,Limbe / Buea,Services / Sécurité,1.0
f005fd4db9d8ea5358d6,207,84,1013,OFFRE_001013_2f9b4f37199c,Employé de Ménage,Non précisé,Limbe / Buea,Services / Sécurité,0.75
b8422418f75683615598,206,83,1014,OFFRE_001014_efd73a695cc5,Cadre comptable,Non précisé,Limbe / Buea,Finance / Comptabilité,1.0
05b9077590cb0833ed8a,206,83,1015,OFFRE_001015_6cb4a20bca1a,Cadre administratif,Non précisé,,Administration / RH,0.875
f1e755172099e42005e8,206,83,1016,OFFRE_001016_2c5b61626f2c,"Cadre Sécurité, Hygiène et Environnement",Non précisé,Ngousso,Services / Sécurité,1.0
9286af8e61cb94f04193,206,83,1017,OFFRE_001017_675b11cd276e,Contrôleur du travail,Non précisé,Ngousso,Autre / Non classé,0.75
340d8b5317eee956c3d7,412,168,1018,OFFRE_001018_a632b9d99325,Enseignant du Secondaire,Non précisé,Kribi,Éducation / Formation,0.875
340d8b5317eee956c3d7,412,169,1019,OFFRE_001019_451c475f2bb2,Enseignant du Secondaire,Non précisé,Kribi,Éducation / Formation,0.875
a872b4975e7aeb22c040,207,85,1020,OFFRE_001020_86b7fabe84ae,Gestionnaire des ressources humaines,Non précisé,Yaoundé,Administration / RH,1.0
d0f7b6caba540fdebf41,208,85,1021,OFFRE_001021_05cc0dce4b82,Scieur,Non précisé,Yaoundé (Ekoumdoum),Industrie / Maintenance,0.75
cf03f4912425c0ffef8b,206,83,1022,OFFRE_001022_6682e7cdb8b3,Agent d'entretien,Non précisé,Yaoundé (Ekoumdoum),Services / Sécurité,0.75
6f12895c03a824d752c5,207,85,1023,OFFRE_001023_ab793285ce4c,Vendeur en magasin,Non précisé,Limbe / Buea,Commerce / Vente,0.75
84b3a44add9ca0466da3,207,85,1024,OFFRE_001024_fb534daceff1,Cuisinier Domestique,Non précisé,Limbe / Buea,Services / Sécurité,1.0
f005fd4db9d8ea5358d6,207,85,1025,OFFRE_001025_6ecd90294b83,Employé de Ménage,Non précisé,Limbe / Buea,Services / Sécurité,0.75
b8422418f75683615598,206,84,1026,OFFRE_001026_57a1317dff24,Cadre comptable,Non précisé,Limbe / Buea,Finance / Comptabilité,1.0
05b9077590cb0833ed8a,206,84,1027,OFFRE_001027_8660f4b3f255,Cadre administratif,Non précisé,,Administration / RH,0.875
f1e755172099e42005e8,206,84,1028,OFFRE_001028_9b8b4f8016b5,"Cadre Sécurité, Hygiène et Environnement",Non précisé,Ngousso,Services / Sécurité,1.0
9286af8e61cb94f04193,206,84,1029,OFFRE_001029_8a0746edc971,Contrôleur du travail,Non précisé,Ngousso,Autre / Non classé,0.75
340d8b5317eee956c3d7,412,170,1030,OFFRE_001030_be42626e089c,Enseignant du Secondaire,Non précisé,Kribi,Éducation / Formation,0.875
340d8b5317eee956c3d7,412,171,1031,OFFRE_001031_4a15ce30eb0f,Enseignant du Secondaire,Non précisé,Kribi,Éducation / Formation,0.875
a872b4975e7aeb22c040,207,86,1032,OFFRE_001032_23d784a2307a,Gestionnaire des ressources humaines,Non précisé,Yaoundé,Administration / RH,1.0
d0f7b6caba540fdebf41,208,86,1033,OFFRE_001033_3468b5647900,Scieur,Non précisé,Yaoundé (Ekoumdoum),Industrie / Maintenance,0.75
cf03f4912425c0ffef8b,206,84,1034,OFFRE_001034_20367cabe275,Agent d'entretien,Non précisé,Yaoundé (Ekoumdoum),Services / Sécurité,0.75
6f12895c03a824d752c5,207,86,1035,OFFRE_001035_2625c2986c38,Vendeur en magasin,Non précisé,Limbe / Buea,Commerce / Vente,0.75
84b3a44add9ca0466da3,207,86,1036,OFFRE_001036_7577de4b76fc,Cuisinier Domestique,Non précisé,Limbe / Buea,Services / Sécurité,1.0
f005fd4db9d8ea5358d6,207,86,1037,OFFRE_001037_a901f695a796,Employé de Ménage,Non précisé,Limbe / Buea,Services / Sécurité,0.75
b8422418f75683615598,206,85,1038,OFFRE_001038_2dbc03638896,Cadre comptable,Non précisé,Limbe / Buea,Finance / Comptabilité,1.0
05b9077590cb0833ed8a,206,85,1039,OFFRE_001039_53161df10560,Cadre administratif,Non précisé,,Administration / RH,0.875
f1e755172099e42005e8,206,85,1040,OFFRE_001040_50583e4f6245,"Cadre Sécurité, Hygiène et Environnement",Non précisé,Ngousso,Services / Sécurité,1.0
9286af8e61cb94f04193,206,85,1041,OFFRE_001041_08be4dd12dba,Contrôleur du travail,Non précisé,Ngousso,Autre / Non classé,0.75
340d8b5317eee956c3d7,412,172,1042,OFFRE_001042_7b7fc4c0fdf0,Enseignant du Secondaire,Non précisé,Kribi,Éducation / Formation,0.875
340d8b5317eee956c3d7,412,173,1043,OFFRE_001043_833a161071d0,Enseignant du Secondaire,Non précisé,Kribi,Éducation / Formation,0.875
a872b4975e7aeb22c040,207,87,1044,OFFRE_001044_6794f3c144d1,Gestionnaire des ressources humaines,Non précisé,Yaoundé,Administration / RH,1.0
d0f7b6caba540fdebf41,208,87,1045,OFFRE_001045_d3956c1bfbdf,Scieur,Non précisé,Yaoundé (Ekoumdoum),Industrie / Maintenance,0.75
cf03f4912425c0ffef8b,206,85,1046,OFFRE_001046_d470071d3d01,Agent d'entretien,Non précisé,Yaoundé (Ekoumdoum),Services / Sécurité,0.75
6f12895c03a824d752c5,207,87,1047,OFFRE_001047_a3159f475078,Vendeur en magasin,Non précisé,Limbe / Buea,Commerce / Vente,0.75
84b3a44add9ca0466da3,207,87,1048,OFFRE_001048_fc2c3a96dfaf,Cuisinier Domestique,Non précisé,Limbe / Buea,Services / Sécurité,1.0
f005fd4db9d8ea5358d6,207,87,1049,OFFRE_001049_79116e4a6582,Employé de Ménage,Non précisé,Limbe / Buea,Services / Sécurité,0.75
b8422418f75683615598,206,86,1050,OFFRE_001050_688a3366c7be,Cadre comptable,Non précisé,Limbe / Buea,Finance / Comptabilité,1.0
05b9077590cb0833ed8a,206,86,1051,OFFRE_001051_6479a30831fe,Cadre administratif,Non précisé,,Administration / RH,0.875
f1e755172099e42005e8,206,86,1052,OFFRE_001052_b933d73a742f,"Cadre Sécurité, Hygiène et Environnement",Non précisé,Ngousso,Services / Sécurité,1.0
9286af8e61cb94f04193,206,86,1053,OFFRE_001053_7ba166fad313,Contrôleur du travail,Non précisé,Ngousso,Autre / Non classé,0.75
340d8b5317eee956c3d7,412,174,1054,OFFRE_001054_426ae0b5f1b3,Enseignant du Secondaire,Non précisé,Kribi,Éducation / Formation,0.875
340d8b5317eee956c3d7,412,175,1055,OFFRE_001055_9f26a25ac6a2,Enseignant du Secondaire,Non précisé,Kribi,Éducation / Formation,0.875
a872b4975e7aeb22c040,207,88,1056,OFFRE_001056_881baef15629,Gestionnaire des ressources humaines,Non précisé,Yaoundé,Administration / RH,1.0
d0f7b6caba540fdebf41,208,88,1057,OFFRE_001057_d5325374f05a,Scieur,Non précisé,Yaoundé (Ekoumdoum),Industrie / Maintenance,0.75
cf03f4912425c0ffef8b,206,86,1058,OFFRE_001058_f826d66f9186,Agent d'entretien,Non précisé,Yaoundé (Ekoumdoum),Services / Sécurité,0.75
6f12895c03a824d752c5,207,88,1059,OFFRE_001059_b0ec0d20deaa,Vendeur en magasin,Non précisé,Limbe / Buea,Commerce / Vente,0.75
84b3a44add9ca0466da3,207,88,1060,OFFRE_001060_cfc84ec4e8ba,Cuisinier Domestique,Non précisé,Limbe / Buea,Services / Sécurité,1.0
f005fd4db9d8ea5358d6,207,88,1061,OFFRE_001061_b06fea12cf0d,Employé de Ménage,Non précisé,Limbe / Buea,Services / Sécurité,0.75
b8422418f75683615598,206,87,1062,OFFRE_001062_e0eb4ffbb95d,Cadre comptable,Non précisé,Limbe / Buea,Finance / Comptabilité,1.0
05b9077590cb0833ed8a,206,87,1063,OFFRE_001063_9da708056513,Cadre administratif,Non précisé,,Administration / RH,0.875
f1e755172099e42005e8,206,87,1064,OFFRE_001064_470989f1de4a,"Cadre Sécurité, Hygiène et Environnement",Non précisé,Ngousso,Services / Sécurité,1.0
9286af8e61cb94f04193,206,87,1065,OFFRE_001065_ebe868b08615,Contrôleur du travail,Non précisé,Ngousso,Autre / Non classé,0.75
340d8b5317eee956c3d7,412,176,1066,OFFRE_001066_39a42dad3be0,Enseignant du Secondaire,Non précisé,Kribi,Éducation / Formation,0.875
340d8b5317eee956c3d7,412,177,1067,OFFRE_001067_b9fd26db5a0c,Enseignant du Secondaire,Non précisé,Kribi,Éducation / Formation,0.875
a872b4975e7aeb22c040,207,89,1068,OFFRE_001068_26d36f10021e,Gestionnaire des ressources humaines,Non précisé,Yaoundé,Administration / RH,1.0
d0f7b6caba540fdebf41,208,89,1069,OFFRE_001069_bc5d175ed2bd,Scieur,Non précisé,Yaoundé (Ekoumdoum),Industrie / Maintenance,0.75
cf03f4912425c0ffef8b,206,87,1070,OFFRE_001070_6f1c73fd6a01,Agent d'entretien,Non précisé,Yaoundé (Ekoumdoum),Services / Sécurité,0.75
6f12895c03a824d752c5,207,89,1071,OFFRE_001071_bda0a65516e1,Vendeur en magasin,Non précisé,Limbe / Buea,Commerce / Vente,0.75
84b3a44add9ca0466da3,207,89,1072,OFFRE_001072_b95a81a1bc61,Cuisinier Domestique,Non précisé,Limbe / Buea,Services / Sécurité,1.0
f005fd4db9d8ea5358d6,207,89,1073,OFFRE_001073_8d30c3959a39,Employé de Ménage,Non précisé,Limbe / Buea,Services / Sécurité,0.75
b8422418f75683615598,206,88,1074,OFFRE_001074_821df915062f,Cadre comptable,Non précisé,Limbe / Buea,Finance / Comptabilité,1.0
05b9077590cb0833ed8a,206,88,1075,OFFRE_001075_3173917778ee,Cadre administratif,Non précisé,,Administration / RH,0.875
f1e755172099e42005e8,206,88,1076,OFFRE_001076_c73605343436,"Cadre Sécurité, Hygiène et Environnement",Non précisé,Ngousso,Services / Sécurité,1.0
9286af8e61cb94f04193,206,88,1077,OFFRE_001077_9f9028161633,Contrôleur du travail,Non précisé,Ngousso,Autre / Non classé,0.75
340d8b5317eee956c3d7,412,178,1078,OFFRE_001078_f40b01d97e3d,Enseignant du Secondaire,Non précisé,Kribi,Éducation / Formation,0.875
340d8b5317eee956c3d7,412,179,1079,OFFRE_001079_31302ef08ed9,Enseignant du Secondaire,Non précisé,Kribi,Éducation / Formation,0.875
a872b4975e7aeb22c040,207,90,1080,OFFRE_001080_16faa4b5d47a,Gestionnaire des ressources humaines,Non précisé,Yaoundé,Administration / RH,1.0
d0f7b6caba540fdebf41,208,90,1081,OFFRE_001081_36e609aaf12b,Scieur,Non précisé,Yaoundé (Ekoumdoum),Industrie / Maintenance,0.75
cf03f4912425c0ffef8b,206,88,1082,OFFRE_001082_80be6c801dc1,Agent d'entretien,Non précisé,Yaoundé (Ekoumdoum),Services / Sécurité,0.75
6f12895c03a824d752c5,207,90,1083,OFFRE_001083_29cc67034952,Vendeur en magasin,Non précisé,Limbe / Buea,Commerce / Vente,0.75
84b3a44add9ca0466da3,207,90,1084,OFFRE_001084_9f5bab2f9707,Cuisinier Domestique,Non précisé,Limbe / Buea,Services / Sécurité,1.0
f005fd4db9d8ea5358d6,207,90,1085,OFFRE_001085_510a39078b52,Employé de Ménage,Non précisé,Limbe / Buea,Services / Sécurité,0.75
b8422418f75683615598,206,89,1086,OFFRE_001086_df62a2b2ac7b,Cadre comptable,Non précisé,Limbe / Buea,Finance / Comptabilité,1.0
05b9077590cb0833ed8a,206,89,1087,OFFRE_001087_0c0a18a8bab2,Cadre administratif,Non précisé,,Administration / RH,0.875
f1e755172099e42005e8,206,89,1088,OFFRE_001088_c5728215448f,"Cadre Sécurité, Hygiène et Environnement",Non précisé,Ngousso,Services / Sécurité,1.0
9286af8e61cb94f04193,206,89,1089,OFFRE_001089_176a02c701fb,Contrôleur du travail,Non précisé,Ngousso,Autre / Non classé,0.75
340d8b5317eee956c3d7,412,180,1090,OFFRE_001090_711d4db9fe59,Enseignant du Secondaire,Non précisé,Kribi,Éducation / Formation,0.875
340d8b5317eee956c3d7,412,181,1091,OFFRE_001091_0687f07f8b5e,Enseignant du Secondaire,Non précisé,Kribi,Éducation / Formation,0.875
a872b4975e7aeb22c040,207,91,1092,OFFRE_001092_d74ac1f0b7cc,Gestionnaire des ressources humaines,Non précisé,Yaoundé,Administration / RH,1.0
d0f7b6caba540fdebf41,208,91,1093,OFFRE_001093_a485961487b1,Scieur,Non précisé,Yaoundé (Ekoumdoum),Industrie / Maintenance,0.75
cf03f4912425c0ffef8b,206,89,1094,OFFRE_001094_f794afebabe2,Agent d'entretien,Non précisé,Yaoundé (Ekoumdoum),Services / Sécurité,0.75
6f12895c03a824d752c5,207,91,1095,OFFRE_001095_42d46f7fce37,Vendeur en magasin,Non précisé,Limbe / Buea,Commerce / Vente,0.75
84b3a44add9ca0466da3,207,91,1096,OFFRE_001096_c95ca0e69b02,Cuisinier Domestique,Non précisé,Limbe / Buea,Services / Sécurité,1.0
f005fd4db9d8ea5358d6,207,91,1097,OFFRE_001097_75321d10a998,Employé de Ménage,Non précisé,Limbe / Buea,Services / Sécurité,0.75
b8422418f75683615598,206,90,1098,OFFRE_001098_604907cbde2d,Cadre comptable,Non précisé,Limbe / Buea,Finance / Comptabilité,1.0
05b9077590cb0833ed8a,206,90,1099,OFFRE_001099_355512218cb8,Cadre administratif,Non précisé,,Administration / RH,0.875
f1e755172099e42005e8,206,90,1100,OFFRE_001100_aada1e3e5f6f,"Cadre Sécurité, Hygiène et Environnement",Non précisé,Ngousso,Services / Sécurité,1.0
9286af8e61cb94f04193,206,90,1101,OFFRE_001101_f0b282e37709,Contrôleur du travail,Non précisé,Ngousso,Autre / Non classé,0.75
340d8b5317eee956c3d7,412,182,1102,OFFRE_001102_287952bf5c28,Enseignant du Secondaire,Non précisé,Kribi,Éducation / Formation,0.875
340d8b5317eee956c3d7,412,183,1103,OFFRE_001103_a88d24f6587b,Enseignant du Secondaire,Non précisé,Kribi,Éducation / Formation,0.875
a872b4975e7aeb22c040,207,92,1104,OFFRE_001104_73d77584b87c,Gestionnaire des ressources humaines,Non précisé,Yaoundé,Administration / RH,1.0
d0f7b6caba540fdebf41,208,92,1105,OFFRE_001105_5fc574ddbcd3,Scieur,Non précisé,Yaoundé (Ekoumdoum),Industrie / Maintenance,0.75
cf03f4912425c0ffef8b,206,90,1106,OFFRE_001106_f7c216adffa7,Agent d'entretien,Non précisé,Yaoundé (Ekoumdoum),Services / Sécurité,0.75
6f12895c03a824d752c5,207,92,1107,OFFRE_001107_405c22f7b167,Vendeur en magasin,Non précisé,Limbe / Buea,Commerce / Vente,0.75
84b3a44add9ca0466da3,207,92,1108,OFFRE_001108_f08ddfc82972,Cuisinier Domestique,Non précisé,Limbe / Buea,Services / Sécurité,1.0
f005fd4db9d8ea5358d6,207,92,1109,OFFRE_001109_6e86a4f978b7,Employé de Ménage,Non précisé,Limbe / Buea,Services / Sécurité,0.75
b8422418f75683615598,206,91,1110,OFFRE_001110_f828d18a71da,Cadre comptable,Non précisé,Limbe / Buea,Finance / Comptabilité,1.0
05b9077590cb0833ed8a,206,91,1111,OFFRE_001111_61ee1ac56e31,Cadre administratif,Non précisé,,Administration / RH,0.875
f1e755172099e42005e8,206,91,1112,OFFRE_001112_0c80284d9237,"Cadre Sécurité, Hygiène et Environnement",Non précisé,Ngousso,Services / Sécurité,1.0
9286af8e61cb94f04193,206,91,1113,OFFRE_001113_2b0d649ba664,Contrôleur du travail,Non précisé,Ngousso,Autre / Non classé,0.75
340d8b5317eee956c3d7,412,184,1114,OFFRE_001114_2c3a7443e0f6,Enseignant du Secondaire,Non précisé,Kribi,Éducation / Formation,0.875
340d8b5317eee956c3d7,412,185,1115,OFFRE_001115_0afc6d14e3eb,Enseignant du Secondaire,Non précisé,Kribi,Éducation / Formation,0.875
a872b4975e7aeb22c040,207,93,1116,OFFRE_001116_aeccd514f796,Gestionnaire des ressources humaines,Non précisé,Yaoundé,Administration / RH,1.0
d0f7b6caba540fdebf41,208,93,1117,OFFRE_001117_17a59f3b7f95,Scieur,Non précisé,Yaoundé (Ekoumdoum),Industrie / Maintenance,0.75
cf03f4912425c0ffef8b,206,91,1118,OFFRE_001118_ed66cda21c2e,Agent d'entretien,Non précisé,Yaoundé (Ekoumdoum),Services / Sécurité,0.75
6f12895c03a824d752c5,207,93,1119,OFFRE_001119_37947244e44c,Vendeur en magasin,Non précisé,Limbe / Buea,Commerce / Vente,0.75
84b3a44add9ca0466da3,207,93,1120,OFFRE_001120_d8b5f78d844f,Cuisinier Domestique,Non précisé,Limbe / Buea,Services / Sécurité,1.0
f005fd4db9d8ea5358d6,207,93,1121,OFFRE_001121_d83cac127380,Employé de Ménage,Non précisé,Limbe / Buea,Services / Sécurité,0.75
b8422418f75683615598,206,92,1122,OFFRE_001122_1d2efad45bae,Cadre comptable,Non précisé,Limbe / Buea,Finance / Comptabilité,1.0
05b9077590cb0833ed8a,206,92,1123,OFFRE_001123_7c66e3252b34,Cadre administratif,Non précisé,,Administration / RH,0.875
f1e755172099e42005e8,206,92,1124,OFFRE_001124_2def74e33b49,"Cadre Sécurité, Hygiène et Environnement",Non précisé,Ngousso,Services / Sécurité,1.0
9286af8e61cb94f04193,206,92,1125,OFFRE_001125_7374deed956a,Contrôleur du travail,Non précisé,Ngousso,Autre / Non classé,0.75
340d8b5317eee956c3d7,412,186,1126,OFFRE_001126_351b31de5455,Enseignant du Secondaire,Non précisé,Kribi,Éducation / Formation,0.875
340d8b5317eee956c3d7,412,187,1127,OFFRE_001127_75a7646f471e,Enseignant du Secondaire,Non précisé,Kribi,Éducation / Formation,0.875
a872b4975e7aeb22c040,207,94,1128,OFFRE_001128_968d5482ac6b,Gestionnaire des ressources humaines,Non précisé,Yaoundé,Administration / RH,1.0
d0f7b6caba540fdebf41,208,94,1129,OFFRE_001129_193bb35fbab3,Scieur,Non précisé,Yaoundé (Ekoumdoum),Industrie / Maintenance,0.75
cf03f4912425c0ffef8b,206,92,1130,OFFRE_001130_6fcd49401122,Agent d'entretien,Non précisé,Yaoundé (Ekoumdoum),Services / Sécurité,0.75
6f12895c03a824d752c5,207,94,1131,OFFRE_001131_5a746d536ac7,Vendeur en magasin,Non précisé,Limbe / Buea,Commerce / Vente,0.75
84b3a44add9ca0466da3,207,94,1132,OFFRE_001132_ec08dc456541,Cuisinier Domestique,Non précisé,Limbe / Buea,Services / Sécurité,1.0
f005fd4db9d8ea5358d6,207,94,1133,OFFRE_001133_864111bec157,Employé de Ménage,Non précisé,Limbe / Buea,Services / Sécurité,0.75
b8422418f75683615598,206,93,1134,OFFRE_001134_4ad479bccb97,Cadre comptable,Non précisé,Limbe / Buea,Finance / Comptabilité,1.0
05b9077590cb0833ed8a,206,93,1135,OFFRE_001135_6940f4be4d1d,Cadre administratif,Non précisé,,Administration / RH,0.875
f1e755172099e42005e8,206,93,1136,OFFRE_001136_8642d3c6f6b6,"Cadre Sécurité, Hygiène et Environnement",Non précisé,Ngousso,Services / Sécurité,1.0
9286af8e61cb94f04193,206,93,1137,OFFRE_001137_9a1e418b3dee,Contrôleur du travail,Non précisé,Ngousso,Autre / Non classé,0.75
340d8b5317eee956c3d7,412,188,1138,OFFRE_001138_5d106cd93cbb,Enseignant du Secondaire,Non précisé,Kribi,Éducation / Formation,0.875
340d8b5317eee956c3d7,412,189,1139,OFFRE_001139_58490dfcded5,Enseignant du Secondaire,Non précisé,Kribi,Éducation / Formation,0.875
a872b4975e7aeb22c040,207,95,1140,OFFRE_001140_14fc9324930b,Gestionnaire des ressources humaines,Non précisé,Yaoundé,Administration / RH,1.0
d0f7b6caba540fdebf41,208,95,1141,OFFRE_001141_26c1efe56f8b,Scieur,Non précisé,Yaoundé (Ekoumdoum),Industrie / Maintenance,0.75
cf03f4912425c0ffef8b,206,93,1142,OFFRE_001142_c8b83d140491,Agent d'entretien,Non précisé,Yaoundé (Ekoumdoum),Services / Sécurité,0.75
6f12895c03a824d752c5,207,95,1143,OFFRE_001143_043e106f1bd8,Vendeur en magasin,Non précisé,Limbe / Buea,Commerce / Vente,0.75
84b3a44add9ca0466da3,207,95,1144,OFFRE_001144_11af4ea79026,Cuisinier Domestique,Non précisé,Limbe / Buea,Services / Sécurité,1.0
f005fd4db9d8ea5358d6,207,95,1145,OFFRE_001145_3ea318824bcd,Employé de Ménage,Non précisé,Limbe / Buea,Services / Sécurité,0.75
b8422418f75683615598,206,94,1146,OFFRE_001146_98afda879153,Cadre comptable,Non précisé,Limbe / Buea,Finance / Comptabilité,1.0
05b9077590cb0833ed8a,206,94,1147,OFFRE_001147_877b32d13f69,Cadre administratif,Non précisé,,Administration / RH,0.875
f1e755172099e42005e8,206,94,1148,OFFRE_001148_f3140168016d,"Cadre Sécurité, Hygiène et Environnement",Non précisé,Ngousso,Services / Sécurité,1.0
9286af8e61cb94f04193,206,94,1149,OFFRE_001149_9f13f51848e0,Contrôleur du travail,Non précisé,Ngousso,Autre / Non classé,0.75
340d8b5317eee956c3d7,412,190,1150,OFFRE_001150_cf37ac1cd232,Enseignant du Secondaire,Non précisé,Kribi,Éducation / Formation,0.875
340d8b5317eee956c3d7,412,191,1151,OFFRE_001151_a0735ff133cc,Enseignant du Secondaire,Non précisé,Kribi,Éducation / Formation,0.875
a872b4975e7aeb22c040,207,96,1152,OFFRE_001152_472209104f8f,Gestionnaire des ressources humaines,Non précisé,Yaoundé,Administration / RH,1.0
d0f7b6caba540fdebf41,208,96,1153,OFFRE_001153_966474f1ef58,Scieur,Non précisé,Yaoundé (Ekoumdoum),Industrie / Maintenance,0.75
cf03f4912425c0ffef8b,206,94,1154,OFFRE_001154_fd7458d1db5a,Agent d'entretien,Non précisé,Yaoundé (Ekoumdoum),Services / Sécurité,0.75
6f12895c03a824d752c5,207,96,1155,OFFRE_001155_b196318d7968,Vendeur en magasin,Non précisé,Limbe / Buea,Commerce / Vente,0.75
84b3a44add9ca0466da3,207,96,1156,OFFRE_001156_4f0abc670e1b,Cuisinier Domestique,Non précisé,Limbe / Buea,Services / Sécurité,1.0
f005fd4db9d8ea5358d6,207,96,1157,OFFRE_001157_327b025dadc6,Employé de Ménage,Non précisé,Limbe / Buea,Services / Sécurité,0.75
b8422418f75683615598,206,95,1158,OFFRE_001158_93f4e9596ef8,Cadre comptable,Non précisé,Limbe / Buea,Finance / Comptabilité,1.0
05b9077590cb0833ed8a,206,95,1159,OFFRE_001159_fb4073ca9372,Cadre administratif,Non précisé,,Administration / RH,0.875
f1e755172099e42005e8,206,95,1160,OFFRE_001160_84935f1ac3e1,"Cadre Sécurité, Hygiène et Environnement",Non précisé,Ngousso,Services / Sécurité,1.0
9286af8e61cb94f04193,206,95,1161,OFFRE_001161_ec220185ea9c,Contrôleur du travail,Non précisé,Ngousso,Autre / Non classé,0.75
340d8b5317eee956c3d7,412,192,1162,OFFRE_001162_de8c118adf35,Enseignant du Secondaire,Non précisé,Kribi,Éducation / Formation,0.875
340d8b5317eee956c3d7,412,193,1163,OFFRE_001163_bcc62d8f7452,Enseignant du Secondaire,Non précisé,Kribi,Éducation / Formation,0.875
a872b4975e7aeb22c040,207,97,1164,OFFRE_001164_09bd002b7b55,Gestionnaire des ressources humaines,Non précisé,Yaoundé,Administration / RH,1.0
d0f7b6caba540fdebf41,208,97,1165,OFFRE_001165_85f0f923707f,Scieur,Non précisé,Yaoundé (Ekoumdoum),Industrie / Maintenance,0.75
cf03f4912425c0ffef8b,206,95,1166,OFFRE_001166_f136e6a911de,Agent d'entretien,Non précisé,Yaoundé (Ekoumdoum),Services / Sécurité,0.75
6f12895c03a824d752c5,207,97,1167,OFFRE_001167_0de90b76fdec,Vendeur en magasin,Non précisé,Limbe / Buea,Commerce / Vente,0.75
84b3a44add9ca0466da3,207,97,1168,OFFRE_001168_512e57ad8cbb,Cuisinier Domestique,Non précisé,Limbe / Buea,Services / Sécurité,1.0
f005fd4db9d8ea5358d6,207,97,1169,OFFRE_001169_3fbb4296e60e,Employé de Ménage,Non précisé,Limbe / Buea,Services / Sécurité,0.75
b8422418f75683615598,206,96,1170,OFFRE_001170_081e5416d5ae,Cadre comptable,Non précisé,Limbe / Buea,Finance / Comptabilité,1.0
05b9077590cb0833ed8a,206,96,1171,OFFRE_001171_6ab23ee15bd2,Cadre administratif,Non précisé,,Administration / RH,0.875
f1e755172099e42005e8,206,96,1172,OFFRE_001172_5a3a2ce1a999,"Cadre Sécurité, Hygiène et Environnement",Non précisé,Ngousso,Services / Sécurité,1.0
9286af8e61cb94f04193,206,96,1173,OFFRE_001173_1e1c459b0b19,Contrôleur du travail,Non précisé,Ngousso,Autre / Non classé,0.75
340d8b5317eee956c3d7,412,194,1174,OFFRE_001174_6982ca51820c,Enseignant du Secondaire,Non précisé,Kribi,Éducation / Formation,0.875
340d8b5317eee956c3d7,412,195,1175,OFFRE_001175_6d33062c483e,Enseignant du Secondaire,Non précisé,Kribi,Éducation / Formation,0.875
a872b4975e7aeb22c040,207,98,1176,OFFRE_001176_69f86ecafec3,Gestionnaire des ressources humaines,Non précisé,Yaoundé,Administration / RH,1.0
d0f7b6caba540fdebf41,208,98,1177,OFFRE_001177_cb3f7c993f93,Scieur,Non précisé,Yaoundé (Ekoumdoum),Industrie / Maintenance,0.75
cf03f4912425c0ffef8b,206,96,1178,OFFRE_001178_ca73d6b83888,Agent d'entretien,Non précisé,Yaoundé (Ekoumdoum),Services / Sécurité,0.75
6f12895c03a824d752c5,207,98,1179,OFFRE_001179_99bf6c26e78f,Vendeur en magasin,Non précisé,Limbe / Buea,Commerce / Vente,0.75
84b3a44add9ca0466da3,207,98,1180,OFFRE_001180_d4b77429bc15,Cuisinier Domestique,Non précisé,Limbe / Buea,Services / Sécurité,1.0
f005fd4db9d8ea5358d6,207,98,1181,OFFRE_001181_3aaf255c7960,Employé de Ménage,Non précisé,Limbe / Buea,Services / Sécurité,0.75
b8422418f75683615598,206,97,1182,OFFRE_001182_2417f02a513f,Cadre comptable,Non précisé,Limbe / Buea,Finance / Comptabilité,1.0
05b9077590cb0833ed8a,206,97,1183,OFFRE_001183_08de7ade53fd,Cadre administratif,Non précisé,,Administration / RH,0.875
f1e755172099e42005e8,206,97,1184,OFFRE_001184_596e838443ae,"Cadre Sécurité, Hygiène et Environnement",Non précisé,Ngousso,Services / Sécurité,1.0
9286af8e61cb94f04193,206,97,1185,OFFRE_001185_47620f1775b3,Contrôleur du travail,Non précisé,Ngousso,Autre / Non classé,0.75
340d8b5317eee956c3d7,412,196,1186,OFFRE_001186_36c97e6168a7,Enseignant du Secondaire,Non précisé,Kribi,Éducation / Formation,0.875
340d8b5317eee956c3d7,412,197,1187,OFFRE_001187_70e19e57e5d9,Enseignant du Secondaire,Non précisé,Kribi,Éducation / Formation,0.875
a872b4975e7aeb22c040,207,99,1188,OFFRE_001188_c2cbada96322,Gestionnaire des ressources humaines,Non précisé,Yaoundé,Administration / RH,1.0
d0f7b6caba540fdebf41,208,99,1189,OFFRE_001189_46ce5ddc58c8,Scieur,Non précisé,Yaoundé (Ekoumdoum),Industrie / Maintenance,0.75
cf03f4912425c0ffef8b,206,97,1190,OFFRE_001190_4f97c812bcef,Agent d'entretien,Non précisé,Yaoundé (Ekoumdoum),Services / Sécurité,0.75
6f12895c03a824d752c5,207,99,1191,OFFRE_001191_6904e82ef4b2,Vendeur en magasin,Non précisé,Limbe / Buea,Commerce / Vente,0.75
84b3a44add9ca0466da3,207,99,1192,OFFRE_001192_17a051bf4e37,Cuisinier Domestique,Non précisé,Limbe / Buea,Services / Sécurité,1.0
f005fd4db9d8ea5358d6,207,99,1193,OFFRE_001193_2ae379bbb402,Employé de Ménage,Non précisé,Limbe / Buea,Services / Sécurité,0.75
b8422418f75683615598,206,98,1194,OFFRE_001194_130fe017bcaa,Cadre comptable,Non précisé,Limbe / Buea,Finance / Comptabilité,1.0
05b9077590cb0833ed8a,206,98,1195,OFFRE_001195_35e5ec0a86d1,Cadre administratif,Non précisé,,Administration / RH,0.875
f1e755172099e42005e8,206,98,1196,OFFRE_001196_5ba05aa293c0,"Cadre Sécurité, Hygiène et Environnement",Non précisé,Ngousso,Services / Sécurité,1.0
9286af8e61cb94f04193,206,98,1197,OFFRE_001197_4f85b86d7731,Contrôleur du travail,Non précisé,Ngousso,Autre / Non classé,0.75
340d8b5317eee956c3d7,412,198,1198,OFFRE_001198_6aedebbc91f2,Enseignant du Secondaire,Non précisé,Kribi,Éducation / Formation,0.875
340d8b5317eee956c3d7,412,199,1199,OFFRE_001199_47eef0c20c70,Enseignant du Secondaire,Non précisé,Kribi,Éducation / Formation,0.875
a872b4975e7aeb22c040,207,100,1200,OFFRE_001200_adf7d93a589a,Gestionnaire des ressources humaines,Non précisé,Yaoundé,Administration / RH,1.0
d0f7b6caba540fdebf41,208,100,1201,OFFRE_001201_b1a66becca55,Scieur,Non précisé,Yaoundé (Ekoumdoum),Industrie / Maintenance,0.75
cf03f4912425c0ffef8b,206,98,1202,OFFRE_001202_4d02712afa04,Agent d'entretien,Non précisé,Yaoundé (Ekoumdoum),Services / Sécurité,0.75
6f12895c03a824d752c5,207,100,1203,OFFRE_001203_97b9c403c534,Vendeur en magasin,Non précisé,Limbe / Buea,Commerce / Vente,0.75
84b3a44add9ca0466da3,207,100,1204,OFFRE_001204_e6e4c7706fc0,Cuisinier Domestique,Non précisé,Limbe / Buea,Services / Sécurité,1.0
f005fd4db9d8ea5358d6,207,100,1205,OFFRE_001205_8206b68d9c9e,Employé de Ménage,Non précisé,Limbe / Buea,Services / Sécurité,0.75
b8422418f75683615598,206,99,1206,OFFRE_001206_690eea2e98e0,Cadre comptable,Non précisé,Limbe / Buea,Finance / Comptabilité,1.0
05b9077590cb0833ed8a,206,99,1207,OFFRE_001207_6f98bfc42b9e,Cadre administratif,Non précisé,,Administration / RH,0.875
f1e755172099e42005e8,206,99,1208,OFFRE_001208_bf484927bedd,"Cadre Sécurité, Hygiène et Environnement",Non précisé,Ngousso,Services / Sécurité,1.0
9286af8e61cb94f04193,206,99,1209,OFFRE_001209_8377cb94031d,Contrôleur du travail,Non précisé,Ngousso,Autre / Non classé,0.75
340d8b5317eee956c3d7,412,200,1210,OFFRE_001210_65d6ce19e75f,Enseignant du Secondaire,Non précisé,Kribi,Éducation / Formation,0.875
340d8b5317eee956c3d7,412,201,1211,OFFRE_001211_3a130db22683,Enseignant du Secondaire,Non précisé,Kribi,Éducation / Formation,0.875
a872b4975e7aeb22c040,207,101,1212,OFFRE_001212_789caba85f43,Gestionnaire des ressources humaines,Non précisé,Yaoundé,Administration / RH,1.0
d0f7b6caba540fdebf41,208,101,1213,OFFRE_001213_a969930d4cde,Scieur,Non précisé,Yaoundé (Ekoumdoum),Industrie / Maintenance,0.75
cf03f4912425c0ffef8b,206,99,1214,OFFRE_001214_bc99aef471aa,Agent d'entretien,Non précisé,Yaoundé (Ekoumdoum),Services / Sécurité,0.75
6f12895c03a824d752c5,207,101,1215,OFFRE_001215_3875a49ad624,Vendeur en magasin,Non précisé,Limbe / Buea,Commerce / Vente,0.75
84b3a44add9ca0466da3,207,101,1216,OFFRE_001216_44a8c69c4fc9,Cuisinier Domestique,Non précisé,Limbe / Buea,Services / Sécurité,1.0
f005fd4db9d8ea5358d6,207,101,1217,OFFRE_001217_2493730ea930,Employé de Ménage,Non précisé,Limbe / Buea,Services / Sécurité,0.75
b8422418f75683615598,206,100,1218,OFFRE_001218_13d81712e754,Cadre comptable,Non précisé,Limbe / Buea,Finance / Comptabilité,1.0
05b9077590cb0833ed8a,206,100,1219,OFFRE_001219_c3f4d6b4e375,Cadre administratif,Non précisé,,Administration / RH,0.875
f1e755172099e42005e8,206,100,1220,OFFRE_001220_0e87a00ee81c,"Cadre Sécurité, Hygiène et Environnement",Non précisé,Ngousso,Services / Sécurité,1.0
9286af8e61cb94f04193,206,100,1221,OFFRE_001221_3d471359fd15,Contrôleur du travail,Non précisé,Ngousso,Autre / Non classé,0.75
340d8b5317eee956c3d7,412,202,1222,OFFRE_001222_e638b810675f,Enseignant du Secondaire,Non précisé,Kribi,Éducation / Formation,0.875
340d8b5317eee956c3d7,412,203,1223,OFFRE_001223_1e83ca0e9d9f,Enseignant du Secondaire,Non précisé,Kribi,Éducation / Formation,0.875
a872b4975e7aeb22c040,207,102,1224,OFFRE_001224_3097f48278b2,Gestionnaire des ressources humaines,Non précisé,Yaoundé,Administration / RH,1.0
d0f7b6caba540fdebf41,208,102,1225,OFFRE_001225_415f2cdf2c80,Scieur,Non précisé,Yaoundé (Ekoumdoum),Industrie / Maintenance,0.75
cf03f4912425c0ffef8b,206,100,1226,OFFRE_001226_f1b4679fa617,Agent d'entretien,Non précisé,Yaoundé (Ekoumdoum),Services / Sécurité,0.75
6f12895c03a824d752c5,207,102,1227,OFFRE_001227_e8ec60e2e811,Vendeur en magasin,Non précisé,Limbe / Buea,Commerce / Vente,0.75
84b3a44add9ca0466da3,207,102,1228,OFFRE_001228_511344cfc481,Cuisinier Domestique,Non précisé,Limbe / Buea,Services / Sécurité,1.0
f005fd4db9d8ea5358d6,207,102,1229,OFFRE_001229_b9c8d1624257,Employé de Ménage,Non précisé,Limbe / Buea,Services / Sécurité,0.75
b8422418f75683615598,206,101,1230,OFFRE_001230_57efb71999f2,Cadre comptable,Non précisé,Limbe / Buea,Finance / Comptabilité,1.0
05b9077590cb0833ed8a,206,101,1231,OFFRE_001231_ee6245345e41,Cadre administratif,Non précisé,,Administration / RH,0.875
f1e755172099e42005e8,206,101,1232,OFFRE_001232_5bf5bbd50d06,"Cadre Sécurité, Hygiène et Environnement",Non précisé,Ngousso,Services / Sécurité,1.0
9286af8e61cb94f04193,206,101,1233,OFFRE_001233_0b84ce784ca2,Contrôleur du travail,Non précisé,Ngousso,Autre / Non classé,0.75
340d8b5317eee956c3d7,412,204,1234,OFFRE_001234_1120e650da71,Enseignant du Secondaire,Non précisé,Kribi,Éducation / Formation,0.875
340d8b5317eee956c3d7,412,205,1235,OFFRE_001235_e0fe8cc2179d,Enseignant du Secondaire,Non précisé,Kribi,Éducation / Formation,0.875
a872b4975e7aeb22c040,207,103,1236,OFFRE_001236_adb0cc680fa2,Gestionnaire des ressources humaines,Non précisé,Yaoundé,Administration / RH,1.0
d0f7b6caba540fdebf41,208,103,1237,OFFRE_001237_c850d0e0d655,Scieur,Non précisé,Yaoundé (Ekoumdoum),Industrie / Maintenance,0.75
cf03f4912425c0ffef8b,206,101,1238,OFFRE_001238_51265be637fc,Agent d'entretien,Non précisé,Yaoundé (Ekoumdoum),Services / Sécurité,0.75
6f12895c03a824d752c5,207,103,1239,OFFRE_001239_cdb30db51246,Vendeur en magasin,Non précisé,Limbe / Buea,Commerce / Vente,0.75
84b3a44add9ca0466da3,207,103,1240,OFFRE_001240_d7bdfdb05919,Cuisinier Domestique,Non précisé,Limbe / Buea,Services / Sécurité,1.0
f005fd4db9d8ea5358d6,207,103,1241,OFFRE_001241_55a47a106f41,Employé de Ménage,Non précisé,Limbe / Buea,Services / Sécurité,0.75
b8422418f75683615598,206,102,1242,OFFRE_001242_08b32802eede,Cadre comptable,Non précisé,Limbe / Buea,Finance / Comptabilité,1.0
05b9077590cb0833ed8a,206,102,1243,OFFRE_001243_f097353f621e,Cadre administratif,Non précisé,,Administration / RH,0.875
f1e755172099e42005e8,206,102,1244,OFFRE_001244_f6cd7de66061,"Cadre Sécurité, Hygiène et Environnement",Non précisé,Ngousso,Services / Sécurité,1.0
9286af8e61cb94f04193,206,102,1245,OFFRE_001245_2ba9f6d4a411,Contrôleur du travail,Non précisé,Ngousso,Autre / Non classé,0.75
340d8b5317eee956c3d7,412,206,1246,OFFRE_001246_ca661cfbb74f,Enseignant du Secondaire,Non précisé,Kribi,Éducation / Formation,0.875
340d8b5317eee956c3d7,412,207,1247,OFFRE_001247_78f8c462e1cd,Enseignant du Secondaire,Non précisé,Kribi,Éducation / Formation,0.875
a872b4975e7aeb22c040,207,104,1248,OFFRE_001248_673db2ab264d,Gestionnaire des ressources humaines,Non précisé,Yaoundé,Administration / RH,1.0
d0f7b6caba540fdebf41,208,104,1249,OFFRE_001249_52719ceb839b,Scieur,Non précisé,Yaoundé (Ekoumdoum),Industrie / Maintenance,0.75
cf03f4912425c0ffef8b,206,102,1250,OFFRE_001250_2cbb8ffa813f,Agent d'entretien,Non précisé,Yaoundé (Ekoumdoum),Services / Sécurité,0.75
6f12895c03a824d752c5,207,104,1251,OFFRE_001251_393c04a4dcec,Vendeur en magasin,Non précisé,Limbe / Buea,Commerce / Vente,0.75
84b3a44add9ca0466da3,207,104,1252,OFFRE_001252_57b21db68ae4,Cuisinier Domestique,Non précisé,Limbe / Buea,Services / Sécurité,1.0
f005fd4db9d8ea5358d6,207,104,1253,OFFRE_001253_0621c03b85bb,Employé de Ménage,Non précisé,Limbe / Buea,Services / Sécurité,0.75
b8422418f75683615598,206,103,1254,OFFRE_001254_e85b323aa8a9,Cadre comptable,Non précisé,Limbe / Buea,Finance / Comptabilité,1.0
05b9077590cb0833ed8a,206,103,1255,OFFRE_001255_a29e5225d864,Cadre administratif,Non précisé,,Administration / RH,0.875
f1e755172099e42005e8,206,103,1256,OFFRE_001256_73d929fd20bf,"Cadre Sécurité, Hygiène et Environnement",Non précisé,Ngousso,Services / Sécurité,1.0
9286af8e61cb94f04193,206,103,1257,OFFRE_001257_da3fb37de94d,Contrôleur du travail,Non précisé,Ngousso,Autre / Non classé,0.75
340d8b5317eee956c3d7,412,208,1258,OFFRE_001258_6a7b3c5e8bb1,Enseignant du Secondaire,Non précisé,Kribi,Éducation / Formation,0.875
340d8b5317eee956c3d7,412,209,1259,OFFRE_001259_c5df47c848c8,Enseignant du Secondaire,Non précisé,Kribi,Éducation / Formation,0.875
a872b4975e7aeb22c040,207,105,1260,OFFRE_001260_cf9016e56403,Gestionnaire des ressources humaines,Non précisé,Yaoundé,Administration / RH,1.0
d0f7b6caba540fdebf41,208,105,1261,OFFRE_001261_7b545a0feab4,Scieur,Non précisé,Yaoundé (Ekoumdoum),Industrie / Maintenance,0.75
cf03f4912425c0ffef8b,206,103,1262,OFFRE_001262_2a6a5c47a5e5,Agent d'entretien,Non précisé,Yaoundé (Ekoumdoum),Services / Sécurité,0.75
6f12895c03a824d752c5,207,105,1263,OFFRE_001263_7f99ccb20e06,Vendeur en magasin,Non précisé,Limbe / Buea,Commerce / Vente,0.75
84b3a44add9ca0466da3,207,105,1264,OFFRE_001264_821d45d8c07b,Cuisinier Domestique,Non précisé,Limbe / Buea,Services / Sécurité,1.0
f005fd4db9d8ea5358d6,207,105,1265,OFFRE_001265_d5072d68dfe4,Employé de Ménage,Non précisé,Limbe / Buea,Services / Sécurité,0.75
b8422418f75683615598,206,104,1266,OFFRE_001266_e07a142b2a5b,Cadre comptable,Non précisé,Limbe / Buea,Finance / Comptabilité,1.0
05b9077590cb0833ed8a,206,104,1267,OFFRE_001267_13c3dc2e6c3f,Cadre administratif,Non précisé,,Administration / RH,0.875
f1e755172099e42005e8,206,104,1268,OFFRE_001268_a2edbd9c003f,"Cadre Sécurité, Hygiène et Environnement",Non précisé,Ngousso,Services / Sécurité,1.0
9286af8e61cb94f04193,206,104,1269,OFFRE_001269_506053427cce,Contrôleur du travail,Non précisé,Ngousso,Autre / Non classé,0.75
340d8b5317eee956c3d7,412,210,1270,OFFRE_001270_60adc2459e39,Enseignant du Secondaire,Non précisé,Kribi,Éducation / Formation,0.875
340d8b5317eee956c3d7,412,211,1271,OFFRE_001271_4d4a5fed56bc,Enseignant du Secondaire,Non précisé,Kribi,Éducation / Formation,0.875
a872b4975e7aeb22c040,207,106,1272,OFFRE_001272_526c9afa5bd4,Gestionnaire des ressources humaines,Non précisé,Yaoundé,Administration / RH,1.0
d0f7b6caba540fdebf41,208,106,1273,OFFRE_001273_0edde8e43647,Scieur,Non précisé,Yaoundé (Ekoumdoum),Industrie / Maintenance,0.75
cf03f4912425c0ffef8b,206,104,1274,OFFRE_001274_7c7bc3846f32,Agent d'entretien,Non précisé,Yaoundé (Ekoumdoum),Services / Sécurité,0.75
6f12895c03a824d752c5,207,106,1275,OFFRE_001275_4257107faaa9,Vendeur en magasin,Non précisé,Limbe / Buea,Commerce / Vente,0.75
84b3a44add9ca0466da3,207,106,1276,OFFRE_001276_72e95c93b885,Cuisinier Domestique,Non précisé,Limbe / Buea,Services / Sécurité,1.0
f005fd4db9d8ea5358d6,207,106,1277,OFFRE_001277_dda931c4e693,Employé de Ménage,Non précisé,Limbe / Buea,Services / Sécurité,0.75
b8422418f75683615598,206,105,1278,OFFRE_001278_253e5bb23cf0,Cadre comptable,Non précisé,Limbe / Buea,Finance / Comptabilité,1.0
05b9077590cb0833ed8a,206,105,1279,OFFRE_001279_a5d26276b2c3,Cadre administratif,Non précisé,,Administration / RH,0.875
f1e755172099e42005e8,206,105,1280,OFFRE_001280_20f7f291ff80,"Cadre Sécurité, Hygiène et Environnement",Non précisé,Ngousso,Services / Sécurité,1.0
9286af8e61cb94f04193,206,105,1281,OFFRE_001281_2b29015abc51,Contrôleur du travail,Non précisé,Ngousso,Autre / Non classé,0.75
340d8b5317eee956c3d7,412,212,1282,OFFRE_001282_8bcc1a30573d,Enseignant du Secondaire,Non précisé,Kribi,Éducation / Formation,0.875
340d8b5317eee956c3d7,412,213,1283,OFFRE_001283_b41120043dde,Enseignant du Secondaire,Non précisé,Kribi,Éducation / Formation,0.875
a872b4975e7aeb22c040,207,107,1284,OFFRE_001284_9aa7f3ae98ec,Gestionnaire des ressources humaines,Non précisé,Yaoundé,Administration / RH,1.0
d0f7b6caba540fdebf41,208,107,1285,OFFRE_001285_2a4eb4de1655,Scieur,Non précisé,Yaoundé (Ekoumdoum),Industrie / Maintenance,0.75
cf03f4912425c0ffef8b,206,105,1286,OFFRE_001286_5058f6eece4f,Agent d'entretien,Non précisé,Yaoundé (Ekoumdoum),Services / Sécurité,0.75
6f12895c03a824d752c5,207,107,1287,OFFRE_001287_d3e2c47d9d94,Vendeur en magasin,Non précisé,Limbe / Buea,Commerce / Vente,0.75
84b3a44add9ca0466da3,207,107,1288,OFFRE_001288_399aecb0191f,Cuisinier Domestique,Non précisé,Limbe / Buea,Services / Sécurité,1.0
f005fd4db9d8ea5358d6,207,107,1289,OFFRE_001289_966cebfe31b2,Employé de Ménage,Non précisé,Limbe / Buea,Services / Sécurité,0.75
b8422418f75683615598,206,106,1290,OFFRE_001290_207ff979d24e,Cadre comptable,Non précisé,Limbe / Buea,Finance / Comptabilité,1.0
05b9077590cb0833ed8a,206,106,1291,OFFRE_001291_0b8816ecdb5c,Cadre administratif,Non précisé,,Administration / RH,0.875
f1e755172099e42005e8,206,106,1292,OFFRE_001292_14f9888f76cb,"Cadre Sécurité, Hygiène et Environnement",Non précisé,Ngousso,Services / Sécurité,1.0
9286af8e61cb94f04193,206,106,1293,OFFRE_001293_c22df007e282,Contrôleur du travail,Non précisé,Ngousso,Autre / Non classé,0.75
340d8b5317eee956c3d7,412,214,1294,OFFRE_001294_b2bb1a68dfe2,Enseignant du Secondaire,Non précisé,Kribi,Éducation / Formation,0.875
340d8b5317eee956c3d7,412,215,1295,OFFRE_001295_4298d32fffe9,Enseignant du Secondaire,Non précisé,Kribi,Éducation / Formation,0.875
a872b4975e7aeb22c040,207,108,1296,OFFRE_001296_c794ca005bb6,Gestionnaire des ressources humaines,Non précisé,Yaoundé,Administration / RH,1.0
d0f7b6caba540fdebf41,208,108,1297,OFFRE_001297_5bab13eefd63,Scieur,Non précisé,Yaoundé (Ekoumdoum),Industrie / Maintenance,0.75
cf03f4912425c0ffef8b,206,106,1298,OFFRE_001298_d4a878cd449a,Agent d'entretien,Non précisé,Yaoundé (Ekoumdoum),Services / Sécurité,0.75
6f12895c03a824d752c5,207,108,1299,OFFRE_001299_0067e8069702,Vendeur en magasin,Non précisé,Limbe / Buea,Commerce / Vente,0.75
84b3a44add9ca0466da3,207,108,1300,OFFRE_001300_4025bc7ade2e,Cuisinier Domestique,Non précisé,Limbe / Buea,Services / Sécurité,1.0
f005fd4db9d8ea5358d6,207,108,1301,OFFRE_001301_ba735f6e8e8a,Employé de Ménage,Non précisé,Limbe / Buea,Services / Sécurité,0.75
b8422418f75683615598,206,107,1302,OFFRE_001302_89fbdb1fe1e5,Cadre comptable,Non précisé,Limbe / Buea,Finance / Comptabilité,1.0
05b9077590cb0833ed8a,206,107,1303,OFFRE_001303_396d5da3e06c,Cadre administratif,Non précisé,,Administration / RH,0.875
f1e755172099e42005e8,206,107,1304,OFFRE_001304_765afb3dca88,"Cadre Sécurité, Hygiène et Environnement",Non précisé,Ngousso,Services / Sécurité,1.0
9286af8e61cb94f04193,206,107,1305,OFFRE_001305_90abfe4d88b7,Contrôleur du travail,Non précisé,Ngousso,Autre / Non classé,0.75
340d8b5317eee956c3d7,412,216,1306,OFFRE_001306_feed6efc60c8,Enseignant du Secondaire,Non précisé,Kribi,Éducation / Formation,0.875
340d8b5317eee956c3d7,412,217,1307,OFFRE_001307_18428c18b227,Enseignant du Secondaire,Non précisé,Kribi,Éducation / Formation,0.875
a872b4975e7aeb22c040,207,109,1308,OFFRE_001308_d2b46d21d287,Gestionnaire des ressources humaines,Non précisé,Yaoundé,Administration / RH,1.0
d0f7b6caba540fdebf41,208,109,1309,OFFRE_001309_d74eeafbbfe7,Scieur,Non précisé,Yaoundé (Ekoumdoum),Industrie / Maintenance,0.75
cf03f4912425c0ffef8b,206,107,1310,OFFRE_001310_6df43791ae54,Agent d'entretien,Non précisé,Yaoundé (Ekoumdoum),Services / Sécurité,0.75
6f12895c03a824d752c5,207,109,1311,OFFRE_001311_a8ff185847de,Vendeur en magasin,Non précisé,Limbe / Buea,Commerce / Vente,0.75
84b3a44add9ca0466da3,207,109,1312,OFFRE_001312_45a51acd27d1,Cuisinier Domestique,Non précisé,Limbe / Buea,Services / Sécurité,1.0
f005fd4db9d8ea5358d6,207,109,1313,OFFRE_001313_8f82a7459a60,Employé de Ménage,Non précisé,Limbe / Buea,Services / Sécurité,0.75
b8422418f75683615598,206,108,1314,OFFRE_001314_45afb10f00d7,Cadre comptable,Non précisé,Limbe / Buea,Finance / Comptabilité,1.0
05b9077590cb0833ed8a,206,108,1315,OFFRE_001315_5f92ce53fd14,Cadre administratif,Non précisé,,Administration / RH,0.875
f1e755172099e42005e8,206,108,1316,OFFRE_001316_cf97f640c819,"Cadre Sécurité, Hygiène et Environnement",Non précisé,Ngousso,Services / Sécurité,1.0
9286af8e61cb94f04193,206,108,1317,OFFRE_001317_af122c537e48,Contrôleur du travail,Non précisé,Ngousso,Autre / Non classé,0.75
340d8b5317eee956c3d7,412,218,1318,OFFRE_001318_47432844ad83,Enseignant du Secondaire,Non précisé,Kribi,Éducation / Formation,0.875
340d8b5317eee956c3d7,412,219,1319,OFFRE_001319_e187bde0b12e,Enseignant du Secondaire,Non précisé,Kribi,Éducation / Formation,0.875
a872b4975e7aeb22c040,207,110,1320,OFFRE_001320_75c9a7722bb6,Gestionnaire des ressources humaines,Non précisé,Yaoundé,Administration / RH,1.0
d0f7b6caba540fdebf41,208,110,1321,OFFRE_001321_d9ed77de666a,Scieur,Non précisé,Yaoundé (Ekoumdoum),Industrie / Maintenance,0.75
cf03f4912425c0ffef8b,206,108,1322,OFFRE_001322_11d6e86689e7,Agent d'entretien,Non précisé,Yaoundé (Ekoumdoum),Services / Sécurité,0.75
6f12895c03a824d752c5,207,110,1323,OFFRE_001323_762bc8c21e40,Vendeur en magasin,Non précisé,Limbe / Buea,Commerce / Vente,0.75
84b3a44add9ca0466da3,207,110,1324,OFFRE_001324_ca8cebf1ae14,Cuisinier Domestique,Non précisé,Limbe / Buea,Services / Sécurité,1.0
f005fd4db9d8ea5358d6,207,110,1325,OFFRE_001325_0f803c934c97,Employé de Ménage,Non précisé,Limbe / Buea,Services / Sécurité,0.75
b8422418f75683615598,206,109,1326,OFFRE_001326_eecda3fb98d8,Cadre comptable,Non précisé,Limbe / Buea,Finance / Comptabilité,1.0
05b9077590cb0833ed8a,206,109,1327,OFFRE_001327_f56a93a5f15c,Cadre administratif,Non précisé,,Administration / RH,0.875
f1e755172099e42005e8,206,109,1328,OFFRE_001328_f5ab6ad45b71,"Cadre Sécurité, Hygiène et Environnement",Non précisé,Ngousso,Services / Sécurité,1.0
9286af8e61cb94f04193,206,109,1329,OFFRE_001329_80c643fb4c5d,Contrôleur du travail,Non précisé,Ngousso,Autre / Non classé,0.75
340d8b5317eee956c3d7,412,220,1330,OFFRE_001330_096ce2946baa,Enseignant du Secondaire,Non précisé,Kribi,Éducation / Formation,0.875
340d8b5317eee956c3d7,412,221,1331,OFFRE_001331_c12421e7b3bd,Enseignant du Secondaire,Non précisé,Kribi,Éducation / Formation,0.875
a872b4975e7aeb22c040,207,111,1332,OFFRE_001332_729cc0df2f03,Gestionnaire des ressources humaines,Non précisé,Yaoundé,Administration / RH,1.0
d0f7b6caba540fdebf41,208,111,1333,OFFRE_001333_0e41fd4a647d,Scieur,Non précisé,Yaoundé (Ekoumdoum),Industrie / Maintenance,0.75
cf03f4912425c0ffef8b,206,109,1334,OFFRE_001334_37121d06a5f4,Agent d'entretien,Non précisé,Yaoundé (Ekoumdoum),Services / Sécurité,0.75
6f12895c03a824d752c5,207,111,1335,OFFRE_001335_16b9399ffdf4,Vendeur en magasin,Non précisé,Limbe / Buea,Commerce / Vente,0.75
84b3a44add9ca0466da3,207,111,1336,OFFRE_001336_706958b2507d,Cuisinier Domestique,Non précisé,Limbe / Buea,Services / Sécurité,1.0
f005fd4db9d8ea5358d6,207,111,1337,OFFRE_001337_f64b82e5fb5b,Employé de Ménage,Non précisé,Limbe / Buea,Services / Sécurité,0.75
b8422418f75683615598,206,110,1338,OFFRE_001338_e0ed720a814a,Cadre comptable,Non précisé,Limbe / Buea,Finance / Comptabilité,1.0
05b9077590cb0833ed8a,206,110,1339,OFFRE_001339_9adeb0b973b6,Cadre administratif,Non précisé,,Administration / RH,0.875
f1e755172099e42005e8,206,110,1340,OFFRE_001340_06f5becdf020,"Cadre Sécurité, Hygiène et Environnement",Non précisé,Ngousso,Services / Sécurité,1.0
9286af8e61cb94f04193,206,110,1341,OFFRE_001341_dfb41f940df9,Contrôleur du travail,Non précisé,Ngousso,Autre / Non classé,0.75
340d8b5317eee956c3d7,412,222,1342,OFFRE_001342_612ac42dc5e8,Enseignant du Secondaire,Non précisé,Kribi,Éducation / Formation,0.875
340d8b5317eee956c3d7,412,223,1343,OFFRE_001343_58985c5e80f8,Enseignant du Secondaire,Non précisé,Kribi,Éducation / Formation,0.875
a872b4975e7aeb22c040,207,112,1344,OFFRE_001344_39d9ea7c0888,Gestionnaire des ressources humaines,Non précisé,Yaoundé,Administration / RH,1.0
d0f7b6caba540fdebf41,208,112,1345,OFFRE_001345_56d9eb90bb4e,Scieur,Non précisé,Yaoundé (Ekoumdoum),Industrie / Maintenance,0.75
cf03f4912425c0ffef8b,206,110,1346,OFFRE_001346_57599fa7dfc3,Agent d'entretien,Non précisé,Yaoundé (Ekoumdoum),Services / Sécurité,0.75
6f12895c03a824d752c5,207,112,1347,OFFRE_001347_2721ee61b988,Vendeur en magasin,Non précisé,Limbe / Buea,Commerce / Vente,0.75
84b3a44add9ca0466da3,207,112,1348,OFFRE_001348_b5599e43e87b,Cuisinier Domestique,Non précisé,Limbe / Buea,Services / Sécurité,1.0
f005fd4db9d8ea5358d6,207,112,1349,OFFRE_001349_105ddfd1b71f,Employé de Ménage,Non précisé,Limbe / Buea,Services / Sécurité,0.75
b8422418f75683615598,206,111,1350,OFFRE_001350_b091b9f35efc,Cadre comptable,Non précisé,Limbe / Buea,Finance / Comptabilité,1.0
05b9077590cb0833ed8a,206,111,1351,OFFRE_001351_c9c4f4c77bd2,Cadre administratif,Non précisé,,Administration / RH,0.875
f1e755172099e42005e8,206,111,1352,OFFRE_001352_bc2f5a6cdea7,"Cadre Sécurité, Hygiène et Environnement",Non précisé,Ngousso,Services / Sécurité,1.0
9286af8e61cb94f04193,206,111,1353,OFFRE_001353_7d28017a04c7,Contrôleur du travail,Non précisé,Ngousso,Autre / Non classé,0.75
340d8b5317eee956c3d7,412,224,1354,OFFRE_001354_1b6cf3a4be33,Enseignant du Secondaire,Non précisé,Kribi,Éducation / Formation,0.875
340d8b5317eee956c3d7,412,225,1355,OFFRE_001355_eb7073033cbb,Enseignant du Secondaire,Non précisé,Kribi,Éducation / Formation,0.875
a872b4975e7aeb22c040,207,113,1356,OFFRE_001356_1a1605497958,Gestionnaire des ressources humaines,Non précisé,Yaoundé,Administration / RH,1.0
d0f7b6caba540fdebf41,208,113,1357,OFFRE_001357_4720980055c9,Scieur,Non précisé,Yaoundé (Ekoumdoum),Industrie / Maintenance,0.75
cf03f4912425c0ffef8b,206,111,1358,OFFRE_001358_19617e5b5139,Agent d'entretien,Non précisé,Yaoundé (Ekoumdoum),Services / Sécurité,0.75
6f12895c03a824d752c5,207,113,1359,OFFRE_001359_daeb4177f3f9,Vendeur en magasin,Non précisé,Limbe / Buea,Commerce / Vente,0.75
84b3a44add9ca0466da3,207,113,1360,OFFRE_001360_ec7afa219a64,Cuisinier Domestique,Non précisé,Limbe / Buea,Services / Sécurité,1.0
f005fd4db9d8ea5358d6,207,113,1361,OFFRE_001361_f043622371eb,Employé de Ménage,Non précisé,Limbe / Buea,Services / Sécurité,0.75
b8422418f75683615598,206,112,1362,OFFRE_001362_53fa0e9e25a1,Cadre comptable,Non précisé,Limbe / Buea,Finance / Comptabilité,1.0
05b9077590cb0833ed8a,206,112,1363,OFFRE_001363_8bd0df070ece,Cadre administratif,Non précisé,,Administration / RH,0.875
f1e755172099e42005e8,206,112,1364,OFFRE_001364_e6e3c31fac37,"Cadre Sécurité, Hygiène et Environnement",Non précisé,Ngousso,Services / Sécurité,1.0
9286af8e61cb94f04193,206,112,1365,OFFRE_001365_8e075102abdc,Contrôleur du travail,Non précisé,Ngousso,Autre / Non classé,0.75
340d8b5317eee956c3d7,412,226,1366,OFFRE_001366_7e7b17753e22,Enseignant du Secondaire,Non précisé,Kribi,Éducation / Formation,0.875
340d8b5317eee956c3d7,412,227,1367,OFFRE_001367_2b63ddcd17d0,Enseignant du Secondaire,Non précisé,Kribi,Éducation / Formation,0.875
a872b4975e7aeb22c040,207,114,1368,OFFRE_001368_97fb932ae8a9,Gestionnaire des ressources humaines,Non précisé,Yaoundé,Administration / RH,1.0
d0f7b6caba540fdebf41,208,114,1369,OFFRE_001369_6a8791e24eeb,Scieur,Non précisé,Yaoundé (Ekoumdoum),Industrie / Maintenance,0.75
cf03f4912425c0ffef8b,206,112,1370,OFFRE_001370_67449b76f15a,Agent d'entretien,Non précisé,Yaoundé (Ekoumdoum),Services / Sécurité,0.75
6f12895c03a824d752c5,207,114,1371,OFFRE_001371_0fdfe7ec4b13,Vendeur en magasin,Non précisé,Limbe / Buea,Commerce / Vente,0.75
84b3a44add9ca0466da3,207,114,1372,OFFRE_001372_102f7f1e0f6f,Cuisinier Domestique,Non précisé,Limbe / Buea,Services / Sécurité,1.0
f005fd4db9d8ea5358d6,207,114,1373,OFFRE_001373_08b40be7a775,Employé de Ménage,Non précisé,Limbe / Buea,Services / Sécurité,0.75
b8422418f75683615598,206,113,1374,OFFRE_001374_0e763c5f544f,Cadre comptable,Non précisé,Limbe / Buea,Finance / Comptabilité,1.0
05b9077590cb0833ed8a,206,113,1375,OFFRE_001375_0f55e3c2ecd7,Cadre administratif,Non précisé,,Administration / RH,0.875
f1e755172099e42005e8,206,113,1376,OFFRE_001376_282344e7bcc0,"Cadre Sécurité, Hygiène et Environnement",Non précisé,Ngousso,Services / Sécurité,1.0
9286af8e61cb94f04193,206,113,1377,OFFRE_001377_70c026a177f8,Contrôleur du travail,Non précisé,Ngousso,Autre / Non classé,0.75
340d8b5317eee956c3d7,412,228,1378,OFFRE_001378_69998e1810bd,Enseignant du Secondaire,Non précisé,Kribi,Éducation / Formation,0.875
340d8b5317eee956c3d7,412,229,1379,OFFRE_001379_4b3ec9bc0655,Enseignant du Secondaire,Non précisé,Kribi,Éducation / Formation,0.875
a872b4975e7aeb22c040,207,115,1380,OFFRE_001380_edc1f80582ea,Gestionnaire des ressources humaines,Non précisé,Yaoundé,Administration / RH,1.0
d0f7b6caba540fdebf41,208,115,1381,OFFRE_001381_d324dc0c9c69,Scieur,Non précisé,Yaoundé (Ekoumdoum),Industrie / Maintenance,0.75
cf03f4912425c0ffef8b,206,113,1382,OFFRE_001382_73e17e4ea004,Agent d'entretien,Non précisé,Yaoundé (Ekoumdoum),Services / Sécurité,0.75
6f12895c03a824d752c5,207,115,1383,OFFRE_001383_40ce6b30b94e,Vendeur en magasin,Non précisé,Limbe / Buea,Commerce / Vente,0.75
84b3a44add9ca0466da3,207,115,1384,OFFRE_001384_f492edd1f411,Cuisinier Domestique,Non précisé,Limbe / Buea,Services / Sécurité,1.0
f005fd4db9d8ea5358d6,207,115,1385,OFFRE_001385_ad5dec3a71de,Employé de Ménage,Non précisé,Limbe / Buea,Services / Sécurité,0.75
b8422418f75683615598,206,114,1386,OFFRE_001386_30d32b3d0a9c,Cadre comptable,Non précisé,Limbe / Buea,Finance / Comptabilité,1.0
05b9077590cb0833ed8a,206,114,1387,OFFRE_001387_0df4f5766fb7,Cadre administratif,Non précisé,,Administration / RH,0.875
f1e755172099e42005e8,206,114,1388,OFFRE_001388_1b49170d5519,"Cadre Sécurité, Hygiène et Environnement",Non précisé,Ngousso,Services / Sécurité,1.0
9286af8e61cb94f04193,206,114,1389,OFFRE_001389_4518173307b5,Contrôleur du travail,Non précisé,Ngousso,Autre / Non classé,0.75
340d8b5317eee956c3d7,412,230,1390,OFFRE_001390_ecd269c0b839,Enseignant du Secondaire,Non précisé,Kribi,Éducation / Formation,0.875
340d8b5317eee956c3d7,412,231,1391,OFFRE_001391_c9527923768a,Enseignant du Secondaire,Non précisé,Kribi,Éducation / Formation,0.875
a872b4975e7aeb22c040,207,116,1392,OFFRE_001392_3724576a1882,Gestionnaire des ressources humaines,Non précisé,Yaoundé,Administration / RH,1.0
d0f7b6caba540fdebf41,208,116,1393,OFFRE_001393_2c6129129c27,Scieur,Non précisé,Yaoundé (Ekoumdoum),Industrie / Maintenance,0.75
cf03f4912425c0ffef8b,206,114,1394,OFFRE_001394_27e1dbf9f0df,Agent d'entretien,Non précisé,Yaoundé (Ekoumdoum),Services / Sécurité,0.75
6f12895c03a824d752c5,207,116,1395,OFFRE_001395_ded59bc0da1f,Vendeur en magasin,Non précisé,Limbe / Buea,Commerce / Vente,0.75
84b3a44add9ca0466da3,207,116,1396,OFFRE_001396_94ba7805f8ec,Cuisinier Domestique,Non précisé,Limbe / Buea,Services / Sécurité,1.0
f005fd4db9d8ea5358d6,207,116,1397,OFFRE_001397_942030f6f3f9,Employé de Ménage,Non précisé,Limbe / Buea,Services / Sécurité,0.75
b8422418f75683615598,206,115,1398,OFFRE_001398_8bf2ac44c460,Cadre comptable,Non précisé,Limbe / Buea,Finance / Comptabilité,1.0
05b9077590cb0833ed8a,206,115,1399,OFFRE_001399_64b90f871919,Cadre administratif,Non précisé,,Administration / RH,0.875
f1e755172099e42005e8,206,115,1400,OFFRE_001400_db12635bbf38,"Cadre Sécurité, Hygiène et Environnement",Non précisé,Ngousso,Services / Sécurité,1.0
9286af8e61cb94f04193,206,115,1401,OFFRE_001401_1959afc87715,Contrôleur du travail,Non précisé,Ngousso,Autre / Non classé,0.75
340d8b5317eee956c3d7,412,232,1402,OFFRE_001402_85ee83f61347,Enseignant du Secondaire,Non précisé,Kribi,Éducation / Formation,0.875
340d8b5317eee956c3d7,412,233,1403,OFFRE_001403_749e0a21d296,Enseignant du Secondaire,Non précisé,Kribi,Éducation / Formation,0.875
a872b4975e7aeb22c040,207,117,1404,OFFRE_001404_4d04b7fc3592,Gestionnaire des ressources humaines,Non précisé,Yaoundé,Administration / RH,1.0
d0f7b6caba540fdebf41,208,117,1405,OFFRE_001405_a02dbbb63df6,Scieur,Non précisé,Yaoundé (Ekoumdoum),Industrie / Maintenance,0.75
cf03f4912425c0ffef8b,206,115,1406,OFFRE_001406_5dcc85797612,Agent d'entretien,Non précisé,Yaoundé (Ekoumdoum),Services / Sécurité,0.75
6f12895c03a824d752c5,207,117,1407,OFFRE_001407_aabd6e73dd5d,Vendeur en magasin,Non précisé,Limbe / Buea,Commerce / Vente,0.75
84b3a44add9ca0466da3,207,117,1408,OFFRE_001408_dea73d09d3f7,Cuisinier Domestique,Non précisé,Limbe / Buea,Services / Sécurité,1.0
f005fd4db9d8ea5358d6,207,117,1409,OFFRE_001409_6486d42dcf6c,Employé de Ménage,Non précisé,Limbe / Buea,Services / Sécurité,0.75
b8422418f75683615598,206,116,1410,OFFRE_001410_5338d341a3b0,Cadre comptable,Non précisé,Limbe / Buea,Finance / Comptabilité,1.0
05b9077590cb0833ed8a,206,116,1411,OFFRE_001411_7665bbb45ba7,Cadre administratif,Non précisé,,Administration / RH,0.875
f1e755172099e42005e8,206,116,1412,OFFRE_001412_b1c40d841dc4,"Cadre Sécurité, Hygiène et Environnement",Non précisé,Ngousso,Services / Sécurité,1.0
9286af8e61cb94f04193,206,116,1413,OFFRE_001413_327cfbd238e8,Contrôleur du travail,Non précisé,Ngousso,Autre / Non classé,0.75
340d8b5317eee956c3d7,412,234,1414,OFFRE_001414_4337b3d02030,Enseignant du Secondaire,Non précisé,Kribi,Éducation / Formation,0.875
340d8b5317eee956c3d7,412,235,1415,OFFRE_001415_40a564de792b,Enseignant du Secondaire,Non précisé,Kribi,Éducation / Formation,0.875
a872b4975e7aeb22c040,207,118,1416,OFFRE_001416_4b60e0258f06,Gestionnaire des ressources humaines,Non précisé,Yaoundé,Administration / RH,1.0
d0f7b6caba540fdebf41,208,118,1417,OFFRE_001417_300ab84e6390,Scieur,Non précisé,Yaoundé (Ekoumdoum),Industrie / Maintenance,0.75
cf03f4912425c0ffef8b,206,116,1418,OFFRE_001418_1a6934f6767b,Agent d'entretien,Non précisé,Yaoundé (Ekoumdoum),Services / Sécurité,0.75
6f12895c03a824d752c5,207,118,1419,OFFRE_001419_4a8f3fe726a5,Vendeur en magasin,Non précisé,Limbe / Buea,Commerce / Vente,0.75
84b3a44add9ca0466da3,207,118,1420,OFFRE_001420_a0364c82f698,Cuisinier Domestique,Non précisé,Limbe / Buea,Services / Sécurité,1.0
f005fd4db9d8ea5358d6,207,118,1421,OFFRE_001421_1b6776334b94,Employé de Ménage,Non précisé,Limbe / Buea,Services / Sécurité,0.75
b8422418f75683615598,206,117,1422,OFFRE_001422_be26f284ee63,Cadre comptable,Non précisé,Limbe / Buea,Finance / Comptabilité,1.0
05b9077590cb0833ed8a,206,117,1423,OFFRE_001423_7da2031c03bf,Cadre administratif,Non précisé,,Administration / RH,0.875
f1e755172099e42005e8,206,117,1424,OFFRE_001424_ff79f5457861,"Cadre Sécurité, Hygiène et Environnement",Non précisé,Ngousso,Services / Sécurité,1.0
9286af8e61cb94f04193,206,117,1425,OFFRE_001425_4551cd4f36e1,Contrôleur du travail,Non précisé,Ngousso,Autre / Non classé,0.75
340d8b5317eee956c3d7,412,236,1426,OFFRE_001426_d3816f38f711,Enseignant du Secondaire,Non précisé,Kribi,Éducation / Formation,0.875
340d8b5317eee956c3d7,412,237,1427,OFFRE_001427_59d645158fa0,Enseignant du Secondaire,Non précisé,Kribi,Éducation / Formation,0.875
a872b4975e7aeb22c040,207,119,1428,OFFRE_001428_af41813b7180,Gestionnaire des ressources humaines,Non précisé,Yaoundé,Administration / RH,1.0
d0f7b6caba540fdebf41,208,119,1429,OFFRE_001429_7bedb3e20a6d,Scieur,Non précisé,Yaoundé (Ekoumdoum),Industrie / Maintenance,0.75
cf03f4912425c0ffef8b,206,117,1430,OFFRE_001430_b6b31c9e8481,Agent d'entretien,Non précisé,Yaoundé (Ekoumdoum),Services / Sécurité,0.75
6f12895c03a824d752c5,207,119,1431,OFFRE_001431_c9a8fee9fda2,Vendeur en magasin,Non précisé,Limbe / Buea,Commerce / Vente,0.75
84b3a44add9ca0466da3,207,119,1432,OFFRE_001432_10d1f05fc529,Cuisinier Domestique,Non précisé,Limbe / Buea,Services / Sécurité,1.0
f005fd4db9d8ea5358d6,207,119,1433,OFFRE_001433_1ca6196f97c8,Employé de Ménage,Non précisé,Limbe / Buea,Services / Sécurité,0.75
b8422418f75683615598,206,118,1434,OFFRE_001434_8bc005c1b1c4,Cadre comptable,Non précisé,Limbe / Buea,Finance / Comptabilité,1.0
05b9077590cb0833ed8a,206,118,1435,OFFRE_001435_ef8dc159049c,Cadre administratif,Non précisé,,Administration / RH,0.875
f1e755172099e42005e8,206,118,1436,OFFRE_001436_c28bda7a2162,"Cadre Sécurité, Hygiène et Environnement",Non précisé,Ngousso,Services / Sécurité,1.0
9286af8e61cb94f04193,206,118,1437,OFFRE_001437_96c163191715,Contrôleur du travail,Non précisé,Ngousso,Autre / Non classé,0.75
340d8b5317eee956c3d7,412,238,1438,OFFRE_001438_7a5753921d82,Enseignant du Secondaire,Non précisé,Kribi,Éducation / Formation,0.875
340d8b5317eee956c3d7,412,239,1439,OFFRE_001439_3ffa67ec4f60,Enseignant du Secondaire,Non précisé,Kribi,Éducation / Formation,0.875
a872b4975e7aeb22c040,207,120,1440,OFFRE_001440_bd2f685a1cdb,Gestionnaire des ressources humaines,Non précisé,Yaoundé,Administration / RH,1.0
d0f7b6caba540fdebf41,208,120,1441,OFFRE_001441_403393a8b1e5,Scieur,Non précisé,Yaoundé (Ekoumdoum),Industrie / Maintenance,0.75
cf03f4912425c0ffef8b,206,118,1442,OFFRE_001442_2ec8f47e0ba8,Agent d'entretien,Non précisé,Yaoundé (Ekoumdoum),Services / Sécurité,0.75
6f12895c03a824d752c5,207,120,1443,OFFRE_001443_1b994bf6e5ee,Vendeur en magasin,Non précisé,Limbe / Buea,Commerce / Vente,0.75
84b3a44add9ca0466da3,207,120,1444,OFFRE_001444_27c58a19c333,Cuisinier Domestique,Non précisé,Limbe / Buea,Services / Sécurité,1.0
f005fd4db9d8ea5358d6,207,120,1445,OFFRE_001445_034a5db1e8d2,Employé de Ménage,Non précisé,Limbe / Buea,Services / Sécurité,0.75
b8422418f75683615598,206,119,1446,OFFRE_001446_d464ba2f3673,Cadre comptable,Non précisé,Limbe / Buea,Finance / Comptabilité,1.0
05b9077590cb0833ed8a,206,119,1447,OFFRE_001447_c2616e3cb4f0,Cadre administratif,Non précisé,,Administration / RH,0.875
f1e755172099e42005e8,206,119,1448,OFFRE_001448_27b0a5726b5d,"Cadre Sécurité, Hygiène et Environnement",Non précisé,Ngousso,Services / Sécurité,1.0
9286af8e61cb94f04193,206,119,1449,OFFRE_001449_3df43d0ad90b,Contrôleur du travail,Non précisé,Ngousso,Autre / Non classé,0.75
340d8b5317eee956c3d7,412,240,1450,OFFRE_001450_53324af99bae,Enseignant du Secondaire,Non précisé,Kribi,Éducation / Formation,0.875
340d8b5317eee956c3d7,412,241,1451,OFFRE_001451_2109eb352e3e,Enseignant du Secondaire,Non précisé,Kribi,Éducation / Formation,0.875
a872b4975e7aeb22c040,207,121,1452,OFFRE_001452_8fb165b31b1e,Gestionnaire des ressources humaines,Non précisé,Yaoundé,Administration / RH,1.0
d0f7b6caba540fdebf41,208,121,1453,OFFRE_001453_0287316bfbd0,Scieur,Non précisé,Yaoundé (Ekoumdoum),Industrie / Maintenance,0.75
cf03f4912425c0ffef8b,206,119,1454,OFFRE_001454_ca29557e5a14,Agent d'entretien,Non précisé,Yaoundé (Ekoumdoum),Services / Sécurité,0.75
6f12895c03a824d752c5,207,121,1455,OFFRE_001455_ac9865e52144,Vendeur en magasin,Non précisé,Limbe / Buea,Commerce / Vente,0.75
84b3a44add9ca0466da3,207,121,1456,OFFRE_001456_eb96c2595986,Cuisinier Domestique,Non précisé,Limbe / Buea,Services / Sécurité,1.0
f005fd4db9d8ea5358d6,207,121,1457,OFFRE_001457_e62ffdab2136,Employé de Ménage,Non précisé,Limbe / Buea,Services / Sécurité,0.75
b8422418f75683615598,206,120,1458,OFFRE_001458_771ba831ba0e,Cadre comptable,Non précisé,Limbe / Buea,Finance / Comptabilité,1.0
05b9077590cb0833ed8a,206,120,1459,OFFRE_001459_292287ecd984,Cadre administratif,Non précisé,,Administration / RH,0.875
f1e755172099e42005e8,206,120,1460,OFFRE_001460_59eabf82ef93,"Cadre Sécurité, Hygiène et Environnement",Non précisé,Ngousso,Services / Sécurité,1.0
9286af8e61cb94f04193,206,120,1461,OFFRE_001461_6bdfa5b82981,Contrôleur du travail,Non précisé,Ngousso,Autre / Non classé,0.75
340d8b5317eee956c3d7,412,242,1462,OFFRE_001462_042e5c7def12,Enseignant du Secondaire,Non précisé,Kribi,Éducation / Formation,0.875
340d8b5317eee956c3d7,412,243,1463,OFFRE_001463_3f3af7ac0ba4,Enseignant du Secondaire,Non précisé,Kribi,Éducation / Formation,0.875
a872b4975e7aeb22c040,207,122,1464,OFFRE_001464_7c0394a44d3b,Gestionnaire des ressources humaines,Non précisé,Yaoundé,Administration / RH,1.0
d0f7b6caba540fdebf41,208,122,1465,OFFRE_001465_c2ecc5e8e3b9,Scieur,Non précisé,Yaoundé (Ekoumdoum),Industrie / Maintenance,0.75
cf03f4912425c0ffef8b,206,120,1466,OFFRE_001466_4cd2485143fd,Agent d'entretien,Non précisé,Yaoundé (Ekoumdoum),Services / Sécurité,0.75
6f12895c03a824d752c5,207,122,1467,OFFRE_001467_9791ff462d64,Vendeur en magasin,Non précisé,Limbe / Buea,Commerce / Vente,0.75
84b3a44add9ca0466da3,207,122,1468,OFFRE_001468_80b37195e973,Cuisinier Domestique,Non précisé,Limbe / Buea,Services / Sécurité,1.0
f005fd4db9d8ea5358d6,207,122,1469,OFFRE_001469_19d1defebe79,Employé de Ménage,Non précisé,Limbe / Buea,Services / Sécurité,0.75
b8422418f75683615598,206,121,1470,OFFRE_001470_33947ad9db02,Cadre comptable,Non précisé,Limbe / Buea,Finance / Comptabilité,1.0
05b9077590cb0833ed8a,206,121,1471,OFFRE_001471_9e2e021384c4,Cadre administratif,Non précisé,,Administration / RH,0.875
f1e755172099e42005e8,206,121,1472,OFFRE_001472_24ce52be27b8,"Cadre Sécurité, Hygiène et Environnement",Non précisé,Ngousso,Services / Sécurité,1.0
9286af8e61cb94f04193,206,121,1473,OFFRE_001473_afc9beb445af,Contrôleur du travail,Non précisé,Ngousso,Autre / Non classé,0.75
340d8b5317eee956c3d7,412,244,1474,OFFRE_001474_d3ee02c26953,Enseignant du Secondaire,Non précisé,Kribi,Éducation / Formation,0.875
340d8b5317eee956c3d7,412,245,1475,OFFRE_001475_6932b83b2600,Enseignant du Secondaire,Non précisé,Kribi,Éducation / Formation,0.875
a872b4975e7aeb22c040,207,123,1476,OFFRE_001476_fb1b240e51af,Gestionnaire des ressources humaines,Non précisé,Yaoundé,Administration / RH,1.0
d0f7b6caba540fdebf41,208,123,1477,OFFRE_001477_610756a896dd,Scieur,Non précisé,Yaoundé (Ekoumdoum),Industrie / Maintenance,0.75
cf03f4912425c0ffef8b,206,121,1478,OFFRE_001478_5b1eaf69568b,Agent d'entretien,Non précisé,Yaoundé (Ekoumdoum),Services / Sécurité,0.75
6f12895c03a824d752c5,207,123,1479,OFFRE_001479_826fba5d92ac,Vendeur en magasin,Non précisé,Limbe / Buea,Commerce / Vente,0.75
84b3a44add9ca0466da3,207,123,1480,OFFRE_001480_c4007d131b98,Cuisinier Domestique,Non précisé,Limbe / Buea,Services / Sécurité,1.0
f005fd4db9d8ea5358d6,207,123,1481,OFFRE_001481_9b5e6cfb4212,Employé de Ménage,Non précisé,Limbe / Buea,Services / Sécurité,0.75
b8422418f75683615598,206,122,1482,OFFRE_001482_7cafcb0574d7,Cadre comptable,Non précisé,Limbe / Buea,Finance / Comptabilité,1.0
05b9077590cb0833ed8a,206,122,1483,OFFRE_001483_9ea10d8e7904,Cadre administratif,Non précisé,,Administration / RH,0.875
f1e755172099e42005e8,206,122,1484,OFFRE_001484_e05e29f6074a,"Cadre Sécurité, Hygiène et Environnement",Non précisé,Ngousso,Services / Sécurité,1.0
9286af8e61cb94f04193,206,122,1485,OFFRE_001485_9a1c9c487b72,Contrôleur du travail,Non précisé,Ngousso,Autre / Non classé,0.75
340d8b5317eee956c3d7,412,246,1486,OFFRE_001486_bbd84039beaf,Enseignant du Secondaire,Non précisé,Kribi,Éducation / Formation,0.875
340d8b5317eee956c3d7,412,247,1487,OFFRE_001487_b119c027c1de,Enseignant du Secondaire,Non précisé,Kribi,Éducation / Formation,0.875
a872b4975e7aeb22c040,207,124,1488,OFFRE_001488_854826df222e,Gestionnaire des ressources humaines,Non précisé,Yaoundé,Administration / RH,1.0
d0f7b6caba540fdebf41,208,124,1489,OFFRE_001489_b0f9a9dd4dc7,Scieur,Non précisé,Yaoundé (Ekoumdoum),Industrie / Maintenance,0.75
cf03f4912425c0ffef8b,206,122,1490,OFFRE_001490_1f91dd236e24,Agent d'entretien,Non précisé,Yaoundé (Ekoumdoum),Services / Sécurité,0.75
6f12895c03a824d752c5,207,124,1491,OFFRE_001491_95141f34c444,Vendeur en magasin,Non précisé,Limbe / Buea,Commerce / Vente,0.75
84b3a44add9ca0466da3,207,124,1492,OFFRE_001492_d18d97e1ffbe,Cuisinier Domestique,Non précisé,Limbe / Buea,Services / Sécurité,1.0
f005fd4db9d8ea5358d6,207,124,1493,OFFRE_001493_b6c75078a477,Employé de Ménage,Non précisé,Limbe / Buea,Services / Sécurité,0.75
b8422418f75683615598,206,123,1494,OFFRE_001494_132dbd4dc294,Cadre comptable,Non précisé,Limbe / Buea,Finance / Comptabilité,1.0
05b9077590cb0833ed8a,206,123,1495,OFFRE_001495_21e2ee521fec,Cadre administratif,Non précisé,,Administration / RH,0.875
f1e755172099e42005e8,206,123,1496,OFFRE_001496_59a76a38c22e,"Cadre Sécurité, Hygiène et Environnement",Non précisé,Ngousso,Services / Sécurité,1.0
9286af8e61cb94f04193,206,123,1497,OFFRE_001497_ee1fc3a5e527,Contrôleur du travail,Non précisé,Ngousso,Autre / Non classé,0.75
340d8b5317eee956c3d7,412,248,1498,OFFRE_001498_e73164413df6,Enseignant du Secondaire,Non précisé,Kribi,Éducation / Formation,0.875
340d8b5317eee956c3d7,412,249,1499,OFFRE_001499_0360dfde5e14,Enseignant du Secondaire,Non précisé,Kribi,Éducation / Formation,0.875
a872b4975e7aeb22c040,207,125,1500,OFFRE_001500_1877ff76bcd0,Gestionnaire des ressources humaines,Non précisé,Yaoundé,Administration / RH,1.0
d0f7b6caba540fdebf41,208,125,1501,OFFRE_001501_1fc981b24701,Scieur,Non précisé,Yaoundé (Ekoumdoum),Industrie / Maintenance,0.75
cf03f4912425c0ffef8b,206,123,1502,OFFRE_001502_b456ec9e852e,Agent d'entretien,Non précisé,Yaoundé (Ekoumdoum),Services / Sécurité,0.75
6f12895c03a824d752c5,207,125,1503,OFFRE_001503_35a88a94f63a,Vendeur en magasin,Non précisé,Limbe / Buea,Commerce / Vente,0.75
84b3a44add9ca0466da3,207,125,1504,OFFRE_001504_1fc342c9127d,Cuisinier Domestique,Non précisé,Limbe / Buea,Services / Sécurité,1.0
f005fd4db9d8ea5358d6,207,125,1505,OFFRE_001505_40348c4e3e29,Employé de Ménage,Non précisé,Limbe / Buea,Services / Sécurité,0.75
b8422418f75683615598,206,124,1506,OFFRE_001506_f4a005b4be7e,Cadre comptable,Non précisé,Limbe / Buea,Finance / Comptabilité,1.0
05b9077590cb0833ed8a,206,124,1507,OFFRE_001507_cf673c69eca4,Cadre administratif,Non précisé,,Administration / RH,0.875
f1e755172099e42005e8,206,124,1508,OFFRE_001508_12f78ec58879,"Cadre Sécurité, Hygiène et Environnement",Non précisé,Ngousso,Services / Sécurité,1.0
9286af8e61cb94f04193,206,124,1509,OFFRE_001509_dcbd7d2fef00,Contrôleur du travail,Non précisé,Ngousso,Autre / Non classé,0.75
340d8b5317eee956c3d7,412,250,1510,OFFRE_001510_7f468065aa53,Enseignant du Secondaire,Non précisé,Kribi,Éducation / Formation,0.875
340d8b5317eee956c3d7,412,251,1511,OFFRE_001511_9a79c6f8e9b3,Enseignant du Secondaire,Non précisé,Kribi,Éducation / Formation,0.875
a872b4975e7aeb22c040,207,126,1512,OFFRE_001512_4b04c2efa53a,Gestionnaire des ressources humaines,Non précisé,Yaoundé,Administration / RH,1.0
d0f7b6caba540fdebf41,208,126,1513,OFFRE_001513_2f42d741c37b,Scieur,Non précisé,Yaoundé (Ekoumdoum),Industrie / Maintenance,0.75
cf03f4912425c0ffef8b,206,124,1514,OFFRE_001514_364f2597b2c0,Agent d'entretien,Non précisé,Yaoundé (Ekoumdoum),Services / Sécurité,0.75
6f12895c03a824d752c5,207,126,1515,OFFRE_001515_1968f892634b,Vendeur en magasin,Non précisé,Limbe / Buea,Commerce / Vente,0.75
84b3a44add9ca0466da3,207,126,1516,OFFRE_001516_800488028fc8,Cuisinier Domestique,Non précisé,Limbe / Buea,Services / Sécurité,1.0
f005fd4db9d8ea5358d6,207,126,1517,OFFRE_001517_8f09d27b6afd,Employé de Ménage,Non précisé,Limbe / Buea,Services / Sécurité,0.75
b8422418f75683615598,206,125,1518,OFFRE_001518_775d84d7ef30,Cadre comptable,Non précisé,Limbe / Buea,Finance / Comptabilité,1.0
05b9077590cb0833ed8a,206,125,1519,OFFRE_001519_a0b45973351c,Cadre administratif,Non précisé,,Administration / RH,0.875
f1e755172099e42005e8,206,125,1520,OFFRE_001520_375426d581d4,"Cadre Sécurité, Hygiène et Environnement",Non précisé,Ngousso,Services / Sécurité,1.0
9286af8e61cb94f04193,206,125,1521,OFFRE_001521_ac8ecb5451ec,Contrôleur du travail,Non précisé,Ngousso,Autre / Non classé,0.75
340d8b5317eee956c3d7,412,252,1522,OFFRE_001522_4e59baa04e94,Enseignant du Secondaire,Non précisé,Kribi,Éducation / Formation,0.875
340d8b5317eee956c3d7,412,253,1523,OFFRE_001523_80274bda0de6,Enseignant du Secondaire,Non précisé,Kribi,Éducation / Formation,0.875
a872b4975e7aeb22c040,207,127,1524,OFFRE_001524_3b71c5a352a8,Gestionnaire des ressources humaines,Non précisé,Yaoundé,Administration / RH,1.0
d0f7b6caba540fdebf41,208,127,1525,OFFRE_001525_3227169360c1,Scieur,Non précisé,Yaoundé (Ekoumdoum),Industrie / Maintenance,0.75
cf03f4912425c0ffef8b,206,125,1526,OFFRE_001526_f119f3b7eb97,Agent d'entretien,Non précisé,Yaoundé (Ekoumdoum),Services / Sécurité,0.75
6f12895c03a824d752c5,207,127,1527,OFFRE_001527_b2f9ef84df69,Vendeur en magasin,Non précisé,Limbe / Buea,Commerce / Vente,0.75
84b3a44add9ca0466da3,207,127,1528,OFFRE_001528_f57756015a0d,Cuisinier Domestique,Non précisé,Limbe / Buea,Services / Sécurité,1.0
f005fd4db9d8ea5358d6,207,127,1529,OFFRE_001529_8367a3c38746,Employé de Ménage,Non précisé,Limbe / Buea,Services / Sécurité,0.75
b8422418f75683615598,206,126,1530,OFFRE_001530_178125097283,Cadre comptable,Non précisé,Limbe / Buea,Finance / Comptabilité,1.0
05b9077590cb0833ed8a,206,126,1531,OFFRE_001531_33ba0485c091,Cadre administratif,Non précisé,,Administration / RH,0.875
f1e755172099e42005e8,206,126,1532,OFFRE_001532_ef05b85c3fb8,"Cadre Sécurité, Hygiène et Environnement",Non précisé,Ngousso,Services / Sécurité,1.0
9286af8e61cb94f04193,206,126,1533,OFFRE_001533_6fc3842bd57f,Contrôleur du travail,Non précisé,Ngousso,Autre / Non classé,0.75
340d8b5317eee956c3d7,412,254,1534,OFFRE_001534_d8df4cc8e036,Enseignant du Secondaire,Non précisé,Kribi,Éducation / Formation,0.875
340d8b5317eee956c3d7,412,255,1535,OFFRE_001535_bdd01c9fe20c,Enseignant du Secondaire,Non précisé,Kribi,Éducation / Formation,0.875
a872b4975e7aeb22c040,207,128,1536,OFFRE_001536_6cc50774d37b,Gestionnaire des ressources humaines,Non précisé,Yaoundé,Administration / RH,1.0
d0f7b6caba540fdebf41,208,128,1537,OFFRE_001537_45c4d18f60ca,Scieur,Non précisé,Yaoundé (Ekoumdoum),Industrie / Maintenance,0.75
cf03f4912425c0ffef8b,206,126,1538,OFFRE_001538_e27d43d84cb2,Agent d'entretien,Non précisé,Yaoundé (Ekoumdoum),Services / Sécurité,0.75
6f12895c03a824d752c5,207,128,1539,OFFRE_001539_6857da4f113d,Vendeur en magasin,Non précisé,Limbe / Buea,Commerce / Vente,0.75
84b3a44add9ca0466da3,207,128,1540,OFFRE_001540_e518de8a1a03,Cuisinier Domestique,Non précisé,Limbe / Buea,Services / Sécurité,1.0
f005fd4db9d8ea5358d6,207,128,1541,OFFRE_001541_945d1e82317c,Employé de Ménage,Non précisé,Limbe / Buea,Services / Sécurité,0.75
b8422418f75683615598,206,127,1542,OFFRE_001542_366626ee3f97,Cadre comptable,Non précisé,Limbe / Buea,Finance / Comptabilité,1.0
05b9077590cb0833ed8a,206,127,1543,OFFRE_001543_8840810a15e3,Cadre administratif,Non précisé,,Administration / RH,0.875
f1e755172099e42005e8,206,127,1544,OFFRE_001544_f266113e26e1,"Cadre Sécurité, Hygiène et Environnement",Non précisé,Ngousso,Services / Sécurité,1.0
9286af8e61cb94f04193,206,127,1545,OFFRE_001545_120d70dca509,Contrôleur du travail,Non précisé,Ngousso,Autre / Non classé,0.75
340d8b5317eee956c3d7,412,256,1546,OFFRE_001546_aee0befac268,Enseignant du Secondaire,Non précisé,Kribi,Éducation / Formation,0.875
340d8b5317eee956c3d7,412,257,1547,OFFRE_001547_a1df980a99fb,Enseignant du Secondaire,Non précisé,Kribi,Éducation / Formation,0.875
a872b4975e7aeb22c040,207,129,1548,OFFRE_001548_6efbef3d0e7b,Gestionnaire des ressources humaines,Non précisé,Yaoundé,Administration / RH,1.0
d0f7b6caba540fdebf41,208,129,1549,OFFRE_001549_21b1d8c39806,Scieur,Non précisé,Yaoundé (Ekoumdoum),Industrie / Maintenance,0.75
cf03f4912425c0ffef8b,206,127,1550,OFFRE_001550_5a959f638da9,Agent d'entretien,Non précisé,Yaoundé (Ekoumdoum),Services / Sécurité,0.75
6f12895c03a824d752c5,207,129,1551,OFFRE_001551_6ef3cd4beb77,Vendeur en magasin,Non précisé,Limbe / Buea,Commerce / Vente,0.75
84b3a44add9ca0466da3,207,129,1552,OFFRE_001552_5fab116f881c,Cuisinier Domestique,Non précisé,Limbe / Buea,Services / Sécurité,1.0
f005fd4db9d8ea5358d6,207,129,1553,OFFRE_001553_6ceaaf4276ec,Employé de Ménage,Non précisé,Limbe / Buea,Services / Sécurité,0.75
b8422418f75683615598,206,128,1554,OFFRE_001554_7c1feaf33ba1,Cadre comptable,Non précisé,Limbe / Buea,Finance / Comptabilité,1.0
05b9077590cb0833ed8a,206,128,1555,OFFRE_001555_6fcd1b0ffd08,Cadre administratif,Non précisé,,Administration / RH,0.875
f1e755172099e42005e8,206,128,1556,OFFRE_001556_7392738b48c4,"Cadre Sécurité, Hygiène et Environnement",Non précisé,Ngousso,Services / Sécurité,1.0
9286af8e61cb94f04193,206,128,1557,OFFRE_001557_0b74b7e474ab,Contrôleur du travail,Non précisé,Ngousso,Autre / Non classé,0.75
340d8b5317eee956c3d7,412,258,1558,OFFRE_001558_493f213c02b9,Enseignant du Secondaire,Non précisé,Kribi,Éducation / Formation,0.875
a872b4975e7aeb22c040,207,130,1559,OFFRE_001559_ec3dc1192f50,Gestionnaire des ressources humaines,Non précisé,Yaoundé,Administration / RH,1.0
d0f7b6caba540fdebf41,208,130,1560,OFFRE_001560_4ffbf7f9a26c,Scieur,Non précisé,Yaoundé (Ekoumdoum),Industrie / Maintenance,0.75
cf03f4912425c0ffef8b,206,128,1561,OFFRE_001561_c8b45870d67a,Agent d'entretien,Non précisé,Yaoundé (Ekoumdoum),Services / Sécurité,0.75
6f12895c03a824d752c5,207,130,1562,OFFRE_001562_bae6872efa81,Vendeur en magasin,Non précisé,Limbe / Buea,Commerce / Vente,0.75
84b3a44add9ca0466da3,207,130,1563,OFFRE_001563_be71d3b002c8,Cuisinier Domestique,Non précisé,Limbe / Buea,Services / Sécurité,1.0
f005fd4db9d8ea5358d6,207,130,1564,OFFRE_001564_fca53f3c610a,Employé de Ménage,Non précisé,Limbe / Buea,Services / Sécurité,0.75
b8422418f75683615598,206,129,1565,OFFRE_001565_cf93fbd6f589,Cadre comptable,Non précisé,Limbe / Buea,Finance / Comptabilité,1.0
05b9077590cb0833ed8a,206,129,1566,OFFRE_001566_291565fcd450,Cadre administratif,Non précisé,,Administration / RH,0.875
f1e755172099e42005e8,206,129,1567,OFFRE_001567_10ca5d8e8d4f,"Cadre Sécurité, Hygiène et Environnement",Non précisé,Ngousso,Services / Sécurité,1.0
9286af8e61cb94f04193,206,129,1568,OFFRE_001568_091cd71111fc,Contrôleur du travail,Non précisé,Ngousso,Autre / Non classé,0.75
340d8b5317eee956c3d7,412,259,1569,OFFRE_001569_be25287e5703,Enseignant du Secondaire,Non précisé,Kribi,Éducation / Formation,0.875
340d8b5317eee956c3d7,412,260,1570,OFFRE_001570_1da444203ca1,Enseignant du Secondaire,Non précisé,Kribi,Éducation / Formation,0.875
a872b4975e7aeb22c040,207,131,1571,OFFRE_001571_ec8ebe62cbab,Gestionnaire des ressources humaines,Non précisé,Yaoundé,Administration / RH,1.0
d0f7b6caba540fdebf41,208,131,1572,OFFRE_001572_dd193e625a74,Scieur,Non précisé,Yaoundé (Ekoumdoum),Industrie / Maintenance,0.75
cf03f4912425c0ffef8b,206,129,1573,OFFRE_001573_3eb7ca17351e,Agent d'entretien,Non précisé,Yaoundé (Ekoumdoum),Services / Sécurité,0.75
6f12895c03a824d752c5,207,131,1574,OFFRE_001574_bd36c336742b,Vendeur en magasin,Non précisé,Limbe / Buea,Commerce / Vente,0.75
84b3a44add9ca0466da3,207,131,1575,OFFRE_001575_59f291d23cf7,Cuisinier Domestique,Non précisé,Limbe / Buea,Services / Sécurité,1.0
f005fd4db9d8ea5358d6,207,131,1576,OFFRE_001576_60010f9db430,Employé de Ménage,Non précisé,Limbe / Buea,Services / Sécurité,0.75
b8422418f75683615598,206,130,1577,OFFRE_001577_64b0c4a495b1,Cadre comptable,Non précisé,Limbe / Buea,Finance / Comptabilité,1.0
05b9077590cb0833ed8a,206,130,1578,OFFRE_001578_4ab16e697d21,Cadre administratif,Non précisé,,Administration / RH,0.875
f1e755172099e42005e8,206,130,1579,OFFRE_001579_a96127c26ecc,"Cadre Sécurité, Hygiène et Environnement",Non précisé,Ngousso,Services / Sécurité,1.0
9286af8e61cb94f04193,206,130,1580,OFFRE_001580_479bdecf2b1b,Contrôleur du travail,Non précisé,Ngousso,Autre / Non classé,0.75
340d8b5317eee956c3d7,412,261,1581,OFFRE_001581_da9b717c93f1,Enseignant du Secondaire,Non précisé,Kribi,Éducation / Formation,0.875
340d8b5317eee956c3d7,412,262,1582,OFFRE_001582_1b85b3880d58,Enseignant du Secondaire,Non précisé,Kribi,Éducation / Formation,0.875
a872b4975e7aeb22c040,207,132,1583,OFFRE_001583_175dbf748a28,Gestionnaire des ressources humaines,Non précisé,Yaoundé,Administration / RH,1.0
d0f7b6caba540fdebf41,208,132,1584,OFFRE_001584_a056241d53cb,Scieur,Non précisé,Yaoundé (Ekoumdoum),Industrie / Maintenance,0.75
cf03f4912425c0ffef8b,206,130,1585,OFFRE_001585_d01992e17531,Agent d'entretien,Non précisé,Yaoundé (Ekoumdoum),Services / Sécurité,0.75
6f12895c03a824d752c5,207,132,1586,OFFRE_001586_026a29ac9e58,Vendeur en magasin,Non précisé,Limbe / Buea,Commerce / Vente,0.75
84b3a44add9ca0466da3,207,132,1587,OFFRE_001587_f23b6bb36141,Cuisinier Domestique,Non précisé,Limbe / Buea,Services / Sécurité,1.0
f005fd4db9d8ea5358d6,207,132,1588,OFFRE_001588_378bc422bb6f,Employé de Ménage,Non précisé,Limbe / Buea,Services / Sécurité,0.75
b8422418f75683615598,206,131,1589,OFFRE_001589_18ad806db064,Cadre comptable,Non précisé,Limbe / Buea,Finance / Comptabilité,1.0
05b9077590cb0833ed8a,206,131,1590,OFFRE_001590_d7c111a62729,Cadre administratif,Non précisé,,Administration / RH,0.875
f1e755172099e42005e8,206,131,1591,OFFRE_001591_f35bb2bf8b6c,"Cadre Sécurité, Hygiène et Environnement",Non précisé,Ngousso,Services / Sécurité,1.0
9286af8e61cb94f04193,206,131,1592,OFFRE_001592_59be8f55abf9,Contrôleur du travail,Non précisé,Ngousso,Autre / Non classé,0.75
340d8b5317eee956c3d7,412,263,1593,OFFRE_001593_2e85231d4c4c,Enseignant du Secondaire,Non précisé,Kribi,Éducation / Formation,0.875
340d8b5317eee956c3d7,412,264,1594,OFFRE_001594_221bf45817f0,Enseignant du Secondaire,Non précisé,Kribi,Éducation / Formation,0.875
a872b4975e7aeb22c040,207,133,1595,OFFRE_001595_37685f8ffb4d,Gestionnaire des ressources humaines,Non précisé,Yaoundé,Administration / RH,1.0
d0f7b6caba540fdebf41,208,133,1596,OFFRE_001596_9e55c29a14ed,Scieur,Non précisé,Yaoundé (Ekoumdoum),Industrie / Maintenance,0.75
cf03f4912425c0ffef8b,206,131,1597,OFFRE_001597_cab1217bd68b,Agent d'entretien,Non précisé,Yaoundé (Ekoumdoum),Services / Sécurité,0.75
6f12895c03a824d752c5,207,133,1598,OFFRE_001598_bc24af0582f6,Vendeur en magasin,Non précisé,Limbe / Buea,Commerce / Vente,0.75
84b3a44add9ca0466da3,207,133,1599,OFFRE_001599_1d853508b3e0,Cuisinier Domestique,Non précisé,Limbe / Buea,Services / Sécurité,1.0
f005fd4db9d8ea5358d6,207,133,1600,OFFRE_001600_b402b7d1326a,Employé de Ménage,Non précisé,Limbe / Buea,Services / Sécurité,0.75
b8422418f75683615598,206,132,1601,OFFRE_001601_75a439933e88,Cadre comptable,Non précisé,Limbe / Buea,Finance / Comptabilité,1.0
05b9077590cb0833ed8a,206,132,1602,OFFRE_001602_0745baf48412,Cadre administratif,Non précisé,,Administration / RH,0.875
f1e755172099e42005e8,206,132,1603,OFFRE_001603_6b98b3de58f8,"Cadre Sécurité, Hygiène et Environnement",Non précisé,Ngousso,Services / Sécurité,1.0
9286af8e61cb94f04193,206,132,1604,OFFRE_001604_f55e24a3a19d,Contrôleur du travail,Non précisé,Ngousso,Autre / Non classé,0.75
340d8b5317eee956c3d7,412,265,1605,OFFRE_001605_9f4aae46e5e7,Enseignant du Secondaire,Non précisé,Kribi,Éducation / Formation,0.875
340d8b5317eee956c3d7,412,266,1606,OFFRE_001606_32cd27ae9255,Enseignant du Secondaire,Non précisé,Kribi,Éducation / Formation,0.875
a872b4975e7aeb22c040,207,134,1607,OFFRE_001607_736e1b5b51d6,Gestionnaire des ressources humaines,Non précisé,Yaoundé,Administration / RH,1.0
d0f7b6caba540fdebf41,208,134,1608,OFFRE_001608_ba9c32266565,Scieur,Non précisé,Yaoundé (Ekoumdoum),Industrie / Maintenance,0.75
cf03f4912425c0ffef8b,206,132,1609,OFFRE_001609_57a5fb63a452,Agent d'entretien,Non précisé,Yaoundé (Ekoumdoum),Services / Sécurité,0.75
6f12895c03a824d752c5,207,134,1610,OFFRE_001610_27dc58fabc94,Vendeur en magasin,Non précisé,Limbe / Buea,Commerce / Vente,0.75
84b3a44add9ca0466da3,207,134,1611,OFFRE_001611_77259761be68,Cuisinier Domestique,Non précisé,Limbe / Buea,Services / Sécurité,1.0
f005fd4db9d8ea5358d6,207,134,1612,OFFRE_001612_7671a43b7ba5,Employé de Ménage,Non précisé,Limbe / Buea,Services / Sécurité,0.75
b8422418f75683615598,206,133,1613,OFFRE_001613_21e49542ede3,Cadre comptable,Non précisé,Limbe / Buea,Finance / Comptabilité,1.0
05b9077590cb0833ed8a,206,133,1614,OFFRE_001614_6d3f18d8663e,Cadre administratif,Non précisé,,Administration / RH,0.875
f1e755172099e42005e8,206,133,1615,OFFRE_001615_fa00aeb293db,"Cadre Sécurité, Hygiène et Environnement",Non précisé,Ngousso,Services / Sécurité,1.0
9286af8e61cb94f04193,206,133,1616,OFFRE_001616_bd505010543a,Contrôleur du travail,Non précisé,Ngousso,Autre / Non classé,0.75
340d8b5317eee956c3d7,412,267,1617,OFFRE_001617_ad1daf1a2902,Enseignant du Secondaire,Non précisé,Kribi,Éducation / Formation,0.875
340d8b5317eee956c3d7,412,268,1618,OFFRE_001618_74a2af50cfc6,Enseignant du Secondaire,Non précisé,Kribi,Éducation / Formation,0.875
a872b4975e7aeb22c040,207,135,1619,OFFRE_001619_ddbe0e347eba,Gestionnaire des ressources humaines,Non précisé,Yaoundé,Administration / RH,1.0
d0f7b6caba540fdebf41,208,135,1620,OFFRE_001620_5daa48326077,Scieur,Non précisé,Yaoundé (Ekoumdoum),Industrie / Maintenance,0.75
cf03f4912425c0ffef8b,206,133,1621,OFFRE_001621_71179a372ccb,Agent d'entretien,Non précisé,Yaoundé (Ekoumdoum),Services / Sécurité,0.75
6f12895c03a824d752c5,207,135,1622,OFFRE_001622_c9fe125b4c39,Vendeur en magasin,Non précisé,Limbe / Buea,Commerce / Vente,0.75
84b3a44add9ca0466da3,207,135,1623,OFFRE_001623_07c5112504be,Cuisinier Domestique,Non précisé,Limbe / Buea,Services / Sécurité,1.0
f005fd4db9d8ea5358d6,207,135,1624,OFFRE_001624_9524e7c82d77,Employé de Ménage,Non précisé,Limbe / Buea,Services / Sécurité,0.75
b8422418f75683615598,206,134,1625,OFFRE_001625_5818945aef94,Cadre comptable,Non précisé,Limbe / Buea,Finance / Comptabilité,1.0
05b9077590cb0833ed8a,206,134,1626,OFFRE_001626_f886fd140fb9,Cadre administratif,Non précisé,,Administration / RH,0.875
f1e755172099e42005e8,206,134,1627,OFFRE_001627_f5717ccacd26,"Cadre Sécurité, Hygiène et Environnement",Non précisé,Ngousso,Services / Sécurité,1.0
9286af8e61cb94f04193,206,134,1628,OFFRE_001628_7fad8f5b151a,Contrôleur du travail,Non précisé,Ngousso,Autre / Non classé,0.75
340d8b5317eee956c3d7,412,269,1629,OFFRE_001629_d19aaa88ad07,Enseignant du Secondaire,Non précisé,Kribi,Éducation / Formation,0.875
340d8b5317eee956c3d7,412,270,1630,OFFRE_001630_aaa6634b07d3,Enseignant du Secondaire,Non précisé,Kribi,Éducation / Formation,0.875
a872b4975e7aeb22c040,207,136,1631,OFFRE_001631_30f5fc99f14e,Gestionnaire des ressources humaines,Non précisé,Yaoundé,Administration / RH,1.0
d0f7b6caba540fdebf41,208,136,1632,OFFRE_001632_39f71fcd97e0,Scieur,Non précisé,Yaoundé (Ekoumdoum),Industrie / Maintenance,0.75
cf03f4912425c0ffef8b,206,134,1633,OFFRE_001633_8f4692c7a87e,Agent d'entretien,Non précisé,Yaoundé (Ekoumdoum),Services / Sécurité,0.75
6f12895c03a824d752c5,207,136,1634,OFFRE_001634_ce2b6c3507f8,Vendeur en magasin,Non précisé,Limbe / Buea,Commerce / Vente,0.75
84b3a44add9ca0466da3,207,136,1635,OFFRE_001635_dbb1c51fe178,Cuisinier Domestique,Non précisé,Limbe / Buea,Services / Sécurité,1.0
f005fd4db9d8ea5358d6,207,136,1636,OFFRE_001636_31d4d7420980,Employé de Ménage,Non précisé,Limbe / Buea,Services / Sécurité,0.75
b8422418f75683615598,206,135,1637,OFFRE_001637_7bad806dffe0,Cadre comptable,Non précisé,Limbe / Buea,Finance / Comptabilité,1.0
05b9077590cb0833ed8a,206,135,1638,OFFRE_001638_ea50b7e2cac0,Cadre administratif,Non précisé,,Administration / RH,0.875
f1e755172099e42005e8,206,135,1639,OFFRE_001639_d85af36bd8a9,"Cadre Sécurité, Hygiène et Environnement",Non précisé,Ngousso,Services / Sécurité,1.0
9286af8e61cb94f04193,206,135,1640,OFFRE_001640_4af8bbd9602e,Contrôleur du travail,Non précisé,Ngousso,Autre / Non classé,0.75
340d8b5317eee956c3d7,412,271,1641,OFFRE_001641_ce3403d714b4,Enseignant du Secondaire,Non précisé,Kribi,Éducation / Formation,0.875
340d8b5317eee956c3d7,412,272,1642,OFFRE_001642_2798c4fcab0c,Enseignant du Secondaire,Non précisé,Kribi,Éducation / Formation,0.875
a872b4975e7aeb22c040,207,137,1643,OFFRE_001643_e8d586771478,Gestionnaire des ressources humaines,Non précisé,Yaoundé,Administration / RH,1.0
d0f7b6caba540fdebf41,208,137,1644,OFFRE_001644_ca5dad6441f3,Scieur,Non précisé,Yaoundé (Ekoumdoum),Industrie / Maintenance,0.75
cf03f4912425c0ffef8b,206,135,1645,OFFRE_001645_acd145bba57c,Agent d'entretien,Non précisé,Yaoundé (Ekoumdoum),Services / Sécurité,0.75
6f12895c03a824d752c5,207,137,1646,OFFRE_001646_f2f834059c70,Vendeur en magasin,Non précisé,Limbe / Buea,Commerce / Vente,0.75
84b3a44add9ca0466da3,207,137,1647,OFFRE_001647_40b545f32880,Cuisinier Domestique,Non précisé,Limbe / Buea,Services / Sécurité,1.0
f005fd4db9d8ea5358d6,207,137,1648,OFFRE_001648_495416b0ce08,Employé de Ménage,Non précisé,Limbe / Buea,Services / Sécurité,0.75
b8422418f75683615598,206,136,1649,OFFRE_001649_3e2a3c25ff23,Cadre comptable,Non précisé,Limbe / Buea,Finance / Comptabilité,1.0
05b9077590cb0833ed8a,206,136,1650,OFFRE_001650_2d0832c8e8bc,Cadre administratif,Non précisé,,Administration / RH,0.875
f1e755172099e42005e8,206,136,1651,OFFRE_001651_649ef1565688,"Cadre Sécurité, Hygiène et Environnement",Non précisé,Ngousso,Services / Sécurité,1.0
9286af8e61cb94f04193,206,136,1652,OFFRE_001652_b646de5212a2,Contrôleur du travail,Non précisé,Ngousso,Autre / Non classé,0.75
340d8b5317eee956c3d7,412,273,1653,OFFRE_001653_e43aafb7db94,Enseignant du Secondaire,Non précisé,Kribi,Éducation / Formation,0.875
340d8b5317eee956c3d7,412,274,1654,OFFRE_001654_27b0fde85189,Enseignant du Secondaire,Non précisé,Kribi,Éducation / Formation,0.875
a872b4975e7aeb22c040,207,138,1655,OFFRE_001655_9dcd677a3e46,Gestionnaire des ressources humaines,Non précisé,Yaoundé,Administration / RH,1.0
d0f7b6caba540fdebf41,208,138,1656,OFFRE_001656_6f1dca9cf121,Scieur,Non précisé,Yaoundé (Ekoumdoum),Industrie / Maintenance,0.75
cf03f4912425c0ffef8b,206,136,1657,OFFRE_001657_45358e9f273c,Agent d'entretien,Non précisé,Yaoundé (Ekoumdoum),Services / Sécurité,0.75
6f12895c03a824d752c5,207,138,1658,OFFRE_001658_d7336b88c487,Vendeur en magasin,Non précisé,Limbe / Buea,Commerce / Vente,0.75
84b3a44add9ca0466da3,207,138,1659,OFFRE_001659_fea41c1a08e2,Cuisinier Domestique,Non précisé,Limbe / Buea,Services / Sécurité,1.0
f005fd4db9d8ea5358d6,207,138,1660,OFFRE_001660_c46054148145,Employé de Ménage,Non précisé,Limbe / Buea,Services / Sécurité,0.75
b8422418f75683615598,206,137,1661,OFFRE_001661_bb70f4af24b0,Cadre comptable,Non précisé,Limbe / Buea,Finance / Comptabilité,1.0
05b9077590cb0833ed8a,206,137,1662,OFFRE_001662_7d347dc66f61,Cadre administratif,Non précisé,,Administration / RH,0.875
f1e755172099e42005e8,206,137,1663,OFFRE_001663_6698ecd13fa0,"Cadre Sécurité, Hygiène et Environnement",Non précisé,Ngousso,Services / Sécurité,1.0
9286af8e61cb94f04193,206,137,1664,OFFRE_001664_d584faeb36db,Contrôleur du travail,Non précisé,Ngousso,Autre / Non classé,0.75
340d8b5317eee956c3d7,412,275,1665,OFFRE_001665_f0c9edaa1d8b,Enseignant du Secondaire,Non précisé,Kribi,Éducation / Formation,0.875
340d8b5317eee956c3d7,412,276,1666,OFFRE_001666_a21fef9b16c0,Enseignant du Secondaire,Non précisé,Kribi,Éducation / Formation,0.875
a872b4975e7aeb22c040,207,139,1667,OFFRE_001667_58465019a541,Gestionnaire des ressources humaines,Non précisé,Yaoundé,Administration / RH,1.0
d0f7b6caba540fdebf41,208,139,1668,OFFRE_001668_40130a21dded,Scieur,Non précisé,Yaoundé (Ekoumdoum),Industrie / Maintenance,0.75
cf03f4912425c0ffef8b,206,137,1669,OFFRE_001669_354e6c9cb708,Agent d'entretien,Non précisé,Yaoundé (Ekoumdoum),Services / Sécurité,0.75
6f12895c03a824d752c5,207,139,1670,OFFRE_001670_a9ecd9ce814d,Vendeur en magasin,Non précisé,Limbe / Buea,Commerce / Vente,0.75
84b3a44add9ca0466da3,207,139,1671,OFFRE_001671_fc78f4a35e50,Cuisinier Domestique,Non précisé,Limbe / Buea,Services / Sécurité,1.0
f005fd4db9d8ea5358d6,207,139,1672,OFFRE_001672_a0833daef4da,Employé de Ménage,Non précisé,Limbe / Buea,Services / Sécurité,0.75
b8422418f75683615598,206,138,1673,OFFRE_001673_cd6c2b8874db,Cadre comptable,Non précisé,Limbe / Buea,Finance / Comptabilité,1.0
05b9077590cb0833ed8a,206,138,1674,OFFRE_001674_bb673a87ad03,Cadre administratif,Non précisé,,Administration / RH,0.875
f1e755172099e42005e8,206,138,1675,OFFRE_001675_8504879e41d6,"Cadre Sécurité, Hygiène et Environnement",Non précisé,Ngousso,Services / Sécurité,1.0
9286af8e61cb94f04193,206,138,1676,OFFRE_001676_890a350fcc20,Contrôleur du travail,Non précisé,Ngousso,Autre / Non classé,0.75
340d8b5317eee956c3d7,412,277,1677,OFFRE_001677_7c8c9e395041,Enseignant du Secondaire,Non précisé,Kribi,Éducation / Formation,0.875
340d8b5317eee956c3d7,412,278,1678,OFFRE_001678_852cf92d2388,Enseignant du Secondaire,Non précisé,Kribi,Éducation / Formation,0.875
a872b4975e7aeb22c040,207,140,1679,OFFRE_001679_2177c46ffff3,Gestionnaire des ressources humaines,Non précisé,Yaoundé,Administration / RH,1.0
d0f7b6caba540fdebf41,208,140,1680,OFFRE_001680_4a1ce4b3b0e8,Scieur,Non précisé,Yaoundé (Ekoumdoum),Industrie / Maintenance,0.75
cf03f4912425c0ffef8b,206,138,1681,OFFRE_001681_fdd898e5f6a4,Agent d'entretien,Non précisé,Yaoundé (Ekoumdoum),Services / Sécurité,0.75
6f12895c03a824d752c5,207,140,1682,OFFRE_001682_5f57b4a0822a,Vendeur en magasin,Non précisé,Limbe / Buea,Commerce / Vente,0.75
84b3a44add9ca0466da3,207,140,1683,OFFRE_001683_968b6989a95b,Cuisinier Domestique,Non précisé,Limbe / Buea,Services / Sécurité,1.0
f005fd4db9d8ea5358d6,207,140,1684,OFFRE_001684_ebd34db8f2c4,Employé de Ménage,Non précisé,Limbe / Buea,Services / Sécurité,0.75
b8422418f75683615598,206,139,1685,OFFRE_001685_b5091ba6323a,Cadre comptable,Non précisé,Limbe / Buea,Finance / Comptabilité,1.0
05b9077590cb0833ed8a,206,139,1686,OFFRE_001686_11ce9393204a,Cadre administratif,Non précisé,,Administration / RH,0.875
f1e755172099e42005e8,206,139,1687,OFFRE_001687_233d3be33df2,"Cadre Sécurité, Hygiène et Environnement",Non précisé,Ngousso,Services / Sécurité,1.0
9286af8e61cb94f04193,206,139,1688,OFFRE_001688_d82bb0dbccc3,Contrôleur du travail,Non précisé,Ngousso,Autre / Non classé,0.75
340d8b5317eee956c3d7,412,279,1689,OFFRE_001689_3581b9780c69,Enseignant du Secondaire,Non précisé,Kribi,Éducation / Formation,0.875
340d8b5317eee956c3d7,412,280,1690,OFFRE_001690_a0a1ab6cb51f,Enseignant du Secondaire,Non précisé,Kribi,Éducation / Formation,0.875
a872b4975e7aeb22c040,207,141,1691,OFFRE_001691_4312bffafeea,Gestionnaire des ressources humaines,Non précisé,Yaoundé,Administration / RH,1.0
d0f7b6caba540fdebf41,208,141,1692,OFFRE_001692_5ba75fce3559,Scieur,Non précisé,Yaoundé (Ekoumdoum),Industrie / Maintenance,0.75
cf03f4912425c0ffef8b,206,139,1693,OFFRE_001693_0abd2f03c069,Agent d'entretien,Non précisé,Yaoundé (Ekoumdoum),Services / Sécurité,0.75
6f12895c03a824d752c5,207,141,1694,OFFRE_001694_aa4b23df2149,Vendeur en magasin,Non précisé,Limbe / Buea,Commerce / Vente,0.75
84b3a44add9ca0466da3,207,141,1695,OFFRE_001695_3d7420208233,Cuisinier Domestique,Non précisé,Limbe / Buea,Services / Sécurité,1.0
f005fd4db9d8ea5358d6,207,141,1696,OFFRE_001696_fe024760475e,Employé de Ménage,Non précisé,Limbe / Buea,Services / Sécurité,0.75
b8422418f75683615598,206,140,1697,OFFRE_001697_08f2edaf0e79,Cadre comptable,Non précisé,Limbe / Buea,Finance / Comptabilité,1.0
05b9077590cb0833ed8a,206,140,1698,OFFRE_001698_65a6b5e5ce84,Cadre administratif,Non précisé,,Administration / RH,0.875
f1e755172099e42005e8,206,140,1699,OFFRE_001699_3865fbaa43ba,"Cadre Sécurité, Hygiène et Environnement",Non précisé,Ngousso,Services / Sécurité,1.0
9286af8e61cb94f04193,206,140,1700,OFFRE_001700_95a32e5fda97,Contrôleur du travail,Non précisé,Ngousso,Autre / Non classé,0.75
340d8b5317eee956c3d7,412,281,1701,OFFRE_001701_1da0b26f54ea,Enseignant du Secondaire,Non précisé,Kribi,Éducation / Formation,0.875
340d8b5317eee956c3d7,412,282,1702,OFFRE_001702_881e63231392,Enseignant du Secondaire,Non précisé,Kribi,Éducation / Formation,0.875
a872b4975e7aeb22c040,207,142,1703,OFFRE_001703_f22efd88f376,Gestionnaire des ressources humaines,Non précisé,Yaoundé,Administration / RH,1.0
d0f7b6caba540fdebf41,208,142,1704,OFFRE_001704_5d579a734df6,Scieur,Non précisé,Yaoundé (Ekoumdoum),Industrie / Maintenance,0.75
cf03f4912425c0ffef8b,206,140,1705,OFFRE_001705_c0e2eacf953f,Agent d'entretien,Non précisé,Yaoundé (Ekoumdoum),Services / Sécurité,0.75
6f12895c03a824d752c5,207,142,1706,OFFRE_001706_29f246e78a9b,Vendeur en magasin,Non précisé,Limbe / Buea,Commerce / Vente,0.75
84b3a44add9ca0466da3,207,142,1707,OFFRE_001707_ae68bb73b749,Cuisinier Domestique,Non précisé,Limbe / Buea,Services / Sécurité,1.0
f005fd4db9d8ea5358d6,207,142,1708,OFFRE_001708_fd648da96b02,Employé de Ménage,Non précisé,Limbe / Buea,Services / Sécurité,0.75
b8422418f75683615598,206,141,1709,OFFRE_001709_cefdb879eb32,Cadre comptable,Non précisé,Limbe / Buea,Finance / Comptabilité,1.0
05b9077590cb0833ed8a,206,141,1710,OFFRE_001710_a04039d97672,Cadre administratif,Non précisé,,Administration / RH,0.875
f1e755172099e42005e8,206,141,1711,OFFRE_001711_412fd7161f8b,"Cadre Sécurité, Hygiène et Environnement",Non précisé,Ngousso,Services / Sécurité,1.0
9286af8e61cb94f04193,206,141,1712,OFFRE_001712_7729289118a0,Contrôleur du travail,Non précisé,Ngousso,Autre / Non classé,0.75
340d8b5317eee956c3d7,412,283,1713,OFFRE_001713_3d4c16c5ba42,Enseignant du Secondaire,Non précisé,Kribi,Éducation / Formation,0.875
340d8b5317eee956c3d7,412,284,1714,OFFRE_001714_c4c64d1968ce,Enseignant du Secondaire,Non précisé,Kribi,Éducation / Formation,0.875
a872b4975e7aeb22c040,207,143,1715,OFFRE_001715_e7768ada91f2,Gestionnaire des ressources humaines,Non précisé,Yaoundé,Administration / RH,1.0
d0f7b6caba540fdebf41,208,143,1716,OFFRE_001716_05ec07d8f558,Scieur,Non précisé,Yaoundé (Ekoumdoum),Industrie / Maintenance,0.75
cf03f4912425c0ffef8b,206,141,1717,OFFRE_001717_7c35d98eac74,Agent d'entretien,Non précisé,Yaoundé (Ekoumdoum),Services / Sécurité,0.75
6f12895c03a824d752c5,207,143,1718,OFFRE_001718_56fbafb352e4,Vendeur en magasin,Non précisé,Limbe / Buea,Commerce / Vente,0.75
84b3a44add9ca0466da3,207,143,1719,OFFRE_001719_f48bd94df9c4,Cuisinier Domestique,Non précisé,Limbe / Buea,Services / Sécurité,1.0
f005fd4db9d8ea5358d6,207,143,1720,OFFRE_001720_a4f548ef1618,Employé de Ménage,Non précisé,Limbe / Buea,Services / Sécurité,0.75
b8422418f75683615598,206,142,1721,OFFRE_001721_ef1467e97232,Cadre comptable,Non précisé,Limbe / Buea,Finance / Comptabilité,1.0
05b9077590cb0833ed8a,206,142,1722,OFFRE_001722_3ddf6e640788,Cadre administratif,Non précisé,,Administration / RH,0.875
f1e755172099e42005e8,206,142,1723,OFFRE_001723_dd4ea59cf59f,"Cadre Sécurité, Hygiène et Environnement",Non précisé,Ngousso,Services / Sécurité,1.0
9286af8e61cb94f04193,206,142,1724,OFFRE_001724_30575fc28194,Contrôleur du travail,Non précisé,Ngousso,Autre / Non classé,0.75
340d8b5317eee956c3d7,412,285,1725,OFFRE_001725_70ddad9e6e9b,Enseignant du Secondaire,Non précisé,Kribi,Éducation / Formation,0.875
340d8b5317eee956c3d7,412,286,1726,OFFRE_001726_8c2d01210607,Enseignant du Secondaire,Non précisé,Kribi,Éducation / Formation,0.875
a872b4975e7aeb22c040,207,144,1727,OFFRE_001727_663efde8739c,Gestionnaire des ressources humaines,Non précisé,Yaoundé,Administration / RH,1.0
d0f7b6caba540fdebf41,208,144,1728,OFFRE_001728_99434bc5e595,Scieur,Non précisé,Yaoundé (Ekoumdoum),Industrie / Maintenance,0.75
cf03f4912425c0ffef8b,206,142,1729,OFFRE_001729_69f88cdf7dd8,Agent d'entretien,Non précisé,Yaoundé (Ekoumdoum),Services / Sécurité,0.75
6f12895c03a824d752c5,207,144,1730,OFFRE_001730_18c2a13828b4,Vendeur en magasin,Non précisé,Limbe / Buea,Commerce / Vente,0.75
84b3a44add9ca0466da3,207,144,1731,OFFRE_001731_e07e7f0aeff3,Cuisinier Domestique,Non précisé,Limbe / Buea,Services / Sécurité,1.0
f005fd4db9d8ea5358d6,207,144,1732,OFFRE_001732_ac1a41942d53,Employé de Ménage,Non précisé,Limbe / Buea,Services / Sécurité,0.75
b8422418f75683615598,206,143,1733,OFFRE_001733_327302d6e3e2,Cadre comptable,Non précisé,Limbe / Buea,Finance / Comptabilité,1.0
05b9077590cb0833ed8a,206,143,1734,OFFRE_001734_4383a4e80b3e,Cadre administratif,Non précisé,,Administration / RH,0.875
f1e755172099e42005e8,206,143,1735,OFFRE_001735_9eb7c3128fe4,"Cadre Sécurité, Hygiène et Environnement",Non précisé,Ngousso,Services / Sécurité,1.0
9286af8e61cb94f04193,206,143,1736,OFFRE_001736_0a0e8a01350c,Contrôleur du travail,Non précisé,Ngousso,Autre / Non classé,0.75
340d8b5317eee956c3d7,412,287,1737,OFFRE_001737_8cef8b514ccb,Enseignant du Secondaire,Non précisé,Kribi,Éducation / Formation,0.875
340d8b5317eee956c3d7,412,288,1738,OFFRE_001738_f89f35dd89b9,Enseignant du Secondaire,Non précisé,Kribi,Éducation / Formation,0.875
a872b4975e7aeb22c040,207,145,1739,OFFRE_001739_3b7469811c98,Gestionnaire des ressources humaines,Non précisé,Yaoundé,Administration / RH,1.0
d0f7b6caba540fdebf41,208,145,1740,OFFRE_001740_f2f4984992c2,Scieur,Non précisé,Yaoundé (Ekoumdoum),Industrie / Maintenance,0.75
cf03f4912425c0ffef8b,206,143,1741,OFFRE_001741_af94b6094e85,Agent d'entretien,Non précisé,Yaoundé (Ekoumdoum),Services / Sécurité,0.75
6f12895c03a824d752c5,207,145,1742,OFFRE_001742_f07a664f3901,Vendeur en magasin,Non précisé,Limbe / Buea,Commerce / Vente,0.75
84b3a44add9ca0466da3,207,145,1743,OFFRE_001743_1f9eb4237157,Cuisinier Domestique,Non précisé,Limbe / Buea,Services / Sécurité,1.0
f005fd4db9d8ea5358d6,207,145,1744,OFFRE_001744_53a8fff34ff1,Employé de Ménage,Non précisé,Limbe / Buea,Services / Sécurité,0.75
b8422418f75683615598,206,144,1745,OFFRE_001745_eb624abcc801,Cadre comptable,Non précisé,Limbe / Buea,Finance / Comptabilité,1.0
05b9077590cb0833ed8a,206,144,1746,OFFRE_001746_d8ebf94bea38,Cadre administratif,Non précisé,,Administration / RH,0.875
f1e755172099e42005e8,206,144,1747,OFFRE_001747_c6545403ff46,"Cadre Sécurité, Hygiène et Environnement",Non précisé,Ngousso,Services / Sécurité,1.0
9286af8e61cb94f04193,206,144,1748,OFFRE_001748_39b34504d259,Contrôleur du travail,Non précisé,Ngousso,Autre / Non classé,0.75
340d8b5317eee956c3d7,412,289,1749,OFFRE_001749_e1cb410c5802,Enseignant du Secondaire,Non précisé,Kribi,Éducation / Formation,0.875
340d8b5317eee956c3d7,412,290,1750,OFFRE_001750_4db1e742d2ee,Enseignant du Secondaire,Non précisé,Kribi,Éducation / Formation,0.875
a872b4975e7aeb22c040,207,146,1751,OFFRE_001751_621bd219942f,Gestionnaire des ressources humaines,Non précisé,Yaoundé,Administration / RH,1.0
d0f7b6caba540fdebf41,208,146,1752,OFFRE_001752_6e46fec27f3a,Scieur,Non précisé,Yaoundé (Ekoumdoum),Industrie / Maintenance,0.75
cf03f4912425c0ffef8b,206,144,1753,OFFRE_001753_42428ae46b8b,Agent d'entretien,Non précisé,Yaoundé (Ekoumdoum),Services / Sécurité,0.75
6f12895c03a824d752c5,207,146,1754,OFFRE_001754_807fa2600728,Vendeur en magasin,Non précisé,Limbe / Buea,Commerce / Vente,0.75
84b3a44add9ca0466da3,207,146,1755,OFFRE_001755_7af2b71f26ca,Cuisinier Domestique,Non précisé,Limbe / Buea,Services / Sécurité,1.0
f005fd4db9d8ea5358d6,207,146,1756,OFFRE_001756_f40625127921,Employé de Ménage,Non précisé,Limbe / Buea,Services / Sécurité,0.75
b8422418f75683615598,206,145,1757,OFFRE_001757_6dc2d7fcd5d9,Cadre comptable,Non précisé,Limbe / Buea,Finance / Comptabilité,1.0
05b9077590cb0833ed8a,206,145,1758,OFFRE_001758_50602947a518,Cadre administratif,Non précisé,,Administration / RH,0.875
f1e755172099e42005e8,206,145,1759,OFFRE_001759_3d11eb83a283,"Cadre Sécurité, Hygiène et Environnement",Non précisé,Ngousso,Services / Sécurité,1.0
9286af8e61cb94f04193,206,145,1760,OFFRE_001760_68c6e0396f2e,Contrôleur du travail,Non précisé,Ngousso,Autre / Non classé,0.75
340d8b5317eee956c3d7,412,291,1761,OFFRE_001761_3e75c8a81959,Enseignant du Secondaire,Non précisé,Kribi,Éducation / Formation,0.875
340d8b5317eee956c3d7,412,292,1762,OFFRE_001762_421e1b54a64f,Enseignant du Secondaire,Non précisé,Kribi,Éducation / Formation,0.875
a872b4975e7aeb22c040,207,147,1763,OFFRE_001763_3411d4ffbe68,Gestionnaire des ressources humaines,Non précisé,Yaoundé,Administration / RH,1.0
d0f7b6caba540fdebf41,208,147,1764,OFFRE_001764_7951b6ce7700,Scieur,Non précisé,Yaoundé (Ekoumdoum),Industrie / Maintenance,0.75
cf03f4912425c0ffef8b,206,145,1765,OFFRE_001765_baac39f42d0a,Agent d'entretien,Non précisé,Yaoundé (Ekoumdoum),Services / Sécurité,0.75
6f12895c03a824d752c5,207,147,1766,OFFRE_001766_2099b97fc066,Vendeur en magasin,Non précisé,Limbe / Buea,Commerce / Vente,0.75
84b3a44add9ca0466da3,207,147,1767,OFFRE_001767_98931b14dd46,Cuisinier Domestique,Non précisé,Limbe / Buea,Services / Sécurité,1.0
f005fd4db9d8ea5358d6,207,147,1768,OFFRE_001768_8fd8c6ca20bd,Employé de Ménage,Non précisé,Limbe / Buea,Services / Sécurité,0.75
b8422418f75683615598,206,146,1769,OFFRE_001769_6bc24169773a,Cadre comptable,Non précisé,Limbe / Buea,Finance / Comptabilité,1.0
05b9077590cb0833ed8a,206,146,1770,OFFRE_001770_166fadad1aa8,Cadre administratif,Non précisé,,Administration / RH,0.875
f1e755172099e42005e8,206,146,1771,OFFRE_001771_ad127dafa020,"Cadre Sécurité, Hygiène et Environnement",Non précisé,Ngousso,Services / Sécurité,1.0
9286af8e61cb94f04193,206,146,1772,OFFRE_001772_c7501c361866,Contrôleur du travail,Non précisé,Ngousso,Autre / Non classé,0.75
340d8b5317eee956c3d7,412,293,1773,OFFRE_001773_574206b2c798,Enseignant du Secondaire,Non précisé,Kribi,Éducation / Formation,0.875
340d8b5317eee956c3d7,412,294,1774,OFFRE_001774_e41bf7f9e2ad,Enseignant du Secondaire,Non précisé,Kribi,Éducation / Formation,0.875
a872b4975e7aeb22c040,207,148,1775,OFFRE_001775_55882b72d5fb,Gestionnaire des ressources humaines,Non précisé,Yaoundé,Administration / RH,1.0
d0f7b6caba540fdebf41,208,148,1776,OFFRE_001776_a780dbcef5b1,Scieur,Non précisé,Yaoundé (Ekoumdoum),Industrie / Maintenance,0.75
cf03f4912425c0ffef8b,206,146,1777,OFFRE_001777_90d606b30ad2,Agent d'entretien,Non précisé,Yaoundé (Ekoumdoum),Services / Sécurité,0.75
6f12895c03a824d752c5,207,148,1778,OFFRE_001778_98de8de07036,Vendeur en magasin,Non précisé,Limbe / Buea,Commerce / Vente,0.75
84b3a44add9ca0466da3,207,148,1779,OFFRE_001779_fedfaba8a955,Cuisinier Domestique,Non précisé,Limbe / Buea,Services / Sécurité,1.0
f005fd4db9d8ea5358d6,207,148,1780,OFFRE_001780_7a4f56267302,Employé de Ménage,Non précisé,Limbe / Buea,Services / Sécurité,0.75
b8422418f75683615598,206,147,1781,OFFRE_001781_a7d400209e8e,Cadre comptable,Non précisé,Limbe / Buea,Finance / Comptabilité,1.0
05b9077590cb0833ed8a,206,147,1782,OFFRE_001782_622e799efaeb,Cadre administratif,Non précisé,,Administration / RH,0.875
f1e755172099e42005e8,206,147,1783,OFFRE_001783_f9f7d30ed9a8,"Cadre Sécurité, Hygiène et Environnement",Non précisé,Ngousso,Services / Sécurité,1.0
9286af8e61cb94f04193,206,147,1784,OFFRE_001784_1c6d0ed1d8b5,Contrôleur du travail,Non précisé,Ngousso,Autre / Non classé,0.75
340d8b5317eee956c3d7,412,295,1785,OFFRE_001785_588bd5e4a489,Enseignant du Secondaire,Non précisé,Kribi,Éducation / Formation,0.875
340d8b5317eee956c3d7,412,296,1786,OFFRE_001786_f31eee23517e,Enseignant du Secondaire,Non précisé,Kribi,Éducation / Formation,0.875
a872b4975e7aeb22c040,207,149,1787,OFFRE_001787_e8cd7637452b,Gestionnaire des ressources humaines,Non précisé,Yaoundé,Administration / RH,1.0
d0f7b6caba540fdebf41,208,149,1788,OFFRE_001788_108c1e6ba562,Scieur,Non précisé,Yaoundé (Ekoumdoum),Industrie / Maintenance,0.75
cf03f4912425c0ffef8b,206,147,1789,OFFRE_001789_81128e1376e2,Agent d'entretien,Non précisé,Yaoundé (Ekoumdoum),Services / Sécurité,0.75
6f12895c03a824d752c5,207,149,1790,OFFRE_001790_87a4c5037822,Vendeur en magasin,Non précisé,Limbe / Buea,Commerce / Vente,0.75
84b3a44add9ca0466da3,207,149,1791,OFFRE_001791_0b2b36c0be34,Cuisinier Domestique,Non précisé,Limbe / Buea,Services / Sécurité,1.0
f005fd4db9d8ea5358d6,207,149,1792,OFFRE_001792_1a9e251f9cdc,Employé de Ménage,Non précisé,Limbe / Buea,Services / Sécurité,0.75
b8422418f75683615598,206,148,1793,OFFRE_001793_517cef7ba8d2,Cadre comptable,Non précisé,Limbe / Buea,Finance / Comptabilité,1.0
05b9077590cb0833ed8a,206,148,1794,OFFRE_001794_67eb093924a3,Cadre administratif,Non précisé,,Administration / RH,0.875
f1e755172099e42005e8,206,148,1795,OFFRE_001795_15a8fb5a9ca4,"Cadre Sécurité, Hygiène et Environnement",Non précisé,Ngousso,Services / Sécurité,1.0
9286af8e61cb94f04193,206,148,1796,OFFRE_001796_70836db41900,Contrôleur du travail,Non précisé,Ngousso,Autre / Non classé,0.75
340d8b5317eee956c3d7,412,297,1797,OFFRE_001797_e0abfc8691e7,Enseignant du Secondaire,Non précisé,Kribi,Éducation / Formation,0.875
340d8b5317eee956c3d7,412,298,1798,OFFRE_001798_75613a99a108,Enseignant du Secondaire,Non précisé,Kribi,Éducation / Formation,0.875
a872b4975e7aeb22c040,207,150,1799,OFFRE_001799_963e55c4c3c7,Gestionnaire des ressources humaines,Non précisé,Yaoundé,Administration / RH,1.0
d0f7b6caba540fdebf41,208,150,1800,OFFRE_001800_b6b54cf31de6,Scieur,Non précisé,Yaoundé (Ekoumdoum),Industrie / Maintenance,0.75
cf03f4912425c0ffef8b,206,148,1801,OFFRE_001801_ec4ba5d9ae65,Agent d'entretien,Non précisé,Yaoundé (Ekoumdoum),Services / Sécurité,0.75
6f12895c03a824d752c5,207,150,1802,OFFRE_001802_0cdb4f11c426,Vendeur en magasin,Non précisé,Limbe / Buea,Commerce / Vente,0.75
84b3a44add9ca0466da3,207,150,1803,OFFRE_001803_4fa4276cdc06,Cuisinier Domestique,Non précisé,Limbe / Buea,Services / Sécurité,1.0
f005fd4db9d8ea5358d6,207,150,1804,OFFRE_001804_1de8d8b29cc5,Employé de Ménage,Non précisé,Limbe / Buea,Services / Sécurité,0.75
b8422418f75683615598,206,149,1805,OFFRE_001805_1f32e9f4f7f8,Cadre comptable,Non précisé,Limbe / Buea,Finance / Comptabilité,1.0
05b9077590cb0833ed8a,206,149,1806,OFFRE_001806_3340529e5171,Cadre administratif,Non précisé,,Administration / RH,0.875
f1e755172099e42005e8,206,149,1807,OFFRE_001807_0a82121b0b40,"Cadre Sécurité, Hygiène et Environnement",Non précisé,Ngousso,Services / Sécurité,1.0
9286af8e61cb94f04193,206,149,1808,OFFRE_001808_2dccb5e5e614,Contrôleur du travail,Non précisé,Ngousso,Autre / Non classé,0.75
340d8b5317eee956c3d7,412,299,1809,OFFRE_001809_d48ae222fd23,Enseignant du Secondaire,Non précisé,Kribi,Éducation / Formation,0.875
340d8b5317eee956c3d7,412,300,1810,OFFRE_001810_b09bbff916c0,Enseignant du Secondaire,Non précisé,Kribi,Éducation / Formation,0.875
a872b4975e7aeb22c040,207,151,1811,OFFRE_001811_a833e013c243,Gestionnaire des ressources humaines,Non précisé,Yaoundé,Administration / RH,1.0
d0f7b6caba540fdebf41,208,151,1812,OFFRE_001812_0a06d18b75e8,Scieur,Non précisé,Yaoundé (Ekoumdoum),Industrie / Maintenance,0.75
cf03f4912425c0ffef8b,206,149,1813,OFFRE_001813_06f0dbcc3ce0,Agent d'entretien,Non précisé,Yaoundé (Ekoumdoum),Services / Sécurité,0.75
6f12895c03a824d752c5,207,151,1814,OFFRE_001814_aa2bfc6a80a0,Vendeur en magasin,Non précisé,Limbe / Buea,Commerce / Vente,0.75
84b3a44add9ca0466da3,207,151,1815,OFFRE_001815_410071401d48,Cuisinier Domestique,Non précisé,Limbe / Buea,Services / Sécurité,1.0
f005fd4db9d8ea5358d6,207,151,1816,OFFRE_001816_8505379eb794,Employé de Ménage,Non précisé,Limbe / Buea,Services / Sécurité,0.75
b8422418f75683615598,206,150,1817,OFFRE_001817_fc39d2328bf7,Cadre comptable,Non précisé,Limbe / Buea,Finance / Comptabilité,1.0
05b9077590cb0833ed8a,206,150,1818,OFFRE_001818_8548900b4cf4,Cadre administratif,Non précisé,,Administration / RH,0.875
f1e755172099e42005e8,206,150,1819,OFFRE_001819_f8b88ec54275,"Cadre Sécurité, Hygiène et Environnement",Non précisé,Ngousso,Services / Sécurité,1.0
9286af8e61cb94f04193,206,150,1820,OFFRE_001820_3848ab1eaa41,Contrôleur du travail,Non précisé,Ngousso,Autre / Non classé,0.75
340d8b5317eee956c3d7,412,301,1821,OFFRE_001821_f014de27fb4b,Enseignant du Secondaire,Non précisé,Kribi,Éducation / Formation,0.875
340d8b5317eee956c3d7,412,302,1822,OFFRE_001822_bebf0289f2bf,Enseignant du Secondaire,Non précisé,Kribi,Éducation / Formation,0.875
a872b4975e7aeb22c040,207,152,1823,OFFRE_001823_6e3a7f24351a,Gestionnaire des ressources humaines,Non précisé,Yaoundé,Administration / RH,1.0
d0f7b6caba540fdebf41,208,152,1824,OFFRE_001824_50f05e32eaec,Scieur,Non précisé,Yaoundé (Ekoumdoum),Industrie / Maintenance,0.75
cf03f4912425c0ffef8b,206,150,1825,OFFRE_001825_ae25f0746387,Agent d'entretien,Non précisé,Yaoundé (Ekoumdoum),Services / Sécurité,0.75
6f12895c03a824d752c5,207,152,1826,OFFRE_001826_787bf50530bf,Vendeur en magasin,Non précisé,Limbe / Buea,Commerce / Vente,0.75
84b3a44add9ca0466da3,207,152,1827,OFFRE_001827_216873c28027,Cuisinier Domestique,Non précisé,Limbe / Buea,Services / Sécurité,1.0
f005fd4db9d8ea5358d6,207,152,1828,OFFRE_001828_7b4379e5d25f,Employé de Ménage,Non précisé,Limbe / Buea,Services / Sécurité,0.75
b8422418f75683615598,206,151,1829,OFFRE_001829_ad750eb8f86d,Cadre comptable,Non précisé,Limbe / Buea,Finance / Comptabilité,1.0
05b9077590cb0833ed8a,206,151,1830,OFFRE_001830_7ae7cab2688e,Cadre administratif,Non précisé,,Administration / RH,0.875
f1e755172099e42005e8,206,151,1831,OFFRE_001831_5f53d9024147,"Cadre Sécurité, Hygiène et Environnement",Non précisé,Ngousso,Services / Sécurité,1.0
9286af8e61cb94f04193,206,151,1832,OFFRE_001832_7754d1ba415b,Contrôleur du travail,Non précisé,Ngousso,Autre / Non classé,0.75
340d8b5317eee956c3d7,412,303,1833,OFFRE_001833_4246d04e698b,Enseignant du Secondaire,Non précisé,Kribi,Éducation / Formation,0.875
340d8b5317eee956c3d7,412,304,1834,OFFRE_001834_f358fa913178,Enseignant du Secondaire,Non précisé,Kribi,Éducation / Formation,0.875
a872b4975e7aeb22c040,207,153,1835,OFFRE_001835_4c8297f06bd6,Gestionnaire des ressources humaines,Non précisé,Yaoundé,Administration / RH,1.0
d0f7b6caba540fdebf41,208,153,1836,OFFRE_001836_05549cd95b98,Scieur,Non précisé,Yaoundé (Ekoumdoum),Industrie / Maintenance,0.75
cf03f4912425c0ffef8b,206,151,1837,OFFRE_001837_426c9ca8abd5,Agent d'entretien,Non précisé,Yaoundé (Ekoumdoum),Services / Sécurité,0.75
6f12895c03a824d752c5,207,153,1838,OFFRE_001838_cfaf7b5a97ee,Vendeur en magasin,Non précisé,Limbe / Buea,Commerce / Vente,0.75
84b3a44add9ca0466da3,207,153,1839,OFFRE_001839_4c44e16bba8f,Cuisinier Domestique,Non précisé,Limbe / Buea,Services / Sécurité,1.0
f005fd4db9d8ea5358d6,207,153,1840,OFFRE_001840_9b55e613cb8a,Employé de Ménage,Non précisé,Limbe / Buea,Services / Sécurité,0.75
b8422418f75683615598,206,152,1841,OFFRE_001841_2a51bdcaa893,Cadre comptable,Non précisé,Limbe / Buea,Finance / Comptabilité,1.0
05b9077590cb0833ed8a,206,152,1842,OFFRE_001842_c80a38c9ed3e,Cadre administratif,Non précisé,,Administration / RH,0.875
f1e755172099e42005e8,206,152,1843,OFFRE_001843_fd381d12ae27,"Cadre Sécurité, Hygiène et Environnement",Non précisé,Ngousso,Services / Sécurité,1.0
9286af8e61cb94f04193,206,152,1844,OFFRE_001844_9915d16ef3cd,Contrôleur du travail,Non précisé,Ngousso,Autre / Non classé,0.75
340d8b5317eee956c3d7,412,305,1845,OFFRE_001845_e339163176bf,Enseignant du Secondaire,Non précisé,Kribi,Éducation / Formation,0.875
340d8b5317eee956c3d7,412,306,1846,OFFRE_001846_e69589307d95,Enseignant du Secondaire,Non précisé,Kribi,Éducation / Formation,0.875
a872b4975e7aeb22c040,207,154,1847,OFFRE_001847_20c7d26ce291,Gestionnaire des ressources humaines,Non précisé,Yaoundé,Administration / RH,1.0
d0f7b6caba540fdebf41,208,154,1848,OFFRE_001848_050ca4e51897,Scieur,Non précisé,Yaoundé (Ekoumdoum),Industrie / Maintenance,0.75
cf03f4912425c0ffef8b,206,152,1849,OFFRE_001849_3f9d688ef2bb,Agent d'entretien,Non précisé,Yaoundé (Ekoumdoum),Services / Sécurité,0.75
6f12895c03a824d752c5,207,154,1850,OFFRE_001850_91a16c048bea,Vendeur en magasin,Non précisé,Limbe / Buea,Commerce / Vente,0.75
84b3a44add9ca0466da3,207,154,1851,OFFRE_001851_a4e362fb1b4a,Cuisinier Domestique,Non précisé,Limbe / Buea,Services / Sécurité,1.0
f005fd4db9d8ea5358d6,207,154,1852,OFFRE_001852_3eed8a130ed0,Employé de Ménage,Non précisé,Limbe / Buea,Services / Sécurité,0.75
b8422418f75683615598,206,153,1853,OFFRE_001853_b977d1c1384a,Cadre comptable,Non précisé,Limbe / Buea,Finance / Comptabilité,1.0
05b9077590cb0833ed8a,206,153,1854,OFFRE_001854_2d4af633bf69,Cadre administratif,Non précisé,,Administration / RH,0.875
f1e755172099e42005e8,206,153,1855,OFFRE_001855_566e18924382,"Cadre Sécurité, Hygiène et Environnement",Non précisé,Ngousso,Services / Sécurité,1.0
9286af8e61cb94f04193,206,153,1856,OFFRE_001856_52d4235d1b33,Contrôleur du travail,Non précisé,Ngousso,Autre / Non classé,0.75
340d8b5317eee956c3d7,412,307,1857,OFFRE_001857_21c4787c1530,Enseignant du Secondaire,Non précisé,Kribi,Éducation / Formation,0.875
340d8b5317eee956c3d7,412,308,1858,OFFRE_001858_d1dfcab4d1eb,Enseignant du Secondaire,Non précisé,Kribi,Éducation / Formation,0.875
a872b4975e7aeb22c040,207,155,1859,OFFRE_001859_624853116923,Gestionnaire des ressources humaines,Non précisé,Yaoundé,Administration / RH,1.0
d0f7b6caba540fdebf41,208,155,1860,OFFRE_001860_8ab618238f0c,Scieur,Non précisé,Yaoundé (Ekoumdoum),Industrie / Maintenance,0.75
cf03f4912425c0ffef8b,206,153,1861,OFFRE_001861_dc0ba1f7f3c7,Agent d'entretien,Non précisé,Yaoundé (Ekoumdoum),Services / Sécurité,0.75
6f12895c03a824d752c5,207,155,1862,OFFRE_001862_221916cb85d6,Vendeur en magasin,Non précisé,Limbe / Buea,Commerce / Vente,0.75
84b3a44add9ca0466da3,207,155,1863,OFFRE_001863_e62d8f5f2461,Cuisinier Domestique,Non précisé,Limbe / Buea,Services / Sécurité,1.0
f005fd4db9d8ea5358d6,207,155,1864,OFFRE_001864_9512f192949a,Employé de Ménage,Non précisé,Limbe / Buea,Services / Sécurité,0.75
b8422418f75683615598,206,154,1865,OFFRE_001865_8463a9f5deff,Cadre comptable,Non précisé,Limbe / Buea,Finance / Comptabilité,1.0
05b9077590cb0833ed8a,206,154,1866,OFFRE_001866_e7f54352c61d,Cadre administratif,Non précisé,,Administration / RH,0.875
f1e755172099e42005e8,206,154,1867,OFFRE_001867_404fd0db51e1,"Cadre Sécurité, Hygiène et Environnement",Non précisé,Ngousso,Services / Sécurité,1.0
9286af8e61cb94f04193,206,154,1868,OFFRE_001868_b3801379c123,Contrôleur du travail,Non précisé,Ngousso,Autre / Non classé,0.75
340d8b5317eee956c3d7,412,309,1869,OFFRE_001869_bb6a7186eb5a,Enseignant du Secondaire,Non précisé,Kribi,Éducation / Formation,0.875
340d8b5317eee956c3d7,412,310,1870,OFFRE_001870_0f9c9d4176f9,Enseignant du Secondaire,Non précisé,Kribi,Éducation / Formation,0.875
a872b4975e7aeb22c040,207,156,1871,OFFRE_001871_1a240a08ef81,Gestionnaire des ressources humaines,Non précisé,Yaoundé,Administration / RH,1.0
d0f7b6caba540fdebf41,208,156,1872,OFFRE_001872_084f424fcd59,Scieur,Non précisé,Yaoundé (Ekoumdoum),Industrie / Maintenance,0.75
cf03f4912425c0ffef8b,206,154,1873,OFFRE_001873_47ed0b73ce64,Agent d'entretien,Non précisé,Yaoundé (Ekoumdoum),Services / Sécurité,0.75
6f12895c03a824d752c5,207,156,1874,OFFRE_001874_e874d480a431,Vendeur en magasin,Non précisé,Limbe / Buea,Commerce / Vente,0.75
84b3a44add9ca0466da3,207,156,1875,OFFRE_001875_782c6e53ef95,Cuisinier Domestique,Non précisé,Limbe / Buea,Services / Sécurité,1.0
f005fd4db9d8ea5358d6,207,156,1876,OFFRE_001876_f8a296c1083c,Employé de Ménage,Non précisé,Limbe / Buea,Services / Sécurité,0.75
b8422418f75683615598,206,155,1877,OFFRE_001877_dffa3074ae8a,Cadre comptable,Non précisé,Limbe / Buea,Finance / Comptabilité,1.0
05b9077590cb0833ed8a,206,155,1878,OFFRE_001878_e8c88a4460bb,Cadre administratif,Non précisé,,Administration / RH,0.875
f1e755172099e42005e8,206,155,1879,OFFRE_001879_f01ae9956ae4,"Cadre Sécurité, Hygiène et Environnement",Non précisé,Ngousso,Services / Sécurité,1.0
9286af8e61cb94f04193,206,155,1880,OFFRE_001880_3e1e86a0c2e9,Contrôleur du travail,Non précisé,Ngousso,Autre / Non classé,0.75
340d8b5317eee956c3d7,412,311,1881,OFFRE_001881_6339e2b546e1,Enseignant du Secondaire,Non précisé,Kribi,Éducation / Formation,0.875
340d8b5317eee956c3d7,412,312,1882,OFFRE_001882_5990c1c56fb9,Enseignant du Secondaire,Non précisé,Kribi,Éducation / Formation,0.875
a872b4975e7aeb22c040,207,157,1883,OFFRE_001883_484fbf115095,Gestionnaire des ressources humaines,Non précisé,Yaoundé,Administration / RH,1.0
d0f7b6caba540fdebf41,208,157,1884,OFFRE_001884_d5f9dc0a9654,Scieur,Non précisé,Yaoundé (Ekoumdoum),Industrie / Maintenance,0.75
cf03f4912425c0ffef8b,206,155,1885,OFFRE_001885_66491649ecae,Agent d'entretien,Non précisé,Yaoundé (Ekoumdoum),Services / Sécurité,0.75
6f12895c03a824d752c5,207,157,1886,OFFRE_001886_0de80977272d,Vendeur en magasin,Non précisé,Limbe / Buea,Commerce / Vente,0.75
84b3a44add9ca0466da3,207,157,1887,OFFRE_001887_c69e69ade3bf,Cuisinier Domestique,Non précisé,Limbe / Buea,Services / Sécurité,1.0
f005fd4db9d8ea5358d6,207,157,1888,OFFRE_001888_5ac872fe5b34,Employé de Ménage,Non précisé,Limbe / Buea,Services / Sécurité,0.75
b8422418f75683615598,206,156,1889,OFFRE_001889_d5d54c86bdb2,Cadre comptable,Non précisé,Limbe / Buea,Finance / Comptabilité,1.0
05b9077590cb0833ed8a,206,156,1890,OFFRE_001890_3dc46e959c69,Cadre administratif,Non précisé,,Administration / RH,0.875
f1e755172099e42005e8,206,156,1891,OFFRE_001891_996fe4c54275,"Cadre Sécurité, Hygiène et Environnement",Non précisé,Ngousso,Services / Sécurité,1.0
9286af8e61cb94f04193,206,156,1892,OFFRE_001892_ad6ad875c734,Contrôleur du travail,Non précisé,Ngousso,Autre / Non classé,0.75
340d8b5317eee956c3d7,412,313,1893,OFFRE_001893_03435cbcdc2c,Enseignant du Secondaire,Non précisé,Kribi,Éducation / Formation,0.875
340d8b5317eee956c3d7,412,314,1894,OFFRE_001894_b109db77659f,Enseignant du Secondaire,Non précisé,Kribi,Éducation / Formation,0.875
a872b4975e7aeb22c040,207,158,1895,OFFRE_001895_ac544a6fc02b,Gestionnaire des ressources humaines,Non précisé,Yaoundé,Administration / RH,1.0
d0f7b6caba540fdebf41,208,158,1896,OFFRE_001896_1e8e0ba17aa4,Scieur,Non précisé,Yaoundé (Ekoumdoum),Industrie / Maintenance,0.75
cf03f4912425c0ffef8b,206,156,1897,OFFRE_001897_a5792406ea2d,Agent d'entretien,Non précisé,Yaoundé (Ekoumdoum),Services / Sécurité,0.75
6f12895c03a824d752c5,207,158,1898,OFFRE_001898_f3383f876846,Vendeur en magasin,Non précisé,Limbe / Buea,Commerce / Vente,0.75
84b3a44add9ca0466da3,207,158,1899,OFFRE_001899_c0a296998149,Cuisinier Domestique,Non précisé,Limbe / Buea,Services / Sécurité,1.0
f005fd4db9d8ea5358d6,207,158,1900,OFFRE_001900_2b7345dfcfb6,Employé de Ménage,Non précisé,Limbe / Buea,Services / Sécurité,0.75
b8422418f75683615598,206,157,1901,OFFRE_001901_8e7c780b77bf,Cadre comptable,Non précisé,Limbe / Buea,Finance / Comptabilité,1.0
05b9077590cb0833ed8a,206,157,1902,OFFRE_001902_6b7549db6ac8,Cadre administratif,Non précisé,,Administration / RH,0.875
f1e755172099e42005e8,206,157,1903,OFFRE_001903_4b7a21705d34,"Cadre Sécurité, Hygiène et Environnement",Non précisé,Ngousso,Services / Sécurité,1.0
9286af8e61cb94f04193,206,157,1904,OFFRE_001904_21ee34aa6abc,Contrôleur du travail,Non précisé,Ngousso,Autre / Non classé,0.75
340d8b5317eee956c3d7,412,315,1905,OFFRE_001905_b3ab19b16342,Enseignant du Secondaire,Non précisé,Kribi,Éducation / Formation,0.875
340d8b5317eee956c3d7,412,316,1906,OFFRE_001906_67e600d0eb6b,Enseignant du Secondaire,Non précisé,Kribi,Éducation / Formation,0.875
a872b4975e7aeb22c040,207,159,1907,OFFRE_001907_0ab54a2f9a57,Gestionnaire des ressources humaines,Non précisé,Yaoundé,Administration / RH,1.0
d0f7b6caba540fdebf41,208,159,1908,OFFRE_001908_8882b8fca8d2,Scieur,Non précisé,Yaoundé (Ekoumdoum),Industrie / Maintenance,0.75
cf03f4912425c0ffef8b,206,157,1909,OFFRE_001909_365605b842af,Agent d'entretien,Non précisé,Yaoundé (Ekoumdoum),Services / Sécurité,0.75
6f12895c03a824d752c5,207,159,1910,OFFRE_001910_2242c9685749,Vendeur en magasin,Non précisé,Limbe / Buea,Commerce / Vente,0.75
84b3a44add9ca0466da3,207,159,1911,OFFRE_001911_7c2e66c933bb,Cuisinier Domestique,Non précisé,Limbe / Buea,Services / Sécurité,1.0
f005fd4db9d8ea5358d6,207,159,1912,OFFRE_001912_7ad3b3c9a076,Employé de Ménage,Non précisé,Limbe / Buea,Services / Sécurité,0.75
b8422418f75683615598,206,158,1913,OFFRE_001913_4a572a3e46a7,Cadre comptable,Non précisé,Limbe / Buea,Finance / Comptabilité,1.0
05b9077590cb0833ed8a,206,158,1914,OFFRE_001914_8a3e82bdfb78,Cadre administratif,Non précisé,,Administration / RH,0.875
f1e755172099e42005e8,206,158,1915,OFFRE_001915_07699c0ca91f,"Cadre Sécurité, Hygiène et Environnement",Non précisé,Ngousso,Services / Sécurité,1.0
9286af8e61cb94f04193,206,158,1916,OFFRE_001916_82d3dea23fa7,Contrôleur du travail,Non précisé,Ngousso,Autre / Non classé,0.75
340d8b5317eee956c3d7,412,317,1917,OFFRE_001917_8b74a8c6c4d5,Enseignant du Secondaire,Non précisé,Kribi,Éducation / Formation,0.875
340d8b5317eee956c3d7,412,318,1918,OFFRE_001918_41c114972dad,Enseignant du Secondaire,Non précisé,Kribi,Éducation / Formation,0.875
a872b4975e7aeb22c040,207,160,1919,OFFRE_001919_ae7189fb0bfc,Gestionnaire des ressources humaines,Non précisé,Yaoundé,Administration / RH,1.0
d0f7b6caba540fdebf41,208,160,1920,OFFRE_001920_fd12655fe5d0,Scieur,Non précisé,Yaoundé (Ekoumdoum),Industrie / Maintenance,0.75
cf03f4912425c0ffef8b,206,158,1921,OFFRE_001921_f41a5b583ebb,Agent d'entretien,Non précisé,Yaoundé (Ekoumdoum),Services / Sécurité,0.75
6f12895c03a824d752c5,207,160,1922,OFFRE_001922_423c6c56f286,Vendeur en magasin,Non précisé,Limbe / Buea,Commerce / Vente,0.75
84b3a44add9ca0466da3,207,160,1923,OFFRE_001923_b06c3f82f914,Cuisinier Domestique,Non précisé,Limbe / Buea,Services / Sécurité,1.0
f005fd4db9d8ea5358d6,207,160,1924,OFFRE_001924_04b32d9cff29,Employé de Ménage,Non précisé,Limbe / Buea,Services / Sécurité,0.75
b8422418f75683615598,206,159,1925,OFFRE_001925_bd7ac778c636,Cadre comptable,Non précisé,Limbe / Buea,Finance / Comptabilité,1.0
05b9077590cb0833ed8a,206,159,1926,OFFRE_001926_f874b4df2022,Cadre administratif,Non précisé,,Administration / RH,0.875
f1e755172099e42005e8,206,159,1927,OFFRE_001927_d765148db78d,"Cadre Sécurité, Hygiène et Environnement",Non précisé,Ngousso,Services / Sécurité,1.0
9286af8e61cb94f04193,206,159,1928,OFFRE_001928_131e9df8b422,Contrôleur du travail,Non précisé,Ngousso,Autre / Non classé,0.75
340d8b5317eee956c3d7,412,319,1929,OFFRE_001929_8d64f473853f,Enseignant du Secondaire,Non précisé,Kribi,Éducation / Formation,0.875
340d8b5317eee956c3d7,412,320,1930,OFFRE_001930_e0d65e266707,Enseignant du Secondaire,Non précisé,Kribi,Éducation / Formation,0.875
a872b4975e7aeb22c040,207,161,1931,OFFRE_001931_a231b8a080a4,Gestionnaire des ressources humaines,Non précisé,Yaoundé,Administration / RH,1.0
d0f7b6caba540fdebf41,208,161,1932,OFFRE_001932_65c2e028ea0a,Scieur,Non précisé,Yaoundé (Ekoumdoum),Industrie / Maintenance,0.75
cf03f4912425c0ffef8b,206,159,1933,OFFRE_001933_de0b59dc7e9f,Agent d'entretien,Non précisé,Yaoundé (Ekoumdoum),Services / Sécurité,0.75
6f12895c03a824d752c5,207,161,1934,OFFRE_001934_c2cc198ed712,Vendeur en magasin,Non précisé,Limbe / Buea,Commerce / Vente,0.75
84b3a44add9ca0466da3,207,161,1935,OFFRE_001935_33e29feb854a,Cuisinier Domestique,Non précisé,Limbe / Buea,Services / Sécurité,1.0
f005fd4db9d8ea5358d6,207,161,1936,OFFRE_001936_2ceae55e2879,Employé de Ménage,Non précisé,Limbe / Buea,Services / Sécurité,0.75
b8422418f75683615598,206,160,1937,OFFRE_001937_9c4ccaacdde0,Cadre comptable,Non précisé,Limbe / Buea,Finance / Comptabilité,1.0
05b9077590cb0833ed8a,206,160,1938,OFFRE_001938_f9fb081442ed,Cadre administratif,Non précisé,,Administration / RH,0.875
f1e755172099e42005e8,206,160,1939,OFFRE_001939_2bfc92c81e0b,"Cadre Sécurité, Hygiène et Environnement",Non précisé,Ngousso,Services / Sécurité,1.0
9286af8e61cb94f04193,206,160,1940,OFFRE_001940_ee50f547b42b,Contrôleur du travail,Non précisé,Ngousso,Autre / Non classé,0.75
340d8b5317eee956c3d7,412,321,1941,OFFRE_001941_128ecf8b3a9d,Enseignant du Secondaire,Non précisé,Kribi,Éducation / Formation,0.875
340d8b5317eee956c3d7,412,322,1942,OFFRE_001942_524d5580560d,Enseignant du Secondaire,Non précisé,Kribi,Éducation / Formation,0.875
a872b4975e7aeb22c040,207,162,1943,OFFRE_001943_da41a791fd4e,Gestionnaire des ressources humaines,Non précisé,Yaoundé,Administration / RH,1.0
d0f7b6caba540fdebf41,208,162,1944,OFFRE_001944_104d619462bd,Scieur,Non précisé,Yaoundé (Ekoumdoum),Industrie / Maintenance,0.75
cf03f4912425c0ffef8b,206,160,1945,OFFRE_001945_b6f27add7665,Agent d'entretien,Non précisé,Yaoundé (Ekoumdoum),Services / Sécurité,0.75
6f12895c03a824d752c5,207,162,1946,OFFRE_001946_d17b989e562f,Vendeur en magasin,Non précisé,Limbe / Buea,Commerce / Vente,0.75
84b3a44add9ca0466da3,207,162,1947,OFFRE_001947_d44c8a412e1e,Cuisinier Domestique,Non précisé,Limbe / Buea,Services / Sécurité,1.0
f005fd4db9d8ea5358d6,207,162,1948,OFFRE_001948_ed574cd13ec9,Employé de Ménage,Non précisé,Limbe / Buea,Services / Sécurité,0.75
b8422418f75683615598,206,161,1949,OFFRE_001949_133dfe3cbc31,Cadre comptable,Non précisé,Limbe / Buea,Finance / Comptabilité,1.0
05b9077590cb0833ed8a,206,161,1950,OFFRE_001950_89943904ee10,Cadre administratif,Non précisé,,Administration / RH,0.875
f1e755172099e42005e8,206,161,1951,OFFRE_001951_5b89539ba85c,"Cadre Sécurité, Hygiène et Environnement",Non précisé,Ngousso,Services / Sécurité,1.0
9286af8e61cb94f04193,206,161,1952,OFFRE_001952_7924046b8323,Contrôleur du travail,Non précisé,Ngousso,Autre / Non classé,0.75
340d8b5317eee956c3d7,412,323,1953,OFFRE_001953_eacd5214ec62,Enseignant du Secondaire,Non précisé,Kribi,Éducation / Formation,0.875
340d8b5317eee956c3d7,412,324,1954,OFFRE_001954_4efa968e8387,Enseignant du Secondaire,Non précisé,Kribi,Éducation / Formation,0.875
a872b4975e7aeb22c040,207,163,1955,OFFRE_001955_f470b0bfcc94,Gestionnaire des ressources humaines,Non précisé,Yaoundé,Administration / RH,1.0
d0f7b6caba540fdebf41,208,163,1956,OFFRE_001956_6ec1117eb4ef,Scieur,Non précisé,Yaoundé (Ekoumdoum),Industrie / Maintenance,0.75
cf03f4912425c0ffef8b,206,161,1957,OFFRE_001957_47cabd524f95,Agent d'entretien,Non précisé,Yaoundé (Ekoumdoum),Services / Sécurité,0.75
6f12895c03a824d752c5,207,163,1958,OFFRE_001958_1e67e8f3df6b,Vendeur en magasin,Non précisé,Limbe / Buea,Commerce / Vente,0.75
84b3a44add9ca0466da3,207,163,1959,OFFRE_001959_ba55726375d1,Cuisinier Domestique,Non précisé,Limbe / Buea,Services / Sécurité,1.0
f005fd4db9d8ea5358d6,207,163,1960,OFFRE_001960_4d04d2ddb9f8,Employé de Ménage,Non précisé,Limbe / Buea,Services / Sécurité,0.75
b8422418f75683615598,206,162,1961,OFFRE_001961_639e1f9e37f1,Cadre comptable,Non précisé,Limbe / Buea,Finance / Comptabilité,1.0
05b9077590cb0833ed8a,206,162,1962,OFFRE_001962_6b74fc91436f,Cadre administratif,Non précisé,,Administration / RH,0.875
f1e755172099e42005e8,206,162,1963,OFFRE_001963_e0b4558d7a56,"Cadre Sécurité, Hygiène et Environnement",Non précisé,Ngousso,Services / Sécurité,1.0
9286af8e61cb94f04193,206,162,1964,OFFRE_001964_9c3386269654,Contrôleur du travail,Non précisé,Ngousso,Autre / Non classé,0.75
340d8b5317eee956c3d7,412,325,1965,OFFRE_001965_e856323b3a62,Enseignant du Secondaire,Non précisé,Kribi,Éducation / Formation,0.875
340d8b5317eee956c3d7,412,326,1966,OFFRE_001966_a3daefdebe83,Enseignant du Secondaire,Non précisé,Kribi,Éducation / Formation,0.875
a872b4975e7aeb22c040,207,164,1967,OFFRE_001967_b03423dbdaa3,Gestionnaire des ressources humaines,Non précisé,Yaoundé,Administration / RH,1.0
d0f7b6caba540fdebf41,208,164,1968,OFFRE_001968_3c56a5a8146d,Scieur,Non précisé,Yaoundé (Ekoumdoum),Industrie / Maintenance,0.75
cf03f4912425c0ffef8b,206,162,1969,OFFRE_001969_5630b50a9c6e,Agent d'entretien,Non précisé,Yaoundé (Ekoumdoum),Services / Sécurité,0.75
6f12895c03a824d752c5,207,164,1970,OFFRE_001970_67938bea5a67,Vendeur en magasin,Non précisé,Limbe / Buea,Commerce / Vente,0.75
84b3a44add9ca0466da3,207,164,1971,OFFRE_001971_5047624d39fa,Cuisinier Domestique,Non précisé,Limbe / Buea,Services / Sécurité,1.0
f005fd4db9d8ea5358d6,207,164,1972,OFFRE_001972_eceef20db86a,Employé de Ménage,Non précisé,Limbe / Buea,Services / Sécurité,0.75
b8422418f75683615598,206,163,1973,OFFRE_001973_3c110c1088c7,Cadre comptable,Non précisé,Limbe / Buea,Finance / Comptabilité,1.0
05b9077590cb0833ed8a,206,163,1974,OFFRE_001974_65d9174ff72a,Cadre administratif,Non précisé,,Administration / RH,0.875
f1e755172099e42005e8,206,163,1975,OFFRE_001975_7b702a030f17,"Cadre Sécurité, Hygiène et Environnement",Non précisé,Ngousso,Services / Sécurité,1.0
9286af8e61cb94f04193,206,163,1976,OFFRE_001976_6b86914338f0,Contrôleur du travail,Non précisé,Ngousso,Autre / Non classé,0.75
340d8b5317eee956c3d7,412,327,1977,OFFRE_001977_ea255bd49137,Enseignant du Secondaire,Non précisé,Kribi,Éducation / Formation,0.875
340d8b5317eee956c3d7,412,328,1978,OFFRE_001978_874bee104315,Enseignant du Secondaire,Non précisé,Kribi,Éducation / Formation,0.875
a872b4975e7aeb22c040,207,165,1979,OFFRE_001979_b17645305225,Gestionnaire des ressources humaines,Non précisé,Yaoundé,Administration / RH,1.0
d0f7b6caba540fdebf41,208,165,1980,OFFRE_001980_0adf2e66181a,Scieur,Non précisé,Yaoundé (Ekoumdoum),Industrie / Maintenance,0.75
cf03f4912425c0ffef8b,206,163,1981,OFFRE_001981_98aff1993fe2,Agent d'entretien,Non précisé,Yaoundé (Ekoumdoum),Services / Sécurité,0.75
6f12895c03a824d752c5,207,165,1982,OFFRE_001982_dd03ebd48258,Vendeur en magasin,Non précisé,Limbe / Buea,Commerce / Vente,0.75
84b3a44add9ca0466da3,207,165,1983,OFFRE_001983_c9294c15f1b7,Cuisinier Domestique,Non précisé,Limbe / Buea,Services / Sécurité,1.0
f005fd4db9d8ea5358d6,207,165,1984,OFFRE_001984_42cba7fbcf21,Employé de Ménage,Non précisé,Limbe / Buea,Services / Sécurité,0.75
b8422418f75683615598,206,164,1985,OFFRE_001985_854b30a3a4db,Cadre comptable,Non précisé,Limbe / Buea,Finance / Comptabilité,1.0
05b9077590cb0833ed8a,206,164,1986,OFFRE_001986_8883e9b5483a,Cadre administratif,Non précisé,,Administration / RH,0.875
f1e755172099e42005e8,206,164,1987,OFFRE_001987_ab52a7b869aa,"Cadre Sécurité, Hygiène et Environnement",Non précisé,Ngousso,Services / Sécurité,1.0
9286af8e61cb94f04193,206,164,1988,OFFRE_001988_61cc9955cc74,Contrôleur du travail,Non précisé,Ngousso,Autre / Non classé,0.75
340d8b5317eee956c3d7,412,329,1989,OFFRE_001989_4066bfb90477,Enseignant du Secondaire,Non précisé,Kribi,Éducation / Formation,0.875
340d8b5317eee956c3d7,412,330,1990,OFFRE_001990_295bf4d53e50,Enseignant du Secondaire,Non précisé,Kribi,Éducation / Formation,0.875
a872b4975e7aeb22c040,207,166,1991,OFFRE_001991_bf61d16a3184,Gestionnaire des ressources humaines,Non précisé,Yaoundé,Administration / RH,1.0
d0f7b6caba540fdebf41,208,166,1992,OFFRE_001992_4d37c9b01c4c,Scieur,Non précisé,Yaoundé (Ekoumdoum),Industrie / Maintenance,0.75
cf03f4912425c0ffef8b,206,164,1993,OFFRE_001993_59dc5a29f57e,Agent d'entretien,Non précisé,Yaoundé (Ekoumdoum),Services / Sécurité,0.75
6f12895c03a824d752c5,207,166,1994,OFFRE_001994_e706e4219aaa,Vendeur en magasin,Non précisé,Limbe / Buea,Commerce / Vente,0.75
84b3a44add9ca0466da3,207,166,1995,OFFRE_001995_6f3d442bfa73,Cuisinier Domestique,Non précisé,Limbe / Buea,Services / Sécurité,1.0
f005fd4db9d8ea5358d6,207,166,1996,OFFRE_001996_53f0b055901d,Employé de Ménage,Non précisé,Limbe / Buea,Services / Sécurité,0.75
b8422418f75683615598,206,165,1997,OFFRE_001997_e8ea00134171,Cadre comptable,Non précisé,Limbe / Buea,Finance / Comptabilité,1.0
05b9077590cb0833ed8a,206,165,1998,OFFRE_001998_9281ccb4cc3d,Cadre administratif,Non précisé,,Administration / RH,0.875
f1e755172099e42005e8,206,165,1999,OFFRE_001999_b4ac544c095c,"Cadre Sécurité, Hygiène et Environnement",Non précisé,Ngousso,Services / Sécurité,1.0
9286af8e61cb94f04193,206,165,2000,OFFRE_002000_de8316f10e50,Contrôleur du travail,Non précisé,Ngousso,Autre / Non classé,0.75
340d8b5317eee956c3d7,412,331,2001,OFFRE_002001_cb16d3836581,Enseignant du Secondaire,Non précisé,Kribi,Éducation / Formation,0.875
340d8b5317eee956c3d7,412,332,2002,OFFRE_002002_cdeca38c845d,Enseignant du Secondaire,Non précisé,Kribi,Éducation / Formation,0.875
a872b4975e7aeb22c040,207,167,2003,OFFRE_002003_06b1f651c93e,Gestionnaire des ressources humaines,Non précisé,Yaoundé,Administration / RH,1.0
d0f7b6caba540fdebf41,208,167,2004,OFFRE_002004_aceeb14a5d49,Scieur,Non précisé,Yaoundé (Ekoumdoum),Industrie / Maintenance,0.75
cf03f4912425c0ffef8b,206,165,2005,OFFRE_002005_9fd55f50da85,Agent d'entretien,Non précisé,Yaoundé (Ekoumdoum),Services / Sécurité,0.75
6f12895c03a824d752c5,207,167,2006,OFFRE_002006_a1310091ed1d,Vendeur en magasin,Non précisé,Limbe / Buea,Commerce / Vente,0.75
84b3a44add9ca0466da3,207,167,2007,OFFRE_002007_e4a1d3533aaa,Cuisinier Domestique,Non précisé,Limbe / Buea,Services / Sécurité,1.0
f005fd4db9d8ea5358d6,207,167,2008,OFFRE_002008_46e21007be48,Employé de Ménage,Non précisé,Limbe / Buea,Services / Sécurité,0.75
b8422418f75683615598,206,166,2009,OFFRE_002009_4aa197012ce4,Cadre comptable,Non précisé,Limbe / Buea,Finance / Comptabilité,1.0
05b9077590cb0833ed8a,206,166,2010,OFFRE_002010_28bcbaeac1ca,Cadre administratif,Non précisé,,Administration / RH,0.875
f1e755172099e42005e8,206,166,2011,OFFRE_002011_1e380a138646,"Cadre Sécurité, Hygiène et Environnement",Non précisé,Ngousso,Services / Sécurité,1.0
9286af8e61cb94f04193,206,166,2012,OFFRE_002012_4f6ae90452dc,Contrôleur du travail,Non précisé,Ngousso,Autre / Non classé,0.75
340d8b5317eee956c3d7,412,333,2013,OFFRE_002013_7303422a7445,Enseignant du Secondaire,Non précisé,Kribi,Éducation / Formation,0.875
340d8b5317eee956c3d7,412,334,2014,OFFRE_002014_55b1675dd364,Enseignant du Secondaire,Non précisé,Kribi,Éducation / Formation,0.875
a872b4975e7aeb22c040,207,168,2015,OFFRE_002015_23b4f2f54c55,Gestionnaire des ressources humaines,Non précisé,Yaoundé,Administration / RH,1.0
d0f7b6caba540fdebf41,208,168,2016,OFFRE_002016_2adb5b3bc3e4,Scieur,Non précisé,Yaoundé (Ekoumdoum),Industrie / Maintenance,0.75
cf03f4912425c0ffef8b,206,166,2017,OFFRE_002017_577426c5aaf4,Agent d'entretien,Non précisé,Yaoundé (Ekoumdoum),Services / Sécurité,0.75
6f12895c03a824d752c5,207,168,2018,OFFRE_002018_c1973d2811fd,Vendeur en magasin,Non précisé,Limbe / Buea,Commerce / Vente,0.75
84b3a44add9ca0466da3,207,168,2019,OFFRE_002019_f7c6ea032d41,Cuisinier Domestique,Non précisé,Limbe / Buea,Services / Sécurité,1.0
f005fd4db9d8ea5358d6,207,168,2020,OFFRE_002020_c63560817b93,Employé de Ménage,Non précisé,Limbe / Buea,Services / Sécurité,0.75
b8422418f75683615598,206,167,2021,OFFRE_002021_72163296e752,Cadre comptable,Non précisé,Limbe / Buea,Finance / Comptabilité,1.0
05b9077590cb0833ed8a,206,167,2022,OFFRE_002022_15bbefecd30f,Cadre administratif,Non précisé,,Administration / RH,0.875
f1e755172099e42005e8,206,167,2023,OFFRE_002023_85dab1383641,"Cadre Sécurité, Hygiène et Environnement",Non précisé,Ngousso,Services / Sécurité,1.0
9286af8e61cb94f04193,206,167,2024,OFFRE_002024_d93ddc45ecdf,Contrôleur du travail,Non précisé,Ngousso,Autre / Non classé,0.75
340d8b5317eee956c3d7,412,335,2025,OFFRE_002025_5ddfe93a9969,Enseignant du Secondaire,Non précisé,Kribi,Éducation / Formation,0.875
340d8b5317eee956c3d7,412,336,2026,OFFRE_002026_4d556213d89e,Enseignant du Secondaire,Non précisé,Kribi,Éducation / Formation,0.875
a872b4975e7aeb22c040,207,169,2027,OFFRE_002027_6e21b694a1e7,Gestionnaire des ressources humaines,Non précisé,Yaoundé,Administration / RH,1.0
d0f7b6caba540fdebf41,208,169,2028,OFFRE_002028_d70f1ff4fd39,Scieur,Non précisé,Yaoundé (Ekoumdoum),Industrie / Maintenance,0.75
cf03f4912425c0ffef8b,206,167,2029,OFFRE_002029_463ed777e11c,Agent d'entretien,Non précisé,Yaoundé (Ekoumdoum),Services / Sécurité,0.75
6f12895c03a824d752c5,207,169,2030,OFFRE_002030_f25bcc0c0676,Vendeur en magasin,Non précisé,Limbe / Buea,Commerce / Vente,0.75
84b3a44add9ca0466da3,207,169,2031,OFFRE_002031_1576bdbf04f7,Cuisinier Domestique,Non précisé,Limbe / Buea,Services / Sécurité,1.0
f005fd4db9d8ea5358d6,207,169,2032,OFFRE_002032_3ab946faf97a,Employé de Ménage,Non précisé,Limbe / Buea,Services / Sécurité,0.75
b8422418f75683615598,206,168,2033,OFFRE_002033_3528c6a2fcc7,Cadre comptable,Non précisé,Limbe / Buea,Finance / Comptabilité,1.0
05b9077590cb0833ed8a,206,168,2034,OFFRE_002034_0105ae24cabb,Cadre administratif,Non précisé,,Administration / RH,0.875
f1e755172099e42005e8,206,168,2035,OFFRE_002035_a19b7401e4f7,"Cadre Sécurité, Hygiène et Environnement",Non précisé,Ngousso,Services / Sécurité,1.0
9286af8e61cb94f04193,206,168,2036,OFFRE_002036_c0b584925e80,Contrôleur du travail,Non précisé,Ngousso,Autre / Non classé,0.75
340d8b5317eee956c3d7,412,337,2037,OFFRE_002037_a427198ff6a9,Enseignant du Secondaire,Non précisé,Kribi,Éducation / Formation,0.875
340d8b5317eee956c3d7,412,338,2038,OFFRE_002038_b26e6a4d7af5,Enseignant du Secondaire,Non précisé,Kribi,Éducation / Formation,0.875
a872b4975e7aeb22c040,207,170,2039,OFFRE_002039_8a700df2d212,Gestionnaire des ressources humaines,Non précisé,Yaoundé,Administration / RH,1.0
d0f7b6caba540fdebf41,208,170,2040,OFFRE_002040_b3505639c54d,Scieur,Non précisé,Yaoundé (Ekoumdoum),Industrie / Maintenance,0.75
cf03f4912425c0ffef8b,206,168,2041,OFFRE_002041_d473fc9c55ce,Agent d'entretien,Non précisé,Yaoundé (Ekoumdoum),Services / Sécurité,0.75
6f12895c03a824d752c5,207,170,2042,OFFRE_002042_88e775cd1072,Vendeur en magasin,Non précisé,Limbe / Buea,Commerce / Vente,0.75
84b3a44add9ca0466da3,207,170,2043,OFFRE_002043_69ebcd4e1722,Cuisinier Domestique,Non précisé,Limbe / Buea,Services / Sécurité,1.0
f005fd4db9d8ea5358d6,207,170,2044,OFFRE_002044_717deeb40222,Employé de Ménage,Non précisé,Limbe / Buea,Services / Sécurité,0.75
b8422418f75683615598,206,169,2045,OFFRE_002045_0d13c7d4dcc9,Cadre comptable,Non précisé,Limbe / Buea,Finance / Comptabilité,1.0
05b9077590cb0833ed8a,206,169,2046,OFFRE_002046_9ce64676b4e9,Cadre administratif,Non précisé,,Administration / RH,0.875
f1e755172099e42005e8,206,169,2047,OFFRE_002047_2d405b9d3bd2,"Cadre Sécurité, Hygiène et Environnement",Non précisé,Ngousso,Services / Sécurité,1.0
9286af8e61cb94f04193,206,169,2048,OFFRE_002048_b855fa2465af,Contrôleur du travail,Non précisé,Ngousso,Autre / Non classé,0.75
340d8b5317eee956c3d7,412,339,2049,OFFRE_002049_7e41244f892e,Enseignant du Secondaire,Non précisé,Kribi,Éducation / Formation,0.875
340d8b5317eee956c3d7,412,340,2050,OFFRE_002050_9ee44ac62486,Enseignant du Secondaire,Non précisé,Kribi,Éducation / Formation,0.875
a872b4975e7aeb22c040,207,171,2051,OFFRE_002051_b217d810577b,Gestionnaire des ressources humaines,Non précisé,Yaoundé,Administration / RH,1.0
d0f7b6caba540fdebf41,208,171,2052,OFFRE_002052_0a00d0d7c745,Scieur,Non précisé,Yaoundé (Ekoumdoum),Industrie / Maintenance,0.75
cf03f4912425c0ffef8b,206,169,2053,OFFRE_002053_e3b2641dafa8,Agent d'entretien,Non précisé,Yaoundé (Ekoumdoum),Services / Sécurité,0.75
6f12895c03a824d752c5,207,171,2054,OFFRE_002054_a6d972febe83,Vendeur en magasin,Non précisé,Limbe / Buea,Commerce / Vente,0.75
84b3a44add9ca0466da3,207,171,2055,OFFRE_002055_10c63075d9d6,Cuisinier Domestique,Non précisé,Limbe / Buea,Services / Sécurité,1.0
f005fd4db9d8ea5358d6,207,171,2056,OFFRE_002056_9307b3ad6983,Employé de Ménage,Non précisé,Limbe / Buea,Services / Sécurité,0.75
b8422418f75683615598,206,170,2057,OFFRE_002057_5d66f2129593,Cadre comptable,Non précisé,Limbe / Buea,Finance / Comptabilité,1.0
05b9077590cb0833ed8a,206,170,2058,OFFRE_002058_cf23c3d8d4eb,Cadre administratif,Non précisé,,Administration / RH,0.875
f1e755172099e42005e8,206,170,2059,OFFRE_002059_510c85b17a68,"Cadre Sécurité, Hygiène et Environnement",Non précisé,Ngousso,Services / Sécurité,1.0
9286af8e61cb94f04193,206,170,2060,OFFRE_002060_6903c30a0ac8,Contrôleur du travail,Non précisé,Ngousso,Autre / Non classé,0.75
340d8b5317eee956c3d7,412,341,2061,OFFRE_002061_eadaafe545d9,Enseignant du Secondaire,Non précisé,Kribi,Éducation / Formation,0.875
340d8b5317eee956c3d7,412,342,2062,OFFRE_002062_2fa20babe6bd,Enseignant du Secondaire,Non précisé,Kribi,Éducation / Formation,0.875
a872b4975e7aeb22c040,207,172,2063,OFFRE_002063_fa88df5e1f1c,Gestionnaire des ressources humaines,Non précisé,Yaoundé,Administration / RH,1.0
d0f7b6caba540fdebf41,208,172,2064,OFFRE_002064_18908b90664b,Scieur,Non précisé,Yaoundé (Ekoumdoum),Industrie / Maintenance,0.75
cf03f4912425c0ffef8b,206,170,2065,OFFRE_002065_9538173b8b88,Agent d'entretien,Non précisé,Yaoundé (Ekoumdoum),Services / Sécurité,0.75
6f12895c03a824d752c5,207,172,2066,OFFRE_002066_901ef9cb94eb,Vendeur en magasin,Non précisé,Limbe / Buea,Commerce / Vente,0.75
84b3a44add9ca0466da3,207,172,2067,OFFRE_002067_58e5c900cf17,Cuisinier Domestique,Non précisé,Limbe / Buea,Services / Sécurité,1.0
f005fd4db9d8ea5358d6,207,172,2068,OFFRE_002068_3d3a7742b6d1,Employé de Ménage,Non précisé,Limbe / Buea,Services / Sécurité,0.75
b8422418f75683615598,206,171,2069,OFFRE_002069_796887909695,Cadre comptable,Non précisé,Limbe / Buea,Finance / Comptabilité,1.0
05b9077590cb0833ed8a,206,171,2070,OFFRE_002070_e4a1f4c64a31,Cadre administratif,Non précisé,,Administration / RH,0.875
f1e755172099e42005e8,206,171,2071,OFFRE_002071_28fcadb0e24b,"Cadre Sécurité, Hygiène et Environnement",Non précisé,Ngousso,Services / Sécurité,1.0
9286af8e61cb94f04193,206,171,2072,OFFRE_002072_491d682c4940,Contrôleur du travail,Non précisé,Ngousso,Autre / Non classé,0.75
340d8b5317eee956c3d7,412,343,2073,OFFRE_002073_2fed50290de8,Enseignant du Secondaire,Non précisé,Kribi,Éducation / Formation,0.875
340d8b5317eee956c3d7,412,344,2074,OFFRE_002074_f073ca1c07f0,Enseignant du Secondaire,Non précisé,Kribi,Éducation / Formation,0.875
a872b4975e7aeb22c040,207,173,2075,OFFRE_002075_f96698b31c83,Gestionnaire des ressources humaines,Non précisé,Yaoundé,Administration / RH,1.0
d0f7b6caba540fdebf41,208,173,2076,OFFRE_002076_1d7f59cc9f1e,Scieur,Non précisé,Yaoundé (Ekoumdoum),Industrie / Maintenance,0.75
cf03f4912425c0ffef8b,206,171,2077,OFFRE_002077_701280ca5947,Agent d'entretien,Non précisé,Yaoundé (Ekoumdoum),Services / Sécurité,0.75
6f12895c03a824d752c5,207,173,2078,OFFRE_002078_34397f08925f,Vendeur en magasin,Non précisé,Limbe / Buea,Commerce / Vente,0.75
84b3a44add9ca0466da3,207,173,2079,OFFRE_002079_6ccd08cf2d59,Cuisinier Domestique,Non précisé,Limbe / Buea,Services / Sécurité,1.0
f005fd4db9d8ea5358d6,207,173,2080,OFFRE_002080_0ed31ab2aed0,Employé de Ménage,Non précisé,Limbe / Buea,Services / Sécurité,0.75
b8422418f75683615598,206,172,2081,OFFRE_002081_6528494eaf76,Cadre comptable,Non précisé,Limbe / Buea,Finance / Comptabilité,1.0
05b9077590cb0833ed8a,206,172,2082,OFFRE_002082_92cafda32b85,Cadre administratif,Non précisé,,Administration / RH,0.875
f1e755172099e42005e8,206,172,2083,OFFRE_002083_326d0d226dfb,"Cadre Sécurité, Hygiène et Environnement",Non précisé,Ngousso,Services / Sécurité,1.0
9286af8e61cb94f04193,206,172,2084,OFFRE_002084_5a18937a878b,Contrôleur du travail,Non précisé,Ngousso,Autre / Non classé,0.75
340d8b5317eee956c3d7,412,345,2085,OFFRE_002085_0f17f02b8e52,Enseignant du Secondaire,Non précisé,Kribi,Éducation / Formation,0.875
340d8b5317eee956c3d7,412,346,2086,OFFRE_002086_95aa07311a65,Enseignant du Secondaire,Non précisé,Kribi,Éducation / Formation,0.875
a872b4975e7aeb22c040,207,174,2087,OFFRE_002087_1ed0268bc579,Gestionnaire des ressources humaines,Non précisé,Yaoundé,Administration / RH,1.0
d0f7b6caba540fdebf41,208,174,2088,OFFRE_002088_1d289f56202d,Scieur,Non précisé,Yaoundé (Ekoumdoum),Industrie / Maintenance,0.75
cf03f4912425c0ffef8b,206,172,2089,OFFRE_002089_448a5defcde4,Agent d'entretien,Non précisé,Yaoundé (Ekoumdoum),Services / Sécurité,0.75
6f12895c03a824d752c5,207,174,2090,OFFRE_002090_b200a8c4c855,Vendeur en magasin,Non précisé,Limbe / Buea,Commerce / Vente,0.75
84b3a44add9ca0466da3,207,174,2091,OFFRE_002091_02bf67e71b13,Cuisinier Domestique,Non précisé,Limbe / Buea,Services / Sécurité,1.0
f005fd4db9d8ea5358d6,207,174,2092,OFFRE_002092_067cdb81a9cb,Employé de Ménage,Non précisé,Limbe / Buea,Services / Sécurité,0.75
b8422418f75683615598,206,173,2093,OFFRE_002093_fe63c91be1bc,Cadre comptable,Non précisé,Limbe / Buea,Finance / Comptabilité,1.0
05b9077590cb0833ed8a,206,173,2094,OFFRE_002094_c10f470f6ff1,Cadre administratif,Non précisé,,Administration / RH,0.875
f1e755172099e42005e8,206,173,2095,OFFRE_002095_437bb3308da3,"Cadre Sécurité, Hygiène et Environnement",Non précisé,Ngousso,Services / Sécurité,1.0
9286af8e61cb94f04193,206,173,2096,OFFRE_002096_7f011e76fd8b,Contrôleur du travail,Non précisé,Ngousso,Autre / Non classé,0.75
340d8b5317eee956c3d7,412,347,2097,OFFRE_002097_1592a6548837,Enseignant du Secondaire,Non précisé,Kribi,Éducation / Formation,0.875
340d8b5317eee956c3d7,412,348,2098,OFFRE_002098_8b93eec20b63,Enseignant du Secondaire,Non précisé,Kribi,Éducation / Formation,0.875
a872b4975e7aeb22c040,207,175,2099,OFFRE_002099_536b24e82a04,Gestionnaire des ressources humaines,Non précisé,Yaoundé,Administration / RH,1.0
d0f7b6caba540fdebf41,208,175,2100,OFFRE_002100_8d7dbfd3e69f,Scieur,Non précisé,Yaoundé (Ekoumdoum),Industrie / Maintenance,0.75
cf03f4912425c0ffef8b,206,173,2101,OFFRE_002101_15d7a3d66fe3,Agent d'entretien,Non précisé,Yaoundé (Ekoumdoum),Services / Sécurité,0.75
6f12895c03a824d752c5,207,175,2102,OFFRE_002102_3d4fb893f900,Vendeur en magasin,Non précisé,Limbe / Buea,Commerce / Vente,0.75
84b3a44add9ca0466da3,207,175,2103,OFFRE_002103_73c05cfba0cf,Cuisinier Domestique,Non précisé,Limbe / Buea,Services / Sécurité,1.0
f005fd4db9d8ea5358d6,207,175,2104,OFFRE_002104_66ef1a756e9d,Employé de Ménage,Non précisé,Limbe / Buea,Services / Sécurité,0.75
b8422418f75683615598,206,174,2105,OFFRE_002105_df8a660e345d,Cadre comptable,Non précisé,Limbe / Buea,Finance / Comptabilité,1.0
05b9077590cb0833ed8a,206,174,2106,OFFRE_002106_c9fd6aaf9b24,Cadre administratif,Non précisé,,Administration / RH,0.875
f1e755172099e42005e8,206,174,2107,OFFRE_002107_90383dc2a730,"Cadre Sécurité, Hygiène et Environnement",Non précisé,Ngousso,Services / Sécurité,1.0
9286af8e61cb94f04193,206,174,2108,OFFRE_002108_089a90809d2b,Contrôleur du travail,Non précisé,Ngousso,Autre / Non classé,0.75
340d8b5317eee956c3d7,412,349,2109,OFFRE_002109_daf266758271,Enseignant du Secondaire,Non précisé,Kribi,Éducation / Formation,0.875
340d8b5317eee956c3d7,412,350,2110,OFFRE_002110_de7145568da8,Enseignant du Secondaire,Non précisé,Kribi,Éducation / Formation,0.875
a872b4975e7aeb22c040,207,176,2111,OFFRE_002111_b25416a46c0f,Gestionnaire des ressources humaines,Non précisé,Yaoundé,Administration / RH,1.0
d0f7b6caba540fdebf41,208,176,2112,OFFRE_002112_fd5be580c2f6,Scieur,Non précisé,Yaoundé (Ekoumdoum),Industrie / Maintenance,0.75
cf03f4912425c0ffef8b,206,174,2113,OFFRE_002113_11f3994f2b82,Agent d'entretien,Non précisé,Yaoundé (Ekoumdoum),Services / Sécurité,0.75
6f12895c03a824d752c5,207,176,2114,OFFRE_002114_cf07486a200b,Vendeur en magasin,Non précisé,Limbe / Buea,Commerce / Vente,0.75
84b3a44add9ca0466da3,207,176,2115,OFFRE_002115_6ff5e946f3d3,Cuisinier Domestique,Non précisé,Limbe / Buea,Services / Sécurité,1.0
f005fd4db9d8ea5358d6,207,176,2116,OFFRE_002116_d20cf203013a,Employé de Ménage,Non précisé,Limbe / Buea,Services / Sécurité,0.75
b8422418f75683615598,206,175,2117,OFFRE_002117_4a5be87a581e,Cadre comptable,Non précisé,Limbe / Buea,Finance / Comptabilité,1.0
05b9077590cb0833ed8a,206,175,2118,OFFRE_002118_51e19671defc,Cadre administratif,Non précisé,,Administration / RH,0.875
f1e755172099e42005e8,206,175,2119,OFFRE_002119_9ad7c5871e56,"Cadre Sécurité, Hygiène et Environnement",Non précisé,Ngousso,Services / Sécurité,1.0
9286af8e61cb94f04193,206,175,2120,OFFRE_002120_5c1397c16710,Contrôleur du travail,Non précisé,Ngousso,Autre / Non classé,0.75
340d8b5317eee956c3d7,412,351,2121,OFFRE_002121_793fd63e56c3,Enseignant du Secondaire,Non précisé,Kribi,Éducation / Formation,0.875
340d8b5317eee956c3d7,412,352,2122,OFFRE_002122_5cc1b4b3b512,Enseignant du Secondaire,Non précisé,Kribi,Éducation / Formation,0.875
a872b4975e7aeb22c040,207,177,2123,OFFRE_002123_874fffbd4afd,Gestionnaire des ressources humaines,Non précisé,Yaoundé,Administration / RH,1.0
d0f7b6caba540fdebf41,208,177,2124,OFFRE_002124_2265398e6d62,Scieur,Non précisé,Yaoundé (Ekoumdoum),Industrie / Maintenance,0.75
cf03f4912425c0ffef8b,206,175,2125,OFFRE_002125_d7e36751587b,Agent d'entretien,Non précisé,Yaoundé (Ekoumdoum),Services / Sécurité,0.75
6f12895c03a824d752c5,207,177,2126,OFFRE_002126_6399fa3fa06a,Vendeur en magasin,Non précisé,Limbe / Buea,Commerce / Vente,0.75
84b3a44add9ca0466da3,207,177,2127,OFFRE_002127_3f68daa4fc78,Cuisinier Domestique,Non précisé,Limbe / Buea,Services / Sécurité,1.0
f005fd4db9d8ea5358d6,207,177,2128,OFFRE_002128_880bb6e6b20f,Employé de Ménage,Non précisé,Limbe / Buea,Services / Sécurité,0.75
b8422418f75683615598,206,176,2129,OFFRE_002129_8812a6757996,Cadre comptable,Non précisé,Limbe / Buea,Finance / Comptabilité,1.0
05b9077590cb0833ed8a,206,176,2130,OFFRE_002130_2a302ea041da,Cadre administratif,Non précisé,,Administration / RH,0.875
f1e755172099e42005e8,206,176,2131,OFFRE_002131_8d7323a0868d,"Cadre Sécurité, Hygiène et Environnement",Non précisé,Ngousso,Services / Sécurité,1.0
9286af8e61cb94f04193,206,176,2132,OFFRE_002132_e7ca4ce969e0,Contrôleur du travail,Non précisé,Ngousso,Autre / Non classé,0.75
340d8b5317eee956c3d7,412,353,2133,OFFRE_002133_40fa78aa617c,Enseignant du Secondaire,Non précisé,Kribi,Éducation / Formation,0.875
340d8b5317eee956c3d7,412,354,2134,OFFRE_002134_3b8c2316d2c4,Enseignant du Secondaire,Non précisé,Kribi,Éducation / Formation,0.875
a872b4975e7aeb22c040,207,178,2135,OFFRE_002135_aeedafb917dd,Gestionnaire des ressources humaines,Non précisé,Yaoundé,Administration / RH,1.0
d0f7b6caba540fdebf41,208,178,2136,OFFRE_002136_90f76289eeb5,Scieur,Non précisé,Yaoundé (Ekoumdoum),Industrie / Maintenance,0.75
cf03f4912425c0ffef8b,206,176,2137,OFFRE_002137_04ff5ffbb2b9,Agent d'entretien,Non précisé,Yaoundé (Ekoumdoum),Services / Sécurité,0.75
6f12895c03a824d752c5,207,178,2138,OFFRE_002138_e3c4b5a61d0d,Vendeur en magasin,Non précisé,Limbe / Buea,Commerce / Vente,0.75
84b3a44add9ca0466da3,207,178,2139,OFFRE_002139_7114e6908af7,Cuisinier Domestique,Non précisé,Limbe / Buea,Services / Sécurité,1.0
f005fd4db9d8ea5358d6,207,178,2140,OFFRE_002140_9249ac4bb828,Employé de Ménage,Non précisé,Limbe / Buea,Services / Sécurité,0.75
b8422418f75683615598,206,177,2141,OFFRE_002141_11f9e93751d0,Cadre comptable,Non précisé,Limbe / Buea,Finance / Comptabilité,1.0
05b9077590cb0833ed8a,206,177,2142,OFFRE_002142_6442caf91447,Cadre administratif,Non précisé,,Administration / RH,0.875
f1e755172099e42005e8,206,177,2143,OFFRE_002143_70a4fc970f26,"Cadre Sécurité, Hygiène et Environnement",Non précisé,Ngousso,Services / Sécurité,1.0
9286af8e61cb94f04193,206,177,2144,OFFRE_002144_516b93a796d9,Contrôleur du travail,Non précisé,Ngousso,Autre / Non classé,0.75
d0f7b6caba540fdebf41,208,179,2145,OFFRE_002145_4b3e40f30232,Scieur,Non précisé,Yaoundé (Ekoumdoum),Industrie / Maintenance,0.75
cf03f4912425c0ffef8b,206,177,2146,OFFRE_002146_c50a38b7f540,Agent d'entretien,Non précisé,Yaoundé (Ekoumdoum),Services / Sécurité,0.75
6f12895c03a824d752c5,207,179,2147,OFFRE_002147_0b29aaf106f6,Vendeur en magasin,Non précisé,Limbe / Buea,Commerce / Vente,0.75
84b3a44add9ca0466da3,207,179,2148,OFFRE_002148_096bc1e7c248,Cuisinier Domestique,Non précisé,Limbe / Buea,Services / Sécurité,1.0
f005fd4db9d8ea5358d6,207,179,2149,OFFRE_002149_e3e7ad0b0d02,Employé de Ménage,Non précisé,Limbe / Buea,Services / Sécurité,0.75
b8422418f75683615598,206,178,2150,OFFRE_002150_4f25ad8dd087,Cadre comptable,Non précisé,Limbe / Buea,Finance / Comptabilité,1.0
05b9077590cb0833ed8a,206,178,2151,OFFRE_002151_a66ab37dce0b,Cadre administratif,Non précisé,,Administration / RH,0.875
f1e755172099e42005e8,206,178,2152,OFFRE_002152_3d3326332e2f,"Cadre Sécurité, Hygiène et Environnement",Non précisé,Ngousso,Services / Sécurité,1.0
9286af8e61cb94f04193,206,178,2153,OFFRE_002153_50e886e128cb,Contrôleur du travail,Non précisé,Ngousso,Autre / Non classé,0.75
340d8b5317eee956c3d7,412,355,2154,OFFRE_002154_d63f87394743,Enseignant du Secondaire,Non précisé,Kribi,Éducation / Formation,0.875
340d8b5317eee956c3d7,412,356,2155,OFFRE_002155_738d0c1159eb,Enseignant du Secondaire,Non précisé,Kribi,Éducation / Formation,0.875
a872b4975e7aeb22c040,207,179,2156,OFFRE_002156_e0e46dfe790b,Gestionnaire des ressources humaines,Non précisé,Yaoundé,Administration / RH,1.0
d0f7b6caba540fdebf41,208,180,2157,OFFRE_002157_09a138de1d86,Scieur,Non précisé,Yaoundé (Ekoumdoum),Industrie / Maintenance,0.75
cf03f4912425c0ffef8b,206,178,2158,OFFRE_002158_5a670c1e84f6,Agent d'entretien,Non précisé,Yaoundé (Ekoumdoum),Services / Sécurité,0.75
6f12895c03a824d752c5,207,180,2159,OFFRE_002159_5a613dbb59ac,Vendeur en magasin,Non précisé,Limbe / Buea,Commerce / Vente,0.75
84b3a44add9ca0466da3,207,180,2160,OFFRE_002160_cd5bd9bd16bb,Cuisinier Domestique,Non précisé,Limbe / Buea,Services / Sécurité,1.0
f005fd4db9d8ea5358d6,207,180,2161,OFFRE_002161_2880e96e36f4,Employé de Ménage,Non précisé,Limbe / Buea,Services / Sécurité,0.75
b8422418f75683615598,206,179,2162,OFFRE_002162_1f4b86b0deab,Cadre comptable,Non précisé,Limbe / Buea,Finance / Comptabilité,1.0
05b9077590cb0833ed8a,206,179,2163,OFFRE_002163_53d50d44803f,Cadre administratif,Non précisé,,Administration / RH,0.875
f1e755172099e42005e8,206,179,2164,OFFRE_002164_c47ba4433d6a,"Cadre Sécurité, Hygiène et Environnement",Non précisé,Ngousso,Services / Sécurité,1.0
9286af8e61cb94f04193,206,179,2165,OFFRE_002165_6bb7cc0bd493,Contrôleur du travail,Non précisé,Ngousso,Autre / Non classé,0.75
340d8b5317eee956c3d7,412,357,2166,OFFRE_002166_4cc7c524d8ea,Enseignant du Secondaire,Non précisé,Kribi,Éducation / Formation,0.875
340d8b5317eee956c3d7,412,358,2167,OFFRE_002167_4834ee261694,Enseignant du Secondaire,Non précisé,Kribi,Éducation / Formation,0.875
a872b4975e7aeb22c040,207,180,2168,OFFRE_002168_47f0521b6f8e,Gestionnaire des ressources humaines,Non précisé,Yaoundé,Administration / RH,1.0
d0f7b6caba540fdebf41,208,181,2169,OFFRE_002169_47506da87ed7,Scieur,Non précisé,Yaoundé (Ekoumdoum),Industrie / Maintenance,0.75
cf03f4912425c0ffef8b,206,179,2170,OFFRE_002170_db37135a6ea7,Agent d'entretien,Non précisé,Yaoundé (Ekoumdoum),Services / Sécurité,0.75
6f12895c03a824d752c5,207,181,2171,OFFRE_002171_1899b8b18b1c,Vendeur en magasin,Non précisé,Limbe / Buea,Commerce / Vente,0.75
84b3a44add9ca0466da3,207,181,2172,OFFRE_002172_c443872ec8ce,Cuisinier Domestique,Non précisé,Limbe / Buea,Services / Sécurité,1.0
f005fd4db9d8ea5358d6,207,181,2173,OFFRE_002173_3240ba824770,Employé de Ménage,Non précisé,Limbe / Buea,Services / Sécurité,0.75
b8422418f75683615598,206,180,2174,OFFRE_002174_7d230c9fd63d,Cadre comptable,Non précisé,Limbe / Buea,Finance / Comptabilité,1.0
05b9077590cb0833ed8a,206,180,2175,OFFRE_002175_df4842773aad,Cadre administratif,Non précisé,,Administration / RH,0.875
f1e755172099e42005e8,206,180,2176,OFFRE_002176_b4256cac9642,"Cadre Sécurité, Hygiène et Environnement",Non précisé,Ngousso,Services / Sécurité,1.0
9286af8e61cb94f04193,206,180,2177,OFFRE_002177_086aeefe5660,Contrôleur du travail,Non précisé,Ngousso,Autre / Non classé,0.75
340d8b5317eee956c3d7,412,359,2178,OFFRE_002178_31661a4c85a8,Enseignant du Secondaire,Non précisé,Kribi,Éducation / Formation,0.875
340d8b5317eee956c3d7,412,360,2179,OFFRE_002179_f7825a710409,Enseignant du Secondaire,Non précisé,Kribi,Éducation / Formation,0.875
a872b4975e7aeb22c040,207,181,2180,OFFRE_002180_6018ea5dd75d,Gestionnaire des ressources humaines,Non précisé,Yaoundé,Administration / RH,1.0
d0f7b6caba540fdebf41,208,182,2181,OFFRE_002181_5fc968626def,Scieur,Non précisé,Yaoundé (Ekoumdoum),Industrie / Maintenance,0.75
cf03f4912425c0ffef8b,206,180,2182,OFFRE_002182_b84e3875b8c9,Agent d'entretien,Non précisé,Yaoundé (Ekoumdoum),Services / Sécurité,0.75
6f12895c03a824d752c5,207,182,2183,OFFRE_002183_80b95ea49b42,Vendeur en magasin,Non précisé,Limbe / Buea,Commerce / Vente,0.75
84b3a44add9ca0466da3,207,182,2184,OFFRE_002184_a494059d425e,Cuisinier Domestique,Non précisé,Limbe / Buea,Services / Sécurité,1.0
f005fd4db9d8ea5358d6,207,182,2185,OFFRE_002185_277d7a7530c4,Employé de Ménage,Non précisé,Limbe / Buea,Services / Sécurité,0.75
b8422418f75683615598,206,181,2186,OFFRE_002186_ef7f214973ed,Cadre comptable,Non précisé,Limbe / Buea,Finance / Comptabilité,1.0
05b9077590cb0833ed8a,206,181,2187,OFFRE_002187_bf838315b841,Cadre administratif,Non précisé,,Administration / RH,0.875
f1e755172099e42005e8,206,181,2188,OFFRE_002188_a8d2e9c6a2d2,"Cadre Sécurité, Hygiène et Environnement",Non précisé,Ngousso,Services / Sécurité,1.0
9286af8e61cb94f04193,206,181,2189,OFFRE_002189_93b4d3c1b01b,Contrôleur du travail,Non précisé,Ngousso,Autre / Non classé,0.75
340d8b5317eee956c3d7,412,361,2190,OFFRE_002190_99293066c897,Enseignant du Secondaire,Non précisé,Kribi,Éducation / Formation,0.875
340d8b5317eee956c3d7,412,362,2191,OFFRE_002191_ab27b48c36d2,Enseignant du Secondaire,Non précisé,Kribi,Éducation / Formation,0.875
a872b4975e7aeb22c040,207,182,2192,OFFRE_002192_aa1cc336a227,Gestionnaire des ressources humaines,Non précisé,Yaoundé,Administration / RH,1.0
d0f7b6caba540fdebf41,208,183,2193,OFFRE_002193_e2af1bd06172,Scieur,Non précisé,Yaoundé (Ekoumdoum),Industrie / Maintenance,0.75
cf03f4912425c0ffef8b,206,181,2194,OFFRE_002194_861326d4a5fd,Agent d'entretien,Non précisé,Yaoundé (Ekoumdoum),Services / Sécurité,0.75
6f12895c03a824d752c5,207,183,2195,OFFRE_002195_28013469ae0d,Vendeur en magasin,Non précisé,Limbe / Buea,Commerce / Vente,0.75
84b3a44add9ca0466da3,207,183,2196,OFFRE_002196_0289c94ff560,Cuisinier Domestique,Non précisé,Limbe / Buea,Services / Sécurité,1.0
f005fd4db9d8ea5358d6,207,183,2197,OFFRE_002197_675467bfbd17,Employé de Ménage,Non précisé,Limbe / Buea,Services / Sécurité,0.75
b8422418f75683615598,206,182,2198,OFFRE_002198_05b43df1d490,Cadre comptable,Non précisé,Limbe / Buea,Finance / Comptabilité,1.0
05b9077590cb0833ed8a,206,182,2199,OFFRE_002199_7a60cc527b37,Cadre administratif,Non précisé,,Administration / RH,0.875
f1e755172099e42005e8,206,182,2200,OFFRE_002200_f0c977173e7f,"Cadre Sécurité, Hygiène et Environnement",Non précisé,Ngousso,Services / Sécurité,1.0
9286af8e61cb94f04193,206,182,2201,OFFRE_002201_296f8f13c340,Contrôleur du travail,Non précisé,Ngousso,Autre / Non classé,0.75
340d8b5317eee956c3d7,412,363,2202,OFFRE_002202_9659d4391639,Enseignant du Secondaire,Non précisé,Kribi,Éducation / Formation,0.875
340d8b5317eee956c3d7,412,364,2203,OFFRE_002203_0528053284b1,Enseignant du Secondaire,Non précisé,Kribi,Éducation / Formation,0.875
a872b4975e7aeb22c040,207,183,2204,OFFRE_002204_4710595c9d47,Gestionnaire des ressources humaines,Non précisé,Yaoundé,Administration / RH,1.0
d0f7b6caba540fdebf41,208,184,2205,OFFRE_002205_37f89e243ba4,Scieur,Non précisé,Yaoundé (Ekoumdoum),Industrie / Maintenance,0.75
cf03f4912425c0ffef8b,206,182,2206,OFFRE_002206_bf31b38a273b,Agent d'entretien,Non précisé,Yaoundé (Ekoumdoum),Services / Sécurité,0.75
6f12895c03a824d752c5,207,184,2207,OFFRE_002207_308f8a1ae38f,Vendeur en magasin,Non précisé,Limbe / Buea,Commerce / Vente,0.75
84b3a44add9ca0466da3,207,184,2208,OFFRE_002208_912b61e7bc1c,Cuisinier Domestique,Non précisé,Limbe / Buea,Services / Sécurité,1.0
f005fd4db9d8ea5358d6,207,184,2209,OFFRE_002209_90e649b2a06e,Employé de Ménage,Non précisé,Limbe / Buea,Services / Sécurité,0.75
b8422418f75683615598,206,183,2210,OFFRE_002210_514d49109be5,Cadre comptable,Non précisé,Limbe / Buea,Finance / Comptabilité,1.0
05b9077590cb0833ed8a,206,183,2211,OFFRE_002211_edc5189435d2,Cadre administratif,Non précisé,,Administration / RH,0.875
f1e755172099e42005e8,206,183,2212,OFFRE_002212_2f077a8bcbbb,"Cadre Sécurité, Hygiène et Environnement",Non précisé,Ngousso,Services / Sécurité,1.0
9286af8e61cb94f04193,206,183,2213,OFFRE_002213_bd7ef36bad5d,Contrôleur du travail,Non précisé,Ngousso,Autre / Non classé,0.75
340d8b5317eee956c3d7,412,365,2214,OFFRE_002214_20b1c7fd063b,Enseignant du Secondaire,Non précisé,Kribi,Éducation / Formation,0.875
340d8b5317eee956c3d7,412,366,2215,OFFRE_002215_72d4eb794c57,Enseignant du Secondaire,Non précisé,Kribi,Éducation / Formation,0.875
a872b4975e7aeb22c040,207,184,2216,OFFRE_002216_d3bf5122665c,Gestionnaire des ressources humaines,Non précisé,Yaoundé,Administration / RH,1.0
d0f7b6caba540fdebf41,208,185,2217,OFFRE_002217_d2c7c0f3dcac,Scieur,Non précisé,Yaoundé (Ekoumdoum),Industrie / Maintenance,0.75
cf03f4912425c0ffef8b,206,183,2218,OFFRE_002218_53304c9a928b,Agent d'entretien,Non précisé,Yaoundé (Ekoumdoum),Services / Sécurité,0.75
6f12895c03a824d752c5,207,185,2219,OFFRE_002219_abe65d7ff1e1,Vendeur en magasin,Non précisé,Limbe / Buea,Commerce / Vente,0.75
84b3a44add9ca0466da3,207,185,2220,OFFRE_002220_59493b948123,Cuisinier Domestique,Non précisé,Limbe / Buea,Services / Sécurité,1.0
f005fd4db9d8ea5358d6,207,185,2221,OFFRE_002221_94f258c71ab2,Employé de Ménage,Non précisé,Limbe / Buea,Services / Sécurité,0.75
b8422418f75683615598,206,184,2222,OFFRE_002222_165e49fbd768,Cadre comptable,Non précisé,Limbe / Buea,Finance / Comptabilité,1.0
05b9077590cb0833ed8a,206,184,2223,OFFRE_002223_4f269f6c0cc2,Cadre administratif,Non précisé,,Administration / RH,0.875
f1e755172099e42005e8,206,184,2224,OFFRE_002224_347526cff769,"Cadre Sécurité, Hygiène et Environnement",Non précisé,Ngousso,Services / Sécurité,1.0
9286af8e61cb94f04193,206,184,2225,OFFRE_002225_bf3aab04ef67,Contrôleur du travail,Non précisé,Ngousso,Autre / Non classé,0.75
340d8b5317eee956c3d7,412,367,2226,OFFRE_002226_585ee2a92446,Enseignant du Secondaire,Non précisé,Kribi,Éducation / Formation,0.875
340d8b5317eee956c3d7,412,368,2227,OFFRE_002227_a3e468305edf,Enseignant du Secondaire,Non précisé,Kribi,Éducation / Formation,0.875
a872b4975e7aeb22c040,207,185,2228,OFFRE_002228_448e5b3b53f0,Gestionnaire des ressources humaines,Non précisé,Yaoundé,Administration / RH,1.0
d0f7b6caba540fdebf41,208,186,2229,OFFRE_002229_62010ff6f234,Scieur,Non précisé,Yaoundé (Ekoumdoum),Industrie / Maintenance,0.75
cf03f4912425c0ffef8b,206,184,2230,OFFRE_002230_a191340666bb,Agent d'entretien,Non précisé,Yaoundé (Ekoumdoum),Services / Sécurité,0.75
6f12895c03a824d752c5,207,186,2231,OFFRE_002231_ccf61f4264a0,Vendeur en magasin,Non précisé,Limbe / Buea,Commerce / Vente,0.75
84b3a44add9ca0466da3,207,186,2232,OFFRE_002232_8dfe86ee886f,Cuisinier Domestique,Non précisé,Limbe / Buea,Services / Sécurité,1.0
f005fd4db9d8ea5358d6,207,186,2233,OFFRE_002233_4f1ecc0f53cd,Employé de Ménage,Non précisé,Limbe / Buea,Services / Sécurité,0.75
b8422418f75683615598,206,185,2234,OFFRE_002234_44522b1de36f,Cadre comptable,Non précisé,Limbe / Buea,Finance / Comptabilité,1.0
05b9077590cb0833ed8a,206,185,2235,OFFRE_002235_f65f0399756c,Cadre administratif,Non précisé,,Administration / RH,0.875
f1e755172099e42005e8,206,185,2236,OFFRE_002236_e6f4454914af,"Cadre Sécurité, Hygiène et Environnement",Non précisé,Ngousso,Services / Sécurité,1.0
9286af8e61cb94f04193,206,185,2237,OFFRE_002237_1a39c66987e5,Contrôleur du travail,Non précisé,Ngousso,Autre / Non classé,0.75
340d8b5317eee956c3d7,412,369,2238,OFFRE_002238_1768b1593ae0,Enseignant du Secondaire,Non précisé,Kribi,Éducation / Formation,0.875
340d8b5317eee956c3d7,412,370,2239,OFFRE_002239_4878a95ce278,Enseignant du Secondaire,Non précisé,Kribi,Éducation / Formation,0.875
a872b4975e7aeb22c040,207,186,2240,OFFRE_002240_043a50e97099,Gestionnaire des ressources humaines,Non précisé,Yaoundé,Administration / RH,1.0
d0f7b6caba540fdebf41,208,187,2241,OFFRE_002241_f1a58269f27d,Scieur,Non précisé,Yaoundé (Ekoumdoum),Industrie / Maintenance,0.75
cf03f4912425c0ffef8b,206,185,2242,OFFRE_002242_0cce34e8427f,Agent d'entretien,Non précisé,Yaoundé (Ekoumdoum),Services / Sécurité,0.75
6f12895c03a824d752c5,207,187,2243,OFFRE_002243_d7877e239899,Vendeur en magasin,Non précisé,Limbe / Buea,Commerce / Vente,0.75
84b3a44add9ca0466da3,207,187,2244,OFFRE_002244_e1e24c71f7d8,Cuisinier Domestique,Non précisé,Limbe / Buea,Services / Sécurité,1.0
f005fd4db9d8ea5358d6,207,187,2245,OFFRE_002245_e12fed5a6299,Employé de Ménage,Non précisé,Limbe / Buea,Services / Sécurité,0.75
b8422418f75683615598,206,186,2246,OFFRE_002246_41fe02a9924b,Cadre comptable,Non précisé,Limbe / Buea,Finance / Comptabilité,1.0
05b9077590cb0833ed8a,206,186,2247,OFFRE_002247_d554b92a93bd,Cadre administratif,Non précisé,,Administration / RH,0.875
f1e755172099e42005e8,206,186,2248,OFFRE_002248_57d10e8d5e99,"Cadre Sécurité, Hygiène et Environnement",Non précisé,Ngousso,Services / Sécurité,1.0
9286af8e61cb94f04193,206,186,2249,OFFRE_002249_187115e08e4b,Contrôleur du travail,Non précisé,Ngousso,Autre / Non classé,0.75
340d8b5317eee956c3d7,412,371,2250,OFFRE_002250_c71056755a70,Enseignant du Secondaire,Non précisé,Kribi,Éducation / Formation,0.875
340d8b5317eee956c3d7,412,372,2251,OFFRE_002251_5d5db402f857,Enseignant du Secondaire,Non précisé,Kribi,Éducation / Formation,0.875
a872b4975e7aeb22c040,207,187,2252,OFFRE_002252_dcc58d4c33b5,Gestionnaire des ressources humaines,Non précisé,Yaoundé,Administration / RH,1.0
d0f7b6caba540fdebf41,208,188,2253,OFFRE_002253_03c0c11952ef,Scieur,Non précisé,Yaoundé (Ekoumdoum),Industrie / Maintenance,0.75
cf03f4912425c0ffef8b,206,186,2254,OFFRE_002254_ad8fb2f6b174,Agent d'entretien,Non précisé,Yaoundé (Ekoumdoum),Services / Sécurité,0.75
6f12895c03a824d752c5,207,188,2255,OFFRE_002255_9bfc5f1973d2,Vendeur en magasin,Non précisé,Limbe / Buea,Commerce / Vente,0.75
84b3a44add9ca0466da3,207,188,2256,OFFRE_002256_2308f74d9461,Cuisinier Domestique,Non précisé,Limbe / Buea,Services / Sécurité,1.0
f005fd4db9d8ea5358d6,207,188,2257,OFFRE_002257_90231021ebfa,Employé de Ménage,Non précisé,Limbe / Buea,Services / Sécurité,0.75
b8422418f75683615598,206,187,2258,OFFRE_002258_a6188d9aac22,Cadre comptable,Non précisé,Limbe / Buea,Finance / Comptabilité,1.0
05b9077590cb0833ed8a,206,187,2259,OFFRE_002259_9a1fad98403f,Cadre administratif,Non précisé,,Administration / RH,0.875
f1e755172099e42005e8,206,187,2260,OFFRE_002260_1559ed2c59e5,"Cadre Sécurité, Hygiène et Environnement",Non précisé,Ngousso,Services / Sécurité,1.0
9286af8e61cb94f04193,206,187,2261,OFFRE_002261_46d92c0674f6,Contrôleur du travail,Non précisé,Ngousso,Autre / Non classé,0.75
340d8b5317eee956c3d7,412,373,2262,OFFRE_002262_5bca7d18edb3,Enseignant du Secondaire,Non précisé,Kribi,Éducation / Formation,0.875
340d8b5317eee956c3d7,412,374,2263,OFFRE_002263_f676e5d678b5,Enseignant du Secondaire,Non précisé,Kribi,Éducation / Formation,0.875
a872b4975e7aeb22c040,207,188,2264,OFFRE_002264_d5f6e2d4892b,Gestionnaire des ressources humaines,Non précisé,Yaoundé,Administration / RH,1.0
d0f7b6caba540fdebf41,208,189,2265,OFFRE_002265_938a2a80e48c,Scieur,Non précisé,Yaoundé (Ekoumdoum),Industrie / Maintenance,0.75
cf03f4912425c0ffef8b,206,187,2266,OFFRE_002266_651fb9617200,Agent d'entretien,Non précisé,Yaoundé (Ekoumdoum),Services / Sécurité,0.75
6f12895c03a824d752c5,207,189,2267,OFFRE_002267_184474ccd86f,Vendeur en magasin,Non précisé,Limbe / Buea,Commerce / Vente,0.75
84b3a44add9ca0466da3,207,189,2268,OFFRE_002268_5a43a8916dbf,Cuisinier Domestique,Non précisé,Limbe / Buea,Services / Sécurité,1.0
f005fd4db9d8ea5358d6,207,189,2269,OFFRE_002269_92b7af21ee3f,Employé de Ménage,Non précisé,Limbe / Buea,Services / Sécurité,0.75
b8422418f75683615598,206,188,2270,OFFRE_002270_566167d71ee3,Cadre comptable,Non précisé,Limbe / Buea,Finance / Comptabilité,1.0
05b9077590cb0833ed8a,206,188,2271,OFFRE_002271_50db9a856b67,Cadre administratif,Non précisé,,Administration / RH,0.875
f1e755172099e42005e8,206,188,2272,OFFRE_002272_27a4af72fc61,"Cadre Sécurité, Hygiène et Environnement",Non précisé,Ngousso,Services / Sécurité,1.0
9286af8e61cb94f04193,206,188,2273,OFFRE_002273_ffdd571be477,Contrôleur du travail,Non précisé,Ngousso,Autre / Non classé,0.75
340d8b5317eee956c3d7,412,375,2274,OFFRE_002274_29331e7861ee,Enseignant du Secondaire,Non précisé,Kribi,Éducation / Formation,0.875
340d8b5317eee956c3d7,412,376,2275,OFFRE_002275_07d1537764e8,Enseignant du Secondaire,Non précisé,Kribi,Éducation / Formation,0.875
a872b4975e7aeb22c040,207,189,2276,OFFRE_002276_bcca28e74fe3,Gestionnaire des ressources humaines,Non précisé,Yaoundé,Administration / RH,1.0
d0f7b6caba540fdebf41,208,190,2277,OFFRE_002277_82549bc3b33c,Scieur,Non précisé,Yaoundé (Ekoumdoum),Industrie / Maintenance,0.75
cf03f4912425c0ffef8b,206,188,2278,OFFRE_002278_355e99e13eb0,Agent d'entretien,Non précisé,Yaoundé (Ekoumdoum),Services / Sécurité,0.75
6f12895c03a824d752c5,207,190,2279,OFFRE_002279_4c800702300f,Vendeur en magasin,Non précisé,Limbe / Buea,Commerce / Vente,0.75
84b3a44add9ca0466da3,207,190,2280,OFFRE_002280_9254e51726cf,Cuisinier Domestique,Non précisé,Limbe / Buea,Services / Sécurité,1.0
f005fd4db9d8ea5358d6,207,190,2281,OFFRE_002281_594fb43666e3,Employé de Ménage,Non précisé,Limbe / Buea,Services / Sécurité,0.75
b8422418f75683615598,206,189,2282,OFFRE_002282_7fe5f7cf0913,Cadre comptable,Non précisé,Limbe / Buea,Finance / Comptabilité,1.0
05b9077590cb0833ed8a,206,189,2283,OFFRE_002283_cec5f9c2a52b,Cadre administratif,Non précisé,,Administration / RH,0.875
f1e755172099e42005e8,206,189,2284,OFFRE_002284_480e4944ccaa,"Cadre Sécurité, Hygiène et Environnement",Non précisé,Ngousso,Services / Sécurité,1.0
9286af8e61cb94f04193,206,189,2285,OFFRE_002285_a89b02b81a7a,Contrôleur du travail,Non précisé,Ngousso,Autre / Non classé,0.75
340d8b5317eee956c3d7,412,377,2286,OFFRE_002286_e1461c9c3b56,Enseignant du Secondaire,Non précisé,Kribi,Éducation / Formation,0.875
340d8b5317eee956c3d7,412,378,2287,OFFRE_002287_62ae3274ed7b,Enseignant du Secondaire,Non précisé,Kribi,Éducation / Formation,0.875
a872b4975e7aeb22c040,207,190,2288,OFFRE_002288_c10e1dc291ca,Gestionnaire des ressources humaines,Non précisé,Yaoundé,Administration / RH,1.0
d0f7b6caba540fdebf41,208,191,2289,OFFRE_002289_9642f21144aa,Scieur,Non précisé,Yaoundé (Ekoumdoum),Industrie / Maintenance,0.75
cf03f4912425c0ffef8b,206,189,2290,OFFRE_002290_2d3eef60e40c,Agent d'entretien,Non précisé,Yaoundé (Ekoumdoum),Services / Sécurité,0.75
6f12895c03a824d752c5,207,191,2291,OFFRE_002291_ce50bad897d2,Vendeur en magasin,Non précisé,Limbe / Buea,Commerce / Vente,0.75
84b3a44add9ca0466da3,207,191,2292,OFFRE_002292_bddaac47ca6e,Cuisinier Domestique,Non précisé,Limbe / Buea,Services / Sécurité,1.0
f005fd4db9d8ea5358d6,207,191,2293,OFFRE_002293_dd7852f968fd,Employé de Ménage,Non précisé,Limbe / Buea,Services / Sécurité,0.75
b8422418f75683615598,206,190,2294,OFFRE_002294_84c7c02a4bd3,Cadre comptable,Non précisé,Limbe / Buea,Finance / Comptabilité,1.0
05b9077590cb0833ed8a,206,190,2295,OFFRE_002295_7a168edc25e8,Cadre administratif,Non précisé,,Administration / RH,0.875
f1e755172099e42005e8,206,190,2296,OFFRE_002296_bea91784ce6c,"Cadre Sécurité, Hygiène et Environnement",Non précisé,Ngousso,Services / Sécurité,1.0
9286af8e61cb94f04193,206,190,2297,OFFRE_002297_816f2117f1fd,Contrôleur du travail,Non précisé,Ngousso,Autre / Non classé,0.75
340d8b5317eee956c3d7,412,379,2298,OFFRE_002298_fd73cc089c88,Enseignant du Secondaire,Non précisé,Kribi,Éducation / Formation,0.875
340d8b5317eee956c3d7,412,380,2299,OFFRE_002299_41ffd49a87cc,Enseignant du Secondaire,Non précisé,Kribi,Éducation / Formation,0.875
a872b4975e7aeb22c040,207,191,2300,OFFRE_002300_4c93edd46a0c,Gestionnaire des ressources humaines,Non précisé,Yaoundé,Administration / RH,1.0
d0f7b6caba540fdebf41,208,192,2301,OFFRE_002301_4feef8c5cc83,Scieur,Non précisé,Yaoundé (Ekoumdoum),Industrie / Maintenance,0.75
cf03f4912425c0ffef8b,206,190,2302,OFFRE_002302_31d959fef23a,Agent d'entretien,Non précisé,Yaoundé (Ekoumdoum),Services / Sécurité,0.75
6f12895c03a824d752c5,207,192,2303,OFFRE_002303_bcd380c5cb97,Vendeur en magasin,Non précisé,Limbe / Buea,Commerce / Vente,0.75
84b3a44add9ca0466da3,207,192,2304,OFFRE_002304_a915fcd12283,Cuisinier Domestique,Non précisé,Limbe / Buea,Services / Sécurité,1.0
f005fd4db9d8ea5358d6,207,192,2305,OFFRE_002305_83420986fde3,Employé de Ménage,Non précisé,Limbe / Buea,Services / Sécurité,0.75
b8422418f75683615598,206,191,2306,OFFRE_002306_0d919a5fc89a,Cadre comptable,Non précisé,Limbe / Buea,Finance / Comptabilité,1.0
05b9077590cb0833ed8a,206,191,2307,OFFRE_002307_fb8cbf5b1dbc,Cadre administratif,Non précisé,,Administration / RH,0.875
f1e755172099e42005e8,206,191,2308,OFFRE_002308_7c68c437a82a,"Cadre Sécurité, Hygiène et Environnement",Non précisé,Ngousso,Services / Sécurité,1.0
9286af8e61cb94f04193,206,191,2309,OFFRE_002309_94271a7b957b,Contrôleur du travail,Non précisé,Ngousso,Autre / Non classé,0.75
340d8b5317eee956c3d7,412,381,2310,OFFRE_002310_bf99f5c0d0b4,Enseignant du Secondaire,Non précisé,Kribi,Éducation / Formation,0.875
340d8b5317eee956c3d7,412,382,2311,OFFRE_002311_003cc471f22f,Enseignant du Secondaire,Non précisé,Kribi,Éducation / Formation,0.875
a872b4975e7aeb22c040,207,192,2312,OFFRE_002312_7e16be63937b,Gestionnaire des ressources humaines,Non précisé,Yaoundé,Administration / RH,1.0
d0f7b6caba540fdebf41,208,193,2313,OFFRE_002313_bce67cc20cb0,Scieur,Non précisé,Yaoundé (Ekoumdoum),Industrie / Maintenance,0.75
cf03f4912425c0ffef8b,206,191,2314,OFFRE_002314_9fe4fd0df9f0,Agent d'entretien,Non précisé,Yaoundé (Ekoumdoum),Services / Sécurité,0.75
6f12895c03a824d752c5,207,193,2315,OFFRE_002315_1c698f787e76,Vendeur en magasin,Non précisé,Limbe / Buea,Commerce / Vente,0.75
84b3a44add9ca0466da3,207,193,2316,OFFRE_002316_bdcb760f8034,Cuisinier Domestique,Non précisé,Limbe / Buea,Services / Sécurité,1.0
f005fd4db9d8ea5358d6,207,193,2317,OFFRE_002317_1e45211a2e8d,Employé de Ménage,Non précisé,Limbe / Buea,Services / Sécurité,0.75
b8422418f75683615598,206,192,2318,OFFRE_002318_46643ede0f0e,Cadre comptable,Non précisé,Limbe / Buea,Finance / Comptabilité,1.0
05b9077590cb0833ed8a,206,192,2319,OFFRE_002319_79b62e190d3e,Cadre administratif,Non précisé,,Administration / RH,0.875
f1e755172099e42005e8,206,192,2320,OFFRE_002320_7aefb0b86a98,"Cadre Sécurité, Hygiène et Environnement",Non précisé,Ngousso,Services / Sécurité,1.0
9286af8e61cb94f04193,206,192,2321,OFFRE_002321_c3b8358ceed1,Contrôleur du travail,Non précisé,Ngousso,Autre / Non classé,0.75
340d8b5317eee956c3d7,412,383,2322,OFFRE_002322_daac6eab7370,Enseignant du Secondaire,Non précisé,Kribi,Éducation / Formation,0.875
340d8b5317eee956c3d7,412,384,2323,OFFRE_002323_3f18f93df044,Enseignant du Secondaire,Non précisé,Kribi,Éducation / Formation,0.875
a872b4975e7aeb22c040,207,193,2324,OFFRE_002324_d127e6c7a24f,Gestionnaire des ressources humaines,Non précisé,Yaoundé,Administration / RH,1.0
d0f7b6caba540fdebf41,208,194,2325,OFFRE_002325_0b125c280f4a,Scieur,Non précisé,Yaoundé (Ekoumdoum),Industrie / Maintenance,0.75
cf03f4912425c0ffef8b,206,192,2326,OFFRE_002326_84143513e308,Agent d'entretien,Non précisé,Yaoundé (Ekoumdoum),Services / Sécurité,0.75
6f12895c03a824d752c5,207,194,2327,OFFRE_002327_a56963f060df,Vendeur en magasin,Non précisé,Limbe / Buea,Commerce / Vente,0.75
84b3a44add9ca0466da3,207,194,2328,OFFRE_002328_961a197204d5,Cuisinier Domestique,Non précisé,Limbe / Buea,Services / Sécurité,1.0
f005fd4db9d8ea5358d6,207,194,2329,OFFRE_002329_3f7e48b44e90,Employé de Ménage,Non précisé,Limbe / Buea,Services / Sécurité,0.75
b8422418f75683615598,206,193,2330,OFFRE_002330_4ca86ee51967,Cadre comptable,Non précisé,Limbe / Buea,Finance / Comptabilité,1.0
05b9077590cb0833ed8a,206,193,2331,OFFRE_002331_07ba3988eb51,Cadre administratif,Non précisé,,Administration / RH,0.875
f1e755172099e42005e8,206,193,2332,OFFRE_002332_f8dae5b6f60d,"Cadre Sécurité, Hygiène et Environnement",Non précisé,Ngousso,Services / Sécurité,1.0
9286af8e61cb94f04193,206,193,2333,OFFRE_002333_231453056594,Contrôleur du travail,Non précisé,Ngousso,Autre / Non classé,0.75
340d8b5317eee956c3d7,412,385,2334,OFFRE_002334_e2efddd2090e,Enseignant du Secondaire,Non précisé,Kribi,Éducation / Formation,0.875
340d8b5317eee956c3d7,412,386,2335,OFFRE_002335_5ee5061cf894,Enseignant du Secondaire,Non précisé,Kribi,Éducation / Formation,0.875
a872b4975e7aeb22c040,207,194,2336,OFFRE_002336_d21ecf26cf6c,Gestionnaire des ressources humaines,Non précisé,Yaoundé,Administration / RH,1.0
d0f7b6caba540fdebf41,208,195,2337,OFFRE_002337_17862aa8fdfb,Scieur,Non précisé,Yaoundé (Ekoumdoum),Industrie / Maintenance,0.75
cf03f4912425c0ffef8b,206,193,2338,OFFRE_002338_eec55a734896,Agent d'entretien,Non précisé,Yaoundé (Ekoumdoum),Services / Sécurité,0.75
6f12895c03a824d752c5,207,195,2339,OFFRE_002339_da9d69b3b8b5,Vendeur en magasin,Non précisé,Limbe / Buea,Commerce / Vente,0.75
84b3a44add9ca0466da3,207,195,2340,OFFRE_002340_dd63d374d401,Cuisinier Domestique,Non précisé,Limbe / Buea,Services / Sécurité,1.0
f005fd4db9d8ea5358d6,207,195,2341,OFFRE_002341_8319e052df26,Employé de Ménage,Non précisé,Limbe / Buea,Services / Sécurité,0.75
b8422418f75683615598,206,194,2342,OFFRE_002342_7d6e207653a5,Cadre comptable,Non précisé,Limbe / Buea,Finance / Comptabilité,1.0
05b9077590cb0833ed8a,206,194,2343,OFFRE_002343_098db074efea,Cadre administratif,Non précisé,,Administration / RH,0.875
f1e755172099e42005e8,206,194,2344,OFFRE_002344_943a52239be8,"Cadre Sécurité, Hygiène et Environnement",Non précisé,Ngousso,Services / Sécurité,1.0
9286af8e61cb94f04193,206,194,2345,OFFRE_002345_ac1003e2cede,Contrôleur du travail,Non précisé,Ngousso,Autre / Non classé,0.75
340d8b5317eee956c3d7,412,387,2346,OFFRE_002346_214a072ba9a4,Enseignant du Secondaire,Non précisé,Kribi,Éducation / Formation,0.875
340d8b5317eee956c3d7,412,388,2347,OFFRE_002347_9a07574a38f8,Enseignant du Secondaire,Non précisé,Kribi,Éducation / Formation,0.875
a872b4975e7aeb22c040,207,195,2348,OFFRE_002348_d4c0b247290c,Gestionnaire des ressources humaines,Non précisé,Yaoundé,Administration / RH,1.0
d0f7b6caba540fdebf41,208,196,2349,OFFRE_002349_357a9e17be64,Scieur,Non précisé,Yaoundé (Ekoumdoum),Industrie / Maintenance,0.75
cf03f4912425c0ffef8b,206,194,2350,OFFRE_002350_9decea57f50c,Agent d'entretien,Non précisé,Yaoundé (Ekoumdoum),Services / Sécurité,0.75
6f12895c03a824d752c5,207,196,2351,OFFRE_002351_5710386b0157,Vendeur en magasin,Non précisé,Limbe / Buea,Commerce / Vente,0.75
84b3a44add9ca0466da3,207,196,2352,OFFRE_002352_de68975736c7,Cuisinier Domestique,Non précisé,Limbe / Buea,Services / Sécurité,1.0
f005fd4db9d8ea5358d6,207,196,2353,OFFRE_002353_4634a9575e8f,Employé de Ménage,Non précisé,Limbe / Buea,Services / Sécurité,0.75
b8422418f75683615598,206,195,2354,OFFRE_002354_3a1a91273800,Cadre comptable,Non précisé,Limbe / Buea,Finance / Comptabilité,1.0
05b9077590cb0833ed8a,206,195,2355,OFFRE_002355_b4fe32ea79a3,Cadre administratif,Non précisé,,Administration / RH,0.875
f1e755172099e42005e8,206,195,2356,OFFRE_002356_da5fe0e7d56e,"Cadre Sécurité, Hygiène et Environnement",Non précisé,Ngousso,Services / Sécurité,1.0
9286af8e61cb94f04193,206,195,2357,OFFRE_002357_bece592fe3d9,Contrôleur du travail,Non précisé,Ngousso,Autre / Non classé,0.75
340d8b5317eee956c3d7,412,389,2358,OFFRE_002358_911999382109,Enseignant du Secondaire,Non précisé,Kribi,Éducation / Formation,0.875
340d8b5317eee956c3d7,412,390,2359,OFFRE_002359_7152d6d1b846,Enseignant du Secondaire,Non précisé,Kribi,Éducation / Formation,0.875
a872b4975e7aeb22c040,207,196,2360,OFFRE_002360_63f527160beb,Gestionnaire des ressources humaines,Non précisé,Yaoundé,Administration / RH,1.0
d0f7b6caba540fdebf41,208,197,2361,OFFRE_002361_79ea54ac7519,Scieur,Non précisé,Yaoundé (Ekoumdoum),Industrie / Maintenance,0.75
cf03f4912425c0ffef8b,206,195,2362,OFFRE_002362_3a9fca18095b,Agent d'entretien,Non précisé,Yaoundé (Ekoumdoum),Services / Sécurité,0.75
6f12895c03a824d752c5,207,197,2363,OFFRE_002363_f1e920353b71,Vendeur en magasin,Non précisé,Limbe / Buea,Commerce / Vente,0.75
84b3a44add9ca0466da3,207,197,2364,OFFRE_002364_dcdf84636874,Cuisinier Domestique,Non précisé,Limbe / Buea,Services / Sécurité,1.0
f005fd4db9d8ea5358d6,207,197,2365,OFFRE_002365_24359db9b373,Employé de Ménage,Non précisé,Limbe / Buea,Services / Sécurité,0.75
b8422418f75683615598,206,196,2366,OFFRE_002366_85818d5fb00f,Cadre comptable,Non précisé,Limbe / Buea,Finance / Comptabilité,1.0
05b9077590cb0833ed8a,206,196,2367,OFFRE_002367_d540392a5da5,Cadre administratif,Non précisé,,Administration / RH,0.875
f1e755172099e42005e8,206,196,2368,OFFRE_002368_ed047e538236,"Cadre Sécurité, Hygiène et Environnement",Non précisé,Ngousso,Services / Sécurité,1.0
9286af8e61cb94f04193,206,196,2369,OFFRE_002369_f561090eed94,Contrôleur du travail,Non précisé,Ngousso,Autre / Non classé,0.75
340d8b5317eee956c3d7,412,391,2370,OFFRE_002370_1db39e4e446c,Enseignant du Secondaire,Non précisé,Kribi,Éducation / Formation,0.875
340d8b5317eee956c3d7,412,392,2371,OFFRE_002371_26e489589f86,Enseignant du Secondaire,Non précisé,Kribi,Éducation / Formation,0.875
a872b4975e7aeb22c040,207,197,2372,OFFRE_002372_0b83b40f390f,Gestionnaire des ressources humaines,Non précisé,Yaoundé,Administration / RH,1.0
d0f7b6caba540fdebf41,208,198,2373,OFFRE_002373_1cafac10dcc6,Scieur,Non précisé,Yaoundé (Ekoumdoum),Industrie / Maintenance,0.75
cf03f4912425c0ffef8b,206,196,2374,OFFRE_002374_26de6bbb515f,Agent d'entretien,Non précisé,Yaoundé (Ekoumdoum),Services / Sécurité,0.75
6f12895c03a824d752c5,207,198,2375,OFFRE_002375_44b18d7062d0,Vendeur en magasin,Non précisé,Limbe / Buea,Commerce / Vente,0.75
84b3a44add9ca0466da3,207,198,2376,OFFRE_002376_0ed4053e198a,Cuisinier Domestique,Non précisé,Limbe / Buea,Services / Sécurité,1.0
f005fd4db9d8ea5358d6,207,198,2377,OFFRE_002377_9317005f6eb1,Employé de Ménage,Non précisé,Limbe / Buea,Services / Sécurité,0.75
b8422418f75683615598,206,197,2378,OFFRE_002378_7e77a4935a7b,Cadre comptable,Non précisé,Limbe / Buea,Finance / Comptabilité,1.0
05b9077590cb0833ed8a,206,197,2379,OFFRE_002379_bd331534574e,Cadre administratif,Non précisé,,Administration / RH,0.875
f1e755172099e42005e8,206,197,2380,OFFRE_002380_f445c9bc3a33,"Cadre Sécurité, Hygiène et Environnement",Non précisé,Ngousso,Services / Sécurité,1.0
9286af8e61cb94f04193,206,197,2381,OFFRE_002381_507c7f189b30,Contrôleur du travail,Non précisé,Ngousso,Autre / Non classé,0.75
340d8b5317eee956c3d7,412,393,2382,OFFRE_002382_081786d86d87,Enseignant du Secondaire,Non précisé,Kribi,Éducation / Formation,0.875
340d8b5317eee956c3d7,412,394,2383,OFFRE_002383_13bea627c14d,Enseignant du Secondaire,Non précisé,Kribi,Éducation / Formation,0.875
a872b4975e7aeb22c040,207,198,2384,OFFRE_002384_6c4a6b1ba13e,Gestionnaire des ressources humaines,Non précisé,Yaoundé,Administration / RH,1.0
d0f7b6caba540fdebf41,208,199,2385,OFFRE_002385_414fff974ede,Scieur,Non précisé,Yaoundé (Ekoumdoum),Industrie / Maintenance,0.75
cf03f4912425c0ffef8b,206,197,2386,OFFRE_002386_b89df96a78ad,Agent d'entretien,Non précisé,Yaoundé (Ekoumdoum),Services / Sécurité,0.75
6f12895c03a824d752c5,207,199,2387,OFFRE_002387_ddd3f9414e88,Vendeur en magasin,Non précisé,Limbe / Buea,Commerce / Vente,0.75
84b3a44add9ca0466da3,207,199,2388,OFFRE_002388_839a378466b5,Cuisinier Domestique,Non précisé,Limbe / Buea,Services / Sécurité,1.0
f005fd4db9d8ea5358d6,207,199,2389,OFFRE_002389_c0c09f7ff152,Employé de Ménage,Non précisé,Limbe / Buea,Services / Sécurité,0.75
b8422418f75683615598,206,198,2390,OFFRE_002390_daafd7fe41aa,Cadre comptable,Non précisé,Limbe / Buea,Finance / Comptabilité,1.0
05b9077590cb0833ed8a,206,198,2391,OFFRE_002391_e861c4cc1fdc,Cadre administratif,Non précisé,,Administration / RH,0.875
f1e755172099e42005e8,206,198,2392,OFFRE_002392_350215659020,"Cadre Sécurité, Hygiène et Environnement",Non précisé,Ngousso,Services / Sécurité,1.0
9286af8e61cb94f04193,206,198,2393,OFFRE_002393_bafe205e6835,Contrôleur du travail,Non précisé,Ngousso,Autre / Non classé,0.75
340d8b5317eee956c3d7,412,395,2394,OFFRE_002394_033147901201,Enseignant du Secondaire,Non précisé,Kribi,Éducation / Formation,0.875
340d8b5317eee956c3d7,412,396,2395,OFFRE_002395_c76e5cf195ce,Enseignant du Secondaire,Non précisé,Kribi,Éducation / Formation,0.875
a872b4975e7aeb22c040,207,199,2396,OFFRE_002396_e953ef8c8b97,Gestionnaire des ressources humaines,Non précisé,Yaoundé,Administration / RH,1.0
d0f7b6caba540fdebf41,208,200,2397,OFFRE_002397_010cab26c896,Scieur,Non précisé,Yaoundé (Ekoumdoum),Industrie / Maintenance,0.75
cf03f4912425c0ffef8b,206,198,2398,OFFRE_002398_fbdb5659a044,Agent d'entretien,Non précisé,Yaoundé (Ekoumdoum),Services / Sécurité,0.75
6f12895c03a824d752c5,207,200,2399,OFFRE_002399_fcc7b6f76c90,Vendeur en magasin,Non précisé,Limbe / Buea,Commerce / Vente,0.75
84b3a44add9ca0466da3,207,200,2400,OFFRE_002400_cc7a652feba8,Cuisinier Domestique,Non précisé,Limbe / Buea,Services / Sécurité,1.0
f005fd4db9d8ea5358d6,207,200,2401,OFFRE_002401_8b6ba6f3ecd9,Employé de Ménage,Non précisé,Limbe / Buea,Services / Sécurité,0.75
b8422418f75683615598,206,199,2402,OFFRE_002402_e4689ef6b90f,Cadre comptable,Non précisé,Limbe / Buea,Finance / Comptabilité,1.0
05b9077590cb0833ed8a,206,199,2403,OFFRE_002403_952c7b11c749,Cadre administratif,Non précisé,,Administration / RH,0.875
f1e755172099e42005e8,206,199,2404,OFFRE_002404_af489db948cc,"Cadre Sécurité, Hygiène et Environnement",Non précisé,Ngousso,Services / Sécurité,1.0
9286af8e61cb94f04193,206,199,2405,OFFRE_002405_86f2d8f897a7,Contrôleur du travail,Non précisé,Ngousso,Autre / Non classé,0.75
340d8b5317eee956c3d7,412,397,2406,OFFRE_002406_5384addb445f,Enseignant du Secondaire,Non précisé,Kribi,Éducation / Formation,0.875
340d8b5317eee956c3d7,412,398,2407,OFFRE_002407_d584e8a4b613,Enseignant du Secondaire,Non précisé,Kribi,Éducation / Formation,0.875
a872b4975e7aeb22c040,207,200,2408,OFFRE_002408_5a32432b7402,Gestionnaire des ressources humaines,Non précisé,Yaoundé,Administration / RH,1.0
d0f7b6caba540fdebf41,208,201,2409,OFFRE_002409_922b78a307fb,Scieur,Non précisé,Yaoundé (Ekoumdoum),Industrie / Maintenance,0.75
cf03f4912425c0ffef8b,206,199,2410,OFFRE_002410_e71b1b583f40,Agent d'entretien,Non précisé,Yaoundé (Ekoumdoum),Services / Sécurité,0.75
6f12895c03a824d752c5,207,201,2411,OFFRE_002411_a7261832e5eb,Vendeur en magasin,Non précisé,Limbe / Buea,Commerce / Vente,0.75
84b3a44add9ca0466da3,207,201,2412,OFFRE_002412_0c642d63d808,Cuisinier Domestique,Non précisé,Limbe / Buea,Services / Sécurité,1.0
f005fd4db9d8ea5358d6,207,201,2413,OFFRE_002413_44d47ad6f729,Employé de Ménage,Non précisé,Limbe / Buea,Services / Sécurité,0.75
b8422418f75683615598,206,200,2414,OFFRE_002414_621be44b376a,Cadre comptable,Non précisé,Limbe / Buea,Finance / Comptabilité,1.0
05b9077590cb0833ed8a,206,200,2415,OFFRE_002415_fdd13e18e5ef,Cadre administratif,Non précisé,,Administration / RH,0.875
f1e755172099e42005e8,206,200,2416,OFFRE_002416_9c01b466d50c,"Cadre Sécurité, Hygiène et Environnement",Non précisé,Ngousso,Services / Sécurité,1.0
9286af8e61cb94f04193,206,200,2417,OFFRE_002417_835bda56cd99,Contrôleur du travail,Non précisé,Ngousso,Autre / Non classé,0.75
340d8b5317eee956c3d7,412,399,2418,OFFRE_002418_eac676ae9395,Enseignant du Secondaire,Non précisé,Kribi,Éducation / Formation,0.875
340d8b5317eee956c3d7,412,400,2419,OFFRE_002419_07e7a5f67d2b,Enseignant du Secondaire,Non précisé,Kribi,Éducation / Formation,0.875
a872b4975e7aeb22c040,207,201,2420,OFFRE_002420_c8f1d017ea9d,Gestionnaire des ressources humaines,Non précisé,Yaoundé,Administration / RH,1.0
d0f7b6caba540fdebf41,208,202,2421,OFFRE_002421_70cf220d3bf8,Scieur,Non précisé,Yaoundé (Ekoumdoum),Industrie / Maintenance,0.75
cf03f4912425c0ffef8b,206,200,2422,OFFRE_002422_9b4120165b75,Agent d'entretien,Non précisé,Yaoundé (Ekoumdoum),Services / Sécurité,0.75
6f12895c03a824d752c5,207,202,2423,OFFRE_002423_b941c0cfcc5b,Vendeur en magasin,Non précisé,Limbe / Buea,Commerce / Vente,0.75
84b3a44add9ca0466da3,207,202,2424,OFFRE_002424_d7fffc7a3557,Cuisinier Domestique,Non précisé,Limbe / Buea,Services / Sécurité,1.0
f005fd4db9d8ea5358d6,207,202,2425,OFFRE_002425_c28e8db078b9,Employé de Ménage,Non précisé,Limbe / Buea,Services / Sécurité,0.75
b8422418f75683615598,206,201,2426,OFFRE_002426_1f99c7d32d2d,Cadre comptable,Non précisé,Limbe / Buea,Finance / Comptabilité,1.0
05b9077590cb0833ed8a,206,201,2427,OFFRE_002427_577791b2db2e,Cadre administratif,Non précisé,,Administration / RH,0.875
f1e755172099e42005e8,206,201,2428,OFFRE_002428_d9ddf80d187f,"Cadre Sécurité, Hygiène et Environnement",Non précisé,Ngousso,Services / Sécurité,1.0
9286af8e61cb94f04193,206,201,2429,OFFRE_002429_af6dea73a865,Contrôleur du travail,Non précisé,Ngousso,Autre / Non classé,0.75
340d8b5317eee956c3d7,412,401,2430,OFFRE_002430_1564d59cf906,Enseignant du Secondaire,Non précisé,Kribi,Éducation / Formation,0.875
340d8b5317eee956c3d7,412,402,2431,OFFRE_002431_cc2d11348777,Enseignant du Secondaire,Non précisé,Kribi,Éducation / Formation,0.875
a872b4975e7aeb22c040,207,202,2432,OFFRE_002432_f8f9d65c70d2,Gestionnaire des ressources humaines,Non précisé,Yaoundé,Administration / RH,1.0
d0f7b6caba540fdebf41,208,203,2433,OFFRE_002433_d63ca909407b,Scieur,Non précisé,Yaoundé (Ekoumdoum),Industrie / Maintenance,0.75
cf03f4912425c0ffef8b,206,201,2434,OFFRE_002434_6953133c464a,Agent d'entretien,Non précisé,Yaoundé (Ekoumdoum),Services / Sécurité,0.75
6f12895c03a824d752c5,207,203,2435,OFFRE_002435_1273e984973a,Vendeur en magasin,Non précisé,Limbe / Buea,Commerce / Vente,0.75
84b3a44add9ca0466da3,207,203,2436,OFFRE_002436_d52c48957a5d,Cuisinier Domestique,Non précisé,Limbe / Buea,Services / Sécurité,1.0
f005fd4db9d8ea5358d6,207,203,2437,OFFRE_002437_dcf64d5e98ab,Employé de Ménage,Non précisé,Limbe / Buea,Services / Sécurité,0.75
b8422418f75683615598,206,202,2438,OFFRE_002438_e898a4d75a08,Cadre comptable,Non précisé,Limbe / Buea,Finance / Comptabilité,1.0
05b9077590cb0833ed8a,206,202,2439,OFFRE_002439_1803d66b9a7c,Cadre administratif,Non précisé,,Administration / RH,0.875
f1e755172099e42005e8,206,202,2440,OFFRE_002440_728f3414d829,"Cadre Sécurité, Hygiène et Environnement",Non précisé,Ngousso,Services / Sécurité,1.0
9286af8e61cb94f04193,206,202,2441,OFFRE_002441_18e94e33a0b9,Contrôleur du travail,Non précisé,Ngousso,Autre / Non classé,0.75
340d8b5317eee956c3d7,412,403,2442,OFFRE_002442_e8a6017ed358,Enseignant du Secondaire,Non précisé,Kribi,Éducation / Formation,0.875
340d8b5317eee956c3d7,412,404,2443,OFFRE_002443_5dbcd96b676d,Enseignant du Secondaire,Non précisé,Kribi,Éducation / Formation,0.875
a872b4975e7aeb22c040,207,203,2444,OFFRE_002444_1637420bca74,Gestionnaire des ressources humaines,Non précisé,Yaoundé,Administration / RH,1.0
d0f7b6caba540fdebf41,208,204,2445,OFFRE_002445_8b6381edf350,Scieur,Non précisé,Yaoundé (Ekoumdoum),Industrie / Maintenance,0.75
cf03f4912425c0ffef8b,206,202,2446,OFFRE_002446_f829f59a2215,Agent d'entretien,Non précisé,Yaoundé (Ekoumdoum),Services / Sécurité,0.75
6f12895c03a824d752c5,207,204,2447,OFFRE_002447_336de1b7a24a,Vendeur en magasin,Non précisé,Limbe / Buea,Commerce / Vente,0.75
84b3a44add9ca0466da3,207,204,2448,OFFRE_002448_9d27b7f11c55,Cuisinier Domestique,Non précisé,Limbe / Buea,Services / Sécurité,1.0
f005fd4db9d8ea5358d6,207,204,2449,OFFRE_002449_e756f9fca512,Employé de Ménage,Non précisé,Limbe / Buea,Services / Sécurité,0.75
b8422418f75683615598,206,203,2450,OFFRE_002450_cc0ecfd8ca85,Cadre comptable,Non précisé,Limbe / Buea,Finance / Comptabilité,1.0
05b9077590cb0833ed8a,206,203,2451,OFFRE_002451_24fba4252cf1,Cadre administratif,Non précisé,,Administration / RH,0.875
f1e755172099e42005e8,206,203,2452,OFFRE_002452_b2c118ddcdf8,"Cadre Sécurité, Hygiène et Environnement",Non précisé,Ngousso,Services / Sécurité,1.0
9286af8e61cb94f04193,206,203,2453,OFFRE_002453_0f947bd4bd17,Contrôleur du travail,Non précisé,Ngousso,Autre / Non classé,0.75
340d8b5317eee956c3d7,412,405,2454,OFFRE_002454_3578414746ec,Enseignant du Secondaire,Non précisé,Kribi,Éducation / Formation,0.875
340d8b5317eee956c3d7,412,406,2455,OFFRE_002455_235e8145ff1e,Enseignant du Secondaire,Non précisé,Kribi,Éducation / Formation,0.875
a872b4975e7aeb22c040,207,204,2456,OFFRE_002456_32eee22761d3,Gestionnaire des ressources humaines,Non précisé,Yaoundé,Administration / RH,1.0
d0f7b6caba540fdebf41,208,205,2457,OFFRE_002457_28a99b0f94d7,Scieur,Non précisé,Yaoundé (Ekoumdoum),Industrie / Maintenance,0.75
cf03f4912425c0ffef8b,206,203,2458,OFFRE_002458_f80229455608,Agent d'entretien,Non précisé,Yaoundé (Ekoumdoum),Services / Sécurité,0.75
6f12895c03a824d752c5,207,205,2459,OFFRE_002459_67018633ba34,Vendeur en magasin,Non précisé,Limbe / Buea,Commerce / Vente,0.75
84b3a44add9ca0466da3,207,205,2460,OFFRE_002460_c5ab97ad0115,Cuisinier Domestique,Non précisé,Limbe / Buea,Services / Sécurité,1.0
f005fd4db9d8ea5358d6,207,205,2461,OFFRE_002461_28b2774c5e64,Employé de Ménage,Non précisé,Limbe / Buea,Services / Sécurité,0.75
b8422418f75683615598,206,204,2462,OFFRE_002462_6035f8ddc6f7,Cadre comptable,Non précisé,Limbe / Buea,Finance / Comptabilité,1.0
05b9077590cb0833ed8a,206,204,2463,OFFRE_002463_793ffc5afa5e,Cadre administratif,Non précisé,,Administration / RH,0.875
f1e755172099e42005e8,206,204,2464,OFFRE_002464_5fc94a05dab1,"Cadre Sécurité, Hygiène et Environnement",Non précisé,Ngousso,Services / Sécurité,1.0
9286af8e61cb94f04193,206,204,2465,OFFRE_002465_726bc4506af7,Contrôleur du travail,Non précisé,Ngousso,Autre / Non classé,0.75
340d8b5317eee956c3d7,412,407,2466,OFFRE_002466_b77767227fc4,Enseignant du Secondaire,Non précisé,Kribi,Éducation / Formation,0.875
340d8b5317eee956c3d7,412,408,2467,OFFRE_002467_cf6bcbdf67c1,Enseignant du Secondaire,Non précisé,Kribi,Éducation / Formation,0.875
a872b4975e7aeb22c040,207,205,2468,OFFRE_002468_e7b5b0a08626,Gestionnaire des ressources humaines,Non précisé,Yaoundé,Administration / RH,1.0
d0f7b6caba540fdebf41,208,206,2469,OFFRE_002469_fbfd10b0a93c,Scieur,Non précisé,Yaoundé (Ekoumdoum),Industrie / Maintenance,0.75
cf03f4912425c0ffef8b,206,204,2470,OFFRE_002470_ec12ec95cb44,Agent d'entretien,Non précisé,Yaoundé (Ekoumdoum),Services / Sécurité,0.75
6f12895c03a824d752c5,207,206,2471,OFFRE_002471_fc36a7db4212,Vendeur en magasin,Non précisé,Limbe / Buea,Commerce / Vente,0.75
84b3a44add9ca0466da3,207,206,2472,OFFRE_002472_a8e7f5755c40,Cuisinier Domestique,Non précisé,Limbe / Buea,Services / Sécurité,1.0
f005fd4db9d8ea5358d6,207,206,2473,OFFRE_002473_7f11ba57f4ec,Employé de Ménage,Non précisé,Limbe / Buea,Services / Sécurité,0.75
b8422418f75683615598,206,205,2474,OFFRE_002474_65610322d559,Cadre comptable,Non précisé,Limbe / Buea,Finance / Comptabilité,1.0
05b9077590cb0833ed8a,206,205,2475,OFFRE_002475_4aa467c24b90,Cadre administratif,Non précisé,,Administration / RH,0.875
f1e755172099e42005e8,206,205,2476,OFFRE_002476_b59bb3573f91,"Cadre Sécurité, Hygiène et Environnement",Non précisé,Ngousso,Services / Sécurité,1.0
9286af8e61cb94f04193,206,205,2477,OFFRE_002477_ab2f0a1db466,Contrôleur du travail,Non précisé,Ngousso,Autre / Non classé,0.75
340d8b5317eee956c3d7,412,409,2478,OFFRE_002478_c4fa393d9ee7,Enseignant du Secondaire,Non précisé,Kribi,Éducation / Formation,0.875
340d8b5317eee956c3d7,412,410,2479,OFFRE_002479_f8d997b406c3,Enseignant du Secondaire,Non précisé,Kribi,Éducation / Formation,0.875
a872b4975e7aeb22c040,207,206,2480,OFFRE_002480_05100835183f,Gestionnaire des ressources humaines,Non précisé,Yaoundé,Administration / RH,1.0
d0f7b6caba540fdebf41,208,207,2481,OFFRE_002481_86cd3352e448,Scieur,Non précisé,Yaoundé (Ekoumdoum),Industrie / Maintenance,0.75
cf03f4912425c0ffef8b,206,205,2482,OFFRE_002482_7c06d4b0878c,Agent d'entretien,Non précisé,Yaoundé (Ekoumdoum),Services / Sécurité,0.75
6f12895c03a824d752c5,207,207,2483,OFFRE_002483_017c2432bca0,Vendeur en magasin,Non précisé,Limbe / Buea,Commerce / Vente,0.75
84b3a44add9ca0466da3,207,207,2484,OFFRE_002484_813cee9424cf,Cuisinier Domestique,Non précisé,Limbe / Buea,Services / Sécurité,1.0
f005fd4db9d8ea5358d6,207,207,2485,OFFRE_002485_f8818eb118a1,Employé de Ménage,Non précisé,Limbe / Buea,Services / Sécurité,0.75
b8422418f75683615598,206,206,2486,OFFRE_002486_5804cccb227b,Cadre comptable,Non précisé,Limbe / Buea,Finance / Comptabilité,1.0
05b9077590cb0833ed8a,206,206,2487,OFFRE_002487_fb9a12692f79,Cadre administratif,Non précisé,,Administration / RH,0.875
f1e755172099e42005e8,206,206,2488,OFFRE_002488_b8a6e404742f,"Cadre Sécurité, Hygiène et Environnement",Non précisé,Ngousso,Services / Sécurité,1.0
9286af8e61cb94f04193,206,206,2489,OFFRE_002489_7495b6c64307,Contrôleur du travail,Non précisé,Ngousso,Autre / Non classé,0.75
340d8b5317eee956c3d7,412,411,2490,OFFRE_002490_c8c5e042030a,Enseignant du Secondaire,Non précisé,Kribi,Éducation / Formation,0.875
340d8b5317eee956c3d7,412,412,2491,OFFRE_002491_58f9d22bee9a,Enseignant du Secondaire,Non précisé,Kribi,Éducation / Formation,0.875
a872b4975e7aeb22c040,207,207,2492,OFFRE_002492_29a1a04d3c66,Gestionnaire des ressources humaines,Non précisé,Yaoundé,Administration / RH,1.0
d0f7b6caba540fdebf41,208,208,2493,OFFRE_002493_96431c312049,Scieur,Non précisé,Yaoundé (Ekoumdoum),Industrie / Maintenance,0.75
cf03f4912425c0ffef8b,206,206,2494,OFFRE_002494_834668c1f508,Agent d'entretien,Non précisé,Yaoundé (Ekoumdoum),Services / Sécurité,0.75
67accd87c7961abea360,2,1,2515,OFFRE_002515_6046bcd3776d,INGÉNIEUR des Travaux,Camerhouse,Yaoundé,BTP,1.0
fd765f1f4c2886862321,4,1,2516,OFFRE_002516_8e54182d8347,Téléconseiller,Nogali call,Yaoundé,"Communication, Marketing",1.0
fd765f1f4c2886862321,4,2,2600,OFFRE_002600_b9e25f18e64d,Téléconseiller,Nogali call,Yaoundé,"Communication, Marketing",1.0
fd765f1f4c2886862321,4,3,2659,OFFRE_002659_89159427a571,Téléconseiller,Nogali call,Yaoundé,"Communication, Marketing",1.0
8e32c2e25cbf87041644,2,1,2692,OFFRE_002692_ff9ba87e8564,DIRECTEUR D'EXPLOITATION,FOCEP SA,Yaoundé,Finance,1.0
fd765f1f4c2886862321,4,4,2743,OFFRE_002743_0e1e8fc789ab,Téléconseiller,Nogali call,Yaoundé,"Communication, Marketing",1.0
67accd87c7961abea360,2,2,2786,OFFRE_002786_145f19c5b96a,Ingénieur des travaux,Camerhouse,Yaoundé,BTP,1.0
8e32c2e25cbf87041644,2,2,2787,OFFRE_002787_d974e76cde5d,DIRECTEUR D'EXPLOITATION,FOCEP SA,Yaoundé,Finance,1.0
7104f93a24f97c007392,2,1,2790,OFFRE_002790_c71de8d66874,SECURITY OFFICER NO-2,Employeur non précisé,"BUÉA , MAROUA",SÉCURITÉ,0.875
5ea3cb4f2e2428bb2ebf,3,1,2794,OFFRE_002794_971ebfebc5b1,04 IP SUPPORT ENGINEERS,Employeur non précisé,"BAFOUSSAM , BUÉA , YAOUNDÉ",INGÉNIEUR,0.875
9a241c6170d0addb09cc,2,1,2799,OFFRE_002799_1190931844e7,Branch Operations Supervisors,Employeur non précisé,"BUÉA , DOUALA , YAOUNDÉ",FINANCE,0.875
7df591cb157b20eff0d1,2,1,2800,OFFRE_002800_31024262bd31,Chefs D'agence / Branch Managers,Employeur non précisé,"BUÉA , DOUALA , YAOUNDÉ","COMPTABILITÉ, FINANCE",0.875
c24cefdb0c7dd14d6da2,2,1,2801,OFFRE_002801_2d87f28fefde,Daily Cash Collectors / Collecteurs,Employeur non précisé,"BUÉA , DOUALA , YAOUNDÉ",OUVRIERS / OPÉRATEURS / AGENTS,0.875
c19deec61ae64a827791,2,1,2802,OFFRE_002802_14ce6bcc7885,Customer Assistants / Assistants Clientèles,Employeur non précisé,"BUÉA , DOUALA , YAOUNDÉ","COMMERCIAL, COMMUNICATION",0.875
de05fe6a194cf2eccf6d,2,1,2803,OFFRE_002803_724e3328cea5,Account Managers / Gestionnaires De Comptes,Employeur non précisé,"BUÉA , DOUALA , YAOUNDÉ","COMMERCIAL, COMMUNICATION",0.875
10643e3f719cc43b1ef7,2,1,2804,OFFRE_002804_e28839d2182e,Tellers / Caissiers,Employeur non précisé,"BUÉA , DOUALA , YAOUNDÉ",CAISSIER.E,0.875
9f55bbea0fcbb501b6d9,2,1,2806,OFFRE_002806_f0602d0d4743,SUPERVISEURS De Districts,Employeur non précisé,"BAMENDA , BUÉA",SANTÉ,0.875
85080e26446819314f58,2,1,2807,OFFRE_002807_0065849e09f0,Assistant Safety Advisor,Employeur non précisé,"BAMENDA , BUÉA","COMMUNICATION, JOURNALISME",0.875
1eec9a23a03b425c3669,2,1,2810,OFFRE_002810_93c8f2e174d3,02 PSYCHOLOGISTS,Employeur non précisé,"BAMENDA , BUÉA",SANTÉ,0.875
f2d15f483ad39b4dc6b1,2,1,2811,OFFRE_002811_d27303653aa7,02 TECHNICAL ADVISORS,Employeur non précisé,"BAMENDA , BUÉA",GESTION,0.875
d9f573e986f28f309d8f,6,1,2815,OFFRE_002815_84059521d27f,TECHNICIENS EN TELECOMMUNICATION,Employeur non précisé,"BAFOUSSAM , BAMENDA , BERTOUA , BUÉA , CAMEROUN , DOUALA , EBOLOWA , GAROUA , KRIBI , MAROUA , NGAOUNDERE , YAOUNDÉ",INFORMATIQUE,0.875
36658e4c2877f464dc44,5,1,2816,OFFRE_002816_0ff46f7ad1f3,SPECIALISTES EN INFORMATIQUE (Réseau Et Sécurité),Employeur non précisé,"BAFOUSSAM , BAMENDA , BERTOUA , BUÉA , CAMEROUN , DOUALA , EBOLOWA , GAROUA , MAROUA , NGAOUNDERE , YAOUNDÉ",INFORMATIQUE,0.875
97dcb5efc5a302930ab1,2,1,2832,OFFRE_002832_c34a88583dbc,Gestionnaire De Comptes,Employeur non précisé,"BAFOUSSAM , BUÉA , LIMBE",BANQUE,0.875
6b0b4351ae323d4f11d6,6,1,2833,OFFRE_002833_c6339c1ac8c1,Développeur JAVA EE / JAVA 8 Avec Une Compétence SQL,Employeur non précisé,"BAFOUSSAM , BAMENDA , BERTOUA , BUÉA , DOUALA , EBOLOWA , GAROUA , MAROUA , NGAOUNDERE , YAOUNDÉ",INFORMATIQUE,0.875
52930de7caf029d98c6c,4,1,2836,OFFRE_002836_269d53900561,Recrutement Par Lots : 6 X Consultants Nationaux SBC Communication Des Risques Et Engagement Communautaire (RCCE) En Appui À La Génération De La Demande De Vaccination Et De Vaccination De Routine (RI) COVID-19,Employeur non précisé,"BAFOUSSAM , BAMENDA , BERTOUA , BUÉA , DOUALA , MAROUA",SCIENCE SOCIALE,0.875
84a9f27558f9408c65f5,5,1,2837,OFFRE_002837_5fa17ff2432a,70 POSTES OUVERTS,Employeur non précisé,"BAMENDA , BUÉA , GAROUA , MAROUA , MEIGANGA , NGAOUNDERE , YAOUNDÉ","ADMINISTRATION, COMPTABILITÉ, FINANCE, INFORMATIQUE, LOGISTIQUE, ONG",0.875
3f3b4b9dd7d096a19e11,7,1,2842,OFFRE_002842_a7219d06ad81,25 AGENTS POLYVALENTS,Employeur non précisé,"BAFOUSSAM , BAMENDA , BERTOUA , BUÉA , CAMEROUN , DOUALA , DSCHANG , EBOLOWA , EDEA , GAROUA , GAROUA BOULAI, BÉTARÉ-OYA, TOUBORO, LOGONE BIRNI , KOUSSERI , KRIBI , LIMBE , MAROUA , NGAOUNDERE , NKONGSAMBA , NKOTENG , YAOUNDÉ","ADMINISTRATION, FINANCE",0.875
02f742dddd1cce585f23,3,1,2844,OFFRE_002844_c2a9f1b708e3,"Plusieurs Développeurs Java/ JEE , .NET, Web",Employeur non précisé,"BUÉA , CAMEROUN , DOUALA , MAROUA , YAOUNDÉ",INFORMATIQUE,0.875
84c6b3af63e666f9156f,2,1,2845,OFFRE_002845_f648641891d5,Project Coordinator,Employeur non précisé,"BAMENDA , BUÉA",CATÉGORIES :,0.875
151d79659de8abd9df2a,2,1,2846,OFFRE_002846_310153c0ce16,CVA Officer,Employeur non précisé,"BAMENDA , BUÉA",ONG,0.875
660bdcf8764ac8cb2fde,2,1,2857,OFFRE_002857_df0001ba9c72,02 Coordonnateurs De Projets,Employeur non précisé,"BAMENDA , BUÉA","DROIT, ECONOMIE, GESTION, SCIENCE SOCIALE",0.875
03ffb7ef3e9c07d3b4a6,6,1,2866,OFFRE_002866_4515907a8d34,Offre D'emploi: CHEFS STATIONS SERVICES,Employeur non précisé,"BAFOUSSAM , BAMENDA , BERTOUA , BUÉA , DOUALA , GAROUA , MAROUA , NGAOUNDERE , YAOUNDÉ","AUTRES, MARKETING, VENTE",0.875
efc4da566dc76b972216,2,1,2867,OFFRE_002867_f888ca768f65,Offre D'emploi: CONSULTANTS QUATRE (O4) NETTOYANTS POUR LES BUREAUX RP POUR LA RÉGION NORD-OUEST (02) ET SUD-OUEST (02),Employeur non précisé,"BAMENDA , BUÉA",PROJET,0.875
86ea76291d103ed26ba5,2,1,2868,OFFRE_002868_11386d47f058,Offre D'emploi: Consultant Indépendant,Employeur non précisé,"BAMENDA , BUÉA","AUTRES, DROIT, SCIENCE SOCIALE",0.875
f3e07c0f63e8028019f5,2,1,2870,OFFRE_002870_7afa443b6f86,Project Coordinator,Employeur non précisé,"BAMENDA , BUÉA","ONG, PROJET",0.875
0a0040c47ea42163afbe,7,1,2873,OFFRE_002873_5eae63f27bb8,Recrutement Massif-Cameroon Equatorial Development (CED) Sarl,Employeur non précisé,"BAFANG , BAFOUSSAM , BAMENDA , BATOURI , BERTOUA , BUÉA , DOUALA , DSCHANG , EBOLOWA , EDEA , FOUMBAN , FOUMBOT , GAROUA , KOUSSERI , KRIBI , KUMBA , LIMBE , MAMFE , MAROUA , MEIGANGA , MOKOLO , MORA , MUTENGENE , NGAOUNDERE , NGAOUNDERE , NGOYLA , NKONGSAMBA , PITOA , TIBATI , YAOUNDÉ",CATÉGORIES DES RECRUTEMENTS ET OFFRES D'EMPLOIS AU CAMEROUN,0.875
f38ad4e07ff47407988e,6,1,2880,OFFRE_002880_59ca325bcd0a,100 Jeunes Diplômés,Employeur non précisé,"BAFOUSSAM , BAMENDA , BERTOUA , BUÉA , DOUALA , EBOLOWA , GAROUA , MAROUA , NGAOUNDERE , YAOUNDÉ",CATÉGORIES DES RECRUTEMENTS ET OFFRES D'EMPLOIS AU CAMEROUN,0.875
9722b2b820b8d99ebb43,5,1,2883,OFFRE_002883_e0b3f5c502be,Offre D'emploi : Chargé SEO À Domicile,Employeur non précisé,"BAFOUSSAM , BAMENDA , BERTOUA , BUÉA , GAROUA , KRIBI , LIMBE , MAROUA , YAOUNDÉ","INFORMATIQUE, MARKETING",0.875
4f02c8a5cad6d8cfb9b4,4,1,2884,OFFRE_002884_71b2e22e89b0,TECHNICIEN ÉLECTRICIEN JUNIOR,Employeur non précisé,"BAFOUSSAM , BAMENDA , BERTOUA , BUÉA , DOUALA , EBOLOWA , GAROUA , MAROUA , NGAOUNDERE , YAOUNDÉ",INDUSTRIE,0.875
597ce775ccd7f2eaacc1,3,1,2885,OFFRE_002885_d8191ac89d67,10 TECHNICIENS MECANICIEN JUNIOR,Employeur non précisé,"BAFOUSSAM , BAMENDA , BATOURI , BERTOUA , BUÉA , DOUALA , DSCHANG , EBOLOWA , GAROUA , NGAOUNDERE , YAOUNDÉ",INDUSTRIE,0.875
e77e53bb55caaf1efcb6,2,1,2889,OFFRE_002889_135e860e07c9,A SECURITY AND ACCESS MANAGER – BUEA - CAMEROON,Employeur non précisé,BUÉA,ONG,0.875
e77e53bb55caaf1efcb6,2,2,2890,OFFRE_002890_32b239a8d167,A SECURITY AND ACCESS MANAGER – BUEA - CAMEROON,Employeur non précisé,BUÉA,ONG,0.875
8f2b2575be600d8974d4,4,1,2893,OFFRE_002893_15591fb3cfe2,Analyste​ De Tests Et D’Assurance Qualité (H/F),Employeur non précisé,"BAFOUSSAM , BAMENDA , BERTOUA , BUÉA , DOUALA , LIMBE , MAROUA , YAOUNDÉ","ADMINISTRATION, ASSURANCE",0.875
878d85fdeec861c140ce,4,1,2894,OFFRE_002894_f0aff61fdf37,Assistant Community Manager,Employeur non précisé,"BAFOUSSAM , BAMENDA , BUÉA , DOUALA , LIMBE , MAROUA , YAOUNDÉ",RÉSEAUX SOCIAUX,0.875
6aaf7fbf1cf86327413a,6,1,2895,OFFRE_002895_392632bd7c43,105 Agents De Collecte-INS,Employeur non précisé,"BAFOUSSAM , BAMENDA , BERTOUA , BUÉA , DOUALA , GAROUA , KRIBI , LIMBE , MAROUA , YAOUNDÉ",CATÉGORIES DES RECRUTEMENTS ET OFFRES D'EMPLOIS AU CAMEROUN,0.875
d4765c6449d6a1e8919e,4,1,2898,OFFRE_002898_bc5d26b9a1a2,Agent De Vente Directe-Banque Atlantique Cameroun,Employeur non précisé,"BAFOUSSAM , BAMENDA , BERTOUA , BUÉA , DOUALA , KRIBI , LIMBE , YAOUNDÉ",FINANCE,0.875
da2f67fc579f3ce6cee0,6,1,2909,OFFRE_002909_be45141ab054,Auditeur Interne,Employeur non précisé,"BAFOUSSAM , BAMENDA , BERTOUA , BUÉA , DOUALA , EBOLOWA , EDEA , GAROUA , KRIBI , KUMBA , LIMBE , MAROUA , NGAOUNDERE , NKONGSAMBA , YAOUNDÉ",FINANCE,0.875
274b6e7e74ed3822b81a,6,1,2910,OFFRE_002910_f022c752201f,Agent Comptable Central,Employeur non précisé,"BAFOUSSAM , BAMENDA , BERTOUA , BUÉA , DOUALA , EBOLOWA , EDEA , GAROUA , KRIBI , KUMBA , LIMBE , MAROUA , NGAOUNDERE , NKONGSAMBA , YAOUNDÉ",FINANCE,0.875
7fcf266395bfbaa78879,6,1,2911,OFFRE_002911_97716234e9d1,Contrôleur Financier Central,Employeur non précisé,"BAFOUSSAM , BAMENDA , BERTOUA , BUÉA , DOUALA , EBOLOWA , GAROUA , KRIBI , KUMBA , LIMBE , MAROUA , NGAOUNDERE , NKONGSAMBA , YAOUNDÉ",FINANCE,0.875
0bd8c0e5ad155606953a,6,1,2912,OFFRE_002912_7ae7f91d691b,Online Digital,Employeur non précisé,"BAFOUSSAM , BAMENDA , BERTOUA , BUÉA , DOUALA , EBOLOWA , EDEA , GAROUA , KRIBI , KUMBA , LIMBE , MAROUA , NGAOUNDERE , NKONGSAMBA , YAOUNDÉ",CATÉGORIES :,0.875
7f9a3e13f173b2e0741b,2,1,2913,OFFRE_002913_0ae2e040d491,Monitoring And Evaluation Assistant,Employeur non précisé,"BAMENDA , BUÉA",ADMINISTRATION,0.875
882de9e1959e2584ad1d,2,1,2914,OFFRE_002914_c813b31789c1,Wash Officer,Employeur non précisé,"BAMENDA , BUÉA , KUMBA","ADMINISTRATION, AUTRES",0.875
efefdc1ca3acec0923d5,7,1,2915,OFFRE_002915_6ba2bfa17e03,Technico-Commerciale & Ambassadrice,Employeur non précisé,"DOUALA , YAOUNDÉ","COMMUNICATION, MARKETING, SANTÉ",0.875
b3a5cc3a83927400c7ef,6,1,2916,OFFRE_002916_c2c4a33f7287,Commerciaux,Employeur non précisé,DOUALA,PATISSERIE,0.875
efefdc1ca3acec0923d5,7,2,2931,OFFRE_002931_631eb30d1bf9,Technico-Commerciale & Ambassadrice,Employeur non précisé,"DOUALA , YAOUNDÉ","COMMUNICATION, MARKETING, SANTÉ",0.875
fbd97d70ffe4b402e994,3,1,2932,OFFRE_002932_92c18f0a9240,JURISTE,Employeur non précisé,YAOUNDÉ,DROIT,0.875
9848fd727703fb61e670,3,1,2960,OFFRE_002960_125ccf7a8a0c,ATTACHES DEVELOPPEMENT COMMERCIAL H/F,Employeur non précisé,"BAFOUSSAM , DOUALA , GAROUA , YAOUNDÉ","COMMERCE, MARKETING, VENTE",0.875
296fac230a0542176e74,7,1,2961,OFFRE_002961_cc59b3f547e4,ASSISTANTE DE DIRECTION,Employeur non précisé,YAOUNDÉ,SECRÉTAIRE,0.875
f2bf120bf768dd374c52,2,1,2968,OFFRE_002968_a580e5eab5d5,03 Chefs D’agence,Employeur non précisé,"BAFOUSSAM , DOUALA , YAOUNDÉ",FINANCE,0.875
2cd47ac4353508a34261,2,1,2970,OFFRE_002970_a051c7ef8084,Un(E) Community Manager / Support Opérationnel,Employeur non précisé,YAOUNDÉ,"COMMUNICATION, INFORMATIQUE, MARKETING",0.875
799af5b9f0102938f233,2,1,2971,OFFRE_002971_0dc1e84fe51b,AUDITEUR SENIOR,Employeur non précisé,YAOUNDÉ,FINANCE,0.875
2cd47ac4353508a34261,2,2,2972,OFFRE_002972_5e039eb5a098,Un(E) Community Manager / Support Opérationnel,Employeur non précisé,YAOUNDÉ,"COMMUNICATION, INFORMATIQUE, MARKETING",0.875
c3cd9827aca7f55c5709,8,1,2973,OFFRE_002973_5e969510070e,Controleurs Internes,Employeur non précisé,"BAFOUSSAM , DOUALA , YAOUNDÉ",FINANCE,0.875
c3cd9827aca7f55c5709,8,2,2974,OFFRE_002974_83b7da943acd,Controleurs Internes,Employeur non précisé,"BAFOUSSAM , DOUALA , YAOUNDÉ",FINANCE,0.875
38953e2c4b8318c186d2,2,1,2975,OFFRE_002975_8a8c144f8b03,06 Agents De Recouvrement,Employeur non précisé,"BAFOUSSAM , DOUALA , YAOUNDÉ",FINANCE,0.875
799af5b9f0102938f233,2,2,2976,OFFRE_002976_5986c0bf0734,AUDITEUR SENIOR,Employeur non précisé,YAOUNDÉ,FINANCE,0.875
b9521ec3579cec23e52d,2,1,2978,OFFRE_002978_1d75abb223e3,Responsable Design Et Production - Yaoundé,Employeur non précisé,YAOUNDÉ,"COMMERCIAL, GRAPHISME, INFOGRAPHIE, INFORMATIQUE",0.875
e8eb71c604cd4c223654,2,1,2979,OFFRE_002979_0c395e5d0ce5,Secrétaire/Juriste/Rédacteur Sinistre/Chargé Clients,Employeur non précisé,"BAFOUSSAM , DOUALA , YAOUNDÉ","ASSURANCE, DROIT, JURIDIQUE",0.875
f4aec00641242acf1b12,2,1,2982,OFFRE_002982_41c3189b7a4f,COMMERCIAUX TERRAIN,Employeur non précisé,"BAFOUSSAM , YAOUNDÉ","COMMERCE, GESTION, MARKETING",0.875
b9521ec3579cec23e52d,2,2,2983,OFFRE_002983_26d83b12c028,Responsable Design Et Production - Yaoundé,Employeur non précisé,YAOUNDÉ,"COMMERCIAL, GRAPHISME, INFOGRAPHIE, INFORMATIQUE",0.875
324ce8e6ae70815aef23,2,1,3011,OFFRE_003011_2bc34871b071,CHAUFFEUR/ASSISTANT LOGISTIQUE,Employeur non précisé,YAOUNDÉ,TRANSPORT,0.875
b6ef5090dc3252c5917c,2,1,3016,OFFRE_003016_4b2bbca2e0ff,COMPTABLE H/F,Employeur non précisé,"DOUALA , YAOUNDÉ","COMPTABILITÉ, FINANCE",0.875
2e2a0de7dc983a8989b2,6,1,3022,OFFRE_003022_9b0d64d61d09,COMMERCIAUX,Employeur non précisé,"DOUALA , YAOUNDÉ",MARKETING,0.875
2e2a0de7dc983a8989b2,6,2,3024,OFFRE_003024_f16d93099dce,COMMERCIAUX,Employeur non précisé,"DOUALA , YAOUNDÉ",MARKETING,0.875
9bf0459c3843dfd613e9,2,1,3025,OFFRE_003025_fd9aca2f648e,ASSISTANT(E) DE DIRECTION,Employeur non précisé,YAOUNDÉ,SECRÉTAIRE,0.875
b75b40c272b63aa692b4,2,1,3027,OFFRE_003027_e8c4364f8c1f,COMPTABLES,Employeur non précisé,"DOUALA , YAOUNDÉ","AUDIT, COMPTABILITÉ, FINANCE, GESTION",0.875
324ce8e6ae70815aef23,2,2,3036,OFFRE_003036_de50fee20364,CHAUFFEUR/ASSISTANT LOGISTIQUE,Employeur non précisé,YAOUNDÉ,TRANSPORT,0.875
c0f5def170367ab34ef8,2,1,3037,OFFRE_003037_798a9996482e,RESPONSABLE COMMERCIAL (H/F),Employeur non précisé,YAOUNDÉ,"COMMERCE, MARKETING",0.875
02406e6118ba41e5e4b8,7,1,3043,OFFRE_003043_b649bb4b2b26,COMPTABLE,Employeur non précisé,YAOUNDÉ,"COMPTABILITÉ, FINANCE",0.875
854a1caf1f237873efb5,4,1,3063,OFFRE_003063_ae7c83509ba5,Assistant (E) De Direction,Employeur non précisé,YAOUNDÉ,ADMINISTRATION,0.875
eea143965d07d676e018,2,1,3067,OFFRE_003067_f8094b562d96,50 Gestionnaires De Portefeuilles Stagiaires,Employeur non précisé,"BAFOUSSAM , DOUALA , YAOUNDÉ","COMMERCIAL, MARKETING, VENTE",0.875
0445dc3ddf9e9d1d3344,2,1,3079,OFFRE_003079_637ea5c4a846,ASSISTANTE DE GESTION,Employeur non précisé,YAOUNDÉ,"COMPTABILITÉ, FINANCE",0.875
0445dc3ddf9e9d1d3344,2,2,3080,OFFRE_003080_a18dd74c576e,ASSISTANTE DE GESTION,Employeur non précisé,YAOUNDÉ,"COMPTABILITÉ, FINANCE",0.875
2e2a0de7dc983a8989b2,6,3,3096,OFFRE_003096_73ad7280e9ab,COMMERCIAUX,Employeur non précisé,"DOUALA , YAOUNDÉ",MARKETING,0.875
fd9abaf38b535d816650,2,1,3101,OFFRE_003101_698cc314a418,CONTROLEURS DE GESTION,Employeur non précisé,YAOUNDÉ,"COMPTABILITÉ, FINANCE",0.875
b3bbd124cc29270c41b2,3,1,3103,OFFRE_003103_1fd1d590a8d6,RESPONSABLE DES RESSOURCES HUMAINES,Employeur non précisé,YAOUNDÉ,RH,0.875
c96f6ff8882349f14898,3,1,3121,OFFRE_003121_20a54da79942,ASSISTANT(E) RESSOURCES HUMAINES,Employeur non précisé,YAOUNDÉ,RH,0.875
68073b9c4341e257d1e5,2,1,3132,OFFRE_003132_35989c4ccf48,03 Contrôleurs Internes,Employeur non précisé,"BAFOUSSAM , DOUALA , YAOUNDÉ",FINANCE,0.875
200b65b2d02c58dc6fa1,2,1,3133,OFFRE_003133_18bb996fa418,10Agents De Recouvrement,Employeur non précisé,"BAFOUSSAM , DOUALA , YAOUNDÉ",FINANCE,0.875
33b8eb1cb45225f929a2,4,1,3144,OFFRE_003144_cc0797233fce,10 Chargés (Es) Clientèle (Analystes De Crédits),Employeur non précisé,"BAFOUSSAM , DOUALA , YAOUNDÉ",FINANCE,0.875
2541c17728612e9da2bb,2,1,3145,OFFRE_003145_8f6e33310ac7,05 Chefs D’agence,Employeur non précisé,"BAFOUSSAM , DOUALA , YAOUNDÉ",FINANCE,0.875
2e2a0de7dc983a8989b2,6,4,3146,OFFRE_003146_f2ab78a611fb,COMMERCIAUX,Employeur non précisé,"DOUALA , YAOUNDÉ",MARKETING,0.875
88dbf332b13ec75e4b2d,2,1,3147,OFFRE_003147_3a0265530d1d,SECRETAIRE,Employeur non précisé,YAOUNDÉ,ADMINISTRATION,0.875
35635b09f94f47e62645,2,1,3149,OFFRE_003149_65d695cd971f,CHEF COMPTABLE,Employeur non précisé,YAOUNDÉ,INDUSTRIE,0.875
35635b09f94f47e62645,2,2,3150,OFFRE_003150_6c6487d50dd5,CHEF COMPTABLE,Employeur non précisé,YAOUNDÉ,INDUSTRIE,0.875
5fbb6c5054c9f1595a9a,2,1,3161,OFFRE_003161_c4218567c048,10 GESTIONNAIRES De Crédit Classique (Crédit Habitat),Employeur non précisé,"BAFOUSSAM , DOUALA , DSCHANG , YAOUNDÉ","COMPTABILITÉ, FINANCE",0.875
296fac230a0542176e74,7,2,3163,OFFRE_003163_a1abed45a2dd,ASSISTANTE DE DIRECTION,Employeur non précisé,YAOUNDÉ,SECRÉTAIRE,0.875
56a4259728beeeeb08fd,2,1,3168,OFFRE_003168_6f6c04d2d466,CHEF DE PROJET,Employeur non précisé,YAOUNDÉ,"GESTION, PROJET",0.875
09bcfb530e50475df699,2,1,3174,OFFRE_003174_429b959268bd,CONTROLEUR DE GESTION,Employeur non précisé,YAOUNDÉ,"COMPTABILITÉ, FINANCE, GESTION",0.875
02406e6118ba41e5e4b8,7,2,3175,OFFRE_003175_5ebdf08fb576,COMPTABLE,Employeur non précisé,YAOUNDÉ,"COMPTABILITÉ, FINANCE",0.875
f9a9343b86a6faf7c81b,2,1,3177,OFFRE_003177_ea8be0c6755d,Recrutement De Quatre (04) Psychologues,Employeur non précisé,"BAFOUSSAM , DOUALA , EBOLOWA , YAOUNDÉ",SANTÉ,0.875
c12961d01d1552a49264,3,1,3183,OFFRE_003183_4b729d80c0d1,COMMERCIAUX À MOTO,Employeur non précisé,"BAFOUSSAM , BERTOUA , DOUALA , EBOLOWA , KRIBI , NGAOUNDERE , YAOUNDÉ",COMMERCE,0.875
df47c94ea174c5d7eff1,2,1,3186,OFFRE_003186_c1839f68136c,SECRÉTAIRE COMPTABLE,Employeur non précisé,YAOUNDÉ,COMPTABILITÉ,0.875
71fabb31a53afdd6feef,2,1,3200,OFFRE_003200_04b229029dd4,04 SI/M&E ASSOCIATES,Employeur non précisé,"BAFOUSSAM , DOUALA , NGAOUNDERE , YAOUNDÉ",SANTÉ,0.875
b3bbd124cc29270c41b2,3,2,3204,OFFRE_003204_d3ac732d2f39,Responsable Des Ressources Humaines,Employeur non précisé,YAOUNDÉ,RH,0.875
296fac230a0542176e74,7,3,3209,OFFRE_003209_8207f56709b7,ASSISTANTE De DIRECTION,Employeur non précisé,YAOUNDÉ,SECRÉTAIRE,0.875
c96f6ff8882349f14898,3,2,3218,OFFRE_003218_c1e098a199b4,ASSISTANT(E) Ressources Humaines,Employeur non précisé,YAOUNDÉ,RH,0.875
8dfe72a1f0f95e64b2a9,2,1,3226,OFFRE_003226_66a14a865e8d,CANDIDATURES SPONTANEES - STAGES ET EMPLOIS,Employeur non précisé,"BAFOUSSAM , DOUALA , YAOUNDÉ","BANQUE, COMPTABILITÉ, DROIT, GESTION",0.875
02406e6118ba41e5e4b8,7,3,3234,OFFRE_003234_e9240667e322,COMPTABLE,Employeur non précisé,YAOUNDÉ,"COMPTABILITÉ, FINANCE",0.875
1ccad831f6c24de975c8,16,1,3237,OFFRE_003237_7b21cdd96fc5,COMPTABLE,Employeur non précisé,YAOUNDÉ,COMPTABILITÉ,0.875
ddf5f8b4c24f75c4cd48,2,1,3240,OFFRE_003240_f5111d53b39f,Superviseur / Contrôleur Des Agents,Employeur non précisé,YAOUNDÉ,SÉCURITÉ,0.875
3b45d3038f92b36b1b9f,2,1,3241,OFFRE_003241_312b4bac5759,EPIC COMMUNITY ADVISOR AND ZONAL LEAD,Employeur non précisé,"BAFOUSSAM , YAOUNDÉ","RH, SANTÉ",0.875
136dfaf393c039b9f7e8,3,1,3247,OFFRE_003247_0aa53a1b6638,COMPTABLE (H/F),Employeur non précisé,YAOUNDÉ,COMPTABILITÉ,0.875
1b72bbca697cff597ddb,2,1,3262,OFFRE_003262_653cac9433f1,Téléconseillère,Employeur non précisé,YAOUNDÉ,"COMMUNICATION, MARKETING",0.875
987863dd3d9902df9496,3,1,3274,OFFRE_003274_660e17c16b87,Téléconseiller(E)S,Employeur non précisé,YAOUNDÉ,TÉLÉCOMMUNICATION,0.875
61540eb0a044cc106db2,2,1,3277,OFFRE_003277_1e7b3ccf5e38,Infographe,Employeur non précisé,YAOUNDÉ,GRAPHISME,0.875
95db281931431015658c,2,1,3280,OFFRE_003280_c639c6df99c8,Human Resources Intern,Employeur non précisé,YAOUNDÉ,RH,0.875
109b21f4044ef170a8dd,2,1,3287,OFFRE_003287_7cb0d8aea4c0,HEALTH FIELD OFFICER 3 (H/F),Employeur non précisé,YAOUNDÉ,SANTÉ,0.875
02406e6118ba41e5e4b8,7,4,3288,OFFRE_003288_d003d5253c7f,Comptable,Employeur non précisé,YAOUNDÉ,"COMPTABILITÉ, FINANCE",0.875
2f92b3f26ea6e710b4fc,3,1,3295,OFFRE_003295_d07958c35116,INFIRMIER(E)S,Employeur non précisé,YAOUNDÉ,SANTÉ,0.875
109b21f4044ef170a8dd,2,2,3297,OFFRE_003297_49ed004e9f24,Health Field Officer 3 (H/F),Employeur non précisé,YAOUNDÉ,SANTÉ,0.875
fd9abaf38b535d816650,2,2,3303,OFFRE_003303_e554b7df9411,CONTRÔLEURS DE GESTION,Employeur non précisé,YAOUNDÉ,"COMPTABILITÉ, FINANCE",0.875
4d04897decb41c306356,2,1,3304,OFFRE_003304_e8d6834536de,10 Agents De Recouvrement,Employeur non précisé,"BAFOUSSAM , DOUALA , YAOUNDÉ",FINANCE,0.875
33b8eb1cb45225f929a2,4,2,3306,OFFRE_003306_2dbefdc73284,10 Chargés (Es) Clientèle (Analystes De Crédits),Employeur non précisé,"BAFOUSSAM , DOUALA , YAOUNDÉ",FINANCE,0.875
d26d3a7317ae40f9a85d,2,1,3307,OFFRE_003307_ea834f99bf97,05 Contrôleurs Internes,Employeur non précisé,"BAFOUSSAM , DOUALA , YAOUNDÉ",FINANCE,0.875
8050f261e871aefa654a,2,1,3308,OFFRE_003308_652aedc0d0cc,Chefs D’agence,Employeur non précisé,"BAFOUSSAM , DOUALA , YAOUNDÉ",FINANCE,0.875
1665c468707f85af4338,2,1,3309,OFFRE_003309_e23b1a738aad,Chargés (Es) Clientèle (Analystes De Crédits),Employeur non précisé,"BAFOUSSAM , DOUALA , YAOUNDÉ",FINANCE,0.875
c3cd9827aca7f55c5709,8,3,3310,OFFRE_003310_9113995f3acd,Contrôleurs Internes,Employeur non précisé,"BAFOUSSAM , DOUALA , YAOUNDÉ",FINANCE,0.875
0c2d4428be84d870c8a7,6,1,3335,OFFRE_003335_46df918c2eb0,CHAUFFEUR,Employeur non précisé,YAOUNDÉ,TRANSPORT,0.875
f0b6d748cba6b5dc2a89,5,1,3339,OFFRE_003339_d27a161547d7,CONSEILLERS (ÈRES) CLIENTS,Employeur non précisé,"BAFOUSSAM , BAMENDA , DOUALA , GAROUA , KRIBI , YAOUNDÉ","COMMUNICATION, MARKETING",0.875
9bf0459c3843dfd613e9,2,2,3346,OFFRE_003346_e864fab21556,ASSISTANT(E) DE DIRECTION,Employeur non précisé,YAOUNDÉ,SECRÉTAIRE,0.875
e448efbd5d8c725c03c3,2,1,3347,OFFRE_003347_14bc0a4b3800,CHAUFFEUR PROFESSIONNEL,Employeur non précisé,YAOUNDÉ,TRANSPORT,0.875
b7c4b49d63a6f84813f8,2,1,3349,OFFRE_003349_44b1c46eb434,Secretaire Bilingue,Employeur non précisé,YAOUNDÉ,SECRÉTAIRE,0.875
2f92b3f26ea6e710b4fc,3,2,3359,OFFRE_003359_6167a9b42587,INFIRMIER(E)S,Employeur non précisé,YAOUNDÉ,SANTÉ,0.875
00cf08b5e4364071c42b,3,1,3361,OFFRE_003361_8f229b5fc0b7,Directeur Des Ressources Humaines.,Employeur non précisé,YAOUNDÉ,RH,0.875
296fac230a0542176e74,7,4,3363,OFFRE_003363_ca02b130352f,ASSISTANTE DE DIRECTION,Employeur non précisé,YAOUNDÉ,SECRÉTAIRE,0.875
d8466798f919f9948909,2,1,3373,OFFRE_003373_d86d70a6137d,STAGIAIRE RESSOURCES HUMAINES,Employeur non précisé,YAOUNDÉ,RH,0.875
c96f6ff8882349f14898,3,3,3375,OFFRE_003375_395cc3a81d71,ASSISTANT(E) RESSOURCES HUMAINES,Employeur non précisé,YAOUNDÉ,RH,0.875
3026b181900241a97ba8,4,1,3380,OFFRE_003380_f63296efaedd,Chauffeur,Employeur non précisé,YAOUNDÉ,CHAUFFEUR,0.875
622217def234ce1ce539,2,1,3387,OFFRE_003387_09123d49db41,AGENT DE RECRUTEMENT CHAUFFEUR,Employeur non précisé,"BAFOUSSAM , DOUALA , YAOUNDÉ","LOGISTIQUE, TRANSPORT",0.875
3134eac09eebe9055d96,6,1,3391,OFFRE_003391_8d66f22dfe71,Professeur Particulier,Employeur non précisé,"ADAMAOUA , BAFANG , BAFOUSSAM , BAMENDA , BANDJOUN , BANGANGTÉ , BANGANTÉ , BANGANTE , BATOURI , BERTOUA , BUÉA , CAMEROUN , DOUALA , DSCHANG , EBOLOWA , EDEA , EN LIGNE , EXTRÊME NORD , EXTREME-NORD , FOUMBAN , FOUMBOT , GAROUA , KOUSSERI , KRIBI , KUMBA , LIMBE , LITTORAL , MAROUA , MEIGANGA , MOKOLO , MORA , NGAOUNDERE , NGAOUNDERE , NKONGSAMBA , PITOA , SOUZA , YAGOUA , YAOUNDÉ","ENSEIGNEMENT, OFFRE DE FORMATION",0.875
5587626482b4037df6fa,2,1,3396,OFFRE_003396_7e1e678b939c,Assistant QHSE,Employeur non précisé,YAOUNDÉ,QHSE,0.875
269bc3b1c873ae56900f,2,1,3401,OFFRE_003401_0b7a198f6f03,03 CHEFS D'AGENCE,Employeur non précisé,"BAFOUSSAM , DOUALA , YAOUNDÉ","ASSURANCE, COMMERCE, GESTION",0.875
2d2c2bd640ef53a455b6,2,1,3404,OFFRE_003404_2863ed03dcfb,CONTROLEUR COMPTABLE,Employeur non précisé,"DOUALA , YAOUNDÉ","AUDIT, COMPTABILITÉ, FINANCE",0.875
2d2c2bd640ef53a455b6,2,2,3405,OFFRE_003405_349c4c1aa3b6,CONTROLEUR COMPTABLE,Employeur non précisé,"DOUALA , YAOUNDÉ","AUDIT, COMPTABILITÉ, FINANCE",0.875
5f1e2f652a23bcee4aea,4,1,3407,OFFRE_003407_0a055c4e31d9,Assistance De Direction,Employeur non précisé,YAOUNDÉ,SECRÉTAIRE,0.875
882dd6a52dcb647a323a,2,1,3422,OFFRE_003422_e370ff85069d,TRADE OFFICER (H/F),Employeur non précisé,"BAFOUSSAM , DOUALA , YAOUNDÉ",CATÉGORIES DES RECRUTEMENTS ET OFFRES D'EMPLOIS AU CAMEROUN,0.875
296fac230a0542176e74,7,5,3424,OFFRE_003424_250901e67406,ASSISTANTE DE DIRECTION,Employeur non précisé,YAOUNDÉ,SECRÉTAIRE,0.875
8f1b3f9fa4699ee4d40d,2,1,3429,OFFRE_003429_e2d26c2cee0c,ENSEIGNANTS VACATAIRES,Employeur non précisé,YAOUNDÉ,ENSEIGNEMENT,0.875
af774e249a96e6b91282,2,1,3440,OFFRE_003440_3030e20267fc,06 Chargées D’accueil Stagiaires,Employeur non précisé,"BAFOUSSAM , DOUALA , YAOUNDÉ",TOUS LES PROFILS,0.875
b6ef5090dc3252c5917c,2,2,3441,OFFRE_003441_c0642b088c7d,COMPTABLE (H/F),Employeur non précisé,"DOUALA , YAOUNDÉ","COMPTABILITÉ, FINANCE",0.875
c02ba35c922a05e5cc6e,3,1,3443,OFFRE_003443_7c5d02e4e74b,Stagiaire Comptable,Employeur non précisé,YAOUNDÉ,COMPTABILITÉ,0.875
32417ed112b7e0d9c3d5,2,1,3446,OFFRE_003446_f2ec76b28e35,COMPTABLE (H/F),Employeur non précisé,YAOUNDÉ,"COMPTABILITÉ, FINANCE, GESTION",0.875
e0fb762cba7610ec69a3,5,1,3454,OFFRE_003454_10ddcdbbe7ca,Téléconseiller,Employeur non précisé,YAOUNDÉ,"COMMUNICATION, MARKETING",0.875
3e14bbb5c54b93ef95e7,2,1,3462,OFFRE_003462_81ab923c38e9,08 Agents De Recouvrement,Employeur non précisé,"BAFOUSSAM , BANGANTÉ , DOUALA , NKONGSAMBA , YAOUNDÉ",FINANCE,0.875
fae44cd33fcbdc8f30d5,2,1,3463,OFFRE_003463_b811a8334295,08 Chargés (Es) Clientèle (Analystes De Crédits),Employeur non précisé,"BAFOUSSAM , DOUALA , NKONGSAMBA , YAOUNDÉ",FINANCE,0.875
e2d996390aeab8b21c0f,3,1,3471,OFFRE_003471_3ae713a4f89c,COMPTABLE (H/F),Employeur non précisé,YAOUNDÉ,"COMPTABILITÉ, FINANCE",0.875
f52b44e48ce9a65785d3,3,1,3474,OFFRE_003474_1350e058d18d,ASSISTANT(E) ADMINISTRATIF(VE),Employeur non précisé,YAOUNDÉ,ADMINISTRATION,0.875
df187c7cdfa8d85aa050,2,1,3478,OFFRE_003478_c05a0c6f4048,STAGIAIRES DE VACANCES 2025,Employeur non précisé,"BAFOUSSAM , BERTOUA , DOUALA , NGAOUNDERE , YAOUNDÉ",AUTRES,0.875
aa670f509a0200edb697,3,1,3481,OFFRE_003481_90fab5d728eb,DÉVELOPPEUR,Employeur non précisé,YAOUNDÉ,INFORMATIQUE,0.875
ce2a1eb3a7ac041325a8,3,1,3484,OFFRE_003484_34dc0a64ddbe,ARCHIVISTE,Employeur non précisé,YAOUNDÉ,ARCHIVISTE,0.875
b75b40c272b63aa692b4,2,2,3485,OFFRE_003485_d7eb259a61eb,COMPTABLES,Employeur non précisé,"DOUALA , YAOUNDÉ","AUDIT, COMPTABILITÉ, FINANCE, GESTION",0.875
f14b253685883d5b6790,2,1,3490,OFFRE_003490_88dfa9b4769e,Chargé Clientèle Sénior,Employeur non précisé,"BAFOUSSAM , YAOUNDÉ",FINANCE,0.875
e2d996390aeab8b21c0f,3,2,3510,OFFRE_003510_dff6d47e10c6,COMPTABLE (H/F),Employeur non précisé,YAOUNDÉ,"COMPTABILITÉ, FINANCE",0.875
d1c41353a129ff8a4d8e,6,1,3516,OFFRE_003516_834acbc5a154,DÉVELOPPEUR WEB,Employeur non précisé,YAOUNDÉ,INFORMATIQUE,0.875
ea98f38abf15f53b2cb4,4,1,3519,OFFRE_003519_65593c0c3420,Commercial,Employeur non précisé,"BAFOUSSAM , DOUALA , GAROUA , MAROUA , NGAOUNDERE , YAOUNDÉ","FINANCE, INFORMATIQUE, TRANSPORT",0.875
677a2b004310a42a5023,2,1,3524,OFFRE_003524_ee37d3589a1b,Hotesse,Employeur non précisé,"DOUALA , YAOUNDÉ",BTP,0.875
e20a2abbe960630e7684,2,1,3526,OFFRE_003526_371b32c52892,INGÉNIEUR Des Travaux,Employeur non précisé,YAOUNDÉ,BTP,0.875
e0fb762cba7610ec69a3,5,2,3527,OFFRE_003527_80638a5455d5,Téléconseiller,Employeur non précisé,YAOUNDÉ,"COMMUNICATION, MARKETING",0.875
f605fc014a35e97505ef,3,1,3529,OFFRE_003529_9965e0e05795,10 INGENIEURS DE SUIVI,Employeur non précisé,"BAFOUSSAM , DOUALA , EDEA , KRIBI , YAOUNDÉ","ÉLECTRICIEN, GÉNIE CIVIL, INGÉNIEUR, MÉCANIQUE",0.875
6e260112511fd1c47a1c,3,1,3531,OFFRE_003531_e341eaef7838,Responsable Commerciale,Employeur non précisé,YAOUNDÉ,COMMERCE,0.875
677a2b004310a42a5023,2,2,3533,OFFRE_003533_0f8c1a7b1575,Hotesse,Employeur non précisé,"DOUALA , YAOUNDÉ",BTP,0.875
e2d996390aeab8b21c0f,3,3,3537,OFFRE_003537_69eec52503e1,COMPTABLE (H/F),Employeur non précisé,YAOUNDÉ,"COMPTABILITÉ, FINANCE",0.875
222ac766dbd420089a05,2,1,3538,OFFRE_003538_c1366b473491,CHARGÉ.E D'AFFAIRES PME,Employeur non précisé,YAOUNDÉ,"BANQUE, COMMERCE, FINANCE",0.875
85030ee146722d5790d3,3,1,3546,OFFRE_003546_fe87459dda4b,CONTROLEURS PERMANENTS STAGIAIRES,Employeur non précisé,"BAFOUSSAM , BAMENDA , DOUALA , YAOUNDÉ","BANQUE, COMPTABILITÉ, FINANCE",0.875
88af73ff645768287b30,2,1,3550,OFFRE_003550_c7cd6eebb3d8,Sales Representative,Employeur non précisé,"BAFOUSSAM , DOUALA , YAOUNDÉ",COMMERCIAL,0.875
5ef64647adef1cf705f6,3,1,3558,OFFRE_003558_16992d86b8b4,AGENTS DE VENTE DIRECTE (AVD),Employeur non précisé,"BAFOUSSAM , BAMENDA , DOUALA , KUMBA , LIMBE , YAOUNDÉ","COMMERCE, MARKETING, VENTE",0.875
8af359e09aa8f5642c8f,2,1,3573,OFFRE_003573_55cd8f57589c,STAGIAIRES EN RÉSEAUX ET SYSTÈME H/F,Employeur non précisé,YAOUNDÉ,TÉLÉCOMMUNICATION,0.875
b9068cf4cda94d29bf56,2,1,3578,OFFRE_003578_166e38b14668,Agents De Recouvrement,Employeur non précisé,"BAFOUSSAM , DOUALA , YAOUNDÉ",FINANCE,0.875
07720eef5c6e0fb59f7f,2,1,3579,OFFRE_003579_92aa7df29da6,Chargés (Es) Clientèle (Agents De Crédits),Employeur non précisé,"BAFOUSSAM , DOUALA , YAOUNDÉ",FINANCE,0.875
c3cd9827aca7f55c5709,8,4,3580,OFFRE_003580_4e6911c03506,Contrôleurs Internes,Employeur non précisé,"BAFOUSSAM , DOUALA , YAOUNDÉ",FINANCE,0.875
568e4086d5d689b00f8e,2,1,3583,OFFRE_003583_1e9236c478c7,AUDITEUR INTERNE,Employeur non précisé,"DOUALA , YAOUNDÉ",AUDIT,0.875
c36a0feb9605cfb6cd25,6,1,3591,OFFRE_003591_ab25b837bbdb,20 Agents Polyvalents,Employeur non précisé,"BAFOUSSAM , BAMENDA , BERTOUA , BUÉA , DOUALA , EBOLOWA , GAROUA , KRIBI , LIMBE , MAROUA , NGAOUNDERE , NKONGSAMBA , YAOUNDÉ",BANQUE,0.875
e0fb762cba7610ec69a3,5,3,3611,OFFRE_003611_b3948bd3038d,Téléconseiller,Employeur non précisé,YAOUNDÉ,"COMMUNICATION, MARKETING",0.875
09bcfb530e50475df699,2,2,3619,OFFRE_003619_fd52870a239b,CONTRÔLEUR DE GESTION,Employeur non précisé,YAOUNDÉ,"COMPTABILITÉ, FINANCE, GESTION",0.875
2f92b3f26ea6e710b4fc,3,3,3622,OFFRE_003622_d8e63f10b54c,INFIRMIER(E)S,Employeur non précisé,YAOUNDÉ,SANTÉ,0.875
cec0fdb9ae2afb7ab32d,2,1,3623,OFFRE_003623_e4031c45122c,Téléconseillère,Employeur non précisé,YAOUNDÉ,COMMUNICATION,0.875
16749e4604c50cb0c6c6,11,1,3627,OFFRE_003627_44b8498aa4ba,Assistante De Direction,Employeur non précisé,YAOUNDÉ,ADMINISTRATION,0.875
f5d1dd056e6094c05e96,2,1,3641,OFFRE_003641_ebfb70321da9,INGÉNIEUR Génie CIVIL,Employeur non précisé,YAOUNDÉ,BTP,0.875
c02ba35c922a05e5cc6e,3,2,3662,OFFRE_003662_1235b1e4518f,STAGIAIRE COMPTABLE,Employeur non précisé,YAOUNDÉ,COMPTABILITÉ,0.875
5f1e2f652a23bcee4aea,4,2,3666,OFFRE_003666_afee5aece79f,Assistance De Direction,Employeur non précisé,YAOUNDÉ,SECRÉTAIRE,0.875
e0fb762cba7610ec69a3,5,4,3670,OFFRE_003670_e4d39aaf5137,Téléconseiller,Employeur non précisé,YAOUNDÉ,"COMMUNICATION, MARKETING",0.875
d29ebaaa49dd7c831231,3,1,3680,OFFRE_003680_7560a699b654,Gestionnaires De Projets Experimentés,Employeur non précisé,"BATOURI , DOUALA , GAROUA , MAROUA , YAOUNDÉ","DROIT, GOUVERNANCE, SCIENCE SOCIALE, SCIENCES POLITIQUES",0.875
854a1caf1f237873efb5,4,2,3683,OFFRE_003683_ff25867a6b0d,ASSISTANT(E) DE DIRECTION,Employeur non précisé,YAOUNDÉ,ADMINISTRATION,0.875
ddf5f8b4c24f75c4cd48,2,2,3686,OFFRE_003686_988a8a331507,Superviseur / Contrôleur Des Agents,Employeur non précisé,YAOUNDÉ,SÉCURITÉ,0.875
136dfaf393c039b9f7e8,3,2,3687,OFFRE_003687_3f340e8a5a17,COMPTABLE (H/F),Employeur non précisé,YAOUNDÉ,COMPTABILITÉ,0.875
56a4259728beeeeb08fd,2,2,3691,OFFRE_003691_0faae7cf0104,CHEF DE PROJET,Employeur non précisé,YAOUNDÉ,"GESTION, PROJET",0.875
02406e6118ba41e5e4b8,7,5,3696,OFFRE_003696_61c1b5d5d571,COMPTABLE,Employeur non précisé,YAOUNDÉ,"COMPTABILITÉ, FINANCE",0.875
296fac230a0542176e74,7,6,3698,OFFRE_003698_d3ee8e4c883e,ASSISTANTE DE DIRECTION,Employeur non précisé,YAOUNDÉ,SECRÉTAIRE,0.875
75f8f4894ea0d44a6a93,2,1,3703,OFFRE_003703_67ce37f79ab3,DIRECTEUR D'EXPLOITATION,Employeur non précisé,YAOUNDÉ,FINANCE,0.875
095fe9bd7a3173c134a5,2,1,3743,OFFRE_003743_4904774628cb,02 EXPERT.E.S IT,Employeur non précisé,"GAROUA , YAOUNDÉ",INFORMATIQUE,0.875
5f1e2f652a23bcee4aea,4,3,3747,OFFRE_003747_198887d91de7,Assistance De Direction,Employeur non précisé,YAOUNDÉ,SECRÉTAIRE,0.875
443699b16db59f2b86b8,3,1,3751,OFFRE_003751_267a4aaf3972,12 CHEFS(FES) D’AGENCE,Employeur non précisé,"BAFOUSSAM , BAMENDA , DOUALA , LIMBE , YAOUNDÉ","BANQUE, FINANCE, GESTION",0.875
9daac92152efcaa03cd6,3,1,3752,OFFRE_003752_a21b30f78403,14 GESTIONNAIRES De COMPTES - Clientèle Des Particuliers Et Des Professionnels,Employeur non précisé,"BERTOUA , DOUALA , GAROUA , LIMBE , MAROUA , YAOUNDÉ","BANQUE, COMMERCE, FINANCE",0.875
e0fb762cba7610ec69a3,5,5,3754,OFFRE_003754_7adf0444682f,Téléconseiller,Employeur non précisé,YAOUNDÉ,"COMMUNICATION, MARKETING",0.875
30e64d7ae92417b6200a,2,1,3762,OFFRE_003762_b7727f0e88f6,Vendeurs / Vendeuses,Employeur non précisé,"BAFOUSSAM , CAMEROUN , DOUALA , YAOUNDÉ",VENTE,0.875
67a654d07ee00150fece,6,1,3770,OFFRE_003770_565fb3995025,AVIS DE RECRUTEMENT DE 117 ENQUETEURS POUR UNE ENQUETE POST-CAMPAGNE DANS LES DIX REGIONS DU CAMEROUN,Employeur non précisé,"À L’ÉTRANGER , ABONG-MBANG , ADAMAOUA , AKONO , AMBAM , BAFANG , BAFIA , BAFOUSSAM , BAKOSSI , BAMENDA , BANA , BANDJOUN , BANGANGTÉ , BANGANTE , BANGANTÉ , BANGOU , BATCHENGA , BATOURI , BAZOU , BEKOKO , BERTOUA , BESSOUNGANG, BONALÉA-SOUZA , BOUAM , BUÉA , CAMEROUN , CAMPO , CAMPO , CENTRE , DIZANGUÉ , DJOHUNG , DJOUM , DOUALA , DOUMÉ , DSCHANG , EBOLOWA , EDEA , EN LIGNE , ESEKA , EST , EXTRÊME NORD , EXTREME-NORD , FAKO , FARO , FIGUIL , FONDJOMOKO(KEKEM) , FOTOKOL , FOUMBAN , FOUMBOT , GAROUA , GAROUA BOULAI , GAROUA BOULAI, BÉTARÉ-OYA, TOUBORO, LOGONE BIRNI , KEKEM , KOUSSERI , KRIBI , KUMBA , LIMBE , LOBEKE , LOEBEKE , LOGONE ET CHARI , MAKARY , MALEMBE , MALEMBE , MAMBELE , MAMFE , MAROUA , MBADJOCK , MBALAM , MBALMAYO , MBAM , MBANKOMO , MBOUDA , MEIGANGA , MESSAMENA , MEYOMESSALA , MINTOM , MOKOLO , MOLOUNDOU , MONABO , MONATÉLÉ , MORA , MOULOUNDOU , MUNDEMBA , MUTENGENE , NANGA EBOKO , NDIAN , NDOKOA , NGAN-HA , NGAOUNDAL , NGAOUNDERE , NGAOUNDERE , NGOUMOU , NGOUNSO , NGOYLA , NGOYLA , NIÉTÉ , NJOMBÉ , NKONGSAMBA , NKOTENG , NOMAYOS , NORD , NYABI , OUEST , PENJA , PITOA , POLI , SANGMELIMA , SEPTENTRION , SUD , TCHOLLIRÉ , TÉLÉTRAVAIL , TIBATI , TIGNERE , TIKO , TONGA , YABASSI , YAGOUA , YAGOUA , YAOUNDÉ , YOKADOUMA , YOKO",HUMANITAIRE,0.875
6ab263001d0b7099ee6f,2,1,3777,OFFRE_003777_b5ad5daa4db8,SECRÉTAIRE DE DIRECTION,Employeur non précisé,YAOUNDÉ,SECRÉTAIRE,0.875
bcd0061dec27ea50ec51,2,1,3778,OFFRE_003778_ecbc0e44f827,Assistante Administrative,Employeur non précisé,YAOUNDÉ,SECRÉTAIRE,0.875
9d2f0495f6ae6b329d67,2,1,3783,OFFRE_003783_5dcc4a792020,Formateur En IPv6 - Mise En Œuvre,Employeur non précisé,"BAFOUSSAM , DOUALA , YAOUNDÉ",INFORMATIQUE,0.875
8f1b3f9fa4699ee4d40d,2,2,3788,OFFRE_003788_d06d095444bf,ENSEIGNANTS Vacataires,Employeur non précisé,YAOUNDÉ,ENSEIGNEMENT,0.875
e20a2abbe960630e7684,2,2,3797,OFFRE_003797_711319a5d511,Ingénieur Des Travaux,Employeur non précisé,YAOUNDÉ,BTP,0.875
75f8f4894ea0d44a6a93,2,2,3798,OFFRE_003798_6c6435155d9b,DIRECTEUR D'EXPLOITATION,Employeur non précisé,YAOUNDÉ,FINANCE,0.875
2e2a0de7dc983a8989b2,6,5,3800,OFFRE_003800_169b7e0efed9,COMMERCIAUX,Employeur non précisé,"DOUALA , YAOUNDÉ",MARKETING,0.875
946387ad64ff7460f7da,3,1,3803,OFFRE_003803_bc38a67a4920,REGIONAL SITE SUPERVISOR,Employeur non précisé,"GAROUA , MAROUA , YAOUNDÉ","ELECTRICITÉ, ELECTROTECHNIQUE",0.875
f5d1dd056e6094c05e96,2,2,3804,OFFRE_003804_517cefe95430,Ingénieur Génie Civil,Employeur non précisé,YAOUNDÉ,BTP,0.875
cc5dff6559791b26e220,2,1,3805,OFFRE_003805_806348bfc913,GESTIONNAIRE DES RESSOURCES HUMAINES,Employeur non précisé,YAOUNDÉ,RH,0.875
6fcf91e607c62913d456,2,1,3819,OFFRE_003819_10a5195d10f7,Commerciaux- Vendeurs,Employeur non précisé,YAOUNDÉ,COMMERCE,0.875
4459ffcea518c78c651f,2,1,3824,OFFRE_003824_78dea0472856,COMMERCIAUX,Employeur non précisé,"DOUALA , YAOUNDÉ",VENTE,0.875
064b8df0dd5ec2e18011,5,1,3837,OFFRE_003837_cba9551db716,CONTRÔLEUR De GESTION,Employeur non précisé,YAOUNDÉ,GESTION,0.875
cc8df496de64b6175563,2,1,3841,OFFRE_003841_180ef8928d45,RESPONSABLE MARKETING ET COMMUNICATION,Employeur non précisé,YAOUNDÉ,"COMMUNICATION, MARKETING",0.875
af8fc01f4f3a990af92a,2,1,3862,OFFRE_003862_6b34cf70fc9c,Stagiaires Professionnels,Employeur non précisé,"BAMENDA , DOUALA , EBOLOWA , YAOUNDÉ","ASSURANCE, AUDIT, COMMUNICATION, COMPTABILITÉ, FINANCE, INFORMATIQUE, LOGISTIQUE, MARKETING, QUALITÉ, RH",0.875
5de4fb52ec43117a3a3b,2,1,3870,OFFRE_003870_1baefa766eff,Téléconseillere,Employeur non précisé,YAOUNDÉ,TÉLÉVENDEUR,0.875
c19ea364adefa9e50db4,3,1,3871,OFFRE_003871_f4f744011d46,Community Manager,Employeur non précisé,YAOUNDÉ,"COMMUNICATION, MARKETING",0.875
064b8df0dd5ec2e18011,5,2,3878,OFFRE_003878_5bc2977fad4c,CONTRÔLEUR De GESTION,Employeur non précisé,YAOUNDÉ,GESTION,0.875
43876aaf8cf7b820ee29,8,1,3880,OFFRE_003880_36516d29c0d9,COMMERCIAL,Employeur non précisé,YAOUNDÉ,COMMERCIAL,0.875
2c2bb5e95d5b3cdc1122,2,1,3884,OFFRE_003884_cf709c771ad4,ENSEIGNANTS PERMANENTS / COORDONATEURS DE CYCLES ACADEMIQUES,Employeur non précisé,"BAFOUSSAM , DOUALA , YAOUNDÉ",ENSEIGNEMENT,0.875
22856c2703ed659d1ac5,2,1,3889,OFFRE_003889_346052beadd7,GRAPHISTE H/F,Employeur non précisé,YAOUNDÉ,GRAPHISME,0.875
eccf19e558628e8a1400,2,1,3893,OFFRE_003893_8f4b942cd61c,08 Contrôleurs Internes,Employeur non précisé,"BAFOUSSAM , DOUALA , YAOUNDÉ","BANQUE, FINANCE",0.875
0dd2b1e13ccd895f7877,2,1,3894,OFFRE_003894_fda9e90fe742,Agents De Recouvrement,Employeur non précisé,"BAFOUSSAM , DOUALA , YAOUNDÉ","BANQUE, DROIT, FINANCE",0.875
9ae10b2bbfa89b615df2,2,1,3895,OFFRE_003895_86f032cacc97,Chargés (Es) Clientèle (Agents De Crédits),Employeur non précisé,"BAFOUSSAM , DOUALA , YAOUNDÉ","COMMUNICATION, MARKETING",0.875
5819145c992f99f2dbb2,2,1,3901,OFFRE_003901_f5fb107ef359,Software Engineer,Employeur non précisé,YAOUNDÉ,INFORMATIQUE,0.875
43876aaf8cf7b820ee29,8,2,3902,OFFRE_003902_5bc8782e0e4d,Commercial,Employeur non précisé,YAOUNDÉ,COMMERCIAL,0.875
95db2d35106a18e8ab3c,10,1,3905,OFFRE_003905_b446947fdce3,Community Manager,Employeur non précisé,YAOUNDÉ,COMMUNITY MANAGEMENT,0.875
60ffe5481c39c0bad060,4,1,3907,OFFRE_003907_bc6f668b8625,Assistant Marketing,Employeur non précisé,YAOUNDÉ,MARKETING,0.875
20d6810e9c7f02536056,2,1,3916,OFFRE_003916_0b9e3358dce3,Caissiere,Employeur non précisé,YAOUNDÉ,CAISSIER.E,0.875
4eeec8caa910187b721b,3,1,3918,OFFRE_003918_38f4a892af21,Assistante De Direction,Employeur non précisé,YAOUNDÉ,"ADMINISTRATION, SECRÉTAIRE",0.875
a1bc9cd77743ff4f4539,3,1,3926,OFFRE_003926_b019ce5f7be6,CHARGÉ.E DE COMMUNICATION,Employeur non précisé,YAOUNDÉ,COMMUNICATION,0.875
5f1e2f652a23bcee4aea,4,4,3931,OFFRE_003931_a9c9756969ef,Assistance De Direction,Employeur non précisé,YAOUNDÉ,SECRÉTAIRE,0.875
321e4f8bb6f8d70f64bc,4,1,3954,OFFRE_003954_456282584af3,DRIVER,Employeur non précisé,YAOUNDÉ,TRANSPORT,0.875
c6341c3c7d33b98c6847,2,1,3965,OFFRE_003965_5f8aa762ab44,03 Commerciaux,Employeur non précisé,"BAFOUSSAM , DOUALA , YAOUNDÉ",COMMERCIAL,0.875
db8c7fe6ce72dced8bc9,2,1,3971,OFFRE_003971_b1a1618cbeee,DIRECTEUR/CE NATIONAL/E,Employeur non précisé,YAOUNDÉ,GESTION,0.875
5ea3cb4f2e2428bb2ebf,3,2,3973,OFFRE_003973_b589d7ca2a56,04 IP SUPPORT ENGINEERS,Employeur non précisé,"BAFOUSSAM , BUÉA , YAOUNDÉ",INGÉNIEUR,0.875
947511ee548651ffeb77,2,1,3974,OFFRE_003974_63d28cfd4b16,02 Gestionnaires De Portefeuille,Employeur non précisé,"BAFOUSSAM , DOUALA , YAOUNDÉ","COMMERCIAL, FINANCE",0.875
5de4fb52ec43117a3a3b,2,2,3980,OFFRE_003980_d031142b3c96,Téléconseillère,Employeur non précisé,YAOUNDÉ,TÉLÉVENDEUR,0.875
648ddddd9cb9fae5b12a,2,1,3986,OFFRE_003986_55be03f22d0b,GESTIONNAIRE De STOCK,Employeur non précisé,YAOUNDÉ,LOGISTIQUE,0.875
53d1c546705973875d05,4,1,3996,OFFRE_003996_c50c6e096a88,Fullstack Developer,Employeur non précisé,YAOUNDÉ,INFORMATIQUE,0.875
4ac6e1710f5459ddf283,3,1,4013,OFFRE_004013_1694e8294257,COORDONNATEUR(TRICE) De Projet Senior,Employeur non précisé,"BAFOUSSAM , DOUALA , GAROUA , YAOUNDÉ","DROIT, ECONOMIE, SCIENCES POLITIQUES",0.875
8a29e836ccb3f3583327,2,1,4017,OFFRE_004017_8057aa2c37c3,HR Officer,Employeur non précisé,YAOUNDÉ,RH,0.875
e701a57a5a314703aaff,2,1,4019,OFFRE_004019_d62305b59ef9,COMMERCIAL,Employeur non précisé,"DOUALA , YAOUNDÉ",COMMERCIAL,0.875
97fab1b15dbfd5114c31,2,1,4026,OFFRE_004026_9ebba0e9879a,Commerciaux,Employeur non précisé,"BERTOUA , DOUALA , DSCHANG , MAROUA , NGAOUNDERE , YAOUNDÉ",VENTE,0.875
db8c7fe6ce72dced8bc9,2,2,4028,OFFRE_004028_6ae6d5768bf3,DIRECTEUR/CE NATIONAL/E,Employeur non précisé,YAOUNDÉ,GESTION,0.875
01925f69738be8a2d1f9,2,1,4033,OFFRE_004033_f3ea2be2cb24,"DIRECTEUR DU CONTENTIEUX, DES AFFAIRES JURIDIQUES ET DE L’INDEMNISATION DES CREANCIERS",Employeur non précisé,YAOUNDÉ,DROIT,0.875
01925f69738be8a2d1f9,2,2,4034,OFFRE_004034_f27966df7f00,"DIRECTEUR DU CONTENTIEUX, DES AFFAIRES JURIDIQUES ET DE L’INDEMNISATION DES CREANCIERS",Employeur non précisé,YAOUNDÉ,DROIT,0.875
d7baf0340088bfb4f47c,3,1,4041,OFFRE_004041_b25a2bf0a9a1,Agent Commercial,Employeur non précisé,"BAFOUSSAM , BAMENDA , DOUALA , YAOUNDÉ",COMMERCIAL,0.875
b396a96ccd60d96c76e3,2,1,4055,OFFRE_004055_29473faf6206,COMMERCIAUX,Employeur non précisé,"DOUALA , YAOUNDÉ",COMMERCIAL,0.875
25dc7d695f41e20a5ccf,2,1,4057,OFFRE_004057_a0af3d260196,Agent Commercial,Employeur non précisé,YAOUNDÉ,COMMERCIAL,0.875
43876aaf8cf7b820ee29,8,3,4058,OFFRE_004058_e79ab9671587,Commercial,Employeur non précisé,YAOUNDÉ,COMMERCIAL,0.875
a2b88671fbad185c25c7,2,1,4060,OFFRE_004060_6ff6de2309f2,COMMERCIAUX,Employeur non précisé,"DOUALA , YAOUNDÉ","COMMERCE, VENTE",0.875
1ccad831f6c24de975c8,16,2,4065,OFFRE_004065_603ac8a76db6,COMPTABLE,Employeur non précisé,YAOUNDÉ,COMPTABILITÉ,0.875
fc3652dd620b173656e5,3,1,4073,OFFRE_004073_0d5eceb2f8aa,SECRETAIRE,Employeur non précisé,YAOUNDÉ,SECRÉTAIRE,0.875
c786a9fa13fb62c545b4,4,1,4074,OFFRE_004074_87cd84ff10dc,COMMERCIAUX,Employeur non précisé,YAOUNDÉ,"COMMERCE, VENTE",0.875
6fd0380fddc150368b33,2,1,4077,OFFRE_004077_290fafca4bc1,Responsable Régional Des Ventes (03,Employeur non précisé,"DOUALA , GAROUA , YAOUNDÉ",VENTE,0.875
9f3ea46fe764c032068f,2,1,4088,OFFRE_004088_33286465223a,ADMINISTRATEUR DES OUTILS MICROSOFT,Employeur non précisé,YAOUNDÉ,INFORMATIQUE,0.875
aa670f509a0200edb697,3,2,4089,OFFRE_004089_cae7b0d0ad36,Développeur,Employeur non précisé,YAOUNDÉ,INFORMATIQUE,0.875
ade822754b49cc1c9e1b,2,1,4098,OFFRE_004098_05fb09300ac9,Serveuse,Employeur non précisé,YAOUNDÉ,SERVEUR.SE,0.875
9a241c6170d0addb09cc,2,2,4103,OFFRE_004103_d23ec3515af5,Branch Operations Supervisors,Employeur non précisé,"BUÉA , DOUALA , YAOUNDÉ",FINANCE,0.875
7df591cb157b20eff0d1,2,2,4104,OFFRE_004104_007d77f6a151,Chefs D'agence / Branch Managers,Employeur non précisé,"BUÉA , DOUALA , YAOUNDÉ","COMPTABILITÉ, FINANCE",0.875
c24cefdb0c7dd14d6da2,2,2,4105,OFFRE_004105_385cf14a26a7,Daily Cash Collectors / Collecteurs,Employeur non précisé,"BUÉA , DOUALA , YAOUNDÉ",OUVRIERS / OPÉRATEURS / AGENTS,0.875
c19deec61ae64a827791,2,2,4106,OFFRE_004106_c4a7d75bf693,Customer Assistants / Assistants Clientèles,Employeur non précisé,"BUÉA , DOUALA , YAOUNDÉ","COMMERCIAL, COMMUNICATION",0.875
de05fe6a194cf2eccf6d,2,2,4107,OFFRE_004107_d59b190191ee,Account Managers / Gestionnaires De Comptes,Employeur non précisé,"BUÉA , DOUALA , YAOUNDÉ","COMMERCIAL, COMMUNICATION",0.875
10643e3f719cc43b1ef7,2,2,4108,OFFRE_004108_e385188bf2be,Tellers / Caissiers,Employeur non précisé,"BUÉA , DOUALA , YAOUNDÉ",CAISSIER.E,0.875
309df0ab188a412ad0c3,2,1,4114,OFFRE_004114_7a481e41b489,Superviseur Des Ventes Terrains,Employeur non précisé,"BAFOUSSAM , DOUALA , YAOUNDÉ","COMMERCIAL, VENTE",0.875
7b73572763a35c952a1e,2,1,4116,OFFRE_004116_a7b4bbe53eed,Opérateur De Saisie,Employeur non précisé,YAOUNDÉ,OUVRIERS / OPÉRATEURS / AGENTS,0.875
aa37cb79ab8a749686f0,2,1,4130,OFFRE_004130_e7ec6330008b,ASSISTANT LOGISTIQUE,Employeur non précisé,YAOUNDÉ,LOGISTIQUE,0.875
352430b6399063cc5235,2,1,4131,OFFRE_004131_be14f2edd7eb,CHARGÉ(E) Finance / Comptabilité,Employeur non précisé,"MAROUA , YAOUNDÉ","ADMINISTRATION, COMPTABILITÉ, FINANCE",0.875
43876aaf8cf7b820ee29,8,4,4137,OFFRE_004137_08670a233ba8,COMMERCIAL,Employeur non précisé,YAOUNDÉ,COMMERCIAL,0.875
e448efbd5d8c725c03c3,2,2,4153,OFFRE_004153_8155e506edaf,Chauffeur Professionnel,Employeur non précisé,YAOUNDÉ,TRANSPORT,0.875
743749a028d03ad61e3d,2,1,4170,OFFRE_004170_e583d25fb18d,Développeur PHP,Employeur non précisé,YAOUNDÉ,INFORMATIQUE,0.875
9f3ea46fe764c032068f,2,2,4187,OFFRE_004187_37630cba6035,ADMINISTRATEUR DES OUTILS MICROSOFT,Employeur non précisé,YAOUNDÉ,INFORMATIQUE,0.875
8af359e09aa8f5642c8f,2,2,4195,OFFRE_004195_ab97dd8f7b3a,STAGIAIRES EN RÉSEAUX ET SYSTÈME H/F,Employeur non précisé,YAOUNDÉ,TÉLÉCOMMUNICATION,0.875
7b904e83636bb67a1479,3,1,4201,OFFRE_004201_8e07c5979df8,PLOMBIER,Employeur non précisé,"BAFOUSSAM , GAROUA , YAOUNDÉ",PLOMBERIE,0.875
f39085fcaf7e723191ff,2,1,4205,OFFRE_004205_7b237d235f40,THERAPEUTIC STUDY MONITOR (TSM),Employeur non précisé,"GAROUA , YAOUNDÉ",SANTÉ,0.875
53d1c546705973875d05,4,2,4207,OFFRE_004207_1d6072acc8f1,Fullstack Developer,Employeur non précisé,YAOUNDÉ,INFORMATIQUE,0.875
2e2a0de7dc983a8989b2,6,6,4208,OFFRE_004208_7872d6df6c8b,COMMERCIAUX,Employeur non précisé,"DOUALA , YAOUNDÉ",MARKETING,0.875
2f77f0652c3ea1798a02,2,1,4213,OFFRE_004213_b6023a5f0316,Chauffeur Prestataire,Employeur non précisé,"BAMENDA , FOUMBAN , YAOUNDÉ",LOGISTIQUE,0.875
ac62d5bc58b61c1e8313,2,1,4224,OFFRE_004224_09bc67a302a4,CONSEILLERS EN ASSURANCE NON-VIE,Employeur non précisé,"BAFOUSSAM , DOUALA , YAOUNDÉ",ASSURANCE,0.875
c786a9fa13fb62c545b4,4,2,4234,OFFRE_004234_ca38c33bd3d8,COMMERCIAUX,Employeur non précisé,YAOUNDÉ,"COMMERCE, VENTE",0.875
bcd0061dec27ea50ec51,2,2,4246,OFFRE_004246_45b4f7f3adce,ASSISTANTE ADMINISTRATIVE,Employeur non précisé,YAOUNDÉ,SECRÉTAIRE,0.875
1ccad831f6c24de975c8,16,3,4248,OFFRE_004248_ddbb57064019,COMPTABLE,Employeur non précisé,YAOUNDÉ,COMPTABILITÉ,0.875
9aeb35c3625f4895b4c8,3,1,4249,OFFRE_004249_0d7bf3cf01f3,WHOLESALES,Employeur non précisé,"BAFOUSSAM , DOUALA , GAROUA , YAOUNDÉ",COMMERCE,0.875
37ffb8a2b942dbf03793,3,1,4250,OFFRE_004250_92cfe5b3ea78,"Campagne De Stages CAMI 2024, Jeunes Diplômés Et Etudiants",Employeur non précisé,"BAFOUSSAM , BERTOUA , DOUALA , GAROUA , NGAOUNDERE , YAOUNDÉ",TOUS LES PROFILS,0.875
754da3eb499c8aa83beb,2,1,4257,OFFRE_004257_49bee8183a24,ADMINISTRATIVE ASSISTANT,Employeur non précisé,YAOUNDÉ,GESTION,0.875
306a6be8c6debdeafb23,2,1,4262,OFFRE_004262_c43e259cc847,CHARGE DE RECOUVREMENT,Employeur non précisé,YAOUNDÉ,"COMPTABILITÉ, FINANCE",0.875
e47529d719f6bd1d87da,2,1,4272,OFFRE_004272_c24e39494687,ASSISTANT FINANCE,Employeur non précisé,"KOUSSERI , MAROUA , YAOUNDÉ",FINANCE,0.875
ffa99999f6b426a755c6,2,1,4277,OFFRE_004277_7fbd7eaf9eea,Conseillé D'assurance,Employeur non précisé,"BAFOUSSAM , BERTOUA , DOUALA , YAOUNDÉ",COMMERCIAL,0.875
a686f51b276525849ada,2,1,4280,OFFRE_004280_3fda12db6893,EXECUTIVE DRIVER,Employeur non précisé,YAOUNDÉ,TRANSPORT,0.875
c4ded59d99e77b887b70,2,1,4294,OFFRE_004294_046c161e819d,STAGIAIRE MARKETING,Employeur non précisé,YAOUNDÉ,MARKETING,0.875
b9e52e4d923c68cf0d4c,2,1,4296,OFFRE_004296_d520791d7f66,02 EXPERT.ES ADMINISTRATIF.VE ET FINANCIER.ERE JUNIOR SoCiG,Employeur non précisé,"BAFOUSSAM , YAOUNDÉ","COMPTABILITÉ, FINANCE, GESTION",0.875
e701a57a5a314703aaff,2,2,4300,OFFRE_004300_ef21aa30d4ce,Commercial,Employeur non précisé,"DOUALA , YAOUNDÉ",COMMERCIAL,0.875
e7cb8cb19fbd566383bd,2,1,4310,OFFRE_004310_c905dceae412,03 RESPONSABLES GAS,Employeur non précisé,"DOUALA , GAROUA , YAOUNDÉ","COMPTABILITÉ, FINANCE, GESTION",0.875
ae0260df57f7c1c30dcb,2,1,4311,OFFRE_004311_3b6c78fd2ef1,03 COMPTABLES RÉGIONAUX,Employeur non précisé,"DOUALA , GAROUA , YAOUNDÉ","COMPTABILITÉ, FINANCE",0.875
3985748f7df80254e378,2,1,4312,OFFRE_004312_b03f11bd9eb7,03 POINTS FOCAUX RÉGIONAUX,Employeur non précisé,"DOUALA , GAROUA , YAOUNDÉ",SCIENCE SOCIALE,0.875
53d1c546705973875d05,4,3,4317,OFFRE_004317_f5e7fc6a5f6a,Fullstack Developer,Employeur non précisé,YAOUNDÉ,INFORMATIQUE,0.875
95db2d35106a18e8ab3c,10,2,4320,OFFRE_004320_ae70865beeac,Community Manager,Employeur non précisé,YAOUNDÉ,COMMUNITY MANAGEMENT,0.875
0c2d4428be84d870c8a7,6,2,4327,OFFRE_004327_a827ecf880e3,CHAUFFEUR,Employeur non précisé,YAOUNDÉ,TRANSPORT,0.875
c989ed583cc79431a816,2,1,4359,OFFRE_004359_dfbbf215baee,COMPTABLE-CAISSIER(E),Employeur non précisé,YAOUNDÉ,COMPTABILITÉ,0.875
1ccad831f6c24de975c8,16,4,4364,OFFRE_004364_9c8937be119c,Comptable,Employeur non précisé,YAOUNDÉ,COMPTABILITÉ,0.875
648ddddd9cb9fae5b12a,2,2,4376,OFFRE_004376_dd24ab339617,GESTIONNAIRE DE STOCK,Employeur non précisé,YAOUNDÉ,LOGISTIQUE,0.875
ade822754b49cc1c9e1b,2,2,4382,OFFRE_004382_84ed63e70ddc,Serveuse,Employeur non précisé,YAOUNDÉ,SERVEUR.SE,0.875
43876aaf8cf7b820ee29,8,5,4387,OFFRE_004387_0ae2aa39f310,Commercial,Employeur non précisé,YAOUNDÉ,COMMERCIAL,0.875
0c2d4428be84d870c8a7,6,3,4389,OFFRE_004389_787aaa5e0a03,CHAUFFEUR,Employeur non précisé,YAOUNDÉ,TRANSPORT,0.875
321e4f8bb6f8d70f64bc,4,2,4394,OFFRE_004394_ef50aa9eaa88,DRIVER,Employeur non précisé,YAOUNDÉ,TRANSPORT,0.875
43876aaf8cf7b820ee29,8,6,4404,OFFRE_004404_3ee3c6d09811,COMMERCIAL,Employeur non précisé,YAOUNDÉ,COMMERCIAL,0.875
53d1c546705973875d05,4,4,4417,OFFRE_004417_26157b135eb9,Fullstack Developer,Employeur non précisé,YAOUNDÉ,INFORMATIQUE,0.875
d9f573e986f28f309d8f,6,2,4419,OFFRE_004419_59b4d44577f6,TECHNICIENS EN TELECOMMUNICATION,Employeur non précisé,"BAFOUSSAM , BAMENDA , BERTOUA , BUÉA , CAMEROUN , DOUALA , EBOLOWA , GAROUA , KRIBI , MAROUA , NGAOUNDERE , YAOUNDÉ",INFORMATIQUE,0.875
36658e4c2877f464dc44,5,2,4420,OFFRE_004420_a00cd2558c3e,SPECIALISTES EN INFORMATIQUE (Réseau Et Sécurité),Employeur non précisé,"BAFOUSSAM , BAMENDA , BERTOUA , BUÉA , CAMEROUN , DOUALA , EBOLOWA , GAROUA , MAROUA , NGAOUNDERE , YAOUNDÉ",INFORMATIQUE,0.875
b304108fec09cef9bf93,2,1,4444,OFFRE_004444_9ca4c3c76265,Enseignant D'Allemand,Employeur non précisé,YAOUNDÉ,ENSEIGNEMENT,0.875
4eeec8caa910187b721b,3,2,4453,OFFRE_004453_b3369d17758b,ASSISTANTE DE DIRECTION,Employeur non précisé,YAOUNDÉ,"ADMINISTRATION, SECRÉTAIRE",0.875
d7406a125cfe7bb1817e,2,1,4458,OFFRE_004458_b74273bae4a6,"Stagiaires Commerciaux, Chargés D’études Et Assistants Commerciaux",Employeur non précisé,YAOUNDÉ,COMMERCIAL,0.875
1ed38f77ccb94f6564cd,2,1,4469,OFFRE_004469_bdf78b5ec0bc,CONTROLEURS,Employeur non précisé,"BAFOUSSAM , BAMENDA , DOUALA , YAOUNDÉ","AUDIT, COMPTABILITÉ, FINANCE",0.875
e585a3d5f25a8142797e,2,1,4472,OFFRE_004472_5813ebdfa7f0,20 CONTROLEURS,Employeur non précisé,"BAFOUSSAM , BAMENDA , DOUALA , LIMBE , YAOUNDÉ","AUDIT, BANQUE, COMPTABILITÉ, GESTION",0.875
81c3c9051d330314d153,2,1,4473,OFFRE_004473_fa8509da651e,AUDITEUR INTERNE,Employeur non précisé,YAOUNDÉ,"AUDIT, COMPTABILITÉ, FINANCE, GESTION",0.875
94d4a55db314137683d5,2,1,4475,OFFRE_004475_55cc0be6a065,Responsable Sécurité Du Système D'Information,Employeur non précisé,YAOUNDÉ,INFORMATIQUE,0.875
b3bbd124cc29270c41b2,3,3,4477,OFFRE_004477_fae8933c1af2,Responsable Des Ressources Humaines,Employeur non précisé,YAOUNDÉ,RH,0.875
d7406a125cfe7bb1817e,2,2,4478,OFFRE_004478_623f27636bc9,"Stagiaires Commerciaux, Chargés D’études Et Assistants Commerciaux",Employeur non précisé,YAOUNDÉ,COMMERCIAL,0.875
0c2d4428be84d870c8a7,6,4,4481,OFFRE_004481_354bae1c50f4,CHAUFFEUR,Employeur non précisé,YAOUNDÉ,TRANSPORT,0.875
baab5765d81b5e338497,2,1,4485,OFFRE_004485_a621dfefce1e,AGENT DE SECURITE,Employeur non précisé,"BAFOUSSAM , DOUALA , YAOUNDÉ",OUVRIERS / OPÉRATEURS / AGENTS,0.875
e937d4285781196ee7ab,2,1,4486,OFFRE_004486_5a95639c386d,MANUTENTIONNAIRE,Employeur non précisé,"BAFOUSSAM , DOUALA , YAOUNDÉ",OUVRIERS / OPÉRATEURS / AGENTS,0.875
6006ba69542e96cf2118,2,1,4487,OFFRE_004487_194de6115efa,MAGASINIER,Employeur non précisé,"BAFOUSSAM , BANGANTÉ , DOUALA , YAOUNDÉ",LOGISTIQUE,0.875
673fbc440c360774505b,2,1,4490,OFFRE_004490_12c42b4b9798,UN(E) CONTENT MANAGER,Employeur non précisé,"BAFOUSSAM , YAOUNDÉ",COMMUNITY MANAGEMENT,0.875
6a3dbd8cc4fe4593c917,3,1,4494,OFFRE_004494_427724688eba,CHARGE DE CLIENTELE,Employeur non précisé,"BAFOUSSAM , BERTOUA , DOUALA , GAROUA , NGAOUNDERE , YAOUNDÉ",COMMERCIAL,0.875
20d6810e9c7f02536056,2,2,4499,OFFRE_004499_f5253b0768d2,Caissière,Employeur non précisé,YAOUNDÉ,CAISSIER.E,0.875
3324c57d8f8ba519341d,2,1,4506,OFFRE_004506_44b16647c189,Community Manager,Employeur non précisé,"DOUALA , YAOUNDÉ",COMMUNITY MANAGEMENT,0.875
5c91969c65037257d535,2,1,4507,OFFRE_004507_534de0e461bd,GESTIONNAIRES DE PORTEFEUILLE CLIENTS,Employeur non précisé,"BAFOUSSAM , DOUALA , YAOUNDÉ",FINANCE,0.875
95db2d35106a18e8ab3c,10,3,4519,OFFRE_004519_e3ae3ef21abc,Community Manager,Employeur non précisé,YAOUNDÉ,COMMUNITY MANAGEMENT,0.875
43876aaf8cf7b820ee29,8,7,4527,OFFRE_004527_7564377d27e6,Commercial,Employeur non précisé,YAOUNDÉ,COMMERCIAL,0.875
7896ca91047443fb26b9,2,1,4540,OFFRE_004540_b1b36de3e2aa,"03 Responsables De Bureau Régional - Yaoundé, Garoua, Douala",Employeur non précisé,"DOUALA , GAROUA , YAOUNDÉ",SANTÉ,0.875
306a6be8c6debdeafb23,2,2,4547,OFFRE_004547_72e933636387,Chargé De Recouvrement,Employeur non précisé,YAOUNDÉ,"COMPTABILITÉ, FINANCE",0.875
b396a96ccd60d96c76e3,2,2,4556,OFFRE_004556_40550da5024c,COMMERCIAUX,Employeur non précisé,"DOUALA , YAOUNDÉ",COMMERCIAL,0.875
fc3652dd620b173656e5,3,2,4557,OFFRE_004557_94d57034df5c,Secrétaire,Employeur non précisé,YAOUNDÉ,SECRÉTAIRE,0.875
136dfaf393c039b9f7e8,3,3,4564,OFFRE_004564_907d069abc16,COMPTABLE (H/F),Employeur non précisé,YAOUNDÉ,COMPTABILITÉ,0.875
16749e4604c50cb0c6c6,11,2,4573,OFFRE_004573_eac73a703698,Assistante De Direction,Employeur non précisé,YAOUNDÉ,ADMINISTRATION,0.875
2a1ddb71bfa0f448bb0d,2,1,4591,OFFRE_004591_c06a6819110b,STAGIAIRES GENRE POUR LE PROJET GIZ/ProFEC,Employeur non précisé,"GAROUA , YAOUNDÉ",SCIENCE SOCIALE,0.875
cec0fdb9ae2afb7ab32d,2,2,4594,OFFRE_004594_e823cfae3d5e,Téléconseillère,Employeur non précisé,YAOUNDÉ,COMMUNICATION,0.875
ce2a1eb3a7ac041325a8,3,2,4603,OFFRE_004603_5dae84f28078,ARCHIVISTE,Employeur non précisé,YAOUNDÉ,ARCHIVISTE,0.875
222ac766dbd420089a05,2,2,4608,OFFRE_004608_a7e2b86b9fc0,Chargé(E) D'Affaires PME,Employeur non précisé,YAOUNDÉ,"BANQUE, COMMERCE, FINANCE",0.875
7d4436538d872b9a3605,3,1,4618,OFFRE_004618_8d874b094854,GRAPHIC DESIGNER,Employeur non précisé,YAOUNDÉ,INFORMATIQUE,0.875
611eefa4c170a8a0d551,2,1,4626,OFFRE_004626_fb620fa268ae,04 Gestionnaires,Employeur non précisé,"BAFOUSSAM , DOUALA , YAOUNDÉ",GESTION,0.875
321e4f8bb6f8d70f64bc,4,3,4663,OFFRE_004663_692c73a9e3b6,DRIVER,Employeur non précisé,YAOUNDÉ,TRANSPORT,0.875
94d4a55db314137683d5,2,2,4666,OFFRE_004666_e857af9705fe,Responsable Sécurité Du Système D'Information,Employeur non précisé,YAOUNDÉ,INFORMATIQUE,0.875
2a58ab7b7260f8e59e63,2,1,4670,OFFRE_004670_6c1c94e36954,CONSEILLER/ÈRE EN RENFORCEMENT DES INTERPROFESSIONS,Employeur non précisé,YAOUNDÉ,AGRONOMIE,0.875
b8947028deae8ba68559,2,1,4671,OFFRE_004671_57de7220edee,CONSEILLER/IÈRE EN AGROÉCOLOGIE,Employeur non précisé,YAOUNDÉ,AGRONOMIE,0.875
95db2d35106a18e8ab3c,10,4,4675,OFFRE_004675_7c52e998e5d7,Community Manager,Employeur non précisé,YAOUNDÉ,COMMUNITY MANAGEMENT,0.875
b8947028deae8ba68559,2,2,4690,OFFRE_004690_8da1c960a603,CONSEILLER/IÈRE EN AGROÉCOLOGIE,Employeur non précisé,YAOUNDÉ,AGRONOMIE,0.875
2a58ab7b7260f8e59e63,2,2,4691,OFFRE_004691_5d00b60dd358,CONSEILLER/ÈRE EN RENFORCEMENT DES INTERPROFESSIONS,Employeur non précisé,YAOUNDÉ,AGRONOMIE,0.875
6ab263001d0b7099ee6f,2,2,4714,OFFRE_004714_2491dc93aaaf,Secrétaire De Direction,Employeur non précisé,YAOUNDÉ,SECRÉTAIRE,0.875
b7c4b49d63a6f84813f8,2,2,4715,OFFRE_004715_f2629ac4136f,Secrétaire Bilingue,Employeur non précisé,YAOUNDÉ,SECRÉTAIRE,0.875
60ffe5481c39c0bad060,4,2,4728,OFFRE_004728_ca119cfe936a,Assistant Marketing,Employeur non précisé,YAOUNDÉ,MARKETING,0.875
a6bac792a426fded3e4f,2,1,4729,OFFRE_004729_832c0db56a79,Responsable Logistique,Employeur non précisé,YAOUNDÉ,LOGISTIQUE,0.875
e57ce7341d8c06301e82,2,1,4741,OFFRE_004741_882ec331b78e,CHIEF OF SECTION,Employeur non précisé,YAOUNDÉ,ECONOMIE,0.875
d8466798f919f9948909,2,2,4742,OFFRE_004742_f69275242ba6,Stagiaire Ressources Humaines,Employeur non précisé,YAOUNDÉ,RH,0.875
d1c41353a129ff8a4d8e,6,2,4755,OFFRE_004755_5625b9f46af8,Développeur Web,Employeur non précisé,YAOUNDÉ,INFORMATIQUE,0.875
2a489ce139bd74a43a58,2,1,4761,OFFRE_004761_84c982d36de8,CONTRÔLEUR DE GESTION,Employeur non précisé,YAOUNDÉ,COMPTABILITÉ,0.875
aa37cb79ab8a749686f0,2,2,4763,OFFRE_004763_79ae92739b67,Assistant Logistique,Employeur non précisé,YAOUNDÉ,LOGISTIQUE,0.875
e57ce7341d8c06301e82,2,2,4765,OFFRE_004765_379f3f33fff4,CHIEF OF SECTION,Employeur non précisé,YAOUNDÉ,ECONOMIE,0.875
f161bc8cf3ffbeff47b6,2,1,4776,OFFRE_004776_de6650d3f622,Chef Des Ventes Douala/Yaoundé/Bafoussam,Employeur non précisé,"BAFOUSSAM , DOUALA , YAOUNDÉ","COMMERCIAL, VENTE",0.875
750f021670fa7b3b5fdd,2,1,4779,OFFRE_004779_6c61e9d344b5,Superviseur Des Commerciaux,Employeur non précisé,"BAFOUSSAM , DOUALA , YAOUNDÉ","COMMERCE, MARKETING",0.875
a686f51b276525849ada,2,2,4788,OFFRE_004788_ce79150bb388,Executive Driver,Employeur non précisé,YAOUNDÉ,TRANSPORT,0.875
5d0ed2c5385c6522c955,2,1,4791,OFFRE_004791_a423caab0c7f,Plusieurs Profils,Employeur non précisé,"BAFOUSSAM , DOUALA , YAOUNDÉ","BANQUE, FINANCE",0.875
25dc7d695f41e20a5ccf,2,2,4793,OFFRE_004793_99dd20d6bd5e,Agent Commercial,Employeur non précisé,YAOUNDÉ,COMMERCIAL,0.875
a1bc9cd77743ff4f4539,3,2,4799,OFFRE_004799_7ba7e0cd0904,Chargé.E De Communication,Employeur non précisé,YAOUNDÉ,COMMUNICATION,0.875
4b6270ff1cc03f5baac5,2,1,4812,OFFRE_004812_5a44a407eb72,INFORMATION MANAGEMENT OFFICER,Employeur non précisé,YAOUNDÉ,MANAGEMENT,0.875
81c3c9051d330314d153,2,2,4861,OFFRE_004861_bffa777b3237,AUDITEUR INTERNE,Employeur non précisé,YAOUNDÉ,"AUDIT, COMPTABILITÉ, FINANCE, GESTION",0.875
16749e4604c50cb0c6c6,11,3,4878,OFFRE_004878_69965cc5b08a,Assistante De Direction,Employeur non précisé,YAOUNDÉ,ADMINISTRATION,0.875
3026b181900241a97ba8,4,2,4883,OFFRE_004883_bcd06e50c7f3,Chauffeur,Employeur non précisé,YAOUNDÉ,CHAUFFEUR,0.875
ea18a4f358a395564d1f,2,1,4890,OFFRE_004890_4cc75c3bded1,03 Assistant(E)S IT,Employeur non précisé,"BAFOUSSAM , DOUALA , YAOUNDÉ",INFORMATIQUE,0.875
eedcddc01e9a1f5a6d16,2,1,4895,OFFRE_004895_ed612574a293,Agents D’Entretien Pour Ses Bureaux De Coordination Et De Terrain,Employeur non précisé,"BAMENDA , FOUMBAN , YAOUNDÉ",HYGIÈNE,0.875
bb7cf501bc34d9e6e7e9,2,1,4896,OFFRE_004896_d20c1af14f8e,Chauffeurs Prestataires Pour Les Bureaux De Coordination,Employeur non précisé,"BAMENDA , FOUMBAN , YAOUNDÉ",TRANSPORT,0.875
296fac230a0542176e74,7,7,4897,OFFRE_004897_1dcaee709fb1,Assistante De Direction,Employeur non précisé,YAOUNDÉ,SECRÉTAIRE,0.875
32a542f99d9f4b403d89,2,1,4900,OFFRE_004900_7f78902c5749,Webmaster,Employeur non précisé,YAOUNDÉ,INFORMATIQUE,0.875
c0f5def170367ab34ef8,2,2,4902,OFFRE_004902_62f45c3c61c1,Responsable Commercial (H/F),Employeur non précisé,YAOUNDÉ,"COMMERCE, MARKETING",0.875
8d1f6d5a66099489d040,3,1,4911,OFFRE_004911_a150393e4a2a,Administrative Assistant,Employeur non précisé,YAOUNDÉ,ADMINISTRATION,0.875
13cc715b6e0d59ab5261,2,1,4918,OFFRE_004918_e6f700e2c349,HOTESSES DE MARQUE,Employeur non précisé,"BAFOUSSAM , DOUALA , YAOUNDÉ",AUTRES,0.875
5d9b2f8b5ec610d3c7b7,2,1,4919,OFFRE_004919_78415c4ee799,CHEF CUISINIER,Employeur non précisé,YAOUNDÉ,RESTAURATION,0.875
3356d18be28d8bfdc7f9,2,1,4939,OFFRE_004939_f9c3f5f316d2,CONTROLEURS DE VENTE,Employeur non précisé,"BAFOUSSAM , DOUALA , YAOUNDÉ","COMMERCE, MARKETING, VENTE",0.875
1ccad831f6c24de975c8,16,5,4940,OFFRE_004940_46f83ec63143,Comptable,Employeur non précisé,YAOUNDÉ,COMPTABILITÉ,0.875
1ccad831f6c24de975c8,16,6,4956,OFFRE_004956_ef1cf08a8979,Comptable,Employeur non précisé,YAOUNDÉ,COMPTABILITÉ,0.875
6d6a5942f4e3d22ff456,2,1,4962,OFFRE_004962_0129d97fc03c,AGENTS COMMERCIAUX,Employeur non précisé,"BAFOUSSAM , DOUALA , YAOUNDÉ","COMMERCE, MARKETING, VENTE",0.875
d1c41353a129ff8a4d8e,6,3,4967,OFFRE_004967_07b8c208d232,Développeur Web,Employeur non précisé,YAOUNDÉ,INFORMATIQUE,0.875
ae7e961b9341b9cec343,2,1,4975,OFFRE_004975_2dd2f3009d5d,Ingénieur Des Travaux,Employeur non précisé,YAOUNDÉ,INGÉNIEUR,0.875
28c69831dc80b5cb80e3,2,1,4978,OFFRE_004978_49f37bfbdea7,Juriste Réseau,Employeur non précisé,YAOUNDÉ,JURIDIQUE,0.875
1ccad831f6c24de975c8,16,7,4982,OFFRE_004982_1c903c142fa0,COMPTABLE,Employeur non précisé,YAOUNDÉ,COMPTABILITÉ,0.875
d24181e71e1fc8d38c18,2,1,4986,OFFRE_004986_ada3f716891d,Conseiller(E) Mobile H/F,Employeur non précisé,"BAFOUSSAM , DOUALA , YAOUNDÉ",AUTRES,0.875
5819145c992f99f2dbb2,2,2,4998,OFFRE_004998_4b2efeca0383,Software Engineer,Employeur non précisé,YAOUNDÉ,INFORMATIQUE,0.875
60ffe5481c39c0bad060,4,3,5002,OFFRE_005002_73fa400b7dc9,Assistant Marketing,Employeur non précisé,YAOUNDÉ,MARKETING,0.875
28c69831dc80b5cb80e3,2,2,5006,OFFRE_005006_c363164fb9d8,Juriste Réseau,Employeur non précisé,YAOUNDÉ,JURIDIQUE,0.875
7b73572763a35c952a1e,2,2,5007,OFFRE_005007_6d6f5d797e92,Opérateur De Saisie,Employeur non précisé,YAOUNDÉ,OUVRIERS / OPÉRATEURS / AGENTS,0.875
bb11cab818560f8e707a,2,1,5009,OFFRE_005009_968c9bb4c536,INFORMATICIEN / DEVELOPPEUR,Employeur non précisé,YAOUNDÉ,INFORMATIQUE,0.875
87cc26857ec858c670f1,3,1,5026,OFFRE_005026_c8b7447750f9,DSA (Detail Sales Agent) & LO (Agent De Crédit),Employeur non précisé,"BAFOUSSAM , BERTOUA , DOUALA , MAROUA , YAOUNDÉ","OUVRIERS / OPÉRATEURS / AGENTS, VENTE",0.875
d67d0fba1651539ecca7,3,1,5050,OFFRE_005050_5a5f41cbd608,UN RESPONSABLE DE LA COMPTABILITE,Employeur non précisé,YAOUNDÉ,COMPTABILITÉ,0.875
85bade8617e3989ddf42,2,1,5057,OFFRE_005057_4ee03ad0cee6,Secrétaire Bureautique,Employeur non précisé,YAOUNDÉ,SECRÉTAIRE,0.875
754da3eb499c8aa83beb,2,2,5066,OFFRE_005066_5fd1f6006076,Administrative Assistant,Employeur non précisé,YAOUNDÉ,GESTION,0.875
1ccad831f6c24de975c8,16,8,5067,OFFRE_005067_6288ec33f634,COMPTABLE,Employeur non précisé,YAOUNDÉ,COMPTABILITÉ,0.875
d67d0fba1651539ecca7,3,2,5068,OFFRE_005068_6e58ddd19897,UN RESPONSABLE DE LA COMPTABILITÉ,Employeur non précisé,YAOUNDÉ,COMPTABILITÉ,0.875
c19ea364adefa9e50db4,3,2,5071,OFFRE_005071_05bb6eee8403,Community Manager,Employeur non précisé,YAOUNDÉ,"COMMUNICATION, MARKETING",0.875
bb11cab818560f8e707a,2,2,5072,OFFRE_005072_6ce287b069c8,INFORMATICIEN / DEVELOPPEUR,Employeur non précisé,YAOUNDÉ,INFORMATIQUE,0.875
1b72bbca697cff597ddb,2,2,5077,OFFRE_005077_74f4a27f5c78,Téléconseillère,Employeur non précisé,YAOUNDÉ,"COMMUNICATION, MARKETING",0.875
1ccad831f6c24de975c8,16,9,5084,OFFRE_005084_53c7a41b0aea,Comptable,Employeur non précisé,YAOUNDÉ,COMPTABILITÉ,0.875
06863b6cf709d1b4afd3,2,1,5087,OFFRE_005087_cb7b66515f0a,Commercial,Employeur non précisé,YAOUNDÉ,"COMMERCE, VENTE",0.875
53d969d53360c9ceadb4,2,1,5093,OFFRE_005093_b5ef21fa919f,05 Contrôleurs Opérationnels.,Employeur non précisé,"ADAMAOUA , BAFOUSSAM , BERTOUA , DOUALA , YAOUNDÉ","AUDIT, BANQUE, COMPTABILITÉ, GESTION",0.875
d67d0fba1651539ecca7,3,3,5094,OFFRE_005094_ab34ad242336,UN RESPONSABLE DE LA COMPTABILITÉ,Employeur non précisé,YAOUNDÉ,COMPTABILITÉ,0.875
c786a9fa13fb62c545b4,4,3,5104,OFFRE_005104_6bce264046f3,Commerciaux,Employeur non précisé,YAOUNDÉ,"COMMERCE, VENTE",0.875
90fa5aefa7b229dc2473,2,1,5112,OFFRE_005112_e15139def8e4,01 Technicien En Froid Et Climatisation.,Employeur non précisé,YAOUNDÉ,TECHNICIEN,0.875
90fa5aefa7b229dc2473,2,2,5116,OFFRE_005116_f842dce590aa,01 Technicien En Froid Et Climatisation,Employeur non précisé,YAOUNDÉ,TECHNICIEN,0.875
6b0b4351ae323d4f11d6,6,2,5118,OFFRE_005118_ed70e30589a0,Développeur JAVA EE / JAVA 8 Avec Une Compétence SQL,Employeur non précisé,"BAFOUSSAM , BAMENDA , BERTOUA , BUÉA , DOUALA , EBOLOWA , GAROUA , MAROUA , NGAOUNDERE , YAOUNDÉ",INFORMATIQUE,0.875
9bc617b142ec0bd5a63f,2,1,5119,OFFRE_005119_2897e15f5dbd,OPERATRICE DE SAISIE,Employeur non précisé,YAOUNDÉ,SECRÉTAIRE,0.875
7f8cda5de08d1b1daf05,2,1,5123,OFFRE_005123_38cdf5ae94ea,Finance Manager-Leader,Employeur non précisé,YAOUNDÉ,FINANCE,0.875
3026b181900241a97ba8,4,3,5127,OFFRE_005127_63491529253c,Chauffeur,Employeur non précisé,YAOUNDÉ,CHAUFFEUR,0.875
7f8cda5de08d1b1daf05,2,2,5132,OFFRE_005132_91879036663a,Finance Manager-Leader,Employeur non précisé,YAOUNDÉ,FINANCE,0.875
de3d8d7b5b68007e0482,2,1,5133,OFFRE_005133_9c723fcf1a82,45 Agents De Crédit Stagiaires,Employeur non précisé,"BAFOUSSAM , DOUALA , YAOUNDÉ","COMMERCE, FINANCE",0.875
32a542f99d9f4b403d89,2,2,5137,OFFRE_005137_74424b18eca4,Webmaster,Employeur non précisé,YAOUNDÉ,INFORMATIQUE,0.875
ca929f61e9df9e9fd815,2,1,5146,OFFRE_005146_f4da0ec4ff7c,OPERATEUR LOGISTIQUES,Employeur non précisé,"FOUMBAN , KRIBI , YAOUNDÉ","LOGISTIQUE, TRANSPORT",0.875
c008e2fd85ec9abdc854,2,1,5164,OFFRE_005164_eedeb3550a23,06 CHARGE -ES MEAL,Employeur non précisé,"BATOURI , MAROUA , YAOUNDÉ",SCIENCE SOCIALE,0.875
02406e6118ba41e5e4b8,7,6,5176,OFFRE_005176_d26f4f85738f,Comptable,Employeur non précisé,YAOUNDÉ,"COMPTABILITÉ, FINANCE",0.875
44b5a9d43f0be357620c,2,1,5185,OFFRE_005185_88182e59b017,Un Commercial,Employeur non précisé,YAOUNDÉ,COMMERCIAL,0.875
854a1caf1f237873efb5,4,3,5200,OFFRE_005200_bc3ef8edcb1c,ASSISTANT ( E ) DE DIRECTION,Employeur non précisé,YAOUNDÉ,ADMINISTRATION,0.875
c7beaf28936b13a4b0d8,2,1,5209,OFFRE_005209_b7338b0e9d75,Directeur De La Prospective Et De La Coopération,Employeur non précisé,YAOUNDÉ,ADMINISTRATION,0.875
16749e4604c50cb0c6c6,11,4,5220,OFFRE_005220_54a0c0af28f1,Assistante De Direction,Employeur non précisé,YAOUNDÉ,ADMINISTRATION,0.875
44b5a9d43f0be357620c,2,2,5231,OFFRE_005231_c85ba0eafff7,Un Commercial,Employeur non précisé,YAOUNDÉ,COMMERCIAL,0.875
fea9245ef9393d009b03,2,1,5234,OFFRE_005234_9f909cd97d86,Directeur Marketing,Employeur non précisé,YAOUNDÉ,MARKETING,0.875
1a485a0e0aad9f32fbbd,3,1,5236,OFFRE_005236_4afe9c353df4,Chargés De Clientèle,Employeur non précisé,"BAFOUSSAM , BERTOUA , DOUALA , GAROUA , NGAOUNDERE , YAOUNDÉ",COMMERCE,0.875
8d1f6d5a66099489d040,3,2,5254,OFFRE_005254_d51e95e27a36,Administrative Assistant,Employeur non précisé,YAOUNDÉ,ADMINISTRATION,0.875
c3d7f1954a81be074aab,2,1,5288,OFFRE_005288_730b29f9a972,BRAND AMBASSADOR,Employeur non précisé,YAOUNDÉ,MARKETING,0.875
16749e4604c50cb0c6c6,11,5,5293,OFFRE_005293_37aab20cdbc4,Assistante De Direction,Employeur non précisé,YAOUNDÉ,ADMINISTRATION,0.875
43876aaf8cf7b820ee29,8,8,5294,OFFRE_005294_aab5046b8c3b,Commercial,Employeur non précisé,YAOUNDÉ,COMMERCIAL,0.875
c02ba35c922a05e5cc6e,3,3,5303,OFFRE_005303_a9509978775a,Stagiaire Comptable,Employeur non précisé,YAOUNDÉ,COMPTABILITÉ,0.875
ae7e961b9341b9cec343,2,2,5304,OFFRE_005304_dce205c042ae,Ingénieur Des Travaux,Employeur non précisé,YAOUNDÉ,INGÉNIEUR,0.875
c989ed583cc79431a816,2,2,5313,OFFRE_005313_d92628ca6292,Comptable-Caissier (E),Employeur non précisé,YAOUNDÉ,COMPTABILITÉ,0.875
f52b44e48ce9a65785d3,3,2,5314,OFFRE_005314_0808e6026dd7,Assistant(E) Administratif (Ve),Employeur non précisé,YAOUNDÉ,ADMINISTRATION,0.875
c7beaf28936b13a4b0d8,2,2,5317,OFFRE_005317_4b801374ae02,Directeur De La Prospective Et De La Coopération,Employeur non précisé,YAOUNDÉ,ADMINISTRATION,0.875
16749e4604c50cb0c6c6,11,6,5322,OFFRE_005322_e09fa4086781,Assistante De Direction,Employeur non précisé,YAOUNDÉ,ADMINISTRATION,0.875
61540eb0a044cc106db2,2,2,5339,OFFRE_005339_22e7a50bcef4,Infographe,Employeur non précisé,YAOUNDÉ,GRAPHISME,0.875
4cba3ec0d1166d417e19,2,1,5344,OFFRE_005344_53c1eaf7e583,Commercial Indépendant,Employeur non précisé,"BAFOUSSAM , DOUALA , YAOUNDÉ",COMMERCIAL,0.875
dd75056632c6e1a822cd,3,1,5350,OFFRE_005350_c559d5907e73,COMMERCIAUX,Employeur non précisé,YAOUNDÉ,VENTE,0.875
4459ffcea518c78c651f,2,2,5351,OFFRE_005351_b2eec413e3c8,Commerciaux,Employeur non précisé,"DOUALA , YAOUNDÉ",VENTE,0.875
8ae6e1b5672bc5f16a0c,2,1,5352,OFFRE_005352_6848417f33f9,COMMUNITY MANAGER,Employeur non précisé,YAOUNDÉ,ADMINISTRATION,0.875
dae329b89f31f8d4c2b0,2,1,5357,OFFRE_005357_0862c4a58b78,Assistant(E) RH,Employeur non précisé,YAOUNDÉ,RH,0.875
33a657e2b62894b06e2e,4,1,5360,OFFRE_005360_85deb9d96d0c,Agent Commercial,Employeur non précisé,YAOUNDÉ,VENTE,0.875
84a9f27558f9408c65f5,5,2,5372,OFFRE_005372_c2fa76ab0fe2,70 POSTES OUVERTS,Employeur non précisé,"BAMENDA , BUÉA , GAROUA , MAROUA , MEIGANGA , NGAOUNDERE , YAOUNDÉ","ADMINISTRATION, COMPTABILITÉ, FINANCE, INFORMATIQUE, LOGISTIQUE, ONG",0.875
fe1ad6153d05f3715517,2,1,5373,OFFRE_005373_f48e135d4195,GESTIONNAIRE D'OPERATIONS FINANCIERES,Employeur non précisé,YAOUNDÉ,FINANCE,0.875
49612f17ade07b9a0d5b,2,1,5394,OFFRE_005394_2671bbb161a3,Directeur Des Opérations H/F,Employeur non précisé,YAOUNDÉ,ADMINISTRATION,0.875
49612f17ade07b9a0d5b,2,2,5395,OFFRE_005395_2e4b684984d4,Directeur Des Opérations H/F,Employeur non précisé,YAOUNDÉ,ADMINISTRATION,0.875
00ca85ce565278bc6ffa,2,1,5402,OFFRE_005402_59753df5535d,AVIS DE RECRUTEMENT POINTS FOCAUX VBG,Employeur non précisé,"BAFOUSSAM , DOUALA , YAOUNDÉ",ADMINISTRATION,0.875
33a657e2b62894b06e2e,4,2,5409,OFFRE_005409_76a6e97d84ce,AGENT COMMERCIAL,Employeur non précisé,YAOUNDÉ,VENTE,0.875
dd75056632c6e1a822cd,3,2,5410,OFFRE_005410_7e407fbb6552,COMMERCIAUX,Employeur non précisé,YAOUNDÉ,VENTE,0.875
b79dacebc3aca3a2691e,2,1,5414,OFFRE_005414_cd2bdc3a558e,Formateur Digital,Employeur non précisé,YAOUNDÉ,DIGITAL,0.875
f3d4c98ccc8d3e8001e8,3,1,5416,OFFRE_005416_f7cb3304a1ad,Chargé SEA,Employeur non précisé,YAOUNDÉ,DIGITAL,0.875
a85b0edd1168c7325494,5,1,5417,OFFRE_005417_2037481b09d4,Chargé SEO,Employeur non précisé,YAOUNDÉ,DIGITAL,0.875
12b5df4a3d4b32c64043,3,1,5418,OFFRE_005418_bf73908043f4,Community Manager,Employeur non précisé,YAOUNDÉ,RÉSEAUX SOCIAUX,0.875
e62fe8e3b123b4b5051b,2,1,5423,OFFRE_005423_5ae026a3ec99,Hôtesses De Vente Bilingues,Employeur non précisé,"BAFOUSSAM , DOUALA , YAOUNDÉ","COMMUNICATION, MARKETING",0.875
66c4c9378a0cc8e35d72,2,1,5427,OFFRE_005427_97597ef2db72,Chef De Projet Digital,Employeur non précisé,YAOUNDÉ,DIGITAL,0.875
4f616814a5312440a88c,2,1,5428,OFFRE_005428_00727425edbd,DIRECTEUR MARKETING DIGITAL,Employeur non précisé,YAOUNDÉ,MARKETING,0.875
854a1caf1f237873efb5,4,4,5431,OFFRE_005431_9c4524f691da,ASSISTANT(E) DE DIRECTION,Employeur non précisé,YAOUNDÉ,ADMINISTRATION,0.875
064b8df0dd5ec2e18011,5,3,5433,OFFRE_005433_901faab2ea6b,CONTRÔLEUR DE GESTION,Employeur non précisé,YAOUNDÉ,GESTION,0.875
12b5df4a3d4b32c64043,3,2,5434,OFFRE_005434_1c8602e37047,Community Manager,Employeur non précisé,YAOUNDÉ,RÉSEAUX SOCIAUX,0.875
743749a028d03ad61e3d,2,2,5438,OFFRE_005438_15bfd18af745,Développeur PHP,Employeur non précisé,YAOUNDÉ,INFORMATIQUE,0.875
1e1027076b58e863321e,2,1,5439,OFFRE_005439_5b8daa502159,Developpeur Java,Employeur non précisé,YAOUNDÉ,INFORMATIQUE,0.875
fe1ad6153d05f3715517,2,2,5440,OFFRE_005440_b04f8c1a0a58,GESTIONNAIRE D'OPERATIONS FINANCIERES,Employeur non précisé,YAOUNDÉ,FINANCE,0.875
987863dd3d9902df9496,3,2,5441,OFFRE_005441_72c79c08d1dd,TÉLÉCONSEILLER(E)S,Employeur non précisé,YAOUNDÉ,TÉLÉCOMMUNICATION,0.875
f7904eb5accd54fac324,2,1,5455,OFFRE_005455_2f9edfbc09c7,Secrétaire De Direction,Employeur non précisé,YAOUNDÉ,ADMINISTRATION,0.875
31c1bbd324bd686861bd,3,1,5456,OFFRE_005456_1264a331e58c,GROWTH HACKER,Employeur non précisé,YAOUNDÉ,DIGITAL,0.875
d1c41353a129ff8a4d8e,6,4,5460,OFFRE_005460_c60429829798,DÉVELOPPEUR WEB,Employeur non précisé,YAOUNDÉ,INFORMATIQUE,0.875
00cf08b5e4364071c42b,3,2,5461,OFFRE_005461_95798e4c548d,Directeur Des Ressources Humaines,Employeur non précisé,YAOUNDÉ,RH,0.875
98338732d6fc4b604ce3,2,1,5462,OFFRE_005462_33755c59f736,Talent Acquisition Manager,Employeur non précisé,YAOUNDÉ,ADMINISTRATION,0.875
4beed27e4ddcc63818bc,2,1,5465,OFFRE_005465_147283fd744d,Logisticien-CICR,Employeur non précisé,YAOUNDÉ,LOGISTIQUE,0.875
568e4086d5d689b00f8e,2,2,5469,OFFRE_005469_c1107b439f7d,AUDITEUR INTERNE,Employeur non précisé,"DOUALA , YAOUNDÉ",AUDIT,0.875
75d8516748270210c29f,3,1,5481,OFFRE_005481_da78199d338b,AGENT GENERAL EN ASSURANCES Vie,Employeur non précisé,"BAFOUSSAM , BERTOUA , DOUALA , GAROUA , YAOUNDÉ",ASSURANCE,0.875
95db281931431015658c,2,2,5486,OFFRE_005486_0b904718a0cf,Human Resources Intern,Employeur non précisé,YAOUNDÉ,RH,0.875
1ccad831f6c24de975c8,16,10,5491,OFFRE_005491_2c446e6f0fe0,Comptable,Employeur non précisé,YAOUNDÉ,COMPTABILITÉ,0.875
4c7fec8d2b425cdaa4bb,3,1,5495,OFFRE_005495_c52079b2fde4,Administrateur De Base De Données,Employeur non précisé,YAOUNDÉ,INFORMATIQUE,0.875
4c7fec8d2b425cdaa4bb,3,2,5499,OFFRE_005499_70f84e3d96b2,ADMINISTRATEUR DE BASE DE DONNÉES,Employeur non précisé,YAOUNDÉ,INFORMATIQUE,0.875
33a657e2b62894b06e2e,4,3,5502,OFFRE_005502_03abb29e216b,Agent Commercial,Employeur non précisé,YAOUNDÉ,VENTE,0.875
a06e074f1edc4ea08e65,2,1,5508,OFFRE_005508_09384a489fa7,Agent De Crédit,Employeur non précisé,"CAMEROUN , KRIBI , NGAOUNDERE , YAOUNDÉ",FINANCE,0.875
8ae6e1b5672bc5f16a0c,2,2,5512,OFFRE_005512_ccfce9c73905,Community Manager,Employeur non précisé,YAOUNDÉ,ADMINISTRATION,0.875
df418de2b85958e91971,2,1,5516,OFFRE_005516_0382da337189,DIGITAL BRAND CONTENT MANAGER,Employeur non précisé,YAOUNDÉ,DIGITAL,0.875
dde8e64203a8f7d63ebc,2,1,5517,OFFRE_005517_d876cc18f27d,Développeur Big Data,Employeur non précisé,YAOUNDÉ,INFORMATIQUE,0.875
8585350df44e0f23aef5,2,1,5518,OFFRE_005518_7a24c057cb40,Formateur Digital,Employeur non précisé,YAOUNDÉ,ENSEIGNEMENT,0.875
a85b0edd1168c7325494,5,2,5520,OFFRE_005520_e1b41801302b,Chargé SEO,Employeur non précisé,YAOUNDÉ,DIGITAL,0.875
f3d4c98ccc8d3e8001e8,3,2,5521,OFFRE_005521_0af6d7c0b173,Chargé SEA,Employeur non précisé,YAOUNDÉ,DIGITAL,0.875
98338732d6fc4b604ce3,2,2,5522,OFFRE_005522_e86e3f15928e,Talent Acquisition Manager,Employeur non précisé,YAOUNDÉ,ADMINISTRATION,0.875
4f616814a5312440a88c,2,2,5523,OFFRE_005523_595e812cd8f9,DIRECTEUR MARKETING DIGITAL,Employeur non précisé,YAOUNDÉ,MARKETING,0.875
31c1bbd324bd686861bd,3,2,5524,OFFRE_005524_9991178ee0bf,GROWTH HACKER,Employeur non précisé,YAOUNDÉ,DIGITAL,0.875
fbd97d70ffe4b402e994,3,2,5527,OFFRE_005527_c353af472185,JURISTE,Employeur non précisé,YAOUNDÉ,DROIT,0.875
16749e4604c50cb0c6c6,11,7,5531,OFFRE_005531_d6c56e96304e,Assistante De Direction,Employeur non précisé,YAOUNDÉ,ADMINISTRATION,0.875
33a657e2b62894b06e2e,4,4,5532,OFFRE_005532_648dee35f64c,Agent Commercial,Employeur non précisé,YAOUNDÉ,VENTE,0.875
b1630ad403ec839191fa,2,1,5534,OFFRE_005534_31d28f80575e,Bénévoles En Agriculture,Employeur non précisé,"KRIBI , YAOUNDÉ",AGRICULTURE,0.875
320f69c599ecad11cbaa,2,1,5577,OFFRE_005577_084d122977b0,Supply Chain Manager,Employeur non précisé,YAOUNDÉ,MANAGEMENT,0.875
47a894863a9df9d253d7,2,1,5578,OFFRE_005578_3e63bfd5986e,AGENT DE CAISSE,Employeur non précisé,"BAFOUSSAM , DOUALA , YAOUNDÉ",COMPTABILITÉ,0.875
3f3b4b9dd7d096a19e11,7,2,5582,OFFRE_005582_c7ca63683322,25 AGENTS POLYVALENTS,Employeur non précisé,"BAFOUSSAM , BAMENDA , BERTOUA , BUÉA , CAMEROUN , DOUALA , DSCHANG , EBOLOWA , EDEA , GAROUA , GAROUA BOULAI, BÉTARÉ-OYA, TOUBORO, LOGONE BIRNI , KOUSSERI , KRIBI , LIMBE , MAROUA , NGAOUNDERE , NKONGSAMBA , NKOTENG , YAOUNDÉ","ADMINISTRATION, FINANCE",0.875
1afef489921467180ab7,2,1,5584,OFFRE_005584_2557f84ea109,CHEF CUISINIER,Employeur non précisé,YAOUNDÉ,CUISINE,0.875
3324c57d8f8ba519341d,2,2,5591,OFFRE_005591_eca8dabd1a03,COMMUNITY MANAGER,Employeur non précisé,"DOUALA , YAOUNDÉ",COMMUNITY MANAGEMENT,0.875
65126879ae19b40eb667,3,1,5605,OFFRE_005605_5828de500aac,Agents Commerciaux,Employeur non précisé,YAOUNDÉ,VENTE,0.875
00c976fb9c8fc3bddd61,2,1,5609,OFFRE_005609_faf761323989,Stage Vacances-Iziway,Employeur non précisé,"DOUALA , MAROUA , YAOUNDÉ",STAGE,0.875
320f69c599ecad11cbaa,2,2,5616,OFFRE_005616_f1b3a20be19d,SUPPLY CHAIN MANAGER,Employeur non précisé,YAOUNDÉ,MANAGEMENT,0.875
dd75056632c6e1a822cd,3,3,5626,OFFRE_005626_1ab4981d5aed,COMMERCIAUX,Employeur non précisé,YAOUNDÉ,VENTE,0.875
cc5dff6559791b26e220,2,2,5629,OFFRE_005629_ae849df605d5,Gestionnaire Des Ressources Humaines,Employeur non précisé,YAOUNDÉ,RH,0.875
1ccad831f6c24de975c8,16,11,5640,OFFRE_005640_14497d9fdb59,Comptable,Employeur non précisé,YAOUNDÉ,COMPTABILITÉ,0.875
65126879ae19b40eb667,3,2,5642,OFFRE_005642_fcd51ee8e77b,Agents Commerciaux,Employeur non précisé,YAOUNDÉ,VENTE,0.875
6fcf91e607c62913d456,2,2,5659,OFFRE_005659_e351da3ba345,Commerciaux/Vendeurs,Employeur non précisé,YAOUNDÉ,COMMERCE,0.875
31c1bbd324bd686861bd,3,3,5663,OFFRE_005663_745da19ef167,Growth Hacker,Employeur non précisé,YAOUNDÉ,DIGITAL,0.875
dde8e64203a8f7d63ebc,2,2,5664,OFFRE_005664_5fc202ec5bc4,Développeur Big Data,Employeur non précisé,YAOUNDÉ,INFORMATIQUE,0.875
df418de2b85958e91971,2,2,5666,OFFRE_005666_5e4fe1c93a51,Digital Brand Content Manager,Employeur non précisé,YAOUNDÉ,DIGITAL,0.875
f3d4c98ccc8d3e8001e8,3,3,5667,OFFRE_005667_c37fd8fc1ecd,Chargé SEA,Employeur non précisé,YAOUNDÉ,DIGITAL,0.875
12b5df4a3d4b32c64043,3,3,5668,OFFRE_005668_1a0ec9a1ec17,Community Manager,Employeur non précisé,YAOUNDÉ,RÉSEAUX SOCIAUX,0.875
a85b0edd1168c7325494,5,3,5670,OFFRE_005670_9fd7aa2f1768,Chargé SEO,Employeur non précisé,YAOUNDÉ,DIGITAL,0.875
987863dd3d9902df9496,3,3,5673,OFFRE_005673_ecd755cdad5c,Téléconseiller(E)S,Employeur non précisé,YAOUNDÉ,TÉLÉCOMMUNICATION,0.875
70e028b271a7406812f7,2,1,5683,OFFRE_005683_fb7a646a4d8e,03 Candidats-CICR,Employeur non précisé,"MAROUA , YAOUNDÉ",ONG,0.875
cd56cd00a5d5ac3fc71e,2,1,5699,OFFRE_005699_ad52fe97b74f,Cuisiner/Femme D’Etage/Vigile,Employeur non précisé,"MAROUA , YAOUNDÉ",HOTEL,0.875
e4295561f11f264f670f,2,1,5700,OFFRE_005700_0f49c9215cac,Administrative Assistant,Employeur non précisé,"BAMENDA , YAOUNDÉ",ADMINISTRATION,0.875
2fe3f58e46e2a59c96fe,2,1,5703,OFFRE_005703_5d95e1d481aa,CONSEILLER.E TECHNIQUE PLANIFICATION SUIVIE ET EVALUATION - YAOUNDÉ - GIZ CAMEROUN,Employeur non précisé,YAOUNDÉ,ONG,0.875
2fe3f58e46e2a59c96fe,2,2,5707,OFFRE_005707_7758b9e79ac5,CONSEILLER.E TECHNIQUE PLANIFICATION SUIVIE ET EVALUATION - YAOUNDÉ - GIZ CAMEROUN,Employeur non précisé,YAOUNDÉ,ONG,0.875
525354d74d348b015edc,2,1,5716,OFFRE_005716_af70b3359b5b,"CADRE SOCIAL, DROIT DU TRAVAIL",Employeur non précisé,YAOUNDÉ,DROIT,0.875
3026b181900241a97ba8,4,4,5718,OFFRE_005718_af49c099a27b,Chauffeur,Employeur non précisé,YAOUNDÉ,CHAUFFEUR,0.875
a025d936ae5b8bb93c35,2,1,5728,OFFRE_005728_0c63785d4d99,Exploitant Informatique,Employeur non précisé,YAOUNDÉ,INFORMATIQUE,0.875
a025d936ae5b8bb93c35,2,2,5729,OFFRE_005729_d4cce747027e,Exploitant Informatique,Employeur non précisé,YAOUNDÉ,INFORMATIQUE,0.875
9147123ed1421dff1993,6,1,5741,OFFRE_005741_64c1d4fc1335,Conseillers Financiers Ngaoundéré Garoua Maroua Douala Limbe Bertoua Ebolowa Yaoundé Kribi Bafoussam Bamenda,Employeur non précisé,"BAFOUSSAM , BAMENDA , BERTOUA , DOUALA , EBOLOWA , GAROUA , KRIBI , LIMBE , MAROUA , NGAOUNDERE , YAOUNDÉ","COMMERCE, COMMUNICATION",0.875
c2bf4fd559047b5abb03,5,1,5742,OFFRE_005742_b97d240ec29b,Financial Advisor,Employeur non précisé,"BAFOUSSAM , BAMENDA , BERTOUA , DOUALA , EBOLOWA , GAROUA , MAROUA , NGAOUNDERE , YAOUNDÉ","COMMERCE, COMMUNICATION",0.875
8d1f6d5a66099489d040,3,3,5750,OFFRE_005750_c93047f6d349,Administrative Assistant,Employeur non précisé,YAOUNDÉ,ADMINISTRATION,0.875
a85b0edd1168c7325494,5,4,5751,OFFRE_005751_55afe3437df3,Chargé SEO,Employeur non précisé,YAOUNDÉ,DIGITAL,0.875
00103e620ead3c5fecc6,2,1,5752,OFFRE_005752_7c0b270b543b,Caissiers (H/F) Dla Yde Bf,Employeur non précisé,"BAFOUSSAM , DOUALA , YAOUNDÉ",FINANCE,0.875
02f742dddd1cce585f23,3,2,5771,OFFRE_005771_5d64e6f03175,"Plusieurs Développeurs Java/ JEE , .NET, Web",Employeur non précisé,"BUÉA , CAMEROUN , DOUALA , MAROUA , YAOUNDÉ",INFORMATIQUE,0.875
de86947406e0c05039e1,2,1,5772,OFFRE_005772_39021d15f000,AGENTS COMMERCIAUX,Employeur non précisé,"BAFOUSSAM , DOUALA , YAOUNDÉ",VENTE,0.875
cdbbfb7181d15cb1b15b,2,1,5776,OFFRE_005776_5107c98abfdc,CONSEILLER TECHNIQUE JUNIOR CHARGÉ.E DE L'ÉDUCATION ET DE LA SENSIBILISATION ENVIRONNEMENTALES H/F - YAOUNDÉ - GIZ CAMEROUN,Employeur non précisé,YAOUNDÉ,ONG,0.875
cdbbfb7181d15cb1b15b,2,2,5778,OFFRE_005778_dd47f45d13c9,CONSEILLER TECHNIQUE JUNIOR CHARGÉ.E DE L'ÉDUCATION ET DE LA SENSIBILISATION ENVIRONNEMENTALES H/F - YAOUNDÉ - GIZ CAMEROUN,Employeur non précisé,YAOUNDÉ,ONG,0.875
46ff1666e8e60ce40733,2,1,5782,OFFRE_005782_0a0442732b84,(02) Assistantes Commerciales ( Ydé),Employeur non précisé,YAOUNDÉ,COMMERCE,0.875
46ff1666e8e60ce40733,2,2,5787,OFFRE_005787_6853cfcdf342,(02) Assistantes Commerciales ( Ydé),Employeur non précisé,YAOUNDÉ,COMMERCE,0.875
ff2264f82d447ae9df5b,3,1,5788,OFFRE_005788_b6dc402fe36c,Business Analyst,Employeur non précisé,YAOUNDÉ,ONG,0.875
8585350df44e0f23aef5,2,2,5795,OFFRE_005795_80a7c71d6587,Formateur Digital,Employeur non précisé,YAOUNDÉ,ENSEIGNEMENT,0.875
65126879ae19b40eb667,3,3,5797,OFFRE_005797_cc50a505d3ba,Agents Commerciaux,Employeur non précisé,YAOUNDÉ,VENTE,0.875
06863b6cf709d1b4afd3,2,2,5816,OFFRE_005816_8f858812534e,COMMERCIAL,Employeur non précisé,YAOUNDÉ,"COMMERCE, VENTE",0.875
ff2264f82d447ae9df5b,3,2,5834,OFFRE_005834_236f5c83b682,Business Analyst,Employeur non précisé,YAOUNDÉ,ONG,0.875
1ccad831f6c24de975c8,16,12,5844,OFFRE_005844_ac90a50e5e63,Comptable,Employeur non précisé,YAOUNDÉ,COMPTABILITÉ,0.875
16749e4604c50cb0c6c6,11,8,5848,OFFRE_005848_37dfdc25a107,Assistante De Direction,Employeur non précisé,YAOUNDÉ,ADMINISTRATION,0.875
b79dacebc3aca3a2691e,2,2,5849,OFFRE_005849_3ccc43eaefa8,Formateur Digital,Employeur non précisé,YAOUNDÉ,DIGITAL,0.875
95db2d35106a18e8ab3c,10,5,5852,OFFRE_005852_af88d12dd8e6,Community Manager,Employeur non précisé,YAOUNDÉ,COMMUNITY MANAGEMENT,0.875
a85b0edd1168c7325494,5,5,5855,OFFRE_005855_a1dd8c7105f8,Chargé SEO,Employeur non précisé,YAOUNDÉ,DIGITAL,0.875
66c4c9378a0cc8e35d72,2,2,5859,OFFRE_005859_d3289dfb6c06,"Chef De Projet Digital,",Employeur non précisé,YAOUNDÉ,DIGITAL,0.875
321e4f8bb6f8d70f64bc,4,4,5876,OFFRE_005876_328253336622,Driver,Employeur non précisé,YAOUNDÉ,TRANSPORT,0.875
95db2d35106a18e8ab3c,10,6,5880,OFFRE_005880_09873d2b9264,Community Manager,Employeur non précisé,YAOUNDÉ,COMMUNITY MANAGEMENT,0.875
cc8df496de64b6175563,2,2,5881,OFFRE_005881_121a7e75a4c7,Responsable Marketing Et Communication,Employeur non précisé,YAOUNDÉ,"COMMUNICATION, MARKETING",0.875
3df608a1494fe3193dfd,2,1,5898,OFFRE_005898_0dcd63d5f47c,CINQ (05) DELEGUES MEDICAUX,Employeur non précisé,"BAFOUSSAM , DOUALA , YAOUNDÉ",ONG,0.875
e00588dd2832ec545347,2,1,5916,OFFRE_005916_f186fae30c9e,Des Commerciaux,Employeur non précisé,"BAFOUSSAM , DOUALA , NGAOUNDERE , YAOUNDÉ","COMMERCE, VENTE",0.875
1ccad831f6c24de975c8,16,13,5923,OFFRE_005923_6b6049b72c58,COMPTABLE,Employeur non précisé,YAOUNDÉ,COMPTABILITÉ,0.875
fb6c60c9277ead3f9bb6,2,1,5926,OFFRE_005926_f403b913ee5c,AGENTS DE CREDIT STAGIAIRES,Employeur non précisé,"BAFOUSSAM , DOUALA , YAOUNDÉ","COMPTABILITÉ, FINANCE",0.875
7d4436538d872b9a3605,3,2,5929,OFFRE_005929_688f6b000163,GRAPHIC DESIGNER,Employeur non précisé,YAOUNDÉ,INFORMATIQUE,0.875
88dbf332b13ec75e4b2d,2,2,5934,OFFRE_005934_8634c1695072,SECRETAIRE,Employeur non précisé,YAOUNDÉ,ADMINISTRATION,0.875
25d7262c4c6f934b038b,2,1,5936,OFFRE_005936_85c8deba460d,RESPONSABLE DE LA CONFORMITÉ ET DE LA DÉONTOLOGIE,Employeur non précisé,"BAFOUSSAM , CAMEROUN , DOUALA , MEIGANGA , NGAOUNDERE , NKOTENG , YAOUNDÉ",FINANCE,0.875
b364a2b9b3a421550f32,2,1,5939,OFFRE_005939_537c093019d9,"RECRUTEMENT MASSIF - DOUALA, YAOUNDE, BAFFOUSSAM, BANGAM, BAMENDJOU",Employeur non précisé,"BAFOUSSAM , DOUALA , YAOUNDÉ",RECRUTEMENT DE MASSE,0.875
ecb110001621dd7020fb,2,1,5953,OFFRE_005953_8b1ca522c478,Responsable Administratif Et Financier,Employeur non précisé,YAOUNDÉ,"ADMINISTRATION, FINANCE",0.875
064b8df0dd5ec2e18011,5,4,5973,OFFRE_005973_73786cf173f8,Contrôleur De Gestion,Employeur non précisé,YAOUNDÉ,GESTION,0.875
738ef10c00d1337bbeff,2,1,5980,OFFRE_005980_8c465b2c905d,Un(E) Agent(E) Commercial(E),Employeur non précisé,YAOUNDÉ,VENTE,0.875
95db2d35106a18e8ab3c,10,7,5981,OFFRE_005981_cfc71834e189,COMMUNITY MANAGER,Employeur non précisé,YAOUNDÉ,COMMUNITY MANAGEMENT,0.875
738ef10c00d1337bbeff,2,2,5983,OFFRE_005983_f911c9d96bd5,Un(E) Agent(E) Commercial(E),Employeur non précisé,YAOUNDÉ,VENTE,0.875
95db2d35106a18e8ab3c,10,8,5984,OFFRE_005984_fcf9e058b9c0,Community Manager,Employeur non précisé,YAOUNDÉ,COMMUNITY MANAGEMENT,0.875
df47c94ea174c5d7eff1,2,2,5989,OFFRE_005989_94664c14200d,SECRÉTAIRE COMPTABLE,Employeur non précisé,YAOUNDÉ,COMPTABILITÉ,0.875
eec7177ceff79d4553d4,2,1,6001,OFFRE_006001_be034aec0061,INFIRMIER SANTE AU TRAVAIL,Employeur non précisé,YAOUNDÉ,SANTÉ,0.875
8285d36644fefb45cbcf,3,1,6002,OFFRE_006002_cec31c1aa013,RESPONSABLE COMMERCIAL,Employeur non précisé,YAOUNDÉ,COMMERCE,0.875
215ddb25c6c2cd195628,2,1,6003,OFFRE_006003_f0046b975b99,04 Stagiaires Professionnels -OLA Energy,Employeur non précisé,"BAFOUSSAM , DOUALA , YAOUNDÉ",STAGE,0.875
ff2264f82d447ae9df5b,3,3,6015,OFFRE_006015_9b31997c6f0b,Business Analyst,Employeur non précisé,YAOUNDÉ,ONG,0.875
eec7177ceff79d4553d4,2,2,6022,OFFRE_006022_ad4624504ebb,Infirmier Santé Au Travail,Employeur non précisé,YAOUNDÉ,SANTÉ,0.875
76c4cf72fc50ff2cd9a3,3,1,6024,OFFRE_006024_2c6925fece81,Commerciaux,Employeur non précisé,YAOUNDÉ,COMMERCE,0.875
1ccad831f6c24de975c8,16,14,6034,OFFRE_006034_868a8ad6602a,COMPTABLE,Employeur non précisé,YAOUNDÉ,COMPTABILITÉ,0.875
1e1027076b58e863321e,2,2,6062,OFFRE_006062_9de7435aed26,Développeur JAVA,Employeur non précisé,YAOUNDÉ,INFORMATIQUE,0.875
6e260112511fd1c47a1c,3,2,6075,OFFRE_006075_ea3e2dae12bd,RESPONSABLE COMMERCIALE,Employeur non précisé,YAOUNDÉ,COMMERCE,0.875
4beed27e4ddcc63818bc,2,2,6079,OFFRE_006079_77cc71d181ff,Logisticien-CICR,Employeur non précisé,YAOUNDÉ,LOGISTIQUE,0.875
c3d7f1954a81be074aab,2,2,6088,OFFRE_006088_ea39ab5caea2,Brand Ambassador,Employeur non précisé,YAOUNDÉ,MARKETING,0.875
064b8df0dd5ec2e18011,5,5,6096,OFFRE_006096_b0138a9fd441,Contrôleur De Gestion,Employeur non précisé,YAOUNDÉ,GESTION,0.875
16749e4604c50cb0c6c6,11,9,6101,OFFRE_006101_e13d7f193e31,Assistante De Direction,Employeur non précisé,YAOUNDÉ,ADMINISTRATION,0.875
00cf08b5e4364071c42b,3,3,6103,OFFRE_006103_9ea172b0b6f1,DIRECTEUR DES RESSOURCES HUMAINES,Employeur non précisé,YAOUNDÉ,RH,0.875
60ffe5481c39c0bad060,4,4,6140,OFFRE_006140_4af06329724d,Assistant Marketing,Employeur non précisé,YAOUNDÉ,MARKETING,0.875
0c2d4428be84d870c8a7,6,5,6142,OFFRE_006142_b28bfce0949f,Chauffeur,Employeur non précisé,YAOUNDÉ,TRANSPORT,0.875
1efe64dba62cceda2c7f,2,1,6175,OFFRE_006175_19bd0dd68937,400 Jeunes Entrepreneurs-Route Des Chefferies Du Cameroun,Employeur non précisé,"BAFANG , DOUALA , DSCHANG , GAROUA , YAOUNDÉ",ENTREPRENEURIAT,0.875
ece292fa934e2fbfa153,2,1,6179,OFFRE_006179_f76f9166580c,CADRES COMMERCIAUX,Employeur non précisé,"BAFOUSSAM , DOUALA , YAOUNDÉ","ASSURANCE, COMMERCE",0.875
9bc617b142ec0bd5a63f,2,2,6191,OFFRE_006191_174af80a3b32,Opératrice De Saisie,Employeur non précisé,YAOUNDÉ,SECRÉTAIRE,0.875
3e4164c87e5c8644a922,2,1,6192,OFFRE_006192_1fae9e4fd0ec,CONDUCTEUR.TRICE DE VÉHICULE H/F - YAOUNDÉ - GIZ CAMEROUN,Employeur non précisé,YAOUNDÉ,TRANSPORT,0.875
525354d74d348b015edc,2,2,6212,OFFRE_006212_d81eb340d53a,"CADRE SOCIAL, DROIT DU TRAVAIL",Employeur non précisé,YAOUNDÉ,DROIT,0.875
b422d846cd454cf5e8c2,2,1,6216,OFFRE_006216_1c4ceb393d44,Community Manager,Employeur non précisé,"BAFOUSSAM , DOUALA , YAOUNDÉ","COMMUNICATION, MARKETING, RELATIONS PUBLIQUES, SCIENCE SOCIALE",0.875
6fd0e11cfd76f62c37d5,2,1,6224,OFFRE_006224_551e6d1d3287,(23) Sales Executive-Diageo,Employeur non précisé,"BAFOUSSAM , BERTOUA , DOUALA , YAOUNDÉ",COMMERCE,0.875
3e4164c87e5c8644a922,2,2,6237,OFFRE_006237_8e81a55bb490,CONDUCTEUR.TRICE DE VÉHICULE H/F - YAOUNDÉ - GIZ CAMEROUN,Employeur non précisé,YAOUNDÉ,TRANSPORT,0.875
5d9b2f8b5ec610d3c7b7,2,2,6244,OFFRE_006244_c88f1af62ce5,Chef Cuisinier,Employeur non précisé,YAOUNDÉ,RESTAURATION,0.875
d0062f1b5bf90714346c,2,1,6249,OFFRE_006249_7b5b59037e25,Relationship Managers,Employeur non précisé,"BAFOUSSAM , DOUALA , YAOUNDÉ","BANQUE, MARKETING",0.875
ecb110001621dd7020fb,2,2,6250,OFFRE_006250_9b11b173d19f,Responsable Administratif Et Financier,Employeur non précisé,YAOUNDÉ,"ADMINISTRATION, FINANCE",0.875
61dec68030e70879f4fd,3,1,6255,OFFRE_006255_fb314bf4bbaa,"COMMERCIAUX (H/F) – Yaoundé, Douala, Bafoussam, Ngaoundéré",Employeur non précisé,"BAFOUSSAM , DOUALA , GAROUA , YAOUNDÉ","COMMERCE, MARKETING",0.875
4c7fec8d2b425cdaa4bb,3,3,6264,OFFRE_006264_d6a1c6cc86b5,ADMINISTRATEUR DE BASE DE DONNEES,Employeur non précisé,YAOUNDÉ,INFORMATIQUE,0.875
85bade8617e3989ddf42,2,2,6301,OFFRE_006301_3dbacd92a459,Secrétaire Bureautique,Employeur non précisé,YAOUNDÉ,SECRÉTAIRE,0.875
e5f860e520a8eed4a7b5,2,1,6303,OFFRE_006303_dad33d6a24da,AREA PERFORMING OPERATING MANAGER,Employeur non précisé,"BAFOUSSAM , BERTOUA , DOUALA , EBOLOWA , NGAOUNDERE , YAOUNDÉ","COMMERCE, COMMUNICATION, FINANCE, GESTION, MARKETING",0.875
26867a99c36243c5ee8b,2,1,6304,OFFRE_006304_9ac575aa2731,SALES & DISTRIBUTION DISTRICK LEADER,Employeur non précisé,"BAFOUSSAM , BERTOUA , DOUALA , EBOLOWA , NGAOUNDERE , YAOUNDÉ","COMMERCE, COMMUNICATION, FINANCE, GESTION, MARKETING",0.875
c19ea364adefa9e50db4,3,3,6315,OFFRE_006315_a84300f5f2f5,Community Manager,Employeur non précisé,YAOUNDÉ,"COMMUNICATION, MARKETING",0.875
4eeec8caa910187b721b,3,3,6326,OFFRE_006326_befeeaa00013,Assistante De Direction,Employeur non précisé,YAOUNDÉ,"ADMINISTRATION, SECRÉTAIRE",0.875
0c2d4428be84d870c8a7,6,6,6327,OFFRE_006327_78d97fc48356,Chauffeur,Employeur non précisé,YAOUNDÉ,TRANSPORT,0.875
22856c2703ed659d1ac5,2,2,6332,OFFRE_006332_a421b77517cc,GRAPHISTE (H/F),Employeur non précisé,YAOUNDÉ,GRAPHISME,0.875
1ccad831f6c24de975c8,16,15,6369,OFFRE_006369_feac01a50da6,COMPTABLE,Employeur non précisé,YAOUNDÉ,COMPTABILITÉ,0.875
c786a9fa13fb62c545b4,4,4,6370,OFFRE_006370_8c88af4cac47,COMMERCIAUX,Employeur non précisé,YAOUNDÉ,"COMMERCE, VENTE",0.875
32417ed112b7e0d9c3d5,2,2,6387,OFFRE_006387_e8b7fc7dffe2,Comptable H/F,Employeur non précisé,YAOUNDÉ,"COMPTABILITÉ, FINANCE, GESTION",0.875
906b31ddd0186082534a,2,1,6397,OFFRE_006397_42fee6779bd1,Responsable Marketing,Employeur non précisé,YAOUNDÉ,"COMMUNICATION, MARKETING",0.875
f52b44e48ce9a65785d3,3,3,6404,OFFRE_006404_5796a40bfa3a,Assistant ( E ) Administratif ( Ve ),Employeur non précisé,YAOUNDÉ,ADMINISTRATION,0.875
a2b88671fbad185c25c7,2,2,6441,OFFRE_006441_93b96545fa6a,COMMERCIAUX,Employeur non précisé,"DOUALA , YAOUNDÉ","COMMERCE, VENTE",0.875
906b31ddd0186082534a,2,2,6445,OFFRE_006445_1de2535e11c5,Responsable Marketing,Employeur non précisé,YAOUNDÉ,"COMMUNICATION, MARKETING",0.875
dae329b89f31f8d4c2b0,2,2,6450,OFFRE_006450_b10df5570040,ASSISTANT/E RH,Employeur non précisé,YAOUNDÉ,RH,0.875
6e260112511fd1c47a1c,3,3,6479,OFFRE_006479_27a4a05d5600,Responsable Commerciale,Employeur non précisé,YAOUNDÉ,COMMERCE,0.875
c8f69679f157eb3ff4f5,3,1,6494,OFFRE_006494_1a87986df56a,300 Collecteurs - Opération Vacances Sans Déchets Plastiques,Employeur non précisé,"BAFOUSSAM , DOUALA , GAROUA , LIMBE , NKONGSAMBA , YAOUNDÉ",HYGIÈNE,0.875
2d6cbad8292ee9f1e18e,2,1,6518,OFFRE_006518_8ab3c8a6d918,DES STAGIAIRES DE VACANCES,Employeur non précisé,"BAFOUSSAM , YAOUNDÉ",FINANCE,0.875
2a489ce139bd74a43a58,2,2,6537,OFFRE_006537_d9cfe4a9cee4,CONTRÔLEUR DE GESTION,Employeur non précisé,YAOUNDÉ,COMPTABILITÉ,0.875
b304108fec09cef9bf93,2,2,6553,OFFRE_006553_c7e33af80c6b,ENSEIGNANT D’ALLEMAND,Employeur non précisé,YAOUNDÉ,ENSEIGNEMENT,0.875
ce2a1eb3a7ac041325a8,3,3,6567,OFFRE_006567_ae38090f9eda,ARCHIVISTE,Employeur non précisé,YAOUNDÉ,ARCHIVISTE,0.875
aa670f509a0200edb697,3,3,6572,OFFRE_006572_3b7f44fe1105,Développeur,Employeur non précisé,YAOUNDÉ,INFORMATIQUE,0.875
76c4cf72fc50ff2cd9a3,3,2,6578,OFFRE_006578_a68148384c45,Commerciaux,Employeur non précisé,YAOUNDÉ,COMMERCE,0.875
95db2d35106a18e8ab3c,10,9,6583,OFFRE_006583_72a6a92a7f91,COMMUNITY MANAGER,Employeur non précisé,YAOUNDÉ,COMMUNITY MANAGEMENT,0.875
5587626482b4037df6fa,2,2,6585,OFFRE_006585_2cad46d0ff80,Assistant QHSE,Employeur non précisé,YAOUNDÉ,QHSE,0.875
02406e6118ba41e5e4b8,7,7,6592,OFFRE_006592_d759c2e24c70,COMPTABLE,Employeur non précisé,YAOUNDÉ,"COMPTABILITÉ, FINANCE",0.875
4b6270ff1cc03f5baac5,2,2,6603,OFFRE_006603_537e9f5b0af6,Information Management Officer,Employeur non précisé,YAOUNDÉ,MANAGEMENT,0.875
fc3652dd620b173656e5,3,3,6605,OFFRE_006605_939829075ead,Secrétaire,Employeur non précisé,YAOUNDÉ,SECRÉTAIRE,0.875
f484ed2b3151e2c49f32,2,1,6608,OFFRE_006608_af180e436023,(03) ATTACHES DE RELATIONS COMMERCIALES,Employeur non précisé,YAOUNDÉ,FINANCE,0.875
f484ed2b3151e2c49f32,2,2,6616,OFFRE_006616_8e528df02901,03 Attachés De Relations Commerciales,Employeur non précisé,YAOUNDÉ,FINANCE,0.875
c4ded59d99e77b887b70,2,2,6640,OFFRE_006640_a6038963cef3,Stagiaire Marketing,Employeur non précisé,YAOUNDÉ,MARKETING,0.875
741f4f4d1981584e7218,2,1,6693,OFFRE_006693_ad917e0bf364,Offre D'emploi: 60 Coursiers Indépendants,Employeur non précisé,"BAFOUSSAM , DOUALA , YAOUNDÉ",AUTRES,0.875
3768cdf0d3bf03167746,3,1,6727,OFFRE_006727_f675328bed78,"Offre D'emploi: Chef De Mission, EAI Cameroun",Employeur non précisé,"GAROUA , MAROUA , YAOUNDÉ","ONG, PROJET",0.875
e936fdec1ee801801e6f,2,1,6748,OFFRE_006748_033f0f388fe7,Offre D'emploi: COMMERCIAUX,Employeur non précisé,"DOUALA , KRIBI , YAOUNDÉ","COMMERCE, MARKETING, VENTE",0.875
a6a940a9c8fb1c29bd51,3,1,6750,OFFRE_006750_c081595faaee,Offre D'emploi: Chargés De Comptes (H/F),Employeur non précisé,"BAFOUSSAM , BAMENDA , BERTOUA , DOUALA , YAOUNDÉ","ASSURANCE, COMMERCE, GESTION",0.875
fbea5324732e710f5c55,2,1,6756,OFFRE_006756_24ec2c124670,Offre D'emploi: 01 Ingénieur Electricien H/F,Employeur non précisé,YAOUNDÉ,INGÉNIEUR,0.875
fbea5324732e710f5c55,2,2,6760,OFFRE_006760_8911a4ae8192,Offre D'emploi: 01 INGENIEUR ELECTRICIEN H/F,Employeur non précisé,YAOUNDÉ,INGÉNIEUR,0.875
7d4436538d872b9a3605,3,3,6770,OFFRE_006770_1ac34818b327,GRAPHIC DESIGNER,Employeur non précisé,YAOUNDÉ,INFORMATIQUE,0.875
bac9dcf1b2e0b84dbb9e,3,1,6781,OFFRE_006781_3953ffb8f53b,Offre De Stage: STAGIAIRE(S) EN COMMUNICATION (TÉLÉTRAVAIL),Employeur non précisé,"BAFOUSSAM , BAMENDA , BERTOUA , DOUALA , YAOUNDÉ","COMMERCE, COMMUNICATION, MARKETING",0.875
bd782da636632a0dc2e9,2,1,6804,OFFRE_006804_12ea279be674,Chef Des Opérations D’Agence,Employeur non précisé,YAOUNDÉ,FINANCE,0.875
03ffb7ef3e9c07d3b4a6,6,2,6806,OFFRE_006806_a494cb891f73,Offre D'emploi: CHEFS STATIONS SERVICES,Employeur non précisé,"BAFOUSSAM , BAMENDA , BERTOUA , BUÉA , DOUALA , GAROUA , MAROUA , NGAOUNDERE , YAOUNDÉ","AUTRES, MARKETING, VENTE",0.875
bd782da636632a0dc2e9,2,2,6808,OFFRE_006808_99b7221ea840,Chef Des Opérations D’Agence,Employeur non précisé,YAOUNDÉ,FINANCE,0.875
16749e4604c50cb0c6c6,11,10,6818,OFFRE_006818_15d14748ed31,Assistante De Direction,Employeur non précisé,YAOUNDÉ,ADMINISTRATION,0.875
a1bc9cd77743ff4f4539,3,3,6850,OFFRE_006850_6c963e975c9a,CHARGÉ(E) DE COMMUNICATION,Employeur non précisé,YAOUNDÉ,COMMUNICATION,0.875
d1c41353a129ff8a4d8e,6,5,6897,OFFRE_006897_707a514202a3,Développeur Web,Employeur non précisé,YAOUNDÉ,INFORMATIQUE,0.875
0a0040c47ea42163afbe,7,2,6901,OFFRE_006901_30324189b477,Recrutement Massif-Cameroon Equatorial Development (CED) Sarl,Employeur non précisé,"BAFANG , BAFOUSSAM , BAMENDA , BATOURI , BERTOUA , BUÉA , DOUALA , DSCHANG , EBOLOWA , EDEA , FOUMBAN , FOUMBOT , GAROUA , KOUSSERI , KRIBI , KUMBA , LIMBE , MAMFE , MAROUA , MEIGANGA , MOKOLO , MORA , MUTENGENE , NGAOUNDERE , NGAOUNDERE , NGOYLA , NKONGSAMBA , PITOA , TIBATI , YAOUNDÉ",CATÉGORIES DES RECRUTEMENTS ET OFFRES D'EMPLOIS AU CAMEROUN,0.875
8a29e836ccb3f3583327,2,2,6947,OFFRE_006947_6c5a4262cb9a,HR Officer,Employeur non précisé,YAOUNDÉ,RH,0.875
45f733c8f19faa2361d3,3,1,6950,OFFRE_006950_5eb95ffbbe06,Offre D'emploi: TROIS CONTROLEURS ENTREPOTS,Employeur non précisé,"BAFOUSSAM , KRIBI , YAOUNDÉ","AUTRES, HYGIÈNE, SÉCURITÉ",0.875
d04eca81da50a13730b7,2,1,6961,OFFRE_006961_4ad9b371d7f8,DEVELOPPEUR/CONCEPTEUR APPLICATION MOBILE,Employeur non précisé,YAOUNDÉ,INFORMATIQUE,0.875
c56f041b7794dc122020,2,1,6978,OFFRE_006978_9c03f442bdc9,"Senior Associate, Cold Chain",Employeur non précisé,YAOUNDÉ,ONG,0.875
a051383facc4d767c65e,2,1,7010,OFFRE_007010_72a3cc5dbfec,Offre D'emploi: CHARGE(E)S SUIVI ET EVALUATION,Employeur non précisé,"DOUALA , KRIBI , YAOUNDÉ","ADMINISTRATION, MANAGEMENT, PROJET",0.875
35dbf4c52a8d87cf748a,2,1,7021,OFFRE_007021_74c72eb2478b,Offre D'emploi: COMPTABLES,Employeur non précisé,"KRIBI , YAOUNDÉ",COMPTABILITÉ,0.875
77f44174a3c2794e5b2f,2,1,7034,OFFRE_007034_fde403815ef4,COMMUNITY MANAGER H/F – Yaoundé,Employeur non précisé,YAOUNDÉ,COMMUNITY MANAGEMENT,0.875
8285d36644fefb45cbcf,3,2,7064,OFFRE_007064_d1b2c0800816,Responsable Commercial,Employeur non précisé,YAOUNDÉ,COMMERCE,0.875
0e9ac2d0653dd4c0a489,2,1,7074,OFFRE_007074_e37b5ebc70b6,Vendeur Ambulants,Employeur non précisé,"BAFOUSSAM , DOUALA , YAOUNDÉ",VENTE,0.875
f7904eb5accd54fac324,2,2,7075,OFFRE_007075_ca29a2c93623,Secrétaire De Direction,Employeur non précisé,YAOUNDÉ,ADMINISTRATION,0.875
8285d36644fefb45cbcf,3,3,7082,OFFRE_007082_15830cf96323,Responsable Commercial,Employeur non précisé,YAOUNDÉ,COMMERCE,0.875
651813a07093517334ed,3,1,7102,OFFRE_007102_08f0822f2f5c,AGENTS DE CREDIT,Employeur non précisé,"BAFOUSSAM , DOUALA , KRIBI , YAOUNDÉ",FINANCE,0.875
6e8f8bddb0f2dddb0b16,2,1,7104,OFFRE_007104_a1a6c432a9f7,Offre D'emploi: UN(E) CONSULTANT(E),Employeur non précisé,YAOUNDÉ,"INGÉNIEUR, PROJET",0.875
6e8f8bddb0f2dddb0b16,2,2,7107,OFFRE_007107_271b28ba8bc7,Offre D'emploi: UN(E) CONSULTANT(E),Employeur non précisé,YAOUNDÉ,"INGÉNIEUR, PROJET",0.875
58fd0c1f534833960810,2,1,7114,OFFRE_007114_24335278733a,RESPONSABLE COMMERCIAL – Yaoundé,Employeur non précisé,YAOUNDÉ,COMMERCE,0.875
fea9245ef9393d009b03,2,2,7137,OFFRE_007137_c41aae702a5a,DIRECTEUR MARKETING,Employeur non précisé,YAOUNDÉ,MARKETING,0.875
c56f041b7794dc122020,2,2,7156,OFFRE_007156_89ea3785a17d,"Senior Associate, Cold Chain",Employeur non précisé,YAOUNDÉ,ONG,0.875
fbd97d70ffe4b402e994,3,3,7159,OFFRE_007159_cdee0db38b49,Juriste,Employeur non précisé,YAOUNDÉ,DROIT,0.875
a6bac792a426fded3e4f,2,2,7161,OFFRE_007161_d842bd366f4b,RESPONSABLE LOGISTIQUE,Employeur non précisé,YAOUNDÉ,LOGISTIQUE,0.875
1afef489921467180ab7,2,2,7162,OFFRE_007162_9c7079325314,Chef Cuisinier,Employeur non précisé,YAOUNDÉ,CUISINE,0.875
d04eca81da50a13730b7,2,2,7165,OFFRE_007165_048b7ba1ac83,DEVELOPPEUR/CONCEPTEUR APPLICATION MOBILE,Employeur non précisé,YAOUNDÉ,INFORMATIQUE,0.875
1ccad831f6c24de975c8,16,16,7172,OFFRE_007172_3369817bd5b1,Comptable,Employeur non précisé,YAOUNDÉ,COMPTABILITÉ,0.875
16749e4604c50cb0c6c6,11,11,7175,OFFRE_007175_ffd39a4e3cc9,Assistante De Direction,Employeur non précisé,YAOUNDÉ,ADMINISTRATION,0.875
76c4cf72fc50ff2cd9a3,3,3,7193,OFFRE_007193_243975f0968e,COMMERCIAUX,Employeur non précisé,YAOUNDÉ,COMMERCE,0.875
05b8c51a8202767af6b1,2,1,7197,OFFRE_007197_f88d2b13daac,Attaché Commercial Itinérant,Employeur non précisé,"BAFOUSSAM , DOUALA , NGAOUNDERE , YAOUNDÉ",COMMERCE,0.875
977151c668bd77c69260,2,1,7198,OFFRE_007198_a63d5e4b165a,Attaché Commercial,Employeur non précisé,"BAFOUSSAM , DOUALA , NGAOUNDERE , YAOUNDÉ",COMMERCE,0.875
2b5b10334e4c4550d1c2,3,1,7199,OFFRE_007199_1175790a908f,STAGIAIRES COMMERCIAUX,Employeur non précisé,"BAFOUSSAM , DOUALA , GAROUA , NGAOUNDERE , YAOUNDÉ",COMMERCE,0.875
02f41446842bc25f17a4,2,1,7204,OFFRE_007204_a15daa2738f8,"Caissier – Yaoundé, Douala, Bafoussam, Ngaoundéré",Employeur non précisé,"BAFOUSSAM , DOUALA , NGAOUNDERE , YAOUNDÉ","ASSURANCE, FINANCE",0.875
5fe4939ed5ff944310e6,2,1,7218,OFFRE_007218_3bc0efcd2ebc,Assistante De Direction,Employeur non précisé,YAOUNDÉ,FINANCE,0.875
d1c41353a129ff8a4d8e,6,6,7236,OFFRE_007236_462650a391aa,Développeur Web,Employeur non précisé,YAOUNDÉ,INFORMATIQUE,0.875
77f44174a3c2794e5b2f,2,2,7268,OFFRE_007268_05a7952bdbd4,COMMUNITY MANAGER H/F – Yaoundé,Employeur non précisé,YAOUNDÉ,COMMUNITY MANAGEMENT,0.875
58fd0c1f534833960810,2,2,7293,OFFRE_007293_9d8cb81fa2fa,RESPONSABLE COMMERCIAL – Yaoundé,Employeur non précisé,YAOUNDÉ,COMMERCE,0.875
5fe4939ed5ff944310e6,2,2,7294,OFFRE_007294_75ecfeda8228,Assistante De Direction,Employeur non précisé,YAOUNDÉ,FINANCE,0.875
f38ad4e07ff47407988e,6,2,7305,OFFRE_007305_4375acd03fd9,100 Jeunes Diplômés,Employeur non précisé,"BAFOUSSAM , BAMENDA , BERTOUA , BUÉA , DOUALA , EBOLOWA , GAROUA , MAROUA , NGAOUNDERE , YAOUNDÉ",CATÉGORIES DES RECRUTEMENTS ET OFFRES D'EMPLOIS AU CAMEROUN,0.875
755a5201a0e9e42e315c,3,1,7313,OFFRE_007313_1ac344946e36,Annonce Responsable D’Agence Grand Nord (H/F),Employeur non précisé,"GAROUA , MAROUA , NGAOUNDERE , YAOUNDÉ",FINANCE,0.875
95db2d35106a18e8ab3c,10,10,7314,OFFRE_007314_995255261268,Community Manager,Employeur non précisé,YAOUNDÉ,COMMUNITY MANAGEMENT,0.875
efefdc1ca3acec0923d5,7,3,7325,OFFRE_007325_35af27226993,Technico-Commerciale & Ambassadrice,Employeur non précisé,"DOUALA , YAOUNDÉ","COMMUNICATION, MARKETING, SANTÉ",0.875
b3a5cc3a83927400c7ef,6,2,7326,OFFRE_007326_bf759727ae28,Commerciaux,Employeur non précisé,DOUALA,PATISSERIE,0.875
c12961d01d1552a49264,3,2,7343,OFFRE_007343_b0a6dd26773b,COMMERCIAUX À MOTO,Employeur non précisé,"BAFOUSSAM , BERTOUA , DOUALA , EBOLOWA , KRIBI , NGAOUNDERE , YAOUNDÉ",COMMERCE,0.875
13f9120b2dd38005c990,2,1,7346,OFFRE_007346_cec88a0169ad,03 RESEARCH ASSISTANTS,Employeur non précisé,"BAFOUSSAM , KRIBI",SANTÉ,0.875
f0b6d748cba6b5dc2a89,5,2,7348,OFFRE_007348_76cb0098ab8e,CONSEILLERS (ÈRES) CLIENTS,Employeur non précisé,"BAFOUSSAM , BAMENDA , DOUALA , GAROUA , KRIBI , YAOUNDÉ","COMMUNICATION, MARKETING",0.875
3134eac09eebe9055d96,6,2,7349,OFFRE_007349_a838d7e6af76,Professeur Particulier,Employeur non précisé,"ADAMAOUA , BAFANG , BAFOUSSAM , BAMENDA , BANDJOUN , BANGANGTÉ , BANGANTÉ , BANGANTE , BATOURI , BERTOUA , BUÉA , CAMEROUN , DOUALA , DSCHANG , EBOLOWA , EDEA , EN LIGNE , EXTRÊME NORD , EXTREME-NORD , FOUMBAN , FOUMBOT , GAROUA , KOUSSERI , KRIBI , KUMBA , LIMBE , LITTORAL , MAROUA , MEIGANGA , MOKOLO , MORA , NGAOUNDERE , NGAOUNDERE , NKONGSAMBA , PITOA , SOUZA , YAGOUA , YAOUNDÉ","ENSEIGNEMENT, OFFRE DE FORMATION",0.875
f605fc014a35e97505ef,3,2,7367,OFFRE_007367_4cfdb710cf42,10 INGENIEURS DE SUIVI,Employeur non précisé,"BAFOUSSAM , DOUALA , EDEA , KRIBI , YAOUNDÉ","ÉLECTRICIEN, GÉNIE CIVIL, INGÉNIEUR, MÉCANIQUE",0.875
c36a0feb9605cfb6cd25,6,2,7371,OFFRE_007371_52da44b1ddc8,20 Agents Polyvalents,Employeur non précisé,"BAFOUSSAM , BAMENDA , BERTOUA , BUÉA , DOUALA , EBOLOWA , GAROUA , KRIBI , LIMBE , MAROUA , NGAOUNDERE , NKONGSAMBA , YAOUNDÉ",BANQUE,0.875
67a654d07ee00150fece,6,2,7377,OFFRE_007377_91f7594ccd09,AVIS DE RECRUTEMENT DE 117 ENQUETEURS POUR UNE ENQUETE POST-CAMPAGNE DANS LES DIX REGIONS DU CAMEROUN,Employeur non précisé,"À L’ÉTRANGER , ABONG-MBANG , ADAMAOUA , AKONO , AMBAM , BAFANG , BAFIA , BAFOUSSAM , BAKOSSI , BAMENDA , BANA , BANDJOUN , BANGANGTÉ , BANGANTE , BANGANTÉ , BANGOU , BATCHENGA , BATOURI , BAZOU , BEKOKO , BERTOUA , BESSOUNGANG, BONALÉA-SOUZA , BOUAM , BUÉA , CAMEROUN , CAMPO , CAMPO , CENTRE , DIZANGUÉ , DJOHUNG , DJOUM , DOUALA , DOUMÉ , DSCHANG , EBOLOWA , EDEA , EN LIGNE , ESEKA , EST , EXTRÊME NORD , EXTREME-NORD , FAKO , FARO , FIGUIL , FONDJOMOKO(KEKEM) , FOTOKOL , FOUMBAN , FOUMBOT , GAROUA , GAROUA BOULAI , GAROUA BOULAI, BÉTARÉ-OYA, TOUBORO, LOGONE BIRNI , KEKEM , KOUSSERI , KRIBI , KUMBA , LIMBE , LOBEKE , LOEBEKE , LOGONE ET CHARI , MAKARY , MALEMBE , MALEMBE , MAMBELE , MAMFE , MAROUA , MBADJOCK , MBALAM , MBALMAYO , MBAM , MBANKOMO , MBOUDA , MEIGANGA , MESSAMENA , MEYOMESSALA , MINTOM , MOKOLO , MOLOUNDOU , MONABO , MONATÉLÉ , MORA , MOULOUNDOU , MUNDEMBA , MUTENGENE , NANGA EBOKO , NDIAN , NDOKOA , NGAN-HA , NGAOUNDAL , NGAOUNDERE , NGAOUNDERE , NGOUMOU , NGOUNSO , NGOYLA , NGOYLA , NIÉTÉ , NJOMBÉ , NKONGSAMBA , NKOTENG , NOMAYOS , NORD , NYABI , OUEST , PENJA , PITOA , POLI , SANGMELIMA , SEPTENTRION , SUD , TCHOLLIRÉ , TÉLÉTRAVAIL , TIBATI , TIGNERE , TIKO , TONGA , YABASSI , YAGOUA , YAGOUA , YAOUNDÉ , YOKADOUMA , YOKO",HUMANITAIRE,0.875
90e52e10124eb0565149,3,1,7378,OFFRE_007378_8e98beeca051,REGIONAL SITE SUPERVISOR,Employeur non précisé,"BAFOUSSAM , BAMENDA , DOUALA , KRIBI , LIMBE","ELECTRICITÉ, ELECTROMÉCANIQUE",0.875
cf5e255d2fa75be6696f,2,1,7390,OFFRE_007390_2bbe5ef0c325,AGENTS DE RECOUVREMENT,Employeur non précisé,"BAMENDA , DOUALA , KRIBI",DROIT,0.875
d9f573e986f28f309d8f,6,3,7391,OFFRE_007391_36f2e1269d22,TECHNICIENS EN TELECOMMUNICATION,Employeur non précisé,"BAFOUSSAM , BAMENDA , BERTOUA , BUÉA , CAMEROUN , DOUALA , EBOLOWA , GAROUA , KRIBI , MAROUA , NGAOUNDERE , YAOUNDÉ",INFORMATIQUE,0.875
ca929f61e9df9e9fd815,2,2,7411,OFFRE_007411_5b47f110343a,OPERATEUR LOGISTIQUES,Employeur non précisé,"FOUMBAN , KRIBI , YAOUNDÉ","LOGISTIQUE, TRANSPORT",0.875
a06e074f1edc4ea08e65,2,2,7418,OFFRE_007418_9280172fbb61,Agent De Crédit,Employeur non précisé,"CAMEROUN , KRIBI , NGAOUNDERE , YAOUNDÉ",FINANCE,0.875
b1630ad403ec839191fa,2,2,7419,OFFRE_007419_46edd24d4b0e,Bénévoles En Agriculture,Employeur non précisé,"KRIBI , YAOUNDÉ",AGRICULTURE,0.875
3f3b4b9dd7d096a19e11,7,3,7420,OFFRE_007420_28098de1daa2,25 AGENTS POLYVALENTS,Employeur non précisé,"BAFOUSSAM , BAMENDA , BERTOUA , BUÉA , CAMEROUN , DOUALA , DSCHANG , EBOLOWA , EDEA , GAROUA , GAROUA BOULAI, BÉTARÉ-OYA, TOUBORO, LOGONE BIRNI , KOUSSERI , KRIBI , LIMBE , MAROUA , NGAOUNDERE , NKONGSAMBA , NKOTENG , YAOUNDÉ","ADMINISTRATION, FINANCE",0.875
67cf3dd981d4c388d552,2,1,7421,OFFRE_007421_8c10879862bf,Gestionnaires De Comptes,Employeur non précisé,"BAFOUSSAM , KRIBI","ECONOMIE, FINANCE",0.875
9147123ed1421dff1993,6,2,7423,OFFRE_007423_fa5f8231ba01,Conseillers Financiers Ngaoundéré Garoua Maroua Douala Limbe Bertoua Ebolowa Yaoundé Kribi Bafoussam Bamenda,Employeur non précisé,"BAFOUSSAM , BAMENDA , BERTOUA , DOUALA , EBOLOWA , GAROUA , KRIBI , LIMBE , MAROUA , NGAOUNDERE , YAOUNDÉ","COMMERCE, COMMUNICATION",0.875
e936fdec1ee801801e6f,2,2,7440,OFFRE_007440_c2c275c1753b,Offre D'emploi: COMMERCIAUX,Employeur non précisé,"DOUALA , KRIBI , YAOUNDÉ","COMMERCE, MARKETING, VENTE",0.875
0a0040c47ea42163afbe,7,3,7442,OFFRE_007442_655060b33e9f,Recrutement Massif-Cameroon Equatorial Development (CED) Sarl,Employeur non précisé,"BAFANG , BAFOUSSAM , BAMENDA , BATOURI , BERTOUA , BUÉA , DOUALA , DSCHANG , EBOLOWA , EDEA , FOUMBAN , FOUMBOT , GAROUA , KOUSSERI , KRIBI , KUMBA , LIMBE , MAMFE , MAROUA , MEIGANGA , MOKOLO , MORA , MUTENGENE , NGAOUNDERE , NGAOUNDERE , NGOYLA , NKONGSAMBA , PITOA , TIBATI , YAOUNDÉ",CATÉGORIES DES RECRUTEMENTS ET OFFRES D'EMPLOIS AU CAMEROUN,0.875
45f733c8f19faa2361d3,3,2,7443,OFFRE_007443_469ba2d7d645,Offre D'emploi: TROIS CONTROLEURS ENTREPOTS,Employeur non précisé,"BAFOUSSAM , KRIBI , YAOUNDÉ","AUTRES, HYGIÈNE, SÉCURITÉ",0.875
a051383facc4d767c65e,2,2,7444,OFFRE_007444_0e6d03cbf566,Offre D'emploi: CHARGE(E)S SUIVI ET EVALUATION,Employeur non précisé,"DOUALA , KRIBI , YAOUNDÉ","ADMINISTRATION, MANAGEMENT, PROJET",0.875
35dbf4c52a8d87cf748a,2,2,7445,OFFRE_007445_9e1a4f9fa72a,Offre D'emploi: COMPTABLES,Employeur non précisé,"KRIBI , YAOUNDÉ",COMPTABILITÉ,0.875
651813a07093517334ed,3,2,7446,OFFRE_007446_a926ee89f045,AGENTS DE CREDIT,Employeur non précisé,"BAFOUSSAM , DOUALA , KRIBI , YAOUNDÉ",FINANCE,0.875
9722b2b820b8d99ebb43,5,2,7453,OFFRE_007453_74aae3d3803a,Offre D'emploi : Chargé SEO À Domicile,Employeur non précisé,"BAFOUSSAM , BAMENDA , BERTOUA , BUÉA , GAROUA , KRIBI , LIMBE , MAROUA , YAOUNDÉ","INFORMATIQUE, MARKETING",0.875
6aaf7fbf1cf86327413a,6,2,7459,OFFRE_007459_afa63413bfa4,105 Agents De Collecte-INS,Employeur non précisé,"BAFOUSSAM , BAMENDA , BERTOUA , BUÉA , DOUALA , GAROUA , KRIBI , LIMBE , MAROUA , YAOUNDÉ",CATÉGORIES DES RECRUTEMENTS ET OFFRES D'EMPLOIS AU CAMEROUN,0.875
5a20689acbd30835a4bf,2,1,7460,OFFRE_007460_4e823371b4af,Recrutement De Stagiaires Commerciaux Pour UBA,Employeur non précisé,"BAFOUSSAM , KRIBI , LIMBE , YAOUNDÉ",COMMERCE,0.875
d4765c6449d6a1e8919e,4,2,7461,OFFRE_007461_910ddcd09fc7,Agent De Vente Directe-Banque Atlantique Cameroun,Employeur non précisé,"BAFOUSSAM , BAMENDA , BERTOUA , BUÉA , DOUALA , KRIBI , LIMBE , YAOUNDÉ",FINANCE,0.875
42d80ec041ebb74a0a9c,4,1,7463,OFFRE_007463_9f9c0160c5aa,CONSEILLERS CLIENTELES,Employeur non précisé,"BAFOUSSAM , BAMENDA , DOUALA , GAROUA , KRIBI , YAOUNDÉ",ASSURANCE,0.875
99fa140a71d3c2c2291a,2,1,7466,OFFRE_007466_8f0462e9e31d,Développeurs Web Full-Stack,Employeur non précisé,"DOUALA , DSCHANG , EBOLOWA , EDEA , GAROUA , KOUSSERI , KRIBI , KUMBA , LIMBE , NGAOUNDERE , YAOUNDÉ",INFORMATIQUE,0.875
da2f67fc579f3ce6cee0,6,2,7467,OFFRE_007467_6aba085b9ccb,Auditeur Interne,Employeur non précisé,"BAFOUSSAM , BAMENDA , BERTOUA , BUÉA , DOUALA , EBOLOWA , EDEA , GAROUA , KRIBI , KUMBA , LIMBE , MAROUA , NGAOUNDERE , NKONGSAMBA , YAOUNDÉ",FINANCE,0.875
274b6e7e74ed3822b81a,6,2,7468,OFFRE_007468_6f020640a643,Agent Comptable Central,Employeur non précisé,"BAFOUSSAM , BAMENDA , BERTOUA , BUÉA , DOUALA , EBOLOWA , EDEA , GAROUA , KRIBI , KUMBA , LIMBE , MAROUA , NGAOUNDERE , NKONGSAMBA , YAOUNDÉ",FINANCE,0.875
7fcf266395bfbaa78879,6,2,7469,OFFRE_007469_9d52ef4316a6,Contrôleur Financier Central,Employeur non précisé,"BAFOUSSAM , BAMENDA , BERTOUA , BUÉA , DOUALA , EBOLOWA , GAROUA , KRIBI , KUMBA , LIMBE , MAROUA , NGAOUNDERE , NKONGSAMBA , YAOUNDÉ",FINANCE,0.875
0bd8c0e5ad155606953a,6,2,7470,OFFRE_007470_5fc12c2fe3a2,Online Digital,Employeur non précisé,"BAFOUSSAM , BAMENDA , BERTOUA , BUÉA , DOUALA , EBOLOWA , EDEA , GAROUA , KRIBI , KUMBA , LIMBE , MAROUA , NGAOUNDERE , NKONGSAMBA , YAOUNDÉ",CATÉGORIES :,0.875
7b975f64403a80107952,2,1,7471,OFFRE_007471_a4fc85542658,AGENTS COMMERCIAUX,Employeur non précisé,"BAFOUSSAM , DOUALA , KRIBI , LIMBE , YAOUNDÉ",COMMUNICATION,0.875
efefdc1ca3acec0923d5,7,4,7474,OFFRE_007474_2486cae1165d,Technico-Commerciale & Ambassadrice,Employeur non précisé,"DOUALA , YAOUNDÉ","COMMUNICATION, MARKETING, SANTÉ",0.875
b3a5cc3a83927400c7ef,6,3,7475,OFFRE_007475_e16647d3348c,Commerciaux,Employeur non précisé,DOUALA,PATISSERIE,0.875
9848fd727703fb61e670,3,2,7476,OFFRE_007476_c1673ea99688,ATTACHES DEVELOPPEMENT COMMERCIAL H/F,Employeur non précisé,"BAFOUSSAM , DOUALA , GAROUA , YAOUNDÉ","COMMERCE, MARKETING, VENTE",0.875
f2bf120bf768dd374c52,2,2,7477,OFFRE_007477_e96dea798ecc,03 Chefs D’agence,Employeur non précisé,"BAFOUSSAM , DOUALA , YAOUNDÉ",FINANCE,0.875
c3cd9827aca7f55c5709,8,5,7478,OFFRE_007478_c5d1ff827e46,Controleurs Internes,Employeur non précisé,"BAFOUSSAM , DOUALA , YAOUNDÉ",FINANCE,0.875
c3cd9827aca7f55c5709,8,6,7479,OFFRE_007479_0598597f458b,Controleurs Internes,Employeur non précisé,"BAFOUSSAM , DOUALA , YAOUNDÉ",FINANCE,0.875
38953e2c4b8318c186d2,2,2,7480,OFFRE_007480_78134106a5fe,06 Agents De Recouvrement,Employeur non précisé,"BAFOUSSAM , DOUALA , YAOUNDÉ",FINANCE,0.875
e8eb71c604cd4c223654,2,2,7481,OFFRE_007481_8802b5b728c0,Secrétaire/Juriste/Rédacteur Sinistre/Chargé Clients,Employeur non précisé,"BAFOUSSAM , DOUALA , YAOUNDÉ","ASSURANCE, DROIT, JURIDIQUE",0.875
f4aec00641242acf1b12,2,2,7482,OFFRE_007482_8b50ff3a1e4f,COMMERCIAUX TERRAIN,Employeur non précisé,"BAFOUSSAM , YAOUNDÉ","COMMERCE, GESTION, MARKETING",0.875
eea143965d07d676e018,2,2,7487,OFFRE_007487_fb3b9800a4c9,50 Gestionnaires De Portefeuilles Stagiaires,Employeur non précisé,"BAFOUSSAM , DOUALA , YAOUNDÉ","COMMERCIAL, MARKETING, VENTE",0.875
68073b9c4341e257d1e5,2,2,7488,OFFRE_007488_5e555bb1ac8a,03 Contrôleurs Internes,Employeur non précisé,"BAFOUSSAM , DOUALA , YAOUNDÉ",FINANCE,0.875
200b65b2d02c58dc6fa1,2,2,7489,OFFRE_007489_9bf6380ac369,10Agents De Recouvrement,Employeur non précisé,"BAFOUSSAM , DOUALA , YAOUNDÉ",FINANCE,0.875
33b8eb1cb45225f929a2,4,3,7490,OFFRE_007490_d0c35a73e2fb,10 Chargés (Es) Clientèle (Analystes De Crédits),Employeur non précisé,"BAFOUSSAM , DOUALA , YAOUNDÉ",FINANCE,0.875
2541c17728612e9da2bb,2,2,7491,OFFRE_007491_7ac5c0e18cda,05 Chefs D’agence,Employeur non précisé,"BAFOUSSAM , DOUALA , YAOUNDÉ",FINANCE,0.875
5fbb6c5054c9f1595a9a,2,2,7492,OFFRE_007492_95d46cc31cd9,10 GESTIONNAIRES De Crédit Classique (Crédit Habitat),Employeur non précisé,"BAFOUSSAM , DOUALA , DSCHANG , YAOUNDÉ","COMPTABILITÉ, FINANCE",0.875
58b9cb3f36eab8189fab,2,1,7493,OFFRE_007493_d26aaf655ba3,CHARGES DE CLIENTELE,Employeur non précisé,"BAFOUSSAM , BERTOUA , DOUALA , GAROUA , NGAOUNDERE","COMMERCE, MARKETING, VENTE",0.875
f9a9343b86a6faf7c81b,2,2,7494,OFFRE_007494_daff023d856a,Recrutement De Quatre (04) Psychologues,Employeur non précisé,"BAFOUSSAM , DOUALA , EBOLOWA , YAOUNDÉ",SANTÉ,0.875
c12961d01d1552a49264,3,3,7495,OFFRE_007495_ad9a843947d8,COMMERCIAUX À MOTO,Employeur non précisé,"BAFOUSSAM , BERTOUA , DOUALA , EBOLOWA , KRIBI , NGAOUNDERE , YAOUNDÉ",COMMERCE,0.875
71fabb31a53afdd6feef,2,2,7497,OFFRE_007497_327c583acb30,04 SI/M&E ASSOCIATES,Employeur non précisé,"BAFOUSSAM , DOUALA , NGAOUNDERE , YAOUNDÉ",SANTÉ,0.875
8dfe72a1f0f95e64b2a9,2,2,7498,OFFRE_007498_58eedb7a3371,CANDIDATURES SPONTANEES - STAGES ET EMPLOIS,Employeur non précisé,"BAFOUSSAM , DOUALA , YAOUNDÉ","BANQUE, COMPTABILITÉ, DROIT, GESTION",0.875
aa2088202887f76b9ca3,2,1,7499,OFFRE_007499_d492ca3776e5,02 CHEFS D’AGENCE,Employeur non précisé,"BAFOUSSAM , BAMENDA , DOUALA","BANQUE, FINANCE, GESTION",0.875
3b45d3038f92b36b1b9f,2,2,7500,OFFRE_007500_833e773ee1be,EPIC COMMUNITY ADVISOR AND ZONAL LEAD,Employeur non précisé,"BAFOUSSAM , YAOUNDÉ","RH, SANTÉ",0.875
13f9120b2dd38005c990,2,2,7501,OFFRE_007501_c866c2d77c29,03 RESEARCH ASSISTANTS,Employeur non précisé,"BAFOUSSAM , KRIBI",SANTÉ,0.875
4d04897decb41c306356,2,2,7504,OFFRE_007504_7b56bbfe3777,10 Agents De Recouvrement,Employeur non précisé,"BAFOUSSAM , DOUALA , YAOUNDÉ",FINANCE,0.875
33b8eb1cb45225f929a2,4,4,7505,OFFRE_007505_97c6f8b64af1,10 Chargés (Es) Clientèle (Analystes De Crédits),Employeur non précisé,"BAFOUSSAM , DOUALA , YAOUNDÉ",FINANCE,0.875
d26d3a7317ae40f9a85d,2,2,7506,OFFRE_007506_b9e95824eda1,05 Contrôleurs Internes,Employeur non précisé,"BAFOUSSAM , DOUALA , YAOUNDÉ",FINANCE,0.875
8050f261e871aefa654a,2,2,7507,OFFRE_007507_015cee391643,Chefs D’agence,Employeur non précisé,"BAFOUSSAM , DOUALA , YAOUNDÉ",FINANCE,0.875
1665c468707f85af4338,2,2,7508,OFFRE_007508_0278cbc9ca17,Chargés (Es) Clientèle (Analystes De Crédits),Employeur non précisé,"BAFOUSSAM , DOUALA , YAOUNDÉ",FINANCE,0.875
c3cd9827aca7f55c5709,8,7,7509,OFFRE_007509_c5e47c38a1b0,Contrôleurs Internes,Employeur non précisé,"BAFOUSSAM , DOUALA , YAOUNDÉ",FINANCE,0.875
f0b6d748cba6b5dc2a89,5,3,7511,OFFRE_007511_f6028784dbdc,CONSEILLERS (ÈRES) CLIENTS,Employeur non précisé,"BAFOUSSAM , BAMENDA , DOUALA , GAROUA , KRIBI , YAOUNDÉ","COMMUNICATION, MARKETING",0.875
622217def234ce1ce539,2,2,7512,OFFRE_007512_328b029e72b4,AGENT DE RECRUTEMENT CHAUFFEUR,Employeur non précisé,"BAFOUSSAM , DOUALA , YAOUNDÉ","LOGISTIQUE, TRANSPORT",0.875
3134eac09eebe9055d96,6,3,7513,OFFRE_007513_deab8d30035d,Professeur Particulier,Employeur non précisé,"ADAMAOUA , BAFANG , BAFOUSSAM , BAMENDA , BANDJOUN , BANGANGTÉ , BANGANTÉ , BANGANTE , BATOURI , BERTOUA , BUÉA , CAMEROUN , DOUALA , DSCHANG , EBOLOWA , EDEA , EN LIGNE , EXTRÊME NORD , EXTREME-NORD , FOUMBAN , FOUMBOT , GAROUA , KOUSSERI , KRIBI , KUMBA , LIMBE , LITTORAL , MAROUA , MEIGANGA , MOKOLO , MORA , NGAOUNDERE , NGAOUNDERE , NKONGSAMBA , PITOA , SOUZA , YAGOUA , YAOUNDÉ","ENSEIGNEMENT, OFFRE DE FORMATION",0.875
269bc3b1c873ae56900f,2,2,7514,OFFRE_007514_b13df54e7de1,03 CHEFS D'AGENCE,Employeur non précisé,"BAFOUSSAM , DOUALA , YAOUNDÉ","ASSURANCE, COMMERCE, GESTION",0.875
882dd6a52dcb647a323a,2,2,7516,OFFRE_007516_78616bd437e9,TRADE OFFICER (H/F),Employeur non précisé,"BAFOUSSAM , DOUALA , YAOUNDÉ",CATÉGORIES DES RECRUTEMENTS ET OFFRES D'EMPLOIS AU CAMEROUN,0.875
af774e249a96e6b91282,2,2,7517,OFFRE_007517_dc4f86765ac8,06 Chargées D’accueil Stagiaires,Employeur non précisé,"BAFOUSSAM , DOUALA , YAOUNDÉ",TOUS LES PROFILS,0.875
3e14bbb5c54b93ef95e7,2,2,7520,OFFRE_007520_acd5be8f629f,08 Agents De Recouvrement,Employeur non précisé,"BAFOUSSAM , BANGANTÉ , DOUALA , NKONGSAMBA , YAOUNDÉ",FINANCE,0.875
fae44cd33fcbdc8f30d5,2,2,7521,OFFRE_007521_7c3a28f4b236,08 Chargés (Es) Clientèle (Analystes De Crédits),Employeur non précisé,"BAFOUSSAM , DOUALA , NKONGSAMBA , YAOUNDÉ",FINANCE,0.875
df187c7cdfa8d85aa050,2,2,7522,OFFRE_007522_efe978e85abe,STAGIAIRES DE VACANCES 2025,Employeur non précisé,"BAFOUSSAM , BERTOUA , DOUALA , NGAOUNDERE , YAOUNDÉ",AUTRES,0.875
f14b253685883d5b6790,2,2,7523,OFFRE_007523_0a27963f43d5,Chargé Clientèle Sénior,Employeur non précisé,"BAFOUSSAM , YAOUNDÉ",FINANCE,0.875
ea98f38abf15f53b2cb4,4,2,7525,OFFRE_007525_67771e6f3aff,Commercial,Employeur non précisé,"BAFOUSSAM , DOUALA , GAROUA , MAROUA , NGAOUNDERE , YAOUNDÉ","FINANCE, INFORMATIQUE, TRANSPORT",0.875
f605fc014a35e97505ef,3,3,7526,OFFRE_007526_b05fd24d1aa6,10 INGENIEURS DE SUIVI,Employeur non précisé,"BAFOUSSAM , DOUALA , EDEA , KRIBI , YAOUNDÉ","ÉLECTRICIEN, GÉNIE CIVIL, INGÉNIEUR, MÉCANIQUE",0.875
85030ee146722d5790d3,3,2,7527,OFFRE_007527_9129aeaaff10,CONTROLEURS PERMANENTS STAGIAIRES,Employeur non précisé,"BAFOUSSAM , BAMENDA , DOUALA , YAOUNDÉ","BANQUE, COMPTABILITÉ, FINANCE",0.875
88af73ff645768287b30,2,2,7528,OFFRE_007528_78577f3cf466,Sales Representative,Employeur non précisé,"BAFOUSSAM , DOUALA , YAOUNDÉ",COMMERCIAL,0.875
5ef64647adef1cf705f6,3,2,7529,OFFRE_007529_6974cdfc295d,AGENTS DE VENTE DIRECTE (AVD),Employeur non précisé,"BAFOUSSAM , BAMENDA , DOUALA , KUMBA , LIMBE , YAOUNDÉ","COMMERCE, MARKETING, VENTE",0.875
b9068cf4cda94d29bf56,2,2,7530,OFFRE_007530_94032c8066da,Agents De Recouvrement,Employeur non précisé,"BAFOUSSAM , DOUALA , YAOUNDÉ",FINANCE,0.875
07720eef5c6e0fb59f7f,2,2,7531,OFFRE_007531_79c63bee41b8,Chargés (Es) Clientèle (Agents De Crédits),Employeur non précisé,"BAFOUSSAM , DOUALA , YAOUNDÉ",FINANCE,0.875
c3cd9827aca7f55c5709,8,8,7532,OFFRE_007532_24f43d8ad06f,Contrôleurs Internes,Employeur non précisé,"BAFOUSSAM , DOUALA , YAOUNDÉ",FINANCE,0.875
c36a0feb9605cfb6cd25,6,3,7533,OFFRE_007533_168cff7111b9,20 Agents Polyvalents,Employeur non précisé,"BAFOUSSAM , BAMENDA , BERTOUA , BUÉA , DOUALA , EBOLOWA , GAROUA , KRIBI , LIMBE , MAROUA , NGAOUNDERE , NKONGSAMBA , YAOUNDÉ",BANQUE,0.875
bb09c12be3e651b35250,3,1,7535,OFFRE_007535_18f1fdfdbbfb,Commercaiaux,Employeur non précisé,"BAFOUSSAM , BERTOUA , GAROUA , MAROUA , NGAOUNDERE",COMMERCE,0.875
c60f0ffff903f9057e26,2,1,7536,OFFRE_007536_dd4cd0d5ac8a,CONSULTANCE_THEATRE FORUMS_Relance,Employeur non précisé,"BAFOUSSAM , BAMENDA , MBOUDA",SANTÉ,0.875
fd493c78a267b730fab7,2,1,7537,OFFRE_007537_b39edef01baa,100 VENDEURS (SES) De Produits Canal+,Employeur non précisé,"BAFOUSSAM , DOUALA , GAROUA , NGAOUNDERE",VENTE,0.875
443699b16db59f2b86b8,3,2,7541,OFFRE_007541_8a5be97b914a,12 CHEFS(FES) D’AGENCE,Employeur non précisé,"BAFOUSSAM , BAMENDA , DOUALA , LIMBE , YAOUNDÉ","BANQUE, FINANCE, GESTION",0.875
30e64d7ae92417b6200a,2,2,7542,OFFRE_007542_f0d4706400e5,Vendeurs / Vendeuses,Employeur non précisé,"BAFOUSSAM , CAMEROUN , DOUALA , YAOUNDÉ",VENTE,0.875
67a654d07ee00150fece,6,3,7543,OFFRE_007543_a5ae4ae7a569,AVIS DE RECRUTEMENT DE 117 ENQUETEURS POUR UNE ENQUETE POST-CAMPAGNE DANS LES DIX REGIONS DU CAMEROUN,Employeur non précisé,"À L’ÉTRANGER , ABONG-MBANG , ADAMAOUA , AKONO , AMBAM , BAFANG , BAFIA , BAFOUSSAM , BAKOSSI , BAMENDA , BANA , BANDJOUN , BANGANGTÉ , BANGANTE , BANGANTÉ , BANGOU , BATCHENGA , BATOURI , BAZOU , BEKOKO , BERTOUA , BESSOUNGANG, BONALÉA-SOUZA , BOUAM , BUÉA , CAMEROUN , CAMPO , CAMPO , CENTRE , DIZANGUÉ , DJOHUNG , DJOUM , DOUALA , DOUMÉ , DSCHANG , EBOLOWA , EDEA , EN LIGNE , ESEKA , EST , EXTRÊME NORD , EXTREME-NORD , FAKO , FARO , FIGUIL , FONDJOMOKO(KEKEM) , FOTOKOL , FOUMBAN , FOUMBOT , GAROUA , GAROUA BOULAI , GAROUA BOULAI, BÉTARÉ-OYA, TOUBORO, LOGONE BIRNI , KEKEM , KOUSSERI , KRIBI , KUMBA , LIMBE , LOBEKE , LOEBEKE , LOGONE ET CHARI , MAKARY , MALEMBE , MALEMBE , MAMBELE , MAMFE , MAROUA , MBADJOCK , MBALAM , MBALMAYO , MBAM , MBANKOMO , MBOUDA , MEIGANGA , MESSAMENA , MEYOMESSALA , MINTOM , MOKOLO , MOLOUNDOU , MONABO , MONATÉLÉ , MORA , MOULOUNDOU , MUNDEMBA , MUTENGENE , NANGA EBOKO , NDIAN , NDOKOA , NGAN-HA , NGAOUNDAL , NGAOUNDERE , NGAOUNDERE , NGOUMOU , NGOUNSO , NGOYLA , NGOYLA , NIÉTÉ , NJOMBÉ , NKONGSAMBA , NKOTENG , NOMAYOS , NORD , NYABI , OUEST , PENJA , PITOA , POLI , SANGMELIMA , SEPTENTRION , SUD , TCHOLLIRÉ , TÉLÉTRAVAIL , TIBATI , TIGNERE , TIKO , TONGA , YABASSI , YAGOUA , YAGOUA , YAOUNDÉ , YOKADOUMA , YOKO",HUMANITAIRE,0.875
9d2f0495f6ae6b329d67,2,2,7544,OFFRE_007544_ce7455a024c6,Formateur En IPv6 - Mise En Œuvre,Employeur non précisé,"BAFOUSSAM , DOUALA , YAOUNDÉ",INFORMATIQUE,0.875
90e52e10124eb0565149,3,2,7545,OFFRE_007545_499baa131bd0,REGIONAL SITE SUPERVISOR,Employeur non précisé,"BAFOUSSAM , BAMENDA , DOUALA , KRIBI , LIMBE","ELECTRICITÉ, ELECTROMÉCANIQUE",0.875
2c2bb5e95d5b3cdc1122,2,2,7548,OFFRE_007548_5a039b75a810,ENSEIGNANTS PERMANENTS / COORDONATEURS DE CYCLES ACADEMIQUES,Employeur non précisé,"BAFOUSSAM , DOUALA , YAOUNDÉ",ENSEIGNEMENT,0.875
eccf19e558628e8a1400,2,2,7549,OFFRE_007549_06950f674aa0,08 Contrôleurs Internes,Employeur non précisé,"BAFOUSSAM , DOUALA , YAOUNDÉ","BANQUE, FINANCE",0.875
0dd2b1e13ccd895f7877,2,2,7551,OFFRE_007551_7d88f5f42f41,Agents De Recouvrement,Employeur non précisé,"BAFOUSSAM , DOUALA , YAOUNDÉ","BANQUE, DROIT, FINANCE",0.875
9ae10b2bbfa89b615df2,2,2,7552,OFFRE_007552_c825a3fdb3c5,Chargés (Es) Clientèle (Agents De Crédits),Employeur non précisé,"BAFOUSSAM , DOUALA , YAOUNDÉ","COMMUNICATION, MARKETING",0.875
c6341c3c7d33b98c6847,2,2,7554,OFFRE_007554_1d564656e9fa,03 Commerciaux,Employeur non précisé,"BAFOUSSAM , DOUALA , YAOUNDÉ",COMMERCIAL,0.875
5ea3cb4f2e2428bb2ebf,3,3,7555,OFFRE_007555_725d2faa3b2f,04 IP SUPPORT ENGINEERS,Employeur non précisé,"BAFOUSSAM , BUÉA , YAOUNDÉ",INGÉNIEUR,0.875
947511ee548651ffeb77,2,2,7556,OFFRE_007556_735064dc6024,02 Gestionnaires De Portefeuille,Employeur non précisé,"BAFOUSSAM , DOUALA , YAOUNDÉ","COMMERCIAL, FINANCE",0.875
4ac6e1710f5459ddf283,3,2,7557,OFFRE_007557_2b2c30f4e9cf,COORDONNATEUR(TRICE) De Projet Senior,Employeur non précisé,"BAFOUSSAM , DOUALA , GAROUA , YAOUNDÉ","DROIT, ECONOMIE, SCIENCES POLITIQUES",0.875
70f3ef13b430ec0e8889,2,1,7558,OFFRE_007558_c35ac6f7373f,03 COORDONNATEURS (TRICES) DE PROJET,Employeur non précisé,"BAFOUSSAM , DOUALA , GAROUA","DROIT, ECONOMIE, SCIENCES POLITIQUES",0.875
d7baf0340088bfb4f47c,3,2,7559,OFFRE_007559_0f807f877c29,Agent Commercial,Employeur non précisé,"BAFOUSSAM , BAMENDA , DOUALA , YAOUNDÉ",COMMERCIAL,0.875
309df0ab188a412ad0c3,2,2,7561,OFFRE_007561_1ba7d7e966e4,Superviseur Des Ventes Terrains,Employeur non précisé,"BAFOUSSAM , DOUALA , YAOUNDÉ","COMMERCIAL, VENTE",0.875
7b904e83636bb67a1479,3,2,7562,OFFRE_007562_aff0c5cd00c7,PLOMBIER,Employeur non précisé,"BAFOUSSAM , GAROUA , YAOUNDÉ",PLOMBERIE,0.875
ac62d5bc58b61c1e8313,2,2,7563,OFFRE_007563_13198be2d090,CONSEILLERS EN ASSURANCE NON-VIE,Employeur non précisé,"BAFOUSSAM , DOUALA , YAOUNDÉ",ASSURANCE,0.875
d2c3798192ede4f51d04,2,1,7565,OFFRE_007565_ec0483caef2e,Des Commerciaux Dynamiques À Rémunération Directe :,Employeur non précisé,"BAFOUSSAM , DOUALA , GAROUA , NGAOUNDERE",COMMERCIAL,0.875
9aeb35c3625f4895b4c8,3,2,7567,OFFRE_007567_5c22974c7216,WHOLESALES,Employeur non précisé,"BAFOUSSAM , DOUALA , GAROUA , YAOUNDÉ",COMMERCE,0.875
37ffb8a2b942dbf03793,3,2,7568,OFFRE_007568_6decae9be322,"Campagne De Stages CAMI 2024, Jeunes Diplômés Et Etudiants",Employeur non précisé,"BAFOUSSAM , BERTOUA , DOUALA , GAROUA , NGAOUNDERE , YAOUNDÉ",TOUS LES PROFILS,0.875
ffa99999f6b426a755c6,2,2,7570,OFFRE_007570_c5efd61666eb,Conseillé D'assurance,Employeur non précisé,"BAFOUSSAM , BERTOUA , DOUALA , YAOUNDÉ",COMMERCIAL,0.875
b9e52e4d923c68cf0d4c,2,2,7571,OFFRE_007571_328e52e4f995,02 EXPERT.ES ADMINISTRATIF.VE ET FINANCIER.ERE JUNIOR SoCiG,Employeur non précisé,"BAFOUSSAM , YAOUNDÉ","COMPTABILITÉ, FINANCE, GESTION",0.875
baab5765d81b5e338497,2,2,7576,OFFRE_007576_8a105052bf9e,AGENT DE SECURITE,Employeur non précisé,"BAFOUSSAM , DOUALA , YAOUNDÉ",OUVRIERS / OPÉRATEURS / AGENTS,0.875
e937d4285781196ee7ab,2,2,7577,OFFRE_007577_7c11cd0dcac5,MANUTENTIONNAIRE,Employeur non précisé,"BAFOUSSAM , DOUALA , YAOUNDÉ",OUVRIERS / OPÉRATEURS / AGENTS,0.875
6006ba69542e96cf2118,2,2,7578,OFFRE_007578_1ec24dad8e1d,MAGASINIER,Employeur non précisé,"BAFOUSSAM , BANGANTÉ , DOUALA , YAOUNDÉ",LOGISTIQUE,0.875
673fbc440c360774505b,2,2,7579,OFFRE_007579_f2a72186b03a,UN(E) CONTENT MANAGER,Employeur non précisé,"BAFOUSSAM , YAOUNDÉ",COMMUNITY MANAGEMENT,0.875
6a3dbd8cc4fe4593c917,3,2,7581,OFFRE_007581_f3b2b65bfa11,CHARGE DE CLIENTELE,Employeur non précisé,"BAFOUSSAM , BERTOUA , DOUALA , GAROUA , NGAOUNDERE , YAOUNDÉ",COMMERCIAL,0.875
5c91969c65037257d535,2,2,7582,OFFRE_007582_da56f8cf0693,GESTIONNAIRES DE PORTEFEUILLE CLIENTS,Employeur non précisé,"BAFOUSSAM , DOUALA , YAOUNDÉ",FINANCE,0.875
7db64eb9445ee288f432,3,1,7584,OFFRE_007584_5568999e6cc3,"Batch Recruitment (06) HIV/AIDS Officer, (NO-2)",Employeur non précisé,"BAFOUSSAM , BERTOUA , EBOLOWA , GAROUA , MAROUA , NGAOUNDERE",SANTÉ,0.875
611eefa4c170a8a0d551,2,2,7587,OFFRE_007587_e64c11665a26,04 Gestionnaires,Employeur non précisé,"BAFOUSSAM , DOUALA , YAOUNDÉ",GESTION,0.875
f161bc8cf3ffbeff47b6,2,2,7593,OFFRE_007593_fc46c0c33dc7,Chef Des Ventes Douala/Yaoundé/Bafoussam,Employeur non précisé,"BAFOUSSAM , DOUALA , YAOUNDÉ","COMMERCIAL, VENTE",0.875
750f021670fa7b3b5fdd,2,2,7594,OFFRE_007594_d9a82c0bb249,Superviseur Des Commerciaux,Employeur non précisé,"BAFOUSSAM , DOUALA , YAOUNDÉ","COMMERCE, MARKETING",0.875
5d0ed2c5385c6522c955,2,2,7598,OFFRE_007598_a0628d354383,Plusieurs Profils,Employeur non précisé,"BAFOUSSAM , DOUALA , YAOUNDÉ","BANQUE, FINANCE",0.875
ea18a4f358a395564d1f,2,2,7599,OFFRE_007599_6d65787300d6,03 Assistant(E)S IT,Employeur non précisé,"BAFOUSSAM , DOUALA , YAOUNDÉ",INFORMATIQUE,0.875
13cc715b6e0d59ab5261,2,2,7602,OFFRE_007602_5b46fb2e5029,HOTESSES DE MARQUE,Employeur non précisé,"BAFOUSSAM , DOUALA , YAOUNDÉ",AUTRES,0.875
3356d18be28d8bfdc7f9,2,2,7605,OFFRE_007605_2698ea2a2537,CONTROLEURS DE VENTE,Employeur non précisé,"BAFOUSSAM , DOUALA , YAOUNDÉ","COMMERCE, MARKETING, VENTE",0.875
6d6a5942f4e3d22ff456,2,2,7607,OFFRE_007607_5f5fde4061d8,AGENTS COMMERCIAUX,Employeur non précisé,"BAFOUSSAM , DOUALA , YAOUNDÉ","COMMERCE, MARKETING, VENTE",0.875
d24181e71e1fc8d38c18,2,2,7608,OFFRE_007608_65b305b05aab,Conseiller(E) Mobile H/F,Employeur non précisé,"BAFOUSSAM , DOUALA , YAOUNDÉ",AUTRES,0.875
87cc26857ec858c670f1,3,2,7609,OFFRE_007609_88f72f5e93e4,DSA (Detail Sales Agent) & LO (Agent De Crédit),Employeur non précisé,"BAFOUSSAM , BERTOUA , DOUALA , MAROUA , YAOUNDÉ","OUVRIERS / OPÉRATEURS / AGENTS, VENTE",0.875
97dcb5efc5a302930ab1,2,2,7613,OFFRE_007613_820a67c4e57c,Gestionnaire De Comptes,Employeur non précisé,"BAFOUSSAM , BUÉA , LIMBE",BANQUE,0.875
53d969d53360c9ceadb4,2,2,7614,OFFRE_007614_2343cc6afd57,05 Contrôleurs Opérationnels.,Employeur non précisé,"ADAMAOUA , BAFOUSSAM , BERTOUA , DOUALA , YAOUNDÉ","AUDIT, BANQUE, COMPTABILITÉ, GESTION",0.875
6b0b4351ae323d4f11d6,6,3,7615,OFFRE_007615_5cda327741e2,Développeur JAVA EE / JAVA 8 Avec Une Compétence SQL,Employeur non précisé,"BAFOUSSAM , BAMENDA , BERTOUA , BUÉA , DOUALA , EBOLOWA , GAROUA , MAROUA , NGAOUNDERE , YAOUNDÉ",INFORMATIQUE,0.875
52930de7caf029d98c6c,4,2,7616,OFFRE_007616_5cbb651c28b9,Recrutement Par Lots : 6 X Consultants Nationaux SBC Communication Des Risques Et Engagement Communautaire (RCCE) En Appui À La Génération De La Demande De Vaccination Et De Vaccination De Routine (RI) COVID-19,Employeur non précisé,"BAFOUSSAM , BAMENDA , BERTOUA , BUÉA , DOUALA , MAROUA",SCIENCE SOCIALE,0.875
de3d8d7b5b68007e0482,2,2,7617,OFFRE_007617_88037d4c296e,45 Agents De Crédit Stagiaires,Employeur non précisé,"BAFOUSSAM , DOUALA , YAOUNDÉ","COMMERCE, FINANCE",0.875
1a485a0e0aad9f32fbbd,3,2,7619,OFFRE_007619_907e87176c9e,Chargés De Clientèle,Employeur non précisé,"BAFOUSSAM , BERTOUA , DOUALA , GAROUA , NGAOUNDERE , YAOUNDÉ",COMMERCE,0.875
4cba3ec0d1166d417e19,2,2,7623,OFFRE_007623_1a90ad204fc1,Commercial Indépendant,Employeur non précisé,"BAFOUSSAM , DOUALA , YAOUNDÉ",COMMERCIAL,0.875
00ca85ce565278bc6ffa,2,2,7628,OFFRE_007628_b8c3ec217773,AVIS DE RECRUTEMENT POINTS FOCAUX VBG,Employeur non précisé,"BAFOUSSAM , DOUALA , YAOUNDÉ",ADMINISTRATION,0.875
e62fe8e3b123b4b5051b,2,2,7629,OFFRE_007629_9f3c4e7ae7e4,Hôtesses De Vente Bilingues,Employeur non précisé,"BAFOUSSAM , DOUALA , YAOUNDÉ","COMMUNICATION, MARKETING",0.875
75d8516748270210c29f,3,2,7632,OFFRE_007632_0bc95bc71fcd,AGENT GENERAL EN ASSURANCES Vie,Employeur non précisé,"BAFOUSSAM , BERTOUA , DOUALA , GAROUA , YAOUNDÉ",ASSURANCE,0.875
47a894863a9df9d253d7,2,2,7633,OFFRE_007633_b3f56b367b27,AGENT DE CAISSE,Employeur non précisé,"BAFOUSSAM , DOUALA , YAOUNDÉ",COMPTABILITÉ,0.875
3f3b4b9dd7d096a19e11,7,4,7634,OFFRE_007634_c92abcd20be1,25 AGENTS POLYVALENTS,Employeur non précisé,"BAFOUSSAM , BAMENDA , BERTOUA , BUÉA , CAMEROUN , DOUALA , DSCHANG , EBOLOWA , EDEA , GAROUA , GAROUA BOULAI, BÉTARÉ-OYA, TOUBORO, LOGONE BIRNI , KOUSSERI , KRIBI , LIMBE , MAROUA , NGAOUNDERE , NKONGSAMBA , NKOTENG , YAOUNDÉ","ADMINISTRATION, FINANCE",0.875
67cf3dd981d4c388d552,2,2,7643,OFFRE_007643_ed7540109abb,Gestionnaires De Comptes,Employeur non précisé,"BAFOUSSAM , KRIBI","ECONOMIE, FINANCE",0.875
9147123ed1421dff1993,6,3,7644,OFFRE_007644_0676400d1fbc,Conseillers Financiers Ngaoundéré Garoua Maroua Douala Limbe Bertoua Ebolowa Yaoundé Kribi Bafoussam Bamenda,Employeur non précisé,"BAFOUSSAM , BAMENDA , BERTOUA , DOUALA , EBOLOWA , GAROUA , KRIBI , LIMBE , MAROUA , NGAOUNDERE , YAOUNDÉ","COMMERCE, COMMUNICATION",0.875
c2bf4fd559047b5abb03,5,2,7645,OFFRE_007645_165faaa911d4,Financial Advisor,Employeur non précisé,"BAFOUSSAM , BAMENDA , BERTOUA , DOUALA , EBOLOWA , GAROUA , MAROUA , NGAOUNDERE , YAOUNDÉ","COMMERCE, COMMUNICATION",0.875
86528966ed152cd8f958,2,1,7646,OFFRE_007646_b3b063354a64,Financial AdvisoBafoussam-Bamenda,Employeur non précisé,"BAFOUSSAM , BAMENDA","ASSURANCE, FINANCE",0.875
549ef0c9d3ea609a4f14,2,1,7647,OFFRE_007647_f3bc912e4d1c,Conseillers Financiers -Bafoussam-Bamenda,Employeur non précisé,"BAFOUSSAM , BAMENDA","ASSURANCE, FINANCE",0.875
00103e620ead3c5fecc6,2,2,7648,OFFRE_007648_77e5ac6d8b29,Caissiers (H/F) Dla Yde Bf,Employeur non précisé,"BAFOUSSAM , DOUALA , YAOUNDÉ",FINANCE,0.875
de86947406e0c05039e1,2,2,7651,OFFRE_007651_c5554aded10c,AGENTS COMMERCIAUX,Employeur non précisé,"BAFOUSSAM , DOUALA , YAOUNDÉ",VENTE,0.875
3df608a1494fe3193dfd,2,2,7657,OFFRE_007657_f0ac317d3dc5,CINQ (05) DELEGUES MEDICAUX,Employeur non précisé,"BAFOUSSAM , DOUALA , YAOUNDÉ",ONG,0.875
e00588dd2832ec545347,2,2,7658,OFFRE_007658_7ea5a0690ceb,Des Commerciaux,Employeur non précisé,"BAFOUSSAM , DOUALA , NGAOUNDERE , YAOUNDÉ","COMMERCE, VENTE",0.875
fb6c60c9277ead3f9bb6,2,2,7660,OFFRE_007660_0a6057b12a7f,AGENTS DE CREDIT STAGIAIRES,Employeur non précisé,"BAFOUSSAM , DOUALA , YAOUNDÉ","COMPTABILITÉ, FINANCE",0.875
25d7262c4c6f934b038b,2,2,7661,OFFRE_007661_89a496bb3144,RESPONSABLE DE LA CONFORMITÉ ET DE LA DÉONTOLOGIE,Employeur non précisé,"BAFOUSSAM , CAMEROUN , DOUALA , MEIGANGA , NGAOUNDERE , NKOTENG , YAOUNDÉ",FINANCE,0.875
b364a2b9b3a421550f32,2,2,7662,OFFRE_007662_697b347e9778,"RECRUTEMENT MASSIF - DOUALA, YAOUNDE, BAFFOUSSAM, BANGAM, BAMENDJOU",Employeur non précisé,"BAFOUSSAM , DOUALA , YAOUNDÉ",RECRUTEMENT DE MASSE,0.875
215ddb25c6c2cd195628,2,2,7663,OFFRE_007663_692a0a7f8b8b,04 Stagiaires Professionnels -OLA Energy,Employeur non précisé,"BAFOUSSAM , DOUALA , YAOUNDÉ",STAGE,0.875
135a4350588309f7b29e,2,1,7674,OFFRE_007674_8fa507571135,03 Chargé(E)S De Supervision Des Activités,Employeur non précisé,"BAFOUSSAM , BAMENDA , FOUMBAN","PROJET, SANTÉ",0.875
ece292fa934e2fbfa153,2,2,7675,OFFRE_007675_86be80fdd4b3,CADRES COMMERCIAUX,Employeur non précisé,"BAFOUSSAM , DOUALA , YAOUNDÉ","ASSURANCE, COMMERCE",0.875
b422d846cd454cf5e8c2,2,2,7676,OFFRE_007676_098e632f8bd5,Community Manager,Employeur non précisé,"BAFOUSSAM , DOUALA , YAOUNDÉ","COMMUNICATION, MARKETING, RELATIONS PUBLIQUES, SCIENCE SOCIALE",0.875
6fd0e11cfd76f62c37d5,2,2,7677,OFFRE_007677_94d1b99b8b70,(23) Sales Executive-Diageo,Employeur non précisé,"BAFOUSSAM , BERTOUA , DOUALA , YAOUNDÉ",COMMERCE,0.875
d0062f1b5bf90714346c,2,2,7679,OFFRE_007679_aa3cce2eb63b,Relationship Managers,Employeur non précisé,"BAFOUSSAM , DOUALA , YAOUNDÉ","BANQUE, MARKETING",0.875
61dec68030e70879f4fd,3,2,7680,OFFRE_007680_734126982ff5,"COMMERCIAUX (H/F) – Yaoundé, Douala, Bafoussam, Ngaoundéré",Employeur non précisé,"BAFOUSSAM , DOUALA , GAROUA , YAOUNDÉ","COMMERCE, MARKETING",0.875
e5f860e520a8eed4a7b5,2,2,7681,OFFRE_007681_280b6cf5e50c,AREA PERFORMING OPERATING MANAGER,Employeur non précisé,"BAFOUSSAM , BERTOUA , DOUALA , EBOLOWA , NGAOUNDERE , YAOUNDÉ","COMMERCE, COMMUNICATION, FINANCE, GESTION, MARKETING",0.875
26867a99c36243c5ee8b,2,2,7682,OFFRE_007682_fe0dae94d2cd,SALES & DISTRIBUTION DISTRICK LEADER,Employeur non précisé,"BAFOUSSAM , BERTOUA , DOUALA , EBOLOWA , NGAOUNDERE , YAOUNDÉ","COMMERCE, COMMUNICATION, FINANCE, GESTION, MARKETING",0.875
c8f69679f157eb3ff4f5,3,2,7685,OFFRE_007685_039f26170037,300 Collecteurs - Opération Vacances Sans Déchets Plastiques,Employeur non précisé,"BAFOUSSAM , DOUALA , GAROUA , LIMBE , NKONGSAMBA , YAOUNDÉ",HYGIÈNE,0.875
3fd4939da3465771201e,3,1,7686,OFFRE_007686_0250bb780db7,COMMERCIAUX,Employeur non précisé,"BAFOUSSAM , BAMENDA , BERTOUA , DOUALA , EBOLOWA , GAROUA , NGAOUNDERE , YAOUNDÉ","COMMERCE, VENTE",0.875
2d6cbad8292ee9f1e18e,2,2,7687,OFFRE_007687_69b45195cd14,DES STAGIAIRES DE VACANCES,Employeur non précisé,"BAFOUSSAM , YAOUNDÉ",FINANCE,0.875
741f4f4d1981584e7218,2,2,7689,OFFRE_007689_fd5bf426eb81,Offre D'emploi: 60 Coursiers Indépendants,Employeur non précisé,"BAFOUSSAM , DOUALA , YAOUNDÉ",AUTRES,0.875
a6a940a9c8fb1c29bd51,3,2,7690,OFFRE_007690_e96156be8574,Offre D'emploi: Chargés De Comptes (H/F),Employeur non précisé,"BAFOUSSAM , BAMENDA , BERTOUA , DOUALA , YAOUNDÉ","ASSURANCE, COMMERCE, GESTION",0.875
bac9dcf1b2e0b84dbb9e,3,2,7691,OFFRE_007691_4d0a521ad49a,Offre De Stage: STAGIAIRE(S) EN COMMUNICATION (TÉLÉTRAVAIL),Employeur non précisé,"BAFOUSSAM , BAMENDA , BERTOUA , DOUALA , YAOUNDÉ","COMMERCE, COMMUNICATION, MARKETING",0.875
5224e6fc50f439745a37,3,1,7693,OFFRE_007693_3d3419a0a9d2,Offre D'emploi: CONSEILLER TECHNIQUE EN PRÉVENTION DU VIH / SIDA,Employeur non précisé,"BAFOUSSAM , BERTOUA , DOUALA , GAROUA , MAROUA , NGAOUNDERE","ONG, SANTÉ",0.875
03ffb7ef3e9c07d3b4a6,6,3,7696,OFFRE_007696_335d88f164d4,Offre D'emploi: CHEFS STATIONS SERVICES,Employeur non précisé,"BAFOUSSAM , BAMENDA , BERTOUA , BUÉA , DOUALA , GAROUA , MAROUA , NGAOUNDERE , YAOUNDÉ","AUTRES, MARKETING, VENTE",0.875
0a0040c47ea42163afbe,7,4,7697,OFFRE_007697_1ad8f30d67cf,Recrutement Massif-Cameroon Equatorial Development (CED) Sarl,Employeur non précisé,"BAFANG , BAFOUSSAM , BAMENDA , BATOURI , BERTOUA , BUÉA , DOUALA , DSCHANG , EBOLOWA , EDEA , FOUMBAN , FOUMBOT , GAROUA , KOUSSERI , KRIBI , KUMBA , LIMBE , MAMFE , MAROUA , MEIGANGA , MOKOLO , MORA , MUTENGENE , NGAOUNDERE , NGAOUNDERE , NGOYLA , NKONGSAMBA , PITOA , TIBATI , YAOUNDÉ",CATÉGORIES DES RECRUTEMENTS ET OFFRES D'EMPLOIS AU CAMEROUN,0.875
45f733c8f19faa2361d3,3,3,7700,OFFRE_007700_386026b8a032,Offre D'emploi: TROIS CONTROLEURS ENTREPOTS,Employeur non précisé,"BAFOUSSAM , KRIBI , YAOUNDÉ","AUTRES, HYGIÈNE, SÉCURITÉ",0.875
0e9ac2d0653dd4c0a489,2,2,7713,OFFRE_007713_029a332c9a86,Vendeur Ambulants,Employeur non précisé,"BAFOUSSAM , DOUALA , YAOUNDÉ",VENTE,0.875
651813a07093517334ed,3,3,7716,OFFRE_007716_f69a88f71410,AGENTS DE CREDIT,Employeur non précisé,"BAFOUSSAM , DOUALA , KRIBI , YAOUNDÉ",FINANCE,0.875
05b8c51a8202767af6b1,2,2,7717,OFFRE_007717_18706e9caa25,Attaché Commercial Itinérant,Employeur non précisé,"BAFOUSSAM , DOUALA , NGAOUNDERE , YAOUNDÉ",COMMERCE,0.875
977151c668bd77c69260,2,2,7718,OFFRE_007718_7ca4ca5c1907,Attaché Commercial,Employeur non précisé,"BAFOUSSAM , DOUALA , NGAOUNDERE , YAOUNDÉ",COMMERCE,0.875
2b5b10334e4c4550d1c2,3,2,7719,OFFRE_007719_61f6136c9317,STAGIAIRES COMMERCIAUX,Employeur non précisé,"BAFOUSSAM , DOUALA , GAROUA , NGAOUNDERE , YAOUNDÉ",COMMERCE,0.875
02f41446842bc25f17a4,2,2,7721,OFFRE_007721_7a57daedeb65,"Caissier – Yaoundé, Douala, Bafoussam, Ngaoundéré",Employeur non précisé,"BAFOUSSAM , DOUALA , NGAOUNDERE , YAOUNDÉ","ASSURANCE, FINANCE",0.875
f38ad4e07ff47407988e,6,3,7724,OFFRE_007724_d4f7ca0c6fbd,100 Jeunes Diplômés,Employeur non précisé,"BAFOUSSAM , BAMENDA , BERTOUA , BUÉA , DOUALA , EBOLOWA , GAROUA , MAROUA , NGAOUNDERE , YAOUNDÉ",CATÉGORIES DES RECRUTEMENTS ET OFFRES D'EMPLOIS AU CAMEROUN,0.875
9722b2b820b8d99ebb43,5,3,7729,OFFRE_007729_0d9b98acc737,Offre D'emploi : Chargé SEO À Domicile,Employeur non précisé,"BAFOUSSAM , BAMENDA , BERTOUA , BUÉA , GAROUA , KRIBI , LIMBE , MAROUA , YAOUNDÉ","INFORMATIQUE, MARKETING",0.875
4f02c8a5cad6d8cfb9b4,4,2,7730,OFFRE_007730_e31b3df8f1e4,TECHNICIEN ÉLECTRICIEN JUNIOR,Employeur non précisé,"BAFOUSSAM , BAMENDA , BERTOUA , BUÉA , DOUALA , EBOLOWA , GAROUA , MAROUA , NGAOUNDERE , YAOUNDÉ",INDUSTRIE,0.875
597ce775ccd7f2eaacc1,3,2,7731,OFFRE_007731_37dfe65c0346,10 TECHNICIENS MECANICIEN JUNIOR,Employeur non précisé,"BAFOUSSAM , BAMENDA , BATOURI , BERTOUA , BUÉA , DOUALA , DSCHANG , EBOLOWA , GAROUA , NGAOUNDERE , YAOUNDÉ",INDUSTRIE,0.875
14de228bbd530bb04163,2,1,7735,OFFRE_007735_d2618b45b41d,02 Manipulateurs De Radiologie,Employeur non précisé,BAFOUSSAM,SANTÉ,0.875
14de228bbd530bb04163,2,2,7745,OFFRE_007745_b33a5a9433d5,02 Manipulateurs De Radiologie,Employeur non précisé,BAFOUSSAM,SANTÉ,0.875
8f2b2575be600d8974d4,4,2,7747,OFFRE_007747_8f5a60a29f36,Analyste​ De Tests Et D’Assurance Qualité (H/F),Employeur non précisé,"BAFOUSSAM , BAMENDA , BERTOUA , BUÉA , DOUALA , LIMBE , MAROUA , YAOUNDÉ","ADMINISTRATION, ASSURANCE",0.875
878d85fdeec861c140ce,4,2,7748,OFFRE_007748_805cc3f48a81,Assistant Community Manager,Employeur non précisé,"BAFOUSSAM , BAMENDA , BUÉA , DOUALA , LIMBE , MAROUA , YAOUNDÉ",RÉSEAUX SOCIAUX,0.875
6aaf7fbf1cf86327413a,6,3,7750,OFFRE_007750_a09da5749986,105 Agents De Collecte-INS,Employeur non précisé,"BAFOUSSAM , BAMENDA , BERTOUA , BUÉA , DOUALA , GAROUA , KRIBI , LIMBE , MAROUA , YAOUNDÉ",CATÉGORIES DES RECRUTEMENTS ET OFFRES D'EMPLOIS AU CAMEROUN,0.875
5a20689acbd30835a4bf,2,2,7751,OFFRE_007751_51a9a2ac5b9b,Recrutement De Stagiaires Commerciaux Pour UBA,Employeur non précisé,"BAFOUSSAM , KRIBI , LIMBE , YAOUNDÉ",COMMERCE,0.875
d4765c6449d6a1e8919e,4,3,7756,OFFRE_007756_4ff5cc96a7b0,Agent De Vente Directe-Banque Atlantique Cameroun,Employeur non précisé,"BAFOUSSAM , BAMENDA , BERTOUA , BUÉA , DOUALA , KRIBI , LIMBE , YAOUNDÉ",FINANCE,0.875
42d80ec041ebb74a0a9c,4,2,7759,OFFRE_007759_1fce0e042270,CONSEILLERS CLIENTELES,Employeur non précisé,"BAFOUSSAM , BAMENDA , DOUALA , GAROUA , KRIBI , YAOUNDÉ",ASSURANCE,0.875
da2f67fc579f3ce6cee0,6,3,7767,OFFRE_007767_dc562d121dd5,Auditeur Interne,Employeur non précisé,"BAFOUSSAM , BAMENDA , BERTOUA , BUÉA , DOUALA , EBOLOWA , EDEA , GAROUA , KRIBI , KUMBA , LIMBE , MAROUA , NGAOUNDERE , NKONGSAMBA , YAOUNDÉ",FINANCE,0.875
274b6e7e74ed3822b81a,6,3,7768,OFFRE_007768_d05cdebfdb31,Agent Comptable Central,Employeur non précisé,"BAFOUSSAM , BAMENDA , BERTOUA , BUÉA , DOUALA , EBOLOWA , EDEA , GAROUA , KRIBI , KUMBA , LIMBE , MAROUA , NGAOUNDERE , NKONGSAMBA , YAOUNDÉ",FINANCE,0.875
7fcf266395bfbaa78879,6,3,7769,OFFRE_007769_c920a26ebcd6,Contrôleur Financier Central,Employeur non précisé,"BAFOUSSAM , BAMENDA , BERTOUA , BUÉA , DOUALA , EBOLOWA , GAROUA , KRIBI , KUMBA , LIMBE , MAROUA , NGAOUNDERE , NKONGSAMBA , YAOUNDÉ",FINANCE,0.875
0bd8c0e5ad155606953a,6,3,7770,OFFRE_007770_cc43e2658d35,Online Digital,Employeur non précisé,"BAFOUSSAM , BAMENDA , BERTOUA , BUÉA , DOUALA , EBOLOWA , EDEA , GAROUA , KRIBI , KUMBA , LIMBE , MAROUA , NGAOUNDERE , NKONGSAMBA , YAOUNDÉ",CATÉGORIES :,0.875
7b975f64403a80107952,2,2,7771,OFFRE_007771_2d1d1e05911d,AGENTS COMMERCIAUX,Employeur non précisé,"BAFOUSSAM , DOUALA , KRIBI , LIMBE , YAOUNDÉ",COMMUNICATION,0.875
efefdc1ca3acec0923d5,7,5,7782,OFFRE_007782_2af1d0c05eff,Technico-Commerciale & Ambassadrice,Employeur non précisé,"DOUALA , YAOUNDÉ","COMMUNICATION, MARKETING, SANTÉ",0.875
b3a5cc3a83927400c7ef,6,4,7783,OFFRE_007783_73675f099bac,Commerciaux,Employeur non précisé,DOUALA,PATISSERIE,0.875
9848fd727703fb61e670,3,3,7784,OFFRE_007784_519cbdce59f6,ATTACHES DEVELOPPEMENT COMMERCIAL H/F,Employeur non précisé,"BAFOUSSAM , DOUALA , GAROUA , YAOUNDÉ","COMMERCE, MARKETING, VENTE",0.875
58b9cb3f36eab8189fab,2,2,7792,OFFRE_007792_76ae454ebcda,CHARGES DE CLIENTELE,Employeur non précisé,"BAFOUSSAM , BERTOUA , DOUALA , GAROUA , NGAOUNDERE","COMMERCE, MARKETING, VENTE",0.875
f0b6d748cba6b5dc2a89,5,4,7802,OFFRE_007802_b7dd4b5f8fd5,CONSEILLERS (ÈRES) CLIENTS,Employeur non précisé,"BAFOUSSAM , BAMENDA , DOUALA , GAROUA , KRIBI , YAOUNDÉ","COMMUNICATION, MARKETING",0.875
3134eac09eebe9055d96,6,4,7805,OFFRE_007805_a34e54dc3b65,Professeur Particulier,Employeur non précisé,"ADAMAOUA , BAFANG , BAFOUSSAM , BAMENDA , BANDJOUN , BANGANGTÉ , BANGANTE , BANGANTÉ , BATOURI , BERTOUA , BUÉA , CAMEROUN , DOUALA , DSCHANG , EBOLOWA , EDEA , EN LIGNE , EXTRÊME NORD , EXTREME-NORD , FOUMBAN , FOUMBOT , GAROUA , KOUSSERI , KRIBI , KUMBA , LIMBE , LITTORAL , MAROUA , MEIGANGA , MOKOLO , MORA , NGAOUNDERE , NGAOUNDERE , NKONGSAMBA , PITOA , SOUZA , YAGOUA , YAOUNDÉ","ENSEIGNEMENT, OFFRE DE FORMATION",0.875
ea98f38abf15f53b2cb4,4,3,7810,OFFRE_007810_0c07e8093a25,Commercial,Employeur non précisé,"BAFOUSSAM , DOUALA , GAROUA , MAROUA , NGAOUNDERE , YAOUNDÉ","FINANCE, INFORMATIQUE, TRANSPORT",0.875
29258ab8e396b5bd9d80,2,1,7813,OFFRE_007813_f1591aecdb8a,02 COORDONNATEURS REGIONAUX (H/F),Employeur non précisé,"GAROUA , NGAOUNDERE",SANTÉ,0.875
c36a0feb9605cfb6cd25,6,4,7815,OFFRE_007815_c72a16b7aa14,20 Agents Polyvalents,Employeur non précisé,"BAFOUSSAM , BAMENDA , BERTOUA , BUÉA , DOUALA , EBOLOWA , GAROUA , KRIBI , LIMBE , MAROUA , NGAOUNDERE , NKONGSAMBA , YAOUNDÉ",BANQUE,0.875
bb09c12be3e651b35250,3,2,7818,OFFRE_007818_b6da4d6b7f93,Commercaiaux,Employeur non précisé,"BAFOUSSAM , BERTOUA , GAROUA , MAROUA , NGAOUNDERE",COMMERCE,0.875
fd493c78a267b730fab7,2,2,7819,OFFRE_007819_3adda390d4b4,100 VENDEURS (SES) De Produits Canal+,Employeur non précisé,"BAFOUSSAM , DOUALA , GAROUA , NGAOUNDERE",VENTE,0.875
d29ebaaa49dd7c831231,3,2,7821,OFFRE_007821_1a1ed270988e,Gestionnaires De Projets Experimentés,Employeur non précisé,"BATOURI , DOUALA , GAROUA , MAROUA , YAOUNDÉ","DROIT, GOUVERNANCE, SCIENCE SOCIALE, SCIENCES POLITIQUES",0.875
095fe9bd7a3173c134a5,2,2,7822,OFFRE_007822_2b7ff90e3df8,02 EXPERT.E.S IT,Employeur non précisé,"GAROUA , YAOUNDÉ",INFORMATIQUE,0.875
9daac92152efcaa03cd6,3,2,7823,OFFRE_007823_57a70f73a803,14 GESTIONNAIRES De COMPTES - Clientèle Des Particuliers Et Des Professionnels,Employeur non précisé,"BERTOUA , DOUALA , GAROUA , LIMBE , MAROUA , YAOUNDÉ","BANQUE, COMMERCE, FINANCE",0.875
a028ed29696ead026032,2,1,7824,OFFRE_007824_c2b09c2209ac,Stagiaire Animateur Réseau Commercial,Employeur non précisé,"GAROUA , MAROUA , NGAOUNDERE","BANQUE, FINANCE, MARKETING, VENTE",0.875
67a654d07ee00150fece,6,4,7825,OFFRE_007825_d2cfbddee992,AVIS DE RECRUTEMENT DE 117 ENQUETEURS POUR UNE ENQUETE POST-CAMPAGNE DANS LES DIX REGIONS DU CAMEROUN,Employeur non précisé,"À L’ÉTRANGER , ABONG-MBANG , ADAMAOUA , AKONO , AMBAM , BAFANG , BAFIA , BAFOUSSAM , BAKOSSI , BAMENDA , BANA , BANDJOUN , BANGANGTÉ , BANGANTE , BANGANTÉ , BANGOU , BATCHENGA , BATOURI , BAZOU , BEKOKO , BERTOUA , BESSOUNGANG, BONALÉA-SOUZA , BOUAM , BUÉA , CAMEROUN , CAMPO , CAMPO , CENTRE , DIZANGUÉ , DJOHUNG , DJOUM , DOUALA , DOUMÉ , DSCHANG , EBOLOWA , EDEA , EN LIGNE , ESEKA , EST , EXTRÊME NORD , EXTREME-NORD , FAKO , FARO , FIGUIL , FONDJOMOKO(KEKEM) , FOTOKOL , FOUMBAN , FOUMBOT , GAROUA , GAROUA BOULAI , GAROUA BOULAI, BÉTARÉ-OYA, TOUBORO, LOGONE BIRNI , KEKEM , KOUSSERI , KRIBI , KUMBA , LIMBE , LOBEKE , LOEBEKE , LOGONE ET CHARI , MAKARY , MALEMBE , MALEMBE , MAMBELE , MAMFE , MAROUA , MBADJOCK , MBALAM , MBALMAYO , MBAM , MBANKOMO , MBOUDA , MEIGANGA , MESSAMENA , MEYOMESSALA , MINTOM , MOKOLO , MOLOUNDOU , MONABO , MONATÉLÉ , MORA , MOULOUNDOU , MUNDEMBA , MUTENGENE , NANGA EBOKO , NDIAN , NDOKOA , NGAN-HA , NGAOUNDAL , NGAOUNDERE , NGAOUNDERE , NGOUMOU , NGOUNSO , NGOYLA , NGOYLA , NIÉTÉ , NJOMBÉ , NKONGSAMBA , NKOTENG , NOMAYOS , NORD , NYABI , OUEST , PENJA , PITOA , POLI , SANGMELIMA , SEPTENTRION , SUD , TCHOLLIRÉ , TÉLÉTRAVAIL , TIBATI , TIGNERE , TIKO , TONGA , YABASSI , YAGOUA , YAGOUA , YAOUNDÉ , YOKADOUMA , YOKO",HUMANITAIRE,0.875
946387ad64ff7460f7da,3,2,7826,OFFRE_007826_78c820fa9ab1,REGIONAL SITE SUPERVISOR,Employeur non précisé,"GAROUA , MAROUA , YAOUNDÉ","ELECTRICITÉ, ELECTROTECHNIQUE",0.875
29258ab8e396b5bd9d80,2,2,7839,OFFRE_007839_71a872ca0642,02 COORDONNATEURS REGIONAUX (H/F),Employeur non précisé,"GAROUA , NGAOUNDERE",SANTÉ,0.875
4ac6e1710f5459ddf283,3,3,7843,OFFRE_007843_2d8da8be92a5,COORDONNATEUR(TRICE) De Projet Senior,Employeur non précisé,"BAFOUSSAM , DOUALA , GAROUA , YAOUNDÉ","DROIT, ECONOMIE, SCIENCES POLITIQUES",0.875
70f3ef13b430ec0e8889,2,2,7844,OFFRE_007844_c5e7d9659a03,03 COORDONNATEURS (TRICES) DE PROJET,Employeur non précisé,"BAFOUSSAM , DOUALA , GAROUA","DROIT, ECONOMIE, SCIENCES POLITIQUES",0.875
6fd0380fddc150368b33,2,2,7845,OFFRE_007845_c9a3c010fe4d,Responsable Régional Des Ventes (03,Employeur non précisé,"DOUALA , GAROUA , YAOUNDÉ",VENTE,0.875
7b904e83636bb67a1479,3,3,7847,OFFRE_007847_f1e9596cca03,PLOMBIER,Employeur non précisé,"BAFOUSSAM , GAROUA , YAOUNDÉ",PLOMBERIE,0.875
f39085fcaf7e723191ff,2,2,7848,OFFRE_007848_3278c6778045,THERAPEUTIC STUDY MONITOR (TSM),Employeur non précisé,"GAROUA , YAOUNDÉ",SANTÉ,0.875
d2c3798192ede4f51d04,2,2,7849,OFFRE_007849_3f6ceb669003,Des Commerciaux Dynamiques À Rémunération Directe :,Employeur non précisé,"BAFOUSSAM , DOUALA , GAROUA , NGAOUNDERE",COMMERCIAL,0.875
147db999419e85d4272b,2,1,7850,OFFRE_007850_a343504bde3e,03 COORDONNATEURS DU SUPPORT SITE,Employeur non précisé,"GAROUA , MAROUA , NGAOUNDERE",SANTÉ,0.875
9aeb35c3625f4895b4c8,3,3,7852,OFFRE_007852_c1cb5083850f,WHOLESALES,Employeur non précisé,"BAFOUSSAM , DOUALA , GAROUA , YAOUNDÉ",COMMERCE,0.875
37ffb8a2b942dbf03793,3,3,7853,OFFRE_007853_1434c9ab7281,"Campagne De Stages CAMI 2024, Jeunes Diplômés Et Etudiants",Employeur non précisé,"BAFOUSSAM , BERTOUA , DOUALA , GAROUA , NGAOUNDERE , YAOUNDÉ",TOUS LES PROFILS,0.875
e7cb8cb19fbd566383bd,2,2,7858,OFFRE_007858_250ebef281e4,03 RESPONSABLES GAS,Employeur non précisé,"DOUALA , GAROUA , YAOUNDÉ","COMPTABILITÉ, FINANCE, GESTION",0.875
ae0260df57f7c1c30dcb,2,2,7859,OFFRE_007859_493089d9dd20,03 COMPTABLES RÉGIONAUX,Employeur non précisé,"DOUALA , GAROUA , YAOUNDÉ","COMPTABILITÉ, FINANCE",0.875
3985748f7df80254e378,2,2,7860,OFFRE_007860_33f040d84945,03 POINTS FOCAUX RÉGIONAUX,Employeur non précisé,"DOUALA , GAROUA , YAOUNDÉ",SCIENCE SOCIALE,0.875
d9f573e986f28f309d8f,6,4,7861,OFFRE_007861_fe63ac66dffe,TECHNICIENS EN TELECOMMUNICATION,Employeur non précisé,"BAFOUSSAM , BAMENDA , BERTOUA , BUÉA , CAMEROUN , DOUALA , EBOLOWA , GAROUA , KRIBI , MAROUA , NGAOUNDERE , YAOUNDÉ",INFORMATIQUE,0.875
36658e4c2877f464dc44,5,3,7862,OFFRE_007862_195d632e0ae4,SPECIALISTES EN INFORMATIQUE (Réseau Et Sécurité),Employeur non précisé,"BAFOUSSAM , BAMENDA , BERTOUA , BUÉA , CAMEROUN , DOUALA , EBOLOWA , GAROUA , MAROUA , NGAOUNDERE , YAOUNDÉ",INFORMATIQUE,0.875
6a3dbd8cc4fe4593c917,3,3,7865,OFFRE_007865_84f8a776a01e,CHARGE DE CLIENTELE,Employeur non précisé,"BAFOUSSAM , BERTOUA , DOUALA , GAROUA , NGAOUNDERE , YAOUNDÉ",COMMERCIAL,0.875
7896ca91047443fb26b9,2,2,7866,OFFRE_007866_a7e509f6f939,"03 Responsables De Bureau Régional - Yaoundé, Garoua, Douala",Employeur non précisé,"DOUALA , GAROUA , YAOUNDÉ",SANTÉ,0.875
2a1ddb71bfa0f448bb0d,2,2,7877,OFFRE_007877_3b4dfc885913,STAGIAIRES GENRE POUR LE PROJET GIZ/ProFEC,Employeur non précisé,"GAROUA , YAOUNDÉ",SCIENCE SOCIALE,0.875
7db64eb9445ee288f432,3,2,7878,OFFRE_007878_3279d934e854,"Batch Recruitment (06) HIV/AIDS Officer, (NO-2)",Employeur non précisé,"BAFOUSSAM , BERTOUA , EBOLOWA , GAROUA , MAROUA , NGAOUNDERE",SANTÉ,0.875
e2ab88581f2a8fac883c,2,1,7881,OFFRE_007881_7bf7c14d56c5,CAISSIER REGIONAL POUR LE PASSR,Employeur non précisé,"GAROUA , MAROUA , NGAOUNDERE",COMPTABILITÉ,0.875
6b0b4351ae323d4f11d6,6,4,7902,OFFRE_007902_8eeeeb7fef49,Développeur JAVA EE / JAVA 8 Avec Une Compétence SQL,Employeur non précisé,"BAFOUSSAM , BAMENDA , BERTOUA , BUÉA , DOUALA , EBOLOWA , GAROUA , MAROUA , NGAOUNDERE , YAOUNDÉ",INFORMATIQUE,0.875
1a485a0e0aad9f32fbbd,3,3,7903,OFFRE_007903_5e296a35feb3,Chargés De Clientèle,Employeur non précisé,"BAFOUSSAM , BERTOUA , DOUALA , GAROUA , NGAOUNDERE , YAOUNDÉ",COMMERCE,0.875
d0ae2b86b7d581e74b1e,2,1,7908,OFFRE_007908_102e946ec631,AVIS D’APPEL A CANDIDATURE POUR LE RECRUTEMENT DE TROIS (03) CAISSIERS REGIONAUX POUR LE PASSR,Employeur non précisé,"GAROUA , MAROUA , NGAOUNDERE",GESTION,0.875
84a9f27558f9408c65f5,5,3,7911,OFFRE_007911_6b672a45aeb2,70 POSTES OUVERTS,Employeur non précisé,"BAMENDA , BUÉA , GAROUA , MAROUA , MEIGANGA , NGAOUNDERE , YAOUNDÉ","ADMINISTRATION, COMPTABILITÉ, FINANCE, INFORMATIQUE, LOGISTIQUE, ONG",0.875
31cebe884f6b9d447ef1,2,1,7912,OFFRE_007912_dd11a2085f88,PLUSIEURS TEMPORAIRES Niveau BEPC,Employeur non précisé,"GAROUA , MAROUA","LOGISTIQUE, OUVRIERS / OPÉRATEURS / AGENTS",0.875
75d8516748270210c29f,3,3,7916,OFFRE_007916_581405b20555,AGENT GENERAL EN ASSURANCES Vie,Employeur non précisé,"BAFOUSSAM , BERTOUA , DOUALA , GAROUA , YAOUNDÉ",ASSURANCE,0.875
3f3b4b9dd7d096a19e11,7,5,7920,OFFRE_007920_e315d910a9c6,25 AGENTS POLYVALENTS,Employeur non précisé,"BAFOUSSAM , BAMENDA , BERTOUA , BUÉA , CAMEROUN , DOUALA , DSCHANG , EBOLOWA , EDEA , GAROUA , GAROUA BOULAI, BÉTARÉ-OYA, TOUBORO, LOGONE BIRNI , KOUSSERI , KRIBI , LIMBE , MAROUA , NGAOUNDERE , NKONGSAMBA , NKOTENG , YAOUNDÉ","ADMINISTRATION, FINANCE",0.875
9147123ed1421dff1993,6,4,7929,OFFRE_007929_a2021f74df88,Conseillers Financiers Ngaoundéré Garoua Maroua Douala Limbe Bertoua Ebolowa Yaoundé Kribi Bafoussam Bamenda,Employeur non précisé,"BAFOUSSAM , BAMENDA , BERTOUA , DOUALA , EBOLOWA , GAROUA , KRIBI , LIMBE , MAROUA , NGAOUNDERE , YAOUNDÉ","COMMERCE, COMMUNICATION",0.875
c2bf4fd559047b5abb03,5,3,7930,OFFRE_007930_2df579c9a710,Financial Advisor,Employeur non précisé,"BAFOUSSAM , BAMENDA , BERTOUA , DOUALA , EBOLOWA , GAROUA , MAROUA , NGAOUNDERE , YAOUNDÉ","COMMERCE, COMMUNICATION",0.875
06e521be886fe4c2fbc9,2,1,7931,OFFRE_007931_50954226fc91,Financial Advisor-Ngaoundéré - Maroua - Garoua,Employeur non précisé,"GAROUA , MAROUA , NGAOUNDERE","ASSURANCE, FINANCE",0.875
f35c120f3e78dc915b57,2,1,7932,OFFRE_007932_80133c068313,Conseillers Financiers Basé À Ngaoundéré - Maroua - Garoua,Employeur non précisé,"GAROUA , MAROUA , NGAOUNDERE","ASSURANCE, FINANCE",0.875
aa0cb461620be315744c,2,1,7935,OFFRE_007935_be114080e3cd,CHEF D’AGENCE,Employeur non précisé,"CAMEROUN , GAROUA , MAROUA",FINANCE,0.875
659d83d37260c81bd0ea,2,1,7949,OFFRE_007949_24759130b51a,(02) Réceptionnistes,Employeur non précisé,GAROUA,HÔTELLERIE,0.875
1efe64dba62cceda2c7f,2,2,7953,OFFRE_007953_ff0ccdf99dc1,400 Jeunes Entrepreneurs-Route Des Chefferies Du Cameroun,Employeur non précisé,"BAFANG , DOUALA , DSCHANG , GAROUA , YAOUNDÉ",ENTREPRENEURIAT,0.875
61dec68030e70879f4fd,3,3,7960,OFFRE_007960_274b8425815d,"COMMERCIAUX (H/F) – Yaoundé, Douala, Bafoussam, Ngaoundéré",Employeur non précisé,"BAFOUSSAM , DOUALA , GAROUA , YAOUNDÉ","COMMERCE, MARKETING",0.875
659d83d37260c81bd0ea,2,2,7965,OFFRE_007965_136dfc0b9caa,02 Réceptionnistes,Employeur non précisé,GAROUA,HÔTELLERIE,0.875
c8f69679f157eb3ff4f5,3,3,7967,OFFRE_007967_bd4656d3c157,300 Collecteurs - Opération Vacances Sans Déchets Plastiques,Employeur non précisé,"BAFOUSSAM , DOUALA , GAROUA , LIMBE , NKONGSAMBA , YAOUNDÉ",HYGIÈNE,0.875
3fd4939da3465771201e,3,2,7968,OFFRE_007968_6bbc40f8a239,COMMERCIAUX,Employeur non précisé,"BAFOUSSAM , BAMENDA , BERTOUA , DOUALA , EBOLOWA , GAROUA , NGAOUNDERE , YAOUNDÉ","COMMERCE, VENTE",0.875
4d610022fcee31a581aa,2,1,7973,OFFRE_007973_66885fedaa22,Offre D'emploi: CHIEF OF PARTY,Employeur non précisé,"GAROUA , MAROUA","ADMINISTRATION, GESTION",0.875
3768cdf0d3bf03167746,3,2,7974,OFFRE_007974_1066a074f905,"Offre D'emploi: Chef De Mission, EAI Cameroun",Employeur non précisé,"GAROUA , MAROUA , YAOUNDÉ","ONG, PROJET",0.875
5224e6fc50f439745a37,3,2,7975,OFFRE_007975_381a4f6a8843,Offre D'emploi: CONSEILLER TECHNIQUE EN PRÉVENTION DU VIH / SIDA,Employeur non précisé,"BAFOUSSAM , BERTOUA , DOUALA , GAROUA , MAROUA , NGAOUNDERE","ONG, SANTÉ",0.875
03ffb7ef3e9c07d3b4a6,6,4,7976,OFFRE_007976_354a0b8bc768,Offre D'emploi: CHEFS STATIONS SERVICES,Employeur non précisé,"BAFOUSSAM , BAMENDA , BERTOUA , BUÉA , DOUALA , GAROUA , MAROUA , NGAOUNDERE , YAOUNDÉ","AUTRES, MARKETING, VENTE",0.875
0a0040c47ea42163afbe,7,5,7977,OFFRE_007977_747bc442986a,Recrutement Massif-Cameroon Equatorial Development (CED) Sarl,Employeur non précisé,"BAFANG , BAFOUSSAM , BAMENDA , BATOURI , BERTOUA , BUÉA , DOUALA , DSCHANG , EBOLOWA , EDEA , FOUMBAN , FOUMBOT , GAROUA , KOUSSERI , KRIBI , KUMBA , LIMBE , MAMFE , MAROUA , MEIGANGA , MOKOLO , MORA , MUTENGENE , NGAOUNDERE , NGAOUNDERE , NGOYLA , NKONGSAMBA , PITOA , TIBATI , YAOUNDÉ",CATÉGORIES DES RECRUTEMENTS ET OFFRES D'EMPLOIS AU CAMEROUN,0.875
8abb9fcb65ca203fbf16,2,1,7982,OFFRE_007982_b1b31614874b,Agent Commercial Et Administratif (H/F),Employeur non précisé,"GAROUA , MAROUA , NGAOUNDERE","ADMINISTRATION, COMMERCE",0.875
5c11e11687b5fe4ddfcc,2,1,7983,OFFRE_007983_4641945771d7,02 Chargé(S) D’Affaires (H/F),Employeur non précisé,"GAROUA , MAROUA , NGAOUNDERE","COMMERCE, COMMUNICATION",0.875
2b5b10334e4c4550d1c2,3,3,7986,OFFRE_007986_464e0bc118b3,STAGIAIRES COMMERCIAUX,Employeur non précisé,"BAFOUSSAM , DOUALA , GAROUA , NGAOUNDERE , YAOUNDÉ",COMMERCE,0.875
f38ad4e07ff47407988e,6,4,7988,OFFRE_007988_6aee6ff69253,100 Jeunes Diplômés,Employeur non précisé,"BAFOUSSAM , BAMENDA , BERTOUA , BUÉA , DOUALA , EBOLOWA , GAROUA , MAROUA , NGAOUNDERE , YAOUNDÉ",CATÉGORIES DES RECRUTEMENTS ET OFFRES D'EMPLOIS AU CAMEROUN,0.875
755a5201a0e9e42e315c,3,2,7989,OFFRE_007989_d1116d9d0fd8,Annonce Responsable D’Agence Grand Nord (H/F),Employeur non précisé,"GAROUA , MAROUA , NGAOUNDERE , YAOUNDÉ",FINANCE,0.875
9722b2b820b8d99ebb43,5,4,7993,OFFRE_007993_28dde974e62a,Offre D'emploi : Chargé SEO À Domicile,Employeur non précisé,"BAFOUSSAM , BAMENDA , BERTOUA , BUÉA , GAROUA , KRIBI , LIMBE , MAROUA , YAOUNDÉ","INFORMATIQUE, MARKETING",0.875
4f02c8a5cad6d8cfb9b4,4,3,7994,OFFRE_007994_f49d243b4716,TECHNICIEN ÉLECTRICIEN JUNIOR,Employeur non précisé,"BAFOUSSAM , BAMENDA , BERTOUA , BUÉA , DOUALA , EBOLOWA , GAROUA , MAROUA , NGAOUNDERE , YAOUNDÉ",INDUSTRIE,0.875
597ce775ccd7f2eaacc1,3,3,7995,OFFRE_007995_545ba91e1a82,10 TECHNICIENS MECANICIEN JUNIOR,Employeur non précisé,"BAFOUSSAM , BAMENDA , BATOURI , BERTOUA , BUÉA , DOUALA , DSCHANG , EBOLOWA , GAROUA , NGAOUNDERE , YAOUNDÉ",INDUSTRIE,0.875
07ac78a00bd609aa0097,3,1,7999,OFFRE_007999_b57ee6332688,AUDITEUR/VÉRIFICATEUR INTERNE H/F - GAROUA - GIZ CAMEROUN,Employeur non précisé,GAROUA,ONG,0.875
ba32159c0eff631f38d0,2,1,8000,OFFRE_008000_7a24165ddf80,CONSEILLER TECHNIQUE FINANCES LOCALES H/F - GAROUA - GIZ CAMEROUN,Employeur non précisé,GAROUA,ONG,0.875
ba32159c0eff631f38d0,2,2,8001,OFFRE_008001_95842903c754,CONSEILLER TECHNIQUE FINANCES LOCALES H/F - GAROUA - GIZ CAMEROUN,Employeur non précisé,GAROUA,ONG,0.875
07ac78a00bd609aa0097,3,2,8003,OFFRE_008003_592b63ddb216,AUDITEUR/VÉRIFICATEUR INTERNE H/F - GAROUA - GIZ CAMEROUN,Employeur non précisé,GAROUA,ONG,0.875
07ac78a00bd609aa0097,3,3,8009,OFFRE_008009_effa2bd7791b,AUDITEUR/VÉRIFICATEUR INTERNE H/F - GAROUA - GIZ CAMEROUN,Employeur non précisé,GAROUA,ONG,0.875
6aaf7fbf1cf86327413a,6,4,8010,OFFRE_008010_eaf4e3f47101,105 Agents De Collecte-INS,Employeur non précisé,"BAFOUSSAM , BAMENDA , BERTOUA , BUÉA , DOUALA , GAROUA , KRIBI , LIMBE , MAROUA , YAOUNDÉ",CATÉGORIES DES RECRUTEMENTS ET OFFRES D'EMPLOIS AU CAMEROUN,0.875
8c8b4c875e8b11f9e0c1,2,1,8014,OFFRE_008014_bd9eb4b7a6e6,Avis De Recrutement D'un (1) Coordonnateur D'Activités Médias Et Communautaires,Employeur non précisé,"GAROUA , MAROUA","HUMANITAIRE, ONG",0.875
42d80ec041ebb74a0a9c,4,3,8015,OFFRE_008015_b6af958b7123,CONSEILLERS CLIENTELES,Employeur non précisé,"BAFOUSSAM , BAMENDA , DOUALA , GAROUA , KRIBI , YAOUNDÉ",ASSURANCE,0.875
99fa140a71d3c2c2291a,2,2,8019,OFFRE_008019_28f6ce9e4102,Développeurs Web Full-Stack,Employeur non précisé,"DOUALA , DSCHANG , EBOLOWA , EDEA , GAROUA , KOUSSERI , KRIBI , KUMBA , LIMBE , NGAOUNDERE , YAOUNDÉ",INFORMATIQUE,0.875
da2f67fc579f3ce6cee0,6,4,8021,OFFRE_008021_38567899a3ab,Auditeur Interne,Employeur non précisé,"BAFOUSSAM , BAMENDA , BERTOUA , BUÉA , DOUALA , EBOLOWA , EDEA , GAROUA , KRIBI , KUMBA , LIMBE , MAROUA , NGAOUNDERE , NKONGSAMBA , YAOUNDÉ",FINANCE,0.875
274b6e7e74ed3822b81a,6,4,8022,OFFRE_008022_0a9e5ddce515,Agent Comptable Central,Employeur non précisé,"BAFOUSSAM , BAMENDA , BERTOUA , BUÉA , DOUALA , EBOLOWA , EDEA , GAROUA , KRIBI , KUMBA , LIMBE , MAROUA , NGAOUNDERE , NKONGSAMBA , YAOUNDÉ",FINANCE,0.875
7fcf266395bfbaa78879,6,4,8023,OFFRE_008023_d1ff0534e26e,Contrôleur Financier Central,Employeur non précisé,"BAFOUSSAM , BAMENDA , BERTOUA , BUÉA , DOUALA , EBOLOWA , GAROUA , KRIBI , KUMBA , LIMBE , MAROUA , NGAOUNDERE , NKONGSAMBA , YAOUNDÉ",FINANCE,0.875
0bd8c0e5ad155606953a,6,4,8025,OFFRE_008025_3e8d64cae487,Online Digital,Employeur non précisé,"BAFOUSSAM , BAMENDA , BERTOUA , BUÉA , DOUALA , EBOLOWA , EDEA , GAROUA , KRIBI , KUMBA , LIMBE , MAROUA , NGAOUNDERE , NKONGSAMBA , YAOUNDÉ",CATÉGORIES :,0.875
efefdc1ca3acec0923d5,7,6,8027,OFFRE_008027_541c3bd4adaa,Technico-Commerciale & Ambassadrice,Employeur non précisé,"DOUALA , YAOUNDÉ","COMMUNICATION, MARKETING, SANTÉ",0.875
b3a5cc3a83927400c7ef,6,5,8028,OFFRE_008028_bb2128c7cbca,Commerciaux,Employeur non précisé,DOUALA,PATISSERIE,0.875
aa2088202887f76b9ca3,2,2,8036,OFFRE_008036_57950ea7eb4e,02 CHEFS D’AGENCE,Employeur non précisé,"BAFOUSSAM , BAMENDA , DOUALA","BANQUE, FINANCE, GESTION",0.875
f0b6d748cba6b5dc2a89,5,5,8038,OFFRE_008038_7d88f4441f62,CONSEILLERS (ÈRES) CLIENTS,Employeur non précisé,"BAFOUSSAM , BAMENDA , DOUALA , GAROUA , KRIBI , YAOUNDÉ","COMMUNICATION, MARKETING",0.875
3134eac09eebe9055d96,6,5,8042,OFFRE_008042_09dda023dccb,Professeur Particulier,Employeur non précisé,"ADAMAOUA , BAFANG , BAFOUSSAM , BAMENDA , BANDJOUN , BANGANGTÉ , BANGANTÉ , BANGANTE , BATOURI , BERTOUA , BUÉA , CAMEROUN , DOUALA , DSCHANG , EBOLOWA , EDEA , EN LIGNE , EXTRÊME NORD , EXTREME-NORD , FOUMBAN , FOUMBOT , GAROUA , KOUSSERI , KRIBI , KUMBA , LIMBE , LITTORAL , MAROUA , MEIGANGA , MOKOLO , MORA , NGAOUNDERE , NGAOUNDERE , NKONGSAMBA , PITOA , SOUZA , YAGOUA , YAOUNDÉ","ENSEIGNEMENT, OFFRE DE FORMATION",0.875
85030ee146722d5790d3,3,3,8043,OFFRE_008043_114ec681347b,CONTROLEURS PERMANENTS STAGIAIRES,Employeur non précisé,"BAFOUSSAM , BAMENDA , DOUALA , YAOUNDÉ","BANQUE, COMPTABILITÉ, FINANCE",0.875
5ef64647adef1cf705f6,3,3,8044,OFFRE_008044_69d981066677,AGENTS DE VENTE DIRECTE (AVD),Employeur non précisé,"BAFOUSSAM , BAMENDA , DOUALA , KUMBA , LIMBE , YAOUNDÉ","COMMERCE, MARKETING, VENTE",0.875
c36a0feb9605cfb6cd25,6,5,8046,OFFRE_008046_8a6d9a1a3fc6,20 Agents Polyvalents,Employeur non précisé,"BAFOUSSAM , BAMENDA , BERTOUA , BUÉA , DOUALA , EBOLOWA , GAROUA , KRIBI , LIMBE , MAROUA , NGAOUNDERE , NKONGSAMBA , YAOUNDÉ",BANQUE,0.875
c60f0ffff903f9057e26,2,2,8047,OFFRE_008047_c43671380bc9,CONSULTANCE_THEATRE FORUMS_Relance,Employeur non précisé,"BAFOUSSAM , BAMENDA , MBOUDA",SANTÉ,0.875
443699b16db59f2b86b8,3,3,8050,OFFRE_008050_e1a1f83b1c89,12 CHEFS(FES) D’AGENCE,Employeur non précisé,"BAFOUSSAM , BAMENDA , DOUALA , LIMBE , YAOUNDÉ","BANQUE, FINANCE, GESTION",0.875
67a654d07ee00150fece,6,5,8051,OFFRE_008051_168d628bc084,AVIS DE RECRUTEMENT DE 117 ENQUETEURS POUR UNE ENQUETE POST-CAMPAGNE DANS LES DIX REGIONS DU CAMEROUN,Employeur non précisé,"À L’ÉTRANGER , ABONG-MBANG , ADAMAOUA , AKONO , AMBAM , BAFANG , BAFIA , BAFOUSSAM , BAKOSSI , BAMENDA , BANA , BANDJOUN , BANGANGTÉ , BANGANTE , BANGANTÉ , BANGOU , BATCHENGA , BATOURI , BAZOU , BEKOKO , BERTOUA , BESSOUNGANG, BONALÉA-SOUZA , BOUAM , BUÉA , CAMEROUN , CAMPO , CAMPO , CENTRE , DIZANGUÉ , DJOHUNG , DJOUM , DOUALA , DOUMÉ , DSCHANG , EBOLOWA , EDEA , EN LIGNE , ESEKA , EST , EXTRÊME NORD , EXTREME-NORD , FAKO , FARO , FIGUIL , FONDJOMOKO(KEKEM) , FOTOKOL , FOUMBAN , FOUMBOT , GAROUA , GAROUA BOULAI , GAROUA BOULAI, BÉTARÉ-OYA, TOUBORO, LOGONE BIRNI , KEKEM , KOUSSERI , KRIBI , KUMBA , LIMBE , LOBEKE , LOEBEKE , LOGONE ET CHARI , MAKARY , MALEMBE , MALEMBE , MAMBELE , MAMFE , MAROUA , MBADJOCK , MBALAM , MBALMAYO , MBAM , MBANKOMO , MBOUDA , MEIGANGA , MESSAMENA , MEYOMESSALA , MINTOM , MOKOLO , MOLOUNDOU , MONABO , MONATÉLÉ , MORA , MOULOUNDOU , MUNDEMBA , MUTENGENE , NANGA EBOKO , NDIAN , NDOKOA , NGAN-HA , NGAOUNDAL , NGAOUNDERE , NGAOUNDERE , NGOUMOU , NGOUNSO , NGOYLA , NGOYLA , NIÉTÉ , NJOMBÉ , NKONGSAMBA , NKOTENG , NOMAYOS , NORD , NYABI , OUEST , PENJA , PITOA , POLI , SANGMELIMA , SEPTENTRION , SUD , TCHOLLIRÉ , TÉLÉTRAVAIL , TIBATI , TIGNERE , TIKO , TONGA , YABASSI , YAGOUA , YAGOUA , YAOUNDÉ , YOKADOUMA , YOKO",HUMANITAIRE,0.875
90e52e10124eb0565149,3,3,8052,OFFRE_008052_99a1e53c45fe,REGIONAL SITE SUPERVISOR,Employeur non précisé,"BAFOUSSAM , BAMENDA , DOUALA , KRIBI , LIMBE","ELECTRICITÉ, ELECTROMÉCANIQUE",0.875
af8fc01f4f3a990af92a,2,2,8053,OFFRE_008053_45f18e78e804,Stagiaires Professionnels,Employeur non précisé,"BAMENDA , DOUALA , EBOLOWA , YAOUNDÉ","ASSURANCE, AUDIT, COMMUNICATION, COMPTABILITÉ, FINANCE, INFORMATIQUE, LOGISTIQUE, MARKETING, QUALITÉ, RH",0.875
d7baf0340088bfb4f47c,3,3,8057,OFFRE_008057_8fbdedd0b961,Agent Commercial,Employeur non précisé,"BAFOUSSAM , BAMENDA , DOUALA , YAOUNDÉ",COMMERCIAL,0.875
9f55bbea0fcbb501b6d9,2,2,8060,OFFRE_008060_d34976f71936,SUPERVISEURS De Districts,Employeur non précisé,"BAMENDA , BUÉA",SANTÉ,0.875
85080e26446819314f58,2,2,8061,OFFRE_008061_1137a0204556,Assistant Safety Advisor,Employeur non précisé,"BAMENDA , BUÉA","COMMUNICATION, JOURNALISME",0.875
2f77f0652c3ea1798a02,2,2,8064,OFFRE_008064_bbd66fa4b46a,Chauffeur Prestataire,Employeur non précisé,"BAMENDA , FOUMBAN , YAOUNDÉ",LOGISTIQUE,0.875
cf5e255d2fa75be6696f,2,2,8065,OFFRE_008065_eb67f4453d2c,AGENTS DE RECOUVREMENT,Employeur non précisé,"BAMENDA , DOUALA , KRIBI",DROIT,0.875
1eec9a23a03b425c3669,2,2,8066,OFFRE_008066_05a839e7765b,02 PSYCHOLOGISTS,Employeur non précisé,"BAMENDA , BUÉA",SANTÉ,0.875
f2d15f483ad39b4dc6b1,2,2,8067,OFFRE_008067_54189d36f9bb,02 TECHNICAL ADVISORS,Employeur non précisé,"BAMENDA , BUÉA",GESTION,0.875
d9f573e986f28f309d8f,6,5,8073,OFFRE_008073_cfb8aa14702b,TECHNICIENS EN TELECOMMUNICATION,Employeur non précisé,"BAFOUSSAM , BAMENDA , BERTOUA , BUÉA , CAMEROUN , DOUALA , EBOLOWA , GAROUA , KRIBI , MAROUA , NGAOUNDERE , YAOUNDÉ",INFORMATIQUE,0.875
36658e4c2877f464dc44,5,4,8074,OFFRE_008074_43c1f0c7a56c,SPECIALISTES EN INFORMATIQUE (Réseau Et Sécurité),Employeur non précisé,"BAFOUSSAM , BAMENDA , BERTOUA , BUÉA , CAMEROUN , DOUALA , EBOLOWA , GAROUA , MAROUA , NGAOUNDERE , YAOUNDÉ",INFORMATIQUE,0.875
1ed38f77ccb94f6564cd,2,2,8077,OFFRE_008077_67068f4bb300,CONTROLEURS,Employeur non précisé,"BAFOUSSAM , BAMENDA , DOUALA , YAOUNDÉ","AUDIT, COMPTABILITÉ, FINANCE",0.875
e585a3d5f25a8142797e,2,2,8078,OFFRE_008078_82c3404143c5,20 CONTROLEURS,Employeur non précisé,"BAFOUSSAM , BAMENDA , DOUALA , LIMBE , YAOUNDÉ","AUDIT, BANQUE, COMPTABILITÉ, GESTION",0.875
eedcddc01e9a1f5a6d16,2,2,8087,OFFRE_008087_f89b66c91047,Agents D’Entretien Pour Ses Bureaux De Coordination Et De Terrain,Employeur non précisé,"BAMENDA , FOUMBAN , YAOUNDÉ",HYGIÈNE,0.875
bb7cf501bc34d9e6e7e9,2,2,8088,OFFRE_008088_20607783ae88,Chauffeurs Prestataires Pour Les Bureaux De Coordination,Employeur non précisé,"BAMENDA , FOUMBAN , YAOUNDÉ",TRANSPORT,0.875
6b0b4351ae323d4f11d6,6,5,8091,OFFRE_008091_90ce0bf6d18f,Développeur JAVA EE / JAVA 8 Avec Une Compétence SQL,Employeur non précisé,"BAFOUSSAM , BAMENDA , BERTOUA , BUÉA , DOUALA , EBOLOWA , GAROUA , MAROUA , NGAOUNDERE , YAOUNDÉ",INFORMATIQUE,0.875
52930de7caf029d98c6c,4,3,8092,OFFRE_008092_f741a274b3f2,Recrutement Par Lots : 6 X Consultants Nationaux SBC Communication Des Risques Et Engagement Communautaire (RCCE) En Appui À La Génération De La Demande De Vaccination Et De Vaccination De Routine (RI) COVID-19,Employeur non précisé,"BAFOUSSAM , BAMENDA , BERTOUA , BUÉA , DOUALA , MAROUA",SCIENCE SOCIALE,0.875
84a9f27558f9408c65f5,5,4,8095,OFFRE_008095_0da7753d1ebb,70 POSTES OUVERTS,Employeur non précisé,"BAMENDA , BUÉA , GAROUA , MAROUA , MEIGANGA , NGAOUNDERE , YAOUNDÉ","ADMINISTRATION, COMPTABILITÉ, FINANCE, INFORMATIQUE, LOGISTIQUE, ONG",0.875
3f3b4b9dd7d096a19e11,7,6,8098,OFFRE_008098_de38ab7df956,25 AGENTS POLYVALENTS,Employeur non précisé,"BAFOUSSAM , BAMENDA , BERTOUA , BUÉA , CAMEROUN , DOUALA , DSCHANG , EBOLOWA , EDEA , GAROUA , GAROUA BOULAI, BÉTARÉ-OYA, TOUBORO, LOGONE BIRNI , KOUSSERI , KRIBI , LIMBE , MAROUA , NGAOUNDERE , NKONGSAMBA , NKOTENG , YAOUNDÉ","ADMINISTRATION, FINANCE",0.875
e4295561f11f264f670f,2,2,8099,OFFRE_008099_4b4d0d15536a,Administrative Assistant,Employeur non précisé,"BAMENDA , YAOUNDÉ",ADMINISTRATION,0.875
9147123ed1421dff1993,6,5,8100,OFFRE_008100_e802fa5608ef,Conseillers Financiers Ngaoundéré Garoua Maroua Douala Limbe Bertoua Ebolowa Yaoundé Kribi Bafoussam Bamenda,Employeur non précisé,"BAFOUSSAM , BAMENDA , BERTOUA , DOUALA , EBOLOWA , GAROUA , KRIBI , LIMBE , MAROUA , NGAOUNDERE , YAOUNDÉ","COMMERCE, COMMUNICATION",0.875
c2bf4fd559047b5abb03,5,4,8101,OFFRE_008101_72f94b34a0ec,Financial Advisor,Employeur non précisé,"BAFOUSSAM , BAMENDA , BERTOUA , DOUALA , EBOLOWA , GAROUA , MAROUA , NGAOUNDERE , YAOUNDÉ","COMMERCE, COMMUNICATION",0.875
86528966ed152cd8f958,2,2,8102,OFFRE_008102_59f6e9b9d66a,Financial AdvisoBafoussam-Bamenda,Employeur non précisé,"BAFOUSSAM , BAMENDA","ASSURANCE, FINANCE",0.875
549ef0c9d3ea609a4f14,2,2,8103,OFFRE_008103_bb8595395775,Conseillers Financiers -Bafoussam-Bamenda,Employeur non précisé,"BAFOUSSAM , BAMENDA","ASSURANCE, FINANCE",0.875
84c6b3af63e666f9156f,2,2,8105,OFFRE_008105_020536bae378,Project Coordinator,Employeur non précisé,"BAMENDA , BUÉA",CATÉGORIES :,0.875
151d79659de8abd9df2a,2,2,8106,OFFRE_008106_f2467d6cb0ef,CVA Officer,Employeur non précisé,"BAMENDA , BUÉA",ONG,0.875
135a4350588309f7b29e,2,2,8110,OFFRE_008110_7dafd7d496c6,03 Chargé(E)S De Supervision Des Activités,Employeur non précisé,"BAFOUSSAM , BAMENDA , FOUMBAN","PROJET, SANTÉ",0.875
3fd4939da3465771201e,3,3,8115,OFFRE_008115_73e57a422744,COMMERCIAUX,Employeur non précisé,"BAFOUSSAM , BAMENDA , BERTOUA , DOUALA , EBOLOWA , GAROUA , NGAOUNDERE , YAOUNDÉ","COMMERCE, VENTE",0.875
660bdcf8764ac8cb2fde,2,2,8116,OFFRE_008116_3a0bce4a703c,02 Coordonnateurs De Projets,Employeur non précisé,"BAMENDA , BUÉA","DROIT, ECONOMIE, GESTION, SCIENCE SOCIALE",0.875
a6a940a9c8fb1c29bd51,3,3,8121,OFFRE_008121_93052cfb5d2b,Offre D'emploi: Chargés De Comptes (H/F),Employeur non précisé,"BAFOUSSAM , BAMENDA , BERTOUA , DOUALA , YAOUNDÉ","ASSURANCE, COMMERCE, GESTION",0.875
bac9dcf1b2e0b84dbb9e,3,3,8122,OFFRE_008122_6d0f7c02a7a4,Offre De Stage: STAGIAIRE(S) EN COMMUNICATION (TÉLÉTRAVAIL),Employeur non précisé,"BAFOUSSAM , BAMENDA , BERTOUA , DOUALA , YAOUNDÉ","COMMERCE, COMMUNICATION, MARKETING",0.875
03ffb7ef3e9c07d3b4a6,6,5,8123,OFFRE_008123_8ce20ce25812,Offre D'emploi: CHEFS STATIONS SERVICES,Employeur non précisé,"BAFOUSSAM , BAMENDA , BERTOUA , BUÉA , DOUALA , GAROUA , MAROUA , NGAOUNDERE , YAOUNDÉ","AUTRES, MARKETING, VENTE",0.875
efc4da566dc76b972216,2,2,8124,OFFRE_008124_f13a4ed4069c,Offre D'emploi: CONSULTANTS QUATRE (O4) NETTOYANTS POUR LES BUREAUX RP POUR LA RÉGION NORD-OUEST (02) ET SUD-OUEST (02),Employeur non précisé,"BAMENDA , BUÉA",PROJET,0.875
86ea76291d103ed26ba5,2,2,8125,OFFRE_008125_6da2fde81241,Offre D'emploi: Consultant Indépendant,Employeur non précisé,"BAMENDA , BUÉA","AUTRES, DROIT, SCIENCE SOCIALE",0.875
f3e07c0f63e8028019f5,2,2,8127,OFFRE_008127_ebad833116f9,Project Coordinator,Employeur non précisé,"BAMENDA , BUÉA","ONG, PROJET",0.875
0a0040c47ea42163afbe,7,6,8130,OFFRE_008130_4cabfca69b2e,Recrutement Massif-Cameroon Equatorial Development (CED) Sarl,Employeur non précisé,"BAFANG , BAFOUSSAM , BAMENDA , BATOURI , BERTOUA , BUÉA , DOUALA , DSCHANG , EBOLOWA , EDEA , FOUMBAN , FOUMBOT , GAROUA , KOUSSERI , KRIBI , KUMBA , LIMBE , MAMFE , MAROUA , MEIGANGA , MOKOLO , MORA , MUTENGENE , NGAOUNDERE , NGAOUNDERE , NGOYLA , NKONGSAMBA , PITOA , TIBATI , YAOUNDÉ",CATÉGORIES DES RECRUTEMENTS ET OFFRES D'EMPLOIS AU CAMEROUN,0.875
f38ad4e07ff47407988e,6,5,8136,OFFRE_008136_039c1f082477,100 Jeunes Diplômés,Employeur non précisé,"BAFOUSSAM , BAMENDA , BERTOUA , BUÉA , DOUALA , EBOLOWA , GAROUA , MAROUA , NGAOUNDERE , YAOUNDÉ",CATÉGORIES DES RECRUTEMENTS ET OFFRES D'EMPLOIS AU CAMEROUN,0.875
8f2b2575be600d8974d4,4,3,8140,OFFRE_008140_d2b3389b627b,Analyste​ De Tests Et D’Assurance Qualité (H/F),Employeur non précisé,"BAFOUSSAM , BAMENDA , BERTOUA , BUÉA , DOUALA , LIMBE , MAROUA , YAOUNDÉ","ADMINISTRATION, ASSURANCE",0.875
878d85fdeec861c140ce,4,3,8142,OFFRE_008142_633d3651c598,Assistant Community Manager,Employeur non précisé,"BAFOUSSAM , BAMENDA , BUÉA , DOUALA , LIMBE , MAROUA , YAOUNDÉ",RÉSEAUX SOCIAUX,0.875
6aaf7fbf1cf86327413a,6,5,8143,OFFRE_008143_eeab4f5a0cda,105 Agents De Collecte-INS,Employeur non précisé,"BAFOUSSAM , BAMENDA , BERTOUA , BUÉA , DOUALA , GAROUA , KRIBI , LIMBE , MAROUA , YAOUNDÉ",CATÉGORIES DES RECRUTEMENTS ET OFFRES D'EMPLOIS AU CAMEROUN,0.875
d4765c6449d6a1e8919e,4,4,8144,OFFRE_008144_a0fd2e28f7f2,Agent De Vente Directe-Banque Atlantique Cameroun,Employeur non précisé,"BAFOUSSAM , BAMENDA , BERTOUA , BUÉA , DOUALA , KRIBI , LIMBE , YAOUNDÉ",FINANCE,0.875
42d80ec041ebb74a0a9c,4,4,8147,OFFRE_008147_a4277774f1a6,CONSEILLERS CLIENTELES,Employeur non précisé,"BAFOUSSAM , BAMENDA , DOUALA , GAROUA , KRIBI , YAOUNDÉ",ASSURANCE,0.875
da2f67fc579f3ce6cee0,6,5,8157,OFFRE_008157_a7a91ce79f3b,Auditeur Interne,Employeur non précisé,"BAFOUSSAM , BAMENDA , BERTOUA , BUÉA , DOUALA , EBOLOWA , EDEA , GAROUA , KRIBI , KUMBA , LIMBE , MAROUA , NGAOUNDERE , NKONGSAMBA , YAOUNDÉ",FINANCE,0.875
274b6e7e74ed3822b81a,6,5,8158,OFFRE_008158_6b74fe4cb4ae,Agent Comptable Central,Employeur non précisé,"BAFOUSSAM , BAMENDA , BERTOUA , BUÉA , DOUALA , EBOLOWA , EDEA , GAROUA , KRIBI , KUMBA , LIMBE , MAROUA , NGAOUNDERE , NKONGSAMBA , YAOUNDÉ",FINANCE,0.875
7fcf266395bfbaa78879,6,5,8159,OFFRE_008159_0088d229a235,Contrôleur Financier Central,Employeur non précisé,"BAFOUSSAM , BAMENDA , BERTOUA , BUÉA , DOUALA , EBOLOWA , GAROUA , KRIBI , KUMBA , LIMBE , MAROUA , NGAOUNDERE , NKONGSAMBA , YAOUNDÉ",FINANCE,0.875
0bd8c0e5ad155606953a,6,5,8160,OFFRE_008160_17d14803f120,Online Digital,Employeur non précisé,"BAFOUSSAM , BAMENDA , BERTOUA , BUÉA , DOUALA , EBOLOWA , EDEA , GAROUA , KRIBI , KUMBA , LIMBE , MAROUA , NGAOUNDERE , NKONGSAMBA , YAOUNDÉ",CATÉGORIES :,0.875
7f9a3e13f173b2e0741b,2,2,8161,OFFRE_008161_ca1b9d9a979c,Monitoring And Evaluation Assistant,Employeur non précisé,"BAMENDA , BUÉA",ADMINISTRATION,0.875
882de9e1959e2584ad1d,2,2,8163,OFFRE_008163_ee757f668336,Wash Officer,Employeur non précisé,"BAMENDA , BUÉA , KUMBA","ADMINISTRATION, AUTRES",0.875
efefdc1ca3acec0923d5,7,7,8166,OFFRE_008166_6363f7637957,Technico-Commerciale & Ambassadrice,Employeur non précisé,"DOUALA , YAOUNDÉ","COMMUNICATION, MARKETING, SANTÉ",0.875
b3a5cc3a83927400c7ef,6,6,8167,OFFRE_008167_1aa35b0c5fee,Commerciaux,Employeur non précisé,DOUALA,PATISSERIE,0.875
3134eac09eebe9055d96,6,6,8209,OFFRE_008209_eb2ce46db9ab,Professeur Particulier,Employeur non précisé,"ADAMAOUA , BAFANG , BAFOUSSAM , BAMENDA , BANDJOUN , BANGANGTÉ , BANGANTÉ , BANGANTE , BATOURI , BERTOUA , BUÉA , CAMEROUN , DOUALA , DSCHANG , EBOLOWA , EDEA , EN LIGNE , EXTRÊME NORD , EXTREME-NORD , FOUMBAN , FOUMBOT , GAROUA , KOUSSERI , KRIBI , KUMBA , LIMBE , LITTORAL , MAROUA , MEIGANGA , MOKOLO , MORA , NGAOUNDERE , NGAOUNDERE , NKONGSAMBA , PITOA , SOUZA , YAGOUA , YAOUNDÉ","ENSEIGNEMENT, OFFRE DE FORMATION",0.875
ea98f38abf15f53b2cb4,4,4,8227,OFFRE_008227_f6d57866f403,Commercial,Employeur non précisé,"BAFOUSSAM , DOUALA , GAROUA , MAROUA , NGAOUNDERE , YAOUNDÉ","FINANCE, INFORMATIQUE, TRANSPORT",0.875
c36a0feb9605cfb6cd25,6,6,8228,OFFRE_008228_183873e17a57,20 Agents Polyvalents,Employeur non précisé,"BAFOUSSAM , BAMENDA , BERTOUA , BUÉA , DOUALA , EBOLOWA , GAROUA , KRIBI , LIMBE , MAROUA , NGAOUNDERE , NKONGSAMBA , YAOUNDÉ",BANQUE,0.875
bb09c12be3e651b35250,3,3,8234,OFFRE_008234_03dae2f6e372,Commercaiaux,Employeur non précisé,"BAFOUSSAM , BERTOUA , GAROUA , MAROUA , NGAOUNDERE",COMMERCE,0.875
d29ebaaa49dd7c831231,3,3,8240,OFFRE_008240_6abe22e419ae,Gestionnaires De Projets Experimentés,Employeur non précisé,"BATOURI , DOUALA , GAROUA , MAROUA , YAOUNDÉ","DROIT, GOUVERNANCE, SCIENCE SOCIALE, SCIENCES POLITIQUES",0.875
560ee7b78e6fea2da467,2,1,8242,OFFRE_008242_444283198e76,ADJOINT RESPONSABLE PROGRAMME (SMPS) H/F,Employeur non précisé,MAROUA,SCIENCE SOCIALE,0.875
9daac92152efcaa03cd6,3,3,8245,OFFRE_008245_e121e8b69a7e,14 GESTIONNAIRES De COMPTES - Clientèle Des Particuliers Et Des Professionnels,Employeur non précisé,"BERTOUA , DOUALA , GAROUA , LIMBE , MAROUA , YAOUNDÉ","BANQUE, COMMERCE, FINANCE",0.875
a028ed29696ead026032,2,2,8246,OFFRE_008246_3a1116e7f00a,Stagiaire Animateur Réseau Commercial,Employeur non précisé,"GAROUA , MAROUA , NGAOUNDERE","BANQUE, FINANCE, MARKETING, VENTE",0.875
67a654d07ee00150fece,6,6,8248,OFFRE_008248_35fb6f965c45,AVIS DE RECRUTEMENT DE 117 ENQUETEURS POUR UNE ENQUETE POST-CAMPAGNE DANS LES DIX REGIONS DU CAMEROUN,Employeur non précisé,"À L’ÉTRANGER , ABONG-MBANG , ADAMAOUA , AKONO , AMBAM , BAFANG , BAFIA , BAFOUSSAM , BAKOSSI , BAMENDA , BANA , BANDJOUN , BANGANGTÉ , BANGANTE , BANGANTÉ , BANGOU , BATCHENGA , BATOURI , BAZOU , BEKOKO , BERTOUA , BESSOUNGANG, BONALÉA-SOUZA , BOUAM , BUÉA , CAMEROUN , CAMPO , CAMPO , CENTRE , DIZANGUÉ , DJOHUNG , DJOUM , DOUALA , DOUMÉ , DSCHANG , EBOLOWA , EDEA , EN LIGNE , ESEKA , EST , EXTRÊME NORD , EXTREME-NORD , FAKO , FARO , FIGUIL , FONDJOMOKO(KEKEM) , FOTOKOL , FOUMBAN , FOUMBOT , GAROUA , GAROUA BOULAI , GAROUA BOULAI, BÉTARÉ-OYA, TOUBORO, LOGONE BIRNI , KEKEM , KOUSSERI , KRIBI , KUMBA , LIMBE , LOBEKE , LOEBEKE , LOGONE ET CHARI , MAKARY , MALEMBE , MALEMBE , MAMBELE , MAMFE , MAROUA , MBADJOCK , MBALAM , MBALMAYO , MBAM , MBANKOMO , MBOUDA , MEIGANGA , MESSAMENA , MEYOMESSALA , MINTOM , MOKOLO , MOLOUNDOU , MONABO , MONATÉLÉ , MORA , MOULOUNDOU , MUNDEMBA , MUTENGENE , NANGA EBOKO , NDIAN , NDOKOA , NGAN-HA , NGAOUNDAL , NGAOUNDERE , NGAOUNDERE , NGOUMOU , NGOUNSO , NGOYLA , NGOYLA , NIÉTÉ , NJOMBÉ , NKONGSAMBA , NKOTENG , NOMAYOS , NORD , NYABI , OUEST , PENJA , PITOA , POLI , SANGMELIMA , SEPTENTRION , SUD , TCHOLLIRÉ , TÉLÉTRAVAIL , TIBATI , TIGNERE , TIKO , TONGA , YABASSI , YAGOUA , YAGOUA , YAOUNDÉ , YOKADOUMA , YOKO",HUMANITAIRE,0.875
946387ad64ff7460f7da,3,3,8250,OFFRE_008250_32d43dbbc23d,REGIONAL SITE SUPERVISOR,Employeur non précisé,"GAROUA , MAROUA , YAOUNDÉ","ELECTRICITÉ, ELECTROTECHNIQUE",0.875
560ee7b78e6fea2da467,2,2,8254,OFFRE_008254_0a53fb6b9480,ADJOINT RESPONSABLE PROGRAMME SMPS / H/F,Employeur non précisé,MAROUA,SCIENCE SOCIALE,0.875
7104f93a24f97c007392,2,2,8256,OFFRE_008256_06816763cb6b,SECURITY OFFICER NO-2,Employeur non précisé,"BUÉA , MAROUA",SÉCURITÉ,0.875
97fab1b15dbfd5114c31,2,2,8270,OFFRE_008270_c9440f1365af,Commerciaux,Employeur non précisé,"BERTOUA , DOUALA , DSCHANG , MAROUA , NGAOUNDERE , YAOUNDÉ",VENTE,0.875
541afcb583eb851b2e24,2,1,8271,OFFRE_008271_56100c132576,ADJOINT RESPONSABLE PROGRAMME SAME H/F,Employeur non précisé,MAROUA,AGRONOMIE,0.875
352430b6399063cc5235,2,2,8277,OFFRE_008277_e5a6b1f06651,CHARGÉ(E) Finance / Comptabilité,Employeur non précisé,"MAROUA , YAOUNDÉ","ADMINISTRATION, COMPTABILITÉ, FINANCE",0.875
0510948c87ddbfda85e3,2,1,8285,OFFRE_008285_bc42508a2741,PSYCHOLOGUE,Employeur non précisé,MAROUA,SANTÉ,0.875
147db999419e85d4272b,2,2,8287,OFFRE_008287_e2760bc91388,03 COORDONNATEURS DU SUPPORT SITE,Employeur non précisé,"GAROUA , MAROUA , NGAOUNDERE",SANTÉ,0.875
e47529d719f6bd1d87da,2,2,8290,OFFRE_008290_ee4321b2b7b3,ASSISTANT FINANCE,Employeur non précisé,"KOUSSERI , MAROUA , YAOUNDÉ",FINANCE,0.875
d9f573e986f28f309d8f,6,6,8302,OFFRE_008302_df3b199ba8f6,TECHNICIENS EN TELECOMMUNICATION,Employeur non précisé,"BAFOUSSAM , BAMENDA , BERTOUA , BUÉA , CAMEROUN , DOUALA , EBOLOWA , GAROUA , KRIBI , MAROUA , NGAOUNDERE , YAOUNDÉ",INFORMATIQUE,0.875
36658e4c2877f464dc44,5,5,8303,OFFRE_008303_604d50714109,SPECIALISTES EN INFORMATIQUE (Réseau Et Sécurité),Employeur non précisé,"BAFOUSSAM , BAMENDA , BERTOUA , BUÉA , CAMEROUN , DOUALA , EBOLOWA , GAROUA , MAROUA , NGAOUNDERE , YAOUNDÉ",INFORMATIQUE,0.875
7db64eb9445ee288f432,3,3,8318,OFFRE_008318_6c6f2ff9614f,"Batch Recruitment (06) HIV/AIDS Officer, (NO-2)",Employeur non précisé,"BAFOUSSAM , BERTOUA , EBOLOWA , GAROUA , MAROUA , NGAOUNDERE",SANTÉ,0.875
e2ab88581f2a8fac883c,2,2,8329,OFFRE_008329_fedb90cb23f1,CAISSIER REGIONAL POUR LE PASSR,Employeur non précisé,"GAROUA , MAROUA , NGAOUNDERE",COMPTABILITÉ,0.875
0510948c87ddbfda85e3,2,2,8332,OFFRE_008332_49be9a3b52f3,PSYCHOLOGUE,Employeur non précisé,MAROUA,SANTÉ,0.875
541afcb583eb851b2e24,2,2,8347,OFFRE_008347_f5525363b7cb,ADJOINT RESPONSABLE PROGRAMME SAME H/F,Employeur non précisé,MAROUA,AGRONOMIE,0.875
87cc26857ec858c670f1,3,3,8355,OFFRE_008355_9b33e56f9668,DSA (Detail Sales Agent) & LO (Agent De Crédit),Employeur non précisé,"BAFOUSSAM , BERTOUA , DOUALA , MAROUA , YAOUNDÉ","OUVRIERS / OPÉRATEURS / AGENTS, VENTE",0.875
6b0b4351ae323d4f11d6,6,6,8364,OFFRE_008364_39834f60d699,Développeur JAVA EE / JAVA 8 Avec Une Compétence SQL,Employeur non précisé,"BAFOUSSAM , BAMENDA , BERTOUA , BUÉA , DOUALA , EBOLOWA , GAROUA , MAROUA , NGAOUNDERE , YAOUNDÉ",INFORMATIQUE,0.875
52930de7caf029d98c6c,4,4,8367,OFFRE_008367_f19b3eaf065b,Recrutement Par Lots : 6 X Consultants Nationaux SBC Communication Des Risques Et Engagement Communautaire (RCCE) En Appui À La Génération De La Demande De Vaccination Et De Vaccination De Routine (RI) COVID-19,Employeur non précisé,"BAFOUSSAM , BAMENDA , BERTOUA , BUÉA , DOUALA , MAROUA",SCIENCE SOCIALE,0.875
c008e2fd85ec9abdc854,2,2,8370,OFFRE_008370_f846fda6e64b,06 CHARGE -ES MEAL,Employeur non précisé,"BATOURI , MAROUA , YAOUNDÉ",SCIENCE SOCIALE,0.875
d0ae2b86b7d581e74b1e,2,2,8375,OFFRE_008375_74fa1dfadacf,AVIS D’APPEL A CANDIDATURE POUR LE RECRUTEMENT DE TROIS (03) CAISSIERS REGIONAUX POUR LE PASSR,Employeur non précisé,"GAROUA , MAROUA , NGAOUNDERE",GESTION,0.875
84a9f27558f9408c65f5,5,5,8377,OFFRE_008377_f973cc94045c,70 POSTES OUVERTS,Employeur non précisé,"BAMENDA , BUÉA , GAROUA , MAROUA , MEIGANGA , NGAOUNDERE , YAOUNDÉ","ADMINISTRATION, COMPTABILITÉ, FINANCE, INFORMATIQUE, LOGISTIQUE, ONG",0.875
31cebe884f6b9d447ef1,2,2,8378,OFFRE_008378_771e55cae258,PLUSIEURS TEMPORAIRES Niveau BEPC,Employeur non précisé,"GAROUA , MAROUA","LOGISTIQUE, OUVRIERS / OPÉRATEURS / AGENTS",0.875
3f3b4b9dd7d096a19e11,7,7,8387,OFFRE_008387_110488c6db0c,25 AGENTS POLYVALENTS,Employeur non précisé,"BAFOUSSAM , BAMENDA , BERTOUA , BUÉA , CAMEROUN , DOUALA , DSCHANG , EBOLOWA , EDEA , GAROUA , GAROUA BOULAI, BÉTARÉ-OYA, TOUBORO, LOGONE BIRNI , KOUSSERI , KRIBI , LIMBE , MAROUA , NGAOUNDERE , NKONGSAMBA , NKOTENG , YAOUNDÉ","ADMINISTRATION, FINANCE",0.875
00c976fb9c8fc3bddd61,2,2,8388,OFFRE_008388_0ab7272bb58f,Stage Vacances-Iziway,Employeur non précisé,"DOUALA , MAROUA , YAOUNDÉ",STAGE,0.875
70e028b271a7406812f7,2,2,8390,OFFRE_008390_8e7dc34281ed,03 Candidats-CICR,Employeur non précisé,"MAROUA , YAOUNDÉ",ONG,0.875
cd56cd00a5d5ac3fc71e,2,2,8391,OFFRE_008391_0a74d4c5456a,Cuisiner/Femme D’Etage/Vigile,Employeur non précisé,"MAROUA , YAOUNDÉ",HOTEL,0.875
9147123ed1421dff1993,6,6,8394,OFFRE_008394_764a3f743d23,Conseillers Financiers Ngaoundéré Garoua Maroua Douala Limbe Bertoua Ebolowa Yaoundé Kribi Bafoussam Bamenda,Employeur non précisé,"BAFOUSSAM , BAMENDA , BERTOUA , DOUALA , EBOLOWA , GAROUA , KRIBI , LIMBE , MAROUA , NGAOUNDERE , YAOUNDÉ","COMMERCE, COMMUNICATION",0.875
c2bf4fd559047b5abb03,5,5,8395,OFFRE_008395_21ee3758412f,Financial Advisor,Employeur non précisé,"BAFOUSSAM , BAMENDA , BERTOUA , DOUALA , EBOLOWA , GAROUA , MAROUA , NGAOUNDERE , YAOUNDÉ","COMMERCE, COMMUNICATION",0.875
06e521be886fe4c2fbc9,2,2,8396,OFFRE_008396_6cf6b1551c22,Financial Advisor-Ngaoundéré - Maroua - Garoua,Employeur non précisé,"GAROUA , MAROUA , NGAOUNDERE","ASSURANCE, FINANCE",0.875
f35c120f3e78dc915b57,2,2,8397,OFFRE_008397_296c26651f9a,Conseillers Financiers Basé À Ngaoundéré - Maroua - Garoua,Employeur non précisé,"GAROUA , MAROUA , NGAOUNDERE","ASSURANCE, FINANCE",0.875
aa0cb461620be315744c,2,2,8401,OFFRE_008401_060dce98dde8,CHEF D’AGENCE,Employeur non précisé,"CAMEROUN , GAROUA , MAROUA",FINANCE,0.875
02f742dddd1cce585f23,3,3,8402,OFFRE_008402_423987dbac9e,"Plusieurs Développeurs Java/ JEE , .NET, Web",Employeur non précisé,"BUÉA , CAMEROUN , DOUALA , MAROUA , YAOUNDÉ",INFORMATIQUE,0.875
4d610022fcee31a581aa,2,2,8439,OFFRE_008439_75daf51620d7,Offre D'emploi: CHIEF OF PARTY,Employeur non précisé,"GAROUA , MAROUA","ADMINISTRATION, GESTION",0.875
3768cdf0d3bf03167746,3,3,8441,OFFRE_008441_f3e8f4e4c772,"Offre D'emploi: Chef De Mission, EAI Cameroun",Employeur non précisé,"GAROUA , MAROUA , YAOUNDÉ","ONG, PROJET",0.875
5224e6fc50f439745a37,3,3,8442,OFFRE_008442_3356dc10121f,Offre D'emploi: CONSEILLER TECHNIQUE EN PRÉVENTION DU VIH / SIDA,Employeur non précisé,"BAFOUSSAM , BERTOUA , DOUALA , GAROUA , MAROUA , NGAOUNDERE","ONG, SANTÉ",0.875
03ffb7ef3e9c07d3b4a6,6,6,8443,OFFRE_008443_c991c7f0faac,Offre D'emploi: CHEFS STATIONS SERVICES,Employeur non précisé,"BAFOUSSAM , BAMENDA , BERTOUA , BUÉA , DOUALA , GAROUA , MAROUA , NGAOUNDERE , YAOUNDÉ","AUTRES, MARKETING, VENTE",0.875
0a0040c47ea42163afbe,7,7,8446,OFFRE_008446_f1f7651e87df,Recrutement Massif-Cameroon Equatorial Development (CED) Sarl,Employeur non précisé,"BAFANG , BAFOUSSAM , BAMENDA , BATOURI , BERTOUA , BUÉA , DOUALA , DSCHANG , EBOLOWA , EDEA , FOUMBAN , FOUMBOT , GAROUA , KOUSSERI , KRIBI , KUMBA , LIMBE , MAMFE , MAROUA , MEIGANGA , MOKOLO , MORA , MUTENGENE , NGAOUNDERE , NGAOUNDERE , NGOYLA , NKONGSAMBA , PITOA , TIBATI , YAOUNDÉ",CATÉGORIES DES RECRUTEMENTS ET OFFRES D'EMPLOIS AU CAMEROUN,0.875
8abb9fcb65ca203fbf16,2,2,8456,OFFRE_008456_e1af6d80c23b,Agent Commercial Et Administratif (H/F),Employeur non précisé,"GAROUA , MAROUA , NGAOUNDERE","ADMINISTRATION, COMMERCE",0.875
5c11e11687b5fe4ddfcc,2,2,8457,OFFRE_008457_8342b90fd88a,02 Chargé(S) D’Affaires (H/F),Employeur non précisé,"GAROUA , MAROUA , NGAOUNDERE","COMMERCE, COMMUNICATION",0.875
f38ad4e07ff47407988e,6,6,8462,OFFRE_008462_a713759eb1ce,100 Jeunes Diplômés,Employeur non précisé,"BAFOUSSAM , BAMENDA , BERTOUA , BUÉA , DOUALA , EBOLOWA , GAROUA , MAROUA , NGAOUNDERE , YAOUNDÉ",CATÉGORIES DES RECRUTEMENTS ET OFFRES D'EMPLOIS AU CAMEROUN,0.875
755a5201a0e9e42e315c,3,3,8463,OFFRE_008463_9ca173cd6d4c,Annonce Responsable D’Agence Grand Nord (H/F),Employeur non précisé,"GAROUA , MAROUA , NGAOUNDERE , YAOUNDÉ",FINANCE,0.875
9722b2b820b8d99ebb43,5,5,8467,OFFRE_008467_1fb8af6d8b49,Offre D'emploi : Chargé SEO À Domicile,Employeur non précisé,"BAFOUSSAM , BAMENDA , BERTOUA , BUÉA , GAROUA , KRIBI , LIMBE , MAROUA , YAOUNDÉ","INFORMATIQUE, MARKETING",0.875
4f02c8a5cad6d8cfb9b4,4,4,8468,OFFRE_008468_4d5dbc900c75,TECHNICIEN ÉLECTRICIEN JUNIOR,Employeur non précisé,"BAFOUSSAM , BAMENDA , BERTOUA , BUÉA , DOUALA , EBOLOWA , GAROUA , MAROUA , NGAOUNDERE , YAOUNDÉ",INDUSTRIE,0.875
baf5c7f2c8e24ea388ee,2,1,8478,OFFRE_008478_9847019cd68e,Programme Associate M&E Maroua MAROUA (CAMEROON),Employeur non précisé,MAROUA,ONG,0.875
baf5c7f2c8e24ea388ee,2,2,8480,OFFRE_008480_d9cebe3ce9d2,Programme Associate M&E Maroua MAROUA (CAMEROON),Employeur non précisé,MAROUA,ONG,0.875
8f2b2575be600d8974d4,4,4,8482,OFFRE_008482_f88ff073e157,Analyste​ De Tests Et D’Assurance Qualité (H/F),Employeur non précisé,"BAFOUSSAM , BAMENDA , BERTOUA , BUÉA , DOUALA , LIMBE , MAROUA , YAOUNDÉ","ADMINISTRATION, ASSURANCE",0.875
878d85fdeec861c140ce,4,4,8484,OFFRE_008484_758366535a1d,Assistant Community Manager,Employeur non précisé,"BAFOUSSAM , BAMENDA , BUÉA , DOUALA , LIMBE , MAROUA , YAOUNDÉ",RÉSEAUX SOCIAUX,0.875
6aaf7fbf1cf86327413a,6,6,8485,OFFRE_008485_f642b3bcac7a,105 Agents De Collecte-INS,Employeur non précisé,"BAFOUSSAM , BAMENDA , BERTOUA , BUÉA , DOUALA , GAROUA , KRIBI , LIMBE , MAROUA , YAOUNDÉ",CATÉGORIES DES RECRUTEMENTS ET OFFRES D'EMPLOIS AU CAMEROUN,0.875
8c8b4c875e8b11f9e0c1,2,2,8496,OFFRE_008496_ace51563f0c4,Avis De Recrutement D'un (1) Coordonnateur D'Activités Médias Et Communautaires,Employeur non précisé,"GAROUA , MAROUA","HUMANITAIRE, ONG",0.875
da2f67fc579f3ce6cee0,6,6,8507,OFFRE_008507_af2930506924,Auditeur Interne,Employeur non précisé,"BAFOUSSAM , BAMENDA , BERTOUA , BUÉA , DOUALA , EBOLOWA , EDEA , GAROUA , KRIBI , KUMBA , LIMBE , MAROUA , NGAOUNDERE , NKONGSAMBA , YAOUNDÉ",FINANCE,0.875
274b6e7e74ed3822b81a,6,6,8508,OFFRE_008508_6cd3974d1af1,Agent Comptable Central,Employeur non précisé,"BAFOUSSAM , BAMENDA , BERTOUA , BUÉA , DOUALA , EBOLOWA , EDEA , GAROUA , KRIBI , KUMBA , LIMBE , MAROUA , NGAOUNDERE , NKONGSAMBA , YAOUNDÉ",FINANCE,0.875
7fcf266395bfbaa78879,6,6,8509,OFFRE_008509_6e12c4f1ae09,Contrôleur Financier Central,Employeur non précisé,"BAFOUSSAM , BAMENDA , BERTOUA , BUÉA , DOUALA , EBOLOWA , GAROUA , KRIBI , KUMBA , LIMBE , MAROUA , NGAOUNDERE , NKONGSAMBA , YAOUNDÉ",FINANCE,0.875
0bd8c0e5ad155606953a,6,6,8511,OFFRE_008511_672a3bd710c9,Online Digital,Employeur non précisé,"BAFOUSSAM , BAMENDA , BERTOUA , BUÉA , DOUALA , EBOLOWA , EDEA , GAROUA , KRIBI , KUMBA , LIMBE , MAROUA , NGAOUNDERE , NKONGSAMBA , YAOUNDÉ",CATÉGORIES :,0.875
761f9bb9a5294ffefbc8,2,1,8535,OFFRE_008535_108246f57558,RECRUTEMENT AUX POSTES ADMINISTRATIFS,Employeur non précisé,Cameroun (ville non précisée),ONG / Organisation internationale,1.0
c5dc2c49646dc1b82a9c,2,1,8546,OFFRE_008546_12bbe8105dbf,2020CMH - Academic Internship - Occupational Health / Stage académique - Médecine du travail,ExxonMobil,Cameroun (ville non précisée),Autre,1.0
943b32400ff4773f28f6,2,1,8554,OFFRE_008554_d1782e368bf5,2020CMH - Academic Internship - Information Technology / Stage académique - TIC,ExxonMobil,Cameroun (ville non précisée),Autre,1.0
f4663d271872edd6f258,2,1,8555,OFFRE_008555_63f1cfc2711e,Directeur des Ressources Humaines - Douala - Cameroun,MULTINET BUSINESS SOLUTIONS,Douala,Autre,1.0
f4663d271872edd6f258,2,2,8558,OFFRE_008558_85a31997da80,Directeur des Ressources Humaines - Douala - Cameroun,MULTINET BUSINESS SOLUTIONS,Douala,Autre,1.0
6149d72a17e0c2d17001,7,1,8576,OFFRE_008576_de0e8691972d,Deputy Chief of Party I Operations- KIDSS Project,Catholic Relief Services,Cameroun (ville non précisée),Gouvernement,1.0
e0051ed2e5508efe63e8,2,1,8594,OFFRE_008594_a85d1efe9853,2020CMH - Academic Internship - Logistics / Stage académique - Logistique,ExxonMobil,Cameroun (ville non précisée),Autre,1.0
369d0fa52aacfbdd571d,2,1,8605,OFFRE_008605_f94e2166c723,Regional HR Coordinator - West Africa,International Rescue Committee,Cameroun (ville non précisée),Gouvernement,1.0
6149d72a17e0c2d17001,7,2,8606,OFFRE_008606_27079c5d8a9c,Deputy Chief of Party I Operations- KIDSS Project,Catholic Relief Services,Cameroun (ville non précisée),Gouvernement,1.0
0ca15213e543a0ebaa0e,2,1,8607,OFFRE_008607_e37bc8b63c5d,"Manager, Internal Audit-French Speaking",International Rescue Committee,Cameroun (ville non précisée),Gouvernement,1.0
7b62f829d493fc7e6cdb,2,1,8611,OFFRE_008611_f1fb8219e10f,"Associate, Member Monitoring (Assurance)",Rainforest Alliance,Cameroun (ville non précisée),Agriculture / Pêche / Forêts,1.0
62e0b04ef69f1cb778de,2,1,8616,OFFRE_008616_a02b5db40bae,Project Coordinator EU,Plan International,Cameroun (ville non précisée),Gouvernement,1.0
fa5c5de82c659240149a,2,1,8618,OFFRE_008618_340bfa483ac3,Sales Analyst,Employeur non précisé,Cameroun (ville non précisée),Distribution / Commerce de gros / Commerce de détail,1.0
73f201340f9e0d062063,4,1,8625,OFFRE_008625_7e1ce4bf14a7,Rédacteur Web (H/F),AGENCE DES MONTS,Cameroun (ville non précisée),Marketing / Publicité,1.0
73f201340f9e0d062063,4,2,8647,OFFRE_008647_0bcbd88f16fd,Rédacteur Web (H/F),AGENCE DES MONTS,Cameroun (ville non précisée),Marketing / Publicité,1.0
a65d8a47f23b90d967d7,2,1,8654,OFFRE_008654_8657144bd19f,"Account Manager - Wholesale (French, English Speaker)",AMD TELECOM,Cameroun (ville non précisée),TIC / Télécommunications,1.0
c5dc2c49646dc1b82a9c,2,2,8669,OFFRE_008669_30a797ee0192,2020CMH - Academic Internship - Occupational Health / Stage académique - Médecine du travail,ExxonMobil,Cameroun (ville non précisée),Autre,1.0
369d0fa52aacfbdd571d,2,2,8683,OFFRE_008683_e824757a8ff2,Regional HR Coordinator - West Africa,International Rescue Committee,Cameroun (ville non précisée),Gouvernement,1.0
a65d8a47f23b90d967d7,2,2,8684,OFFRE_008684_1368d0de6f53,"Account Manager - Wholesale (French, English Speaker)",AMD Telecom,Cameroun (ville non précisée),TIC / Télécommunications,1.0
8e87faaf89675bfb8c11,2,1,8686,OFFRE_008686_844c01c8ae8f,Commercial H/F,SMOPAYE SARL,Yaoundé,Distribution / Commerce de gros / Commerce de détail,1.0
7ecd336fa7dd1c27ce36,2,1,8695,OFFRE_008695_473559324c21,Graphiste,L'AGENCE U,Cameroun (ville non précisée),Marketing / Publicité,1.0
7ecd336fa7dd1c27ce36,2,2,8696,OFFRE_008696_ffd08f74a2c1,Graphiste,L'AGENCE U,Cameroun (ville non précisée),Marketing / Publicité,1.0
8681843d68c116225441,2,1,8701,OFFRE_008701_c8435d16524a,Agent de Sécurité - Yaoundé,BOHEN & CO,Yaoundé,Distribution / Commerce de gros / Commerce de détail,1.0
50399b75528d8ab33e53,2,1,8702,OFFRE_008702_92ea34629400,Commercial H/F,BOHEN & CO,Cameroun (ville non précisée),Distribution / Commerce de gros / Commerce de détail,1.0
943b32400ff4773f28f6,2,2,8706,OFFRE_008706_785751082986,2020CMH - Academic Internship - Information Technology / Stage académique - TIC,ExxonMobil,Cameroun (ville non précisée),Autre,1.0
e0051ed2e5508efe63e8,2,2,8707,OFFRE_008707_6c6988db13d7,2020CMH - Academic Internship - Logistics / Stage académique - Logistique,ExxonMobil,Cameroun (ville non précisée),Autre,1.0
7b62f829d493fc7e6cdb,2,2,8714,OFFRE_008714_c6b54dd2301d,"Associate, Member Monitoring (Assurance)",Rainforest Alliance,Cameroun (ville non précisée),Agriculture / Pêche / Forêts,1.0
62e0b04ef69f1cb778de,2,2,8715,OFFRE_008715_bcb6430a16a5,Project Coordinator EU,Plan International,Cameroun (ville non précisée),Gouvernement,1.0
6301a503de174e8e4aa8,2,1,8731,OFFRE_008731_909ea53cacf9,Comptable Financier Expérimenté,SAVE OUR AGRICULTURE SARL,Cameroun (ville non précisée),Banque / Services financiers / Assurance,1.0
e5a23e03e78749075b77,2,1,8734,OFFRE_008734_ed2c9dd88923,Ingénieur Procédés Flow Assurance,HUCOZI CONSULTING AND TRADING LTD,Cameroun (ville non précisée),Industrie manufacturière,1.0
e07246275128840c9918,3,1,8735,OFFRE_008735_f9a8b7e590db,Commercial H/F,KAMER DEV,Cameroun (ville non précisée),Distribution / Commerce de gros / Commerce de détail,1.0
fb3acba7d33080b0a9a2,2,1,8736,OFFRE_008736_1577a3c25d32,Chef de Projet Evénementiel,JC KUTTA PROD,Cameroun (ville non précisée),Marketing / Publicité,1.0
3cf8b339a9b74895ebc3,2,1,8738,OFFRE_008738_25c24c512987,CONDUCTEUR DE TRAVAUX TCE CONFIRME,BATIR SARL,Cameroun (ville non précisée),Construction/ Immobilier,1.0
e07246275128840c9918,3,2,8740,OFFRE_008740_d35c13263054,Commercial H/F,KAMER DEV,Cameroun (ville non précisée),Distribution / Commerce de gros / Commerce de détail,1.0
e5a23e03e78749075b77,2,2,8741,OFFRE_008741_d1805dd39c4b,Ingénieur Procédés Flow Assurance,HUCOZI CONSULTING AND TRADING LTD,Cameroun (ville non précisée),Industrie manufacturière,1.0
6301a503de174e8e4aa8,2,2,8742,OFFRE_008742_87f9f4d5c2e0,Comptable Financier Expérimenté,SAVE OUR AGRICULTURE SARL,Cameroun (ville non précisée),Banque / Services financiers / Assurance,1.0
043697f7689c5d270ee3,2,1,8746,OFFRE_008746_3d0018df1135,Secrétaire,UNIVERSAL PROF SERVICES,Cameroun (ville non précisée),TIC / Télécommunications,1.0
6149d72a17e0c2d17001,7,3,8750,OFFRE_008750_f7d96b86c024,Deputy Chief of Party I Operations- KIDSS Project,Catholic Relief Services,Cameroun (ville non précisée),Gouvernement,1.0
8fcd984f6b43b43c5ff0,2,1,8755,OFFRE_008755_eff1c66054b3,Commercial H/F,SOCAGE SARL,Cameroun (ville non précisée),Distribution / Commerce de gros / Commerce de détail,1.0
8fcd984f6b43b43c5ff0,2,2,8756,OFFRE_008756_0fcff1a0ecec,Commercial H/F,SOCAGE SARL,Cameroun (ville non précisée),Distribution / Commerce de gros / Commerce de détail,1.0
a8804a351aa55b390284,2,1,8762,OFFRE_008762_14425a8f0af4,Commercial H/F,PBC,Cameroun (ville non précisée),Distribution / Commerce de gros / Commerce de détail,1.0
3cf8b339a9b74895ebc3,2,2,8763,OFFRE_008763_499c622d09c8,CONDUCTEUR DE TRAVAUX TCE CONFIRME,BATIR SARL,Cameroun (ville non précisée),Construction/ Immobilier,1.0
3e6f06dde87582248eca,2,1,8764,OFFRE_008764_9eed0197aefb,Commercial H/F,VENUS CS SARL,Cameroun (ville non précisée),Distribution / Commerce de gros / Commerce de détail,1.0
6fbb7df3958f20a4aa60,2,1,8765,OFFRE_008765_76783e047db8,Commercial H/F,CESD-SA,Cameroun (ville non précisée),Distribution / Commerce de gros / Commerce de détail,1.0
30c07219a749e35dbb16,2,1,8766,OFFRE_008766_09c3fb195aaa,Téléconseillers H/F,L&E CORPORATION,Cameroun (ville non précisée),Marketing / Publicité,1.0
fb3acba7d33080b0a9a2,2,2,8768,OFFRE_008768_01748f40d101,Chef de Projet Evénementiel,JC KUTTA PROD,Cameroun (ville non précisée),Marketing / Publicité,1.0
043697f7689c5d270ee3,2,2,8769,OFFRE_008769_b8ed8ad816ac,Secrétaire,UNIVERSAL PROF SERVICES,Cameroun (ville non précisée),TIC / Télécommunications,1.0
bfe319e095dbaa999125,2,1,8770,OFFRE_008770_825cbe680b0b,Stagiaire en Communication (H/F),MAKYPRO,Cameroun (ville non précisée),Marketing / Publicité,1.0
e07246275128840c9918,3,3,8771,OFFRE_008771_1f9d6d6296c4,Commercial H/F,KAMER DEV,Cameroun (ville non précisée),Distribution / Commerce de gros / Commerce de détail,1.0
c05cc628345c433b632c,3,1,8773,OFFRE_008773_36ba358c884c,Nounou - Yaoundé,AXXENTIS,Yaoundé,TIC / Télécommunications,1.0
30c07219a749e35dbb16,2,2,8777,OFFRE_008777_ea2b3e8328ce,Téléconseillers H/F,L&E CORPORATION,Cameroun (ville non précisée),Marketing / Publicité,1.0
3e6f06dde87582248eca,2,2,8778,OFFRE_008778_e1e5dd3f344e,Commercial H/F,VENUS CS SARL,Cameroun (ville non précisée),Distribution / Commerce de gros / Commerce de détail,1.0
6fbb7df3958f20a4aa60,2,2,8779,OFFRE_008779_812120c1f67a,Commercial H/F,CESD-SA,Cameroun (ville non précisée),Distribution / Commerce de gros / Commerce de détail,1.0
c05cc628345c433b632c,3,2,8780,OFFRE_008780_c2d8aea40e7d,Nounou - Yaoundé,AXXENTIS,Yaoundé,TIC / Télécommunications,1.0
c05cc628345c433b632c,3,3,8782,OFFRE_008782_26c87d2623b9,Nounou - Yaoundé,AXXENTIS,Yaoundé,TIC / Télécommunications,1.0
73f201340f9e0d062063,4,3,8783,OFFRE_008783_22d4eb2e6eae,Rédacteur Web (H/F),AGENCE DES MONTS,Cameroun (ville non précisée),Marketing / Publicité,1.0
4e4862bf444139fa042a,5,1,8785,OFFRE_008785_170af2b55f29,"Country Representative, Cameroon and Chad",Catholic Relief Services,Cameroun (ville non précisée),Gouvernement,1.0
6149d72a17e0c2d17001,7,4,8787,OFFRE_008787_877b13498661,Deputy Chief of Party I Operations- KIDSS Project,Catholic Relief Services,Cameroun (ville non précisée),Gouvernement,1.0
a8804a351aa55b390284,2,2,8800,OFFRE_008800_d64963fe777d,Commercial H/F,PBC,Cameroun (ville non précisée),Distribution / Commerce de gros / Commerce de détail,1.0
73f201340f9e0d062063,4,4,8801,OFFRE_008801_64f573116a67,Rédacteur Web (H/F),AGENCE DES MONTS,Cameroun (ville non précisée),Marketing / Publicité,1.0
bfe319e095dbaa999125,2,2,8806,OFFRE_008806_72f0cb80c156,Stagiaire en Communication (H/F),MAKYPRO,Cameroun (ville non précisée),Marketing / Publicité,1.0
6149d72a17e0c2d17001,7,5,8811,OFFRE_008811_4fdda7eec16c,Deputy Chief of Party I Operations- KIDSS Project,Catholic Relief Services,Cameroun (ville non précisée),Gouvernement,1.0
0ca15213e543a0ebaa0e,2,2,8812,OFFRE_008812_e92894e6f567,"Manager, Internal Audit-French Speaking",International Rescue Committee,Cameroun (ville non précisée),Gouvernement,1.0
4e4862bf444139fa042a,5,2,8813,OFFRE_008813_63b9cb7de967,"Country Representative, Cameroon and Chad",Catholic Relief Services,Cameroun (ville non précisée),Gouvernement,1.0
d6ce57ebd0cb398eb304,2,1,8814,OFFRE_008814_0573b50e4b45,Chauffeur,SNV,Cameroun (ville non précisée),Gouvernement,1.0
f75c12254b0ecf6b4307,2,1,8824,OFFRE_008824_97c9e7f8e489,Deputy Director Finance,International Rescue Committee,Cameroun (ville non précisée),Gouvernement,1.0
4e4862bf444139fa042a,5,3,8825,OFFRE_008825_f1dae51314d7,"Country Representative, Cameroon and Chad",Catholic Relief Services,Cameroun (ville non précisée),Gouvernement,1.0
8e87faaf89675bfb8c11,2,2,8828,OFFRE_008828_86c8783fbee7,Commercial (H/F),SMOPAYE SARL,Yaoundé,Distribution / Commerce de gros / Commerce de détail,1.0
2d1d462dfcb6923d2796,2,1,8834,OFFRE_008834_c5a76ad91bee,Stagiaire Professionnel en Gestion Comptable et Financière,KOUHSI,Cameroun (ville non précisée),Banque / Services financiers / Assurance,1.0
2d1d462dfcb6923d2796,2,2,8840,OFFRE_008840_63a0752b896c,Stagiaire Professionnel en Gestion Comptable et Financière,KOUHSI,Cameroun (ville non précisée),Banque / Services financiers / Assurance,1.0
f75c12254b0ecf6b4307,2,2,8845,OFFRE_008845_6a781fc38505,Deputy Director Finance,International Rescue Committee,Cameroun (ville non précisée),Gouvernement,1.0
d6ce57ebd0cb398eb304,2,2,8846,OFFRE_008846_f9b2855ea1c7,Chauffeur,SNV,Cameroun (ville non précisée),Gouvernement,1.0
4e4862bf444139fa042a,5,4,8848,OFFRE_008848_9891a750459d,"Country Representative, Cameroon and Chad",Catholic Relief Services,Cameroun (ville non précisée),Gouvernement,1.0
6149d72a17e0c2d17001,7,6,8849,OFFRE_008849_e1a924161982,Deputy Chief of Party I Operations- KIDSS Project,Catholic Relief Services,Cameroun (ville non précisée),Gouvernement,1.0
93232dadc07e6a118737,2,1,8855,OFFRE_008855_d9c1d3fe4ebb,Chargé(e) de Recouvrement (Secteur de Transport),LGL TRANSPORT,Yaoundé,Banque / Services financiers / Assurance,1.0
93232dadc07e6a118737,2,2,8861,OFFRE_008861_a1e42f6bc0bd,Chargé(e) de Recouvrement (Secteur de Transport),LGL TRANSPORT,Yaoundé,Banque / Services financiers / Assurance,1.0
cc316daaad341c70c821,2,1,8882,OFFRE_008882_594886e45a61,Télévendeurs (H/F),ABESS CAPITAL,Cameroun (ville non précisée),Distribution / Commerce de gros / Commerce de détail,1.0
aada347f0b7d6c0b3444,2,1,8887,OFFRE_008887_15c0b3b55fe3,RECRUTEMENT URGENT RESPONSABLE COMMERCIAL YAOUNDÉ,Paris Formations,YAOUNDÉ,Éducation,1.0
aada347f0b7d6c0b3444,2,2,8888,OFFRE_008888_1dc0174f421e,RECRUTEMENT URGENT RESPONSABLE COMMERCIAL YAOUNDÉ,Paris Formations,YAOUNDÉ,Éducation,1.0
6149d72a17e0c2d17001,7,7,8895,OFFRE_008895_33dc623867f1,Deputy Chief of Party I Operations- KIDSS Project,Catholic Relief Services,Cameroun (ville non précisée),Gouvernement,1.0
4e4862bf444139fa042a,5,5,8897,OFFRE_008897_c448b2ce7520,"Country Representative, Cameroon and Chad",Catholic Relief Services,Cameroun (ville non précisée),Gouvernement,1.0
6413d5bd5da0c89d24e5,4,1,8912,OFFRE_008912_d5fb9c6d8ac1,Conseiller Commercial (H/F),NSIA ASSURANCES,Cameroun (ville non précisée),Distribution / Commerce de gros / Commerce de détail,1.0
94479450b42549ace4d5,2,1,8914,OFFRE_008914_045980acd25f,COORDINATEUR DES TRAVAUX GÉNIE CIVIL (TELECOM) H/F,TRUST AFRICA,Cameroun (ville non précisée),Construction/ Immobilier,1.0
94479450b42549ace4d5,2,2,8917,OFFRE_008917_159d9b8d7344,COORDINATEUR DES TRAVAUX GÉNIE CIVIL (TELECOM) H/F,TRUST AFRICA,Cameroun (ville non précisée),Construction/ Immobilier,1.0
7794ea9b817d1045a029,2,1,8921,OFFRE_008921_d21bb2888524,Stage Professionnel au poste de Sales Representative,AXXENTIS,Cameroun (ville non précisée),TIC / Télécommunications,1.0
2d50c4aeb809499cef97,2,1,8933,OFFRE_008933_3cefdcada5de,Business Developer,SITRACEL,Cameroun (ville non précisée),Distribution / Commerce de gros / Commerce de détail,1.0
c36a7ac713faafc8cfed,2,1,8935,OFFRE_008935_9358544076f8,Technicien de Génie Civil/Génie Rural (Projet BMZ),PLAN CAMEROON,Cameroun (ville non précisée),Construction/ Immobilier,1.0
2d50c4aeb809499cef97,2,2,8936,OFFRE_008936_1bc335012c25,Business Developer,SITRACEL,Cameroun (ville non précisée),Distribution / Commerce de gros / Commerce de détail,1.0
c6222ffe09c7574ef0a3,3,1,8952,OFFRE_008952_dcd29f10e038,Country Manager,Jobartis,Cameroun (ville non précisée),TIC / Télécommunications,1.0
c6222ffe09c7574ef0a3,3,2,8955,OFFRE_008955_a8b8805ae4e0,Country Manager,Jobartis,Cameroun (ville non précisée),TIC / Télécommunications,1.0
cc316daaad341c70c821,2,2,8956,OFFRE_008956_c63da90d6738,Télévendeurs (H/F),ABESS CAPITAL,Cameroun (ville non précisée),Distribution / Commerce de gros / Commerce de détail,1.0
a5b9f11e43409e6fec41,2,1,8964,OFFRE_008964_ae1f4e184b0d,Agent Administratif,CIBLE RH EMPLOI,Cameroun (ville non précisée),Banque / Services financiers / Assurance,1.0
c4e83bf926b9901db85a,2,1,8965,OFFRE_008965_30d6264244d7,CONSEILLER EN ASSURANCES,SUNU Assurances Vie,Cameroun (ville non précisée),Banque / Services financiers / Assurance,1.0
c6222ffe09c7574ef0a3,3,3,8969,OFFRE_008969_2c78b6de3cb7,Country Manager,Jobartis,Cameroun (ville non précisée),TIC / Télécommunications,1.0
2a129d8da77cd13480a4,2,1,8976,OFFRE_008976_954bc7049268,Technicien Helpdesk,Employeur non précisé,Cameroun (ville non précisée),TIC / Télécommunications,1.0
8d8390ade9d868776eee,2,1,8977,OFFRE_008977_24839db33048,EXPORT ASSISTANT LOGISTIC,CIBLE RH EMPLOI,Cameroun (ville non précisée),Banque / Services financiers / Assurance,1.0
e24763077f11d4f231dd,2,1,8978,OFFRE_008978_b302e90e301e,Vendeur ( Parc Automobile ),TRAST SARL,Cameroun (ville non précisée),Distribution / Commerce de gros / Commerce de détail,1.0
959a34e2309ceaa31aca,2,1,8979,OFFRE_008979_abbd23ccc848,Commercial Externe H/F,DOHONE SA,Cameroun (ville non précisée),Distribution / Commerce de gros / Commerce de détail,1.0
a5b9f11e43409e6fec41,2,2,8980,OFFRE_008980_84956ff4770a,Agent Administratif,CIBLE RH EMPLOI,Cameroun (ville non précisée),Banque / Services financiers / Assurance,1.0
1e8df4a44af4ff2b5913,2,1,8982,OFFRE_008982_d739ee3f559e,Assistant Community Manager,Stoready Cameroun,Cameroun (ville non précisée),Distribution / Commerce de gros / Commerce de détail,1.0
1e8df4a44af4ff2b5913,2,2,8983,OFFRE_008983_0d3fdb1019a0,Assistant Community Manager,Stoready Cameroun,Cameroun (ville non précisée),Distribution / Commerce de gros / Commerce de détail,1.0
91401c8dff6bda8f7518,2,1,8992,OFFRE_008992_6a98439d3902,STATISTICIEN SENIOR (TÉLÉCOMMUNICATION) H/F,TRUST AFRICA,Cameroun (ville non précisée),Banque / Services financiers / Assurance,1.0
2a129d8da77cd13480a4,2,2,8996,OFFRE_008996_4280c0116c08,Technicien Helpdesk,Employeur non précisé,Cameroun (ville non précisée),TIC / Télécommunications,1.0
8d8390ade9d868776eee,2,2,8997,OFFRE_008997_cabadf3e0d28,EXPORT ASSISTANT LOGISTIC,CIBLE RH EMPLOI,Cameroun (ville non précisée),Banque / Services financiers / Assurance,1.0
e24763077f11d4f231dd,2,2,8998,OFFRE_008998_9f5565f4ab3f,Vendeur ( Parc Automobile ),TRAST SARL,Cameroun (ville non précisée),Distribution / Commerce de gros / Commerce de détail,1.0
959a34e2309ceaa31aca,2,2,8999,OFFRE_008999_b67f3ea13993,Commercial Externe H/F,DOHONE SA,Cameroun (ville non précisée),Distribution / Commerce de gros / Commerce de détail,1.0
43495e61ddb8cd42f835,2,1,9013,OFFRE_009013_6305a7b58f2b,"Mission de volontariat d'un an en Belgique, en Allemagne ou en Angleterre.",Youth African Volunteer,Cameroun (ville non précisée),ONG / Organisation internationale,1.0
d90f413dd4e698acf922,2,1,9015,OFFRE_009015_970b935719ac,Agent Commercial H/F,CHURCHILL TRAINING INSTITUTE,Cameroun (ville non précisée),Marketing / Publicité,1.0
d90f413dd4e698acf922,2,2,9019,OFFRE_009019_525d62f8564d,Agent Commercial H/F,CHURCHILL TRAINING INSTITUTE,Cameroun (ville non précisée),Marketing / Publicité,1.0
390eed18623a5d73cab0,2,1,9034,OFFRE_009034_fa2f98b46696,Gérante Institut de Beauté - Yaoundé,ROSY BEAUTY WORLD,Yaoundé,Distribution / Commerce de gros / Commerce de détail,1.0
c4e623950a37d8c1e96c,2,1,9035,OFFRE_009035_a5c5006d7403,Network & Security Analyst,AXXENTIS,Cameroun (ville non précisée),TIC / Télécommunications,1.0
c4e623950a37d8c1e96c,2,2,9036,OFFRE_009036_0b982c2ae386,Network & Security Analyst,AXXENTIS,Cameroun (ville non précisée),TIC / Télécommunications,1.0
c8d9e8dfd6db3a18f52b,2,1,9042,OFFRE_009042_3fa7c2941c4b,Comptable Consolidation Groupe H/F,ADRH APAVE,Cameroun (ville non précisée),Banque / Services financiers / Assurance,1.0
fefb3e2418287cec8a62,2,1,9051,OFFRE_009051_faebb177c93f,Conseiller commercial,NSIA ASSURANCES,Cameroun (ville non précisée),Distribution / Commerce de gros / Commerce de détail,1.0
f16b11bd3e70670f707a,2,1,9054,OFFRE_009054_93af0957f6ca,Chef de Service Contentieux,Employeur non précisé,Cameroun (ville non précisée),Légal,1.0
3fe10bd358b344499310,4,1,9056,OFFRE_009056_21069acd3eb6,Responsable Commercial,Employeur non précisé,Cameroun (ville non précisée),Distribution / Commerce de gros / Commerce de détail,1.0
f16b11bd3e70670f707a,2,2,9057,OFFRE_009057_ab707e9a2638,Chef de Service Contentieux,Employeur non précisé,Cameroun (ville non précisée),Légal,1.0
390eed18623a5d73cab0,2,2,9077,OFFRE_009077_f13cc4656bbc,Gérante Institut de Beauté - Yaoundé,ROSY BEAUTY WORLD,Yaoundé,Distribution / Commerce de gros / Commerce de détail,1.0
63cee198a1f5064f58dd,2,1,9090,OFFRE_009090_0a2b952b8f07,CONSEILLER TECHNIQUE,CIBLE RH EMPLOI,Cameroun (ville non précisée),Banque / Services financiers / Assurance,1.0
1f96f5cb68914f4a003b,2,1,9095,OFFRE_009095_272bd1df98f2,Ménagère,AXXENTIS,Cameroun (ville non précisée),TIC / Télécommunications,1.0
1f96f5cb68914f4a003b,2,2,9101,OFFRE_009101_d4d0b3fa2463,Ménagère,AXXENTIS,Cameroun (ville non précisée),TIC / Télécommunications,1.0
63cee198a1f5064f58dd,2,2,9102,OFFRE_009102_d46b8efd09a8,CONSEILLER TECHNIQUE,CIBLE RH EMPLOI,Cameroun (ville non précisée),Banque / Services financiers / Assurance,1.0
e4cb2940208ab20fefe2,3,1,9107,OFFRE_009107_110913565ed0,Commercial (H/F),Employeur non précisé,Cameroun (ville non précisée),Distribution / Commerce de gros / Commerce de détail,1.0
43495e61ddb8cd42f835,2,2,9121,OFFRE_009121_585e18870579,"Mission de volontariat d'un an en Belgique, en Allemagne ou en Angleterre.",Youth African Volunteer,Cameroun (ville non précisée),ONG / Organisation internationale,1.0
53515eabe1334855ad63,2,1,9127,OFFRE_009127_ad81a6693139,Unified Communications Analyst,AXXENTIS,Cameroun (ville non précisée),TIC / Télécommunications,1.0
96b485059fedae06bb8b,2,1,9131,OFFRE_009131_fdc68a61f6a2,Agent Commercial,Employeur non précisé,Cameroun (ville non précisée),Distribution / Commerce de gros / Commerce de détail,1.0
91401c8dff6bda8f7518,2,2,9148,OFFRE_009148_aab5fb1dcf6a,STATISTICIEN SENIOR (TÉLÉCOMMUNICATION) H/F,TRUST AFRICA,Cameroun (ville non précisée),Banque / Services financiers / Assurance,1.0
9eacad56b67e561b0a93,2,1,9151,OFFRE_009151_79324c36ac9a,Responsable Ressources Humaines H/F,TRUST AFRICA,Cameroun (ville non précisée),Autre,1.0
3182a21dbf9388e0cf79,2,1,9155,OFFRE_009155_b160049f26be,Chauffeur Privé - Odza,Employeur non précisé,Yaoundé,Logistique / Transport,1.0
3182a21dbf9388e0cf79,2,2,9156,OFFRE_009156_001f86b43af2,Chauffeur Privé - Odza,Employeur non précisé,Yaoundé,Logistique / Transport,1.0
762d5852b3aec812a7a3,2,1,9159,OFFRE_009159_da0489a519bb,Responsable Redressement Economique - Pilier 2 Poste basé à Maroua,Care international,Maroua,ONG / Organisation internationale,1.0
bbd04595ce3127329b6a,4,1,9162,OFFRE_009162_6ced798ccb5f,"Toi aussi deviens Volontaire et effectue ton service d'un an en Allemagne, Autriche ou Danemark",Youth African Volunteer,Cameroun (ville non précisée),ONG / Organisation internationale,1.0
bbd04595ce3127329b6a,4,2,9163,OFFRE_009163_3c710651003c,"Toi aussi deviens Volontaire et effectue ton service d'un an en Allemagne, Autriche ou Danemark",Youth African Volunteer,Cameroun (ville non précisée),ONG / Organisation internationale,1.0
bbd04595ce3127329b6a,4,3,9164,OFFRE_009164_540137defdda,"Toi aussi deviens Volontaire et effectue ton service d'un an en Allemagne, Autriche ou Danemark",Youth-African-Volunteer,Cameroun (ville non précisée),ONG / Organisation internationale,1.0
69c7750e52f8ad09dff9,2,1,9175,OFFRE_009175_7cddd0710391,Head of Human Resources - Cameroon,ADRH APAVE,Cameroun (ville non précisée),Autre,1.0
69c7750e52f8ad09dff9,2,2,9176,OFFRE_009176_84e574344b37,Head of Human Resources - Cameroon,ADRH APAVE,Cameroun (ville non précisée),Autre,1.0
bbd04595ce3127329b6a,4,4,9181,OFFRE_009181_0cba7af67eba,"Toi aussi deviens Volontaire et effectue ton service d'un an en Allemagne, Autriche ou Danemark",Youth-African-Volunteer,Cameroun (ville non précisée),ONG / Organisation internationale,1.0
762d5852b3aec812a7a3,2,2,9195,OFFRE_009195_22d6500ae2ce,Responsable Redressement Economique - Pilier 2 Poste basé à Maroua,Care International,Maroua,ONG / Organisation internationale,1.0
0b4a3c75c269a32123e3,2,1,9213,OFFRE_009213_aa8e38a23396,"Toi aussi deviens humanitaire et fais ton service de volontariat en Belgique, Hollande ou Suède",Youth-African-Volunteer,Cameroun (ville non précisée),ONG / Organisation internationale,1.0
c1837c255fe09b58efc4,2,1,9218,OFFRE_009218_46fb8764b9e7,developpeurs d'application,ISTIA,Cameroun (ville non précisée),TIC / Télécommunications,1.0
c1837c255fe09b58efc4,2,2,9219,OFFRE_009219_890f025b7814,developpeurs d'application,ISTIA,Cameroun (ville non précisée),TIC / Télécommunications,1.0
8681843d68c116225441,2,2,9224,OFFRE_009224_d4813cb0af3d,Agent de Sécurité - Yaoundé,BOHEN & CO,Yaoundé,Distribution / Commerce de gros / Commerce de détail,1.0
8007b20774e9c57df32e,2,1,9228,OFFRE_009228_3a911ea71843,Communicateur Web - Yaoundé,MADIA,Yaoundé,TIC / Télécommunications,1.0
0b4a3c75c269a32123e3,2,2,9231,OFFRE_009231_928668e94eed,"Toi aussi deviens humanitaire et fais ton service de volontariat en Belgique, Hollande ou Suède",Youth-African-Volunteer,Cameroun (ville non précisée),ONG / Organisation internationale,1.0
ac91103cd17f7b9b34f4,2,1,9235,OFFRE_009235_0059b44f9088,Ingénieur Agronome - Douala,Employeur non précisé,Douala,Autre,1.0
ac91103cd17f7b9b34f4,2,2,9237,OFFRE_009237_5696e77182b7,Ingénieur Agronome - Douala,Employeur non précisé,Douala,Autre,1.0
be3ca557fce05bd3eccd,2,1,9242,OFFRE_009242_b3de00afbc08,Administrateur Réseaux système et Helpdesk,OOLU SOLAR,Cameroun (ville non précisée),TIC / Télécommunications,1.0
6dc07af907097ec3c46d,3,1,9247,OFFRE_009247_1eccffc437fd,"Avis : volontariat de mission en Belgique, Hollande et Suède",Youth African Volunteer,Cameroun (ville non précisée),ONG / Organisation internationale,1.0
cbdb73b107fc5b31c973,2,1,9252,OFFRE_009252_91919cbf2d74,Commercial H / F,A.F.H UNT,Cameroun (ville non précisée),Distribution / Commerce de gros / Commerce de détail,1.0
483ce01d993184d7a897,2,1,9254,OFFRE_009254_9532a49f4e5f,RAYONNISTE,CSME,Cameroun (ville non précisée),Distribution / Commerce de gros / Commerce de détail,1.0
ecb905a0cd270c9511e5,2,1,9255,OFFRE_009255_26c35350e26c,DIRECTEUR PARC MATÉRIEL (H/F) SÉNÉGAL,Employeur non précisé,Cameroun (ville non précisée),Autre,1.0
cbdb73b107fc5b31c973,2,2,9256,OFFRE_009256_278c476ea9be,Commercial H / F,A.F.H UNT,Cameroun (ville non précisée),Distribution / Commerce de gros / Commerce de détail,1.0
ecb905a0cd270c9511e5,2,2,9259,OFFRE_009259_1d4022c746cd,DIRECTEUR PARC MATÉRIEL (H/F) SÉNÉGAL,Employeur non précisé,Cameroun (ville non précisée),Autre,1.0
483ce01d993184d7a897,2,2,9261,OFFRE_009261_fe5a3e145f47,RAYONNISTE,CSME,Cameroun (ville non précisée),Distribution / Commerce de gros / Commerce de détail,1.0
fefb3e2418287cec8a62,2,2,9264,OFFRE_009264_b8a4f8a14901,Conseiller Commercial,NSIA ASSURANCES,Cameroun (ville non précisée),Distribution / Commerce de gros / Commerce de détail,1.0
6dc07af907097ec3c46d,3,2,9266,OFFRE_009266_d834d3d52d0e,"Avis : volontariat de mission en Belgique, Hollande et Suede",Youth African Volunteer,Cameroun (ville non précisée),ONG / Organisation internationale,1.0
8007b20774e9c57df32e,2,2,9268,OFFRE_009268_3e61623b1ea0,Communicateur Web - Yaoundé,MADIA,Yaoundé,TIC / Télécommunications,1.0
be3ca557fce05bd3eccd,2,2,9271,OFFRE_009271_c0c360598ff6,Administrateur Réseaux système et Helpdesk,OOLU SOLAR,Cameroun (ville non précisée),TIC / Télécommunications,1.0
2d6b8723e22c403b1e7c,2,1,9289,OFFRE_009289_4ddce97b1543,Développeur PHP / Prestashop,VIAZI ZA TECH,Cameroun (ville non précisée),TIC / Télécommunications,1.0
abe648031fc89a18371b,2,1,9291,OFFRE_009291_d62d215c1943,DIRECTEUR ADJOINT DES OPÉRATIONS MONÉTIQUES,FED AFRICA,Cameroun (ville non précisée),Banque / Services financiers / Assurance,1.0
9b16612d4814589720a4,2,1,9293,OFFRE_009293_a2169de97b1a,REGIONAL SALES MANAGER- H/F,FED AFRICA,Cameroun (ville non précisée),Distribution / Commerce de gros / Commerce de détail,1.0
2d6b8723e22c403b1e7c,2,2,9296,OFFRE_009296_2df722a31a8c,Développeur PHP / Prestashop,VIAZI ZA TECH,Cameroun (ville non précisée),TIC / Télécommunications,1.0
abe648031fc89a18371b,2,2,9301,OFFRE_009301_2f0061218ace,DIRECTEUR ADJOINT DES OPÉRATIONS MONÉTIQUES,FED AFRICA,Cameroun (ville non précisée),Banque / Services financiers / Assurance,1.0
9b16612d4814589720a4,2,2,9302,OFFRE_009302_d088c43dfbf1,REGIONAL SALES MANAGER- H/F,FED AFRICA,Cameroun (ville non précisée),Distribution / Commerce de gros / Commerce de détail,1.0
6dc07af907097ec3c46d,3,3,9305,OFFRE_009305_859b9d4baa90,"Avis : volontariat de mission en Belgique, Hollande et Suede",Youth African Volunteer,Cameroun (ville non précisée),ONG / Organisation internationale,1.0
47309e5b8b5419208e14,2,1,9335,OFFRE_009335_02d1010c5cf6,Comptable (H/F),CABINET LA RESERVE,Cameroun (ville non précisée),Banque / Services financiers / Assurance,1.0
47309e5b8b5419208e14,2,2,9336,OFFRE_009336_485d8ad32121,Comptable (H/F),CABINET LA RESERVE,Cameroun (ville non précisée),Banque / Services financiers / Assurance,1.0
761f9bb9a5294ffefbc8,2,2,9359,OFFRE_009359_f8f22695dd95,RECRUTEMENT AUX POSTES ADMINISTRATIFS,Employeur non précisé,Cameroun (ville non précisée),ONG / Organisation internationale,1.0
1e010f582b3d69269524,2,1,9371,OFFRE_009371_e0603c52796d,Customer Service Desk Officer Supply,COMITÉ INTERNATIONAL DE LA CROIX-ROUGE,Cameroun (ville non précisée),Distribution / Commerce de gros / Commerce de détail,1.0
ca87ec538bb1a0d63790,2,1,9373,OFFRE_009373_1abb54383d49,Commercial (H/F),EASYLINK TRAVEL & SERVICES,Cameroun (ville non précisée),Distribution / Commerce de gros / Commerce de détail,1.0
567dacc468b0cf7ad23d,2,1,9375,OFFRE_009375_fc83436b95e6,Responsable juridique et administration des marchés,CIBLE RH EMPLOI,Cameroun (ville non précisée),Légal,1.0
1e010f582b3d69269524,2,2,9376,OFFRE_009376_33226d8976e4,Customer Service Desk Officer Supply,COMITÉ INTERNATIONAL DE LA CROIX-ROUGE,Cameroun (ville non précisée),Distribution / Commerce de gros / Commerce de détail,1.0
ca87ec538bb1a0d63790,2,2,9379,OFFRE_009379_ade5ef16d5c2,Commercial (H/F),EASYLINK TRAVEL & SERVICES,Cameroun (ville non précisée),Distribution / Commerce de gros / Commerce de détail,1.0
567dacc468b0cf7ad23d,2,2,9383,OFFRE_009383_377fbd5ea9e7,Responsable juridique et administration des marchés,CIBLE RH EMPLOI,Cameroun (ville non précisée),Légal,1.0
79f9984e9b79fdd46fcf,2,1,9384,OFFRE_009384_fc76947cbc1d,MEAL Sr. Advisor - HIV/AIDS (MEAL Advisor),Care International,Cameroun (ville non précisée),ONG / Organisation internationale,1.0
82512ef48af9d18bf1b6,2,1,9385,OFFRE_009385_736848854a3c,Organizational Development and Transition Technical Advisor,Care International,Cameroun (ville non précisée),ONG / Organisation internationale,1.0
3fe10bd358b344499310,4,2,9401,OFFRE_009401_8fb86a000e9f,Responsable Commercial,Employeur non précisé,Cameroun (ville non précisée),Distribution / Commerce de gros / Commerce de détail,1.0
9d1c55b15c7ececbc69f,2,1,9415,OFFRE_009415_4ccb5a5edb89,Caissier(e) du Projet,Employeur non précisé,Cameroun (ville non précisée),Banque / Services financiers / Assurance,1.0
9d1c55b15c7ececbc69f,2,2,9419,OFFRE_009419_38da41c6edb5,Caissier(e) du Projet,Employeur non précisé,Cameroun (ville non précisée),Banque / Services financiers / Assurance,1.0
50399b75528d8ab33e53,2,2,9420,OFFRE_009420_98c749adf3c5,Commercial (H/F),BOHEN & CO,Cameroun (ville non précisée),Distribution / Commerce de gros / Commerce de détail,1.0
c36a7ac713faafc8cfed,2,2,9431,OFFRE_009431_c52bf9fd372c,Technicien de Génie Civil/Génie Rural (Projet BMZ),PLAN CAMEROON,Cameroun (ville non précisée),Construction/ Immobilier,1.0
82512ef48af9d18bf1b6,2,2,9437,OFFRE_009437_d4a9e2766936,Organizational Development and Transition Technical Advisor,Care International,Cameroun (ville non précisée),ONG / Organisation internationale,1.0
79f9984e9b79fdd46fcf,2,2,9438,OFFRE_009438_53c0f7fd36ea,MEAL Sr. Advisor - HIV/AIDS (MEAL Advisor),Care International,Cameroun (ville non précisée),ONG / Organisation internationale,1.0
1815ffcd7c78aea6eca5,2,1,9471,OFFRE_009471_1f85daa37f8a,Acheteur Matières Premières,AFRICAWORK,Cameroun (ville non précisée),Distribution / Commerce de gros / Commerce de détail,1.0
1815ffcd7c78aea6eca5,2,2,9477,OFFRE_009477_9c4685bba918,Acheteur Matières Premières,AFRICAWORK,Cameroun (ville non précisée),Distribution / Commerce de gros / Commerce de détail,1.0
cebf6e1e0a44e0880d9f,2,1,9482,OFFRE_009482_357b9c09a41e,Responsable Budget et contrats Poste basé à Yaoundé,Care International,Yaoundé,ONG / Organisation internationale,1.0
cebf6e1e0a44e0880d9f,2,2,9483,OFFRE_009483_db5cdcb8f6d4,Responsable Budget et contrats Poste basé à Yaoundé,Care International,Yaoundé,ONG / Organisation internationale,1.0
898306db6be9b638081a,2,1,9507,OFFRE_009507_0051bd2ac5ed,Business Developer - Kenya,FED AFRICA,Cameroun (ville non précisée),Distribution / Commerce de gros / Commerce de détail,1.0
65e5abc1604ada7c6425,2,1,9515,OFFRE_009515_a20753f67320,DIRECTEUR DU SYSTÈME D'INFORMATION,TRUST AFRICA,Cameroun (ville non précisée),TIC / Télécommunications,1.0
65e5abc1604ada7c6425,2,2,9519,OFFRE_009519_8b5dabebbbb1,DIRECTEUR DU SYSTÈME D'INFORMATION,TRUST AFRICA,Cameroun (ville non précisée),TIC / Télécommunications,1.0
fa5c5de82c659240149a,2,2,9529,OFFRE_009529_c94644ce52e0,SALES ANALYST,Employeur non précisé,Cameroun (ville non précisée),Distribution / Commerce de gros / Commerce de détail,1.0
c54e1d205d614f0cefe3,2,1,9532,OFFRE_009532_66d75d94c2f9,Designer Graphique,VECADEMY,Cameroun (ville non précisée),TIC / Télécommunications,1.0
85344b010ed77e34dec7,2,1,9535,OFFRE_009535_54b092b5cab7,Rapporteur d'Affaires dans les pays Africains / Travail à distance,LEAP AHEAD CONSULTING,Cameroun (ville non précisée),Distribution / Commerce de gros / Commerce de détail,1.0
c54e1d205d614f0cefe3,2,2,9536,OFFRE_009536_131923069b93,Designer Graphique,VECADEMY,Cameroun (ville non précisée),TIC / Télécommunications,1.0
85344b010ed77e34dec7,2,2,9537,OFFRE_009537_2a80ead2b925,Rapporteur d'Affaires dans les pays Africains / Travail à distance,LEAP AHEAD CONSULTING,Cameroun (ville non précisée),Distribution / Commerce de gros / Commerce de détail,1.0
26c59e2a0729f3c87fdc,4,1,9563,OFFRE_009563_e396520de263,Directeur du Marché des PME/PMI H/F,ADRH APAVE,Cameroun (ville non précisée),Banque / Services financiers / Assurance,1.0
99f3aaba2b2dd20cb60b,2,1,9575,OFFRE_009575_00fbcfef84ab,Assistant Production Operator,CIBLE RH EMPLOI,Cameroun (ville non précisée),Industrie manufacturière,1.0
99f3aaba2b2dd20cb60b,2,2,9577,OFFRE_009577_e11a2bf78a45,Assistant Production Operator,CIBLE RH EMPLOI,Cameroun (ville non précisée),Industrie manufacturière,1.0
16547274e82b328d9c95,2,1,9592,OFFRE_009592_be1d39bcb6d2,Technico-Commercial en Assurance,Employeur non précisé,Cameroun (ville non précisée),Distribution / Commerce de gros / Commerce de détail,1.0
c8d9e8dfd6db3a18f52b,2,2,9612,OFFRE_009612_503086fb5efc,Comptable Consolidation Groupe H/F,ADRH APAVE,Cameroun (ville non précisée),Banque / Services financiers / Assurance,1.0
ed86e3e12276bbb9aa04,2,1,9614,OFFRE_009614_527568b9c5c7,Assistante Administrative H/F,ADRH APAVE,Cameroun (ville non précisée),Autre,1.0
45a791c7684a9cfee581,2,1,9616,OFFRE_009616_5951196fd5e4,Ingénieur des Systèmes Informatiques,SDEM SYSTEM,Cameroun (ville non précisée),TIC / Télécommunications,1.0
f3426dae30d6f721072d,2,1,9617,OFFRE_009617_2e91d1726d58,téléconseillers,International Negoce Call Cenetr,Cameroun (ville non précisée),Autre,1.0
98a25b3dd48b72bb6b55,2,1,9618,OFFRE_009618_f25339656aa0,Business Analyste,AFRICAWORK,Cameroun (ville non précisée),TIC / Télécommunications,1.0
a6bb68f30668d2d549cd,2,1,9619,OFFRE_009619_31be951f7681,Technico-Commercial (H/F),GERDIS SARL,Cameroun (ville non précisée),Distribution / Commerce de gros / Commerce de détail,1.0
5a2259b30621487d9235,2,1,9620,OFFRE_009620_4621d34e80ad,Commercial (H/F),ETS GNA SERVICES,Cameroun (ville non précisée),Distribution / Commerce de gros / Commerce de détail,1.0
4054993e888ba67f248f,2,1,9621,OFFRE_009621_80c0a87d3d1c,Développeur Web (H/F),AFRICAWORK,Cameroun (ville non précisée),TIC / Télécommunications,1.0
8e50050df8e746a9ab30,2,1,9622,OFFRE_009622_b981e90cb9b8,Développeur JAVA H/F,AFRICAWORK,Cameroun (ville non précisée),TIC / Télécommunications,1.0
bb63c28e8ae82100a66c,2,1,9623,OFFRE_009623_1ed58d9105d7,"Voyage d'études Dans les arts et multimédia, architecture et urbanisme au Portugal",ELITES Voyages,Cameroun (ville non précisée),Tourisme / Hôtellerie / Loisir / Restauration,1.0
3aafeb9d3f68eb49f3ef,2,1,9624,OFFRE_009624_736757d13b67,Stage pratique en Comptabilité,CABINET TF INTERNATIONNAL CONSULTING,Cameroun (ville non précisée),Banque / Services financiers / Assurance,1.0
00a2e8e86d844448599b,2,1,9625,OFFRE_009625_eaf50dc7544d,Commercial B2B - Yaoundé,DINA SURVEYS,Yaoundé,Distribution / Commerce de gros / Commerce de détail,1.0
d45beb204011ed127673,2,1,9626,OFFRE_009626_a60e87ff42ca,Ingénieur de Projet (Génie Mécanique et Industriel),ELECNOR S.A CAMEROUN,Cameroun (ville non précisée),Construction/ Immobilier,1.0
5858f8d58a1c1c23703a,2,1,9627,OFFRE_009627_9a5f1ce5d805,Agent de Marketing en Education,Vecademy,poli,Éducation,1.0
92f22834a82b2f85e920,2,1,9628,OFFRE_009628_3515fe177a4d,Chargé des Stratégies Social Media,ALTEMPLOI GABON,Cameroun (ville non précisée),TIC / Télécommunications,1.0
45a791c7684a9cfee581,2,2,9636,OFFRE_009636_3106b2b008c7,Ingénieur des Systèmes Informatiques,SDEM SYSTEM,Cameroun (ville non précisée),TIC / Télécommunications,1.0
f3426dae30d6f721072d,2,2,9637,OFFRE_009637_b115b2cbed48,téléconseillers,International Negoce Call Cenetr,Cameroun (ville non précisée),Autre,1.0
98a25b3dd48b72bb6b55,2,2,9638,OFFRE_009638_b7dabbba51b2,Business Analyste,AFRICAWORK,Cameroun (ville non précisée),TIC / Télécommunications,1.0
a6bb68f30668d2d549cd,2,2,9639,OFFRE_009639_96c4d50001c8,Technico-Commercial (H/F),GERDIS SARL,Cameroun (ville non précisée),Distribution / Commerce de gros / Commerce de détail,1.0
5a2259b30621487d9235,2,2,9640,OFFRE_009640_eb689857328c,Commercial (H/F),ETS GNA SERVICES,Cameroun (ville non précisée),Distribution / Commerce de gros / Commerce de détail,1.0
4054993e888ba67f248f,2,2,9641,OFFRE_009641_12388c6964b5,Développeur Web (H/F),AFRICAWORK,Cameroun (ville non précisée),TIC / Télécommunications,1.0
8e50050df8e746a9ab30,2,2,9642,OFFRE_009642_dc4baf4f74b4,Développeur JAVA H/F,AFRICAWORK,Cameroun (ville non précisée),TIC / Télécommunications,1.0
bb63c28e8ae82100a66c,2,2,9643,OFFRE_009643_639acd8b7ffe,"Voyage d'études Dans les arts et multimédia, architecture et urbanisme au Portugal",ELITES Voyages,Cameroun (ville non précisée),Tourisme / Hôtellerie / Loisir / Restauration,1.0
3aafeb9d3f68eb49f3ef,2,2,9644,OFFRE_009644_582577adb724,Stage pratique en Comptabilité,CABINET TF INTERNATIONNAL CONSULTING,Cameroun (ville non précisée),Banque / Services financiers / Assurance,1.0
00a2e8e86d844448599b,2,2,9645,OFFRE_009645_894658ed998d,Commercial B2B - Yaoundé,DINA SURVEYS,Yaoundé,Distribution / Commerce de gros / Commerce de détail,1.0
d45beb204011ed127673,2,2,9646,OFFRE_009646_c5d87c52ece2,Ingénieur de Projet (Génie Mécanique et Industriel),ELECNOR S.A CAMEROUN,Cameroun (ville non précisée),Construction/ Immobilier,1.0
5858f8d58a1c1c23703a,2,2,9647,OFFRE_009647_831495131cae,Agent de Marketing en Education,Vecademy,poli,Éducation,1.0
92f22834a82b2f85e920,2,2,9648,OFFRE_009648_63dda4039671,Chargé des Stratégies Social Media,ALTEMPLOI GABON,Cameroun (ville non précisée),TIC / Télécommunications,1.0
d510dd65e57b6b9bbc4b,3,1,9653,OFFRE_009653_9450657dddc8,Responsable Marketing,APC ASSOCIATION POUR LA CULTURE,Cameroun (ville non précisée),Distribution / Commerce de gros / Commerce de détail,1.0
be376c2adf0ec1f19e90,3,1,9654,OFFRE_009654_9921c1bd5117,Manager Comptable,ALTEMPLOI GABON,Cameroun (ville non précisée),Banque / Services financiers / Assurance,1.0
a67a5b3c64f83938f518,3,1,9656,OFFRE_009656_11ca5cdfa805,Directeur Commercial et Marketing (H/F),TRUST AFRICA,Cameroun (ville non précisée),Marketing / Publicité,1.0
d805d13874ad39e16a10,2,1,9657,OFFRE_009657_10f55f8201bb,Community Manager H/F,TRUST AFRICA,Cameroun (ville non précisée),Distribution / Commerce de gros / Commerce de détail,1.0
be376c2adf0ec1f19e90,3,2,9658,OFFRE_009658_8339c9d5ac02,Manager Comptable,ALTEMPLOI GABON,Cameroun (ville non précisée),Banque / Services financiers / Assurance,1.0
34dcecf25e8cec82a7ef,2,1,9659,OFFRE_009659_4defa16cd928,Hôtesse de Vente,Employeur non précisé,Cameroun (ville non précisée),Distribution / Commerce de gros / Commerce de détail,1.0
ea4740a4b0e94566a97e,2,1,9660,OFFRE_009660_94d5408b0022,PRODUCT SALES MANAGER – ABIDJAN,MELT GROUP,Cameroun (ville non précisée),Distribution / Commerce de gros / Commerce de détail,1.0
d510dd65e57b6b9bbc4b,3,2,9661,OFFRE_009661_b88cf9bc19cc,Responsable Marketing,APC ASSOCIATION POUR LA CULTURE,Cameroun (ville non précisée),Distribution / Commerce de gros / Commerce de détail,1.0
4ae15f4dc5d744cde7f5,2,1,9662,OFFRE_009662_35bd99cb5a53,Accounts manager,Primland,Cameroun (ville non précisée),Tourisme / Hôtellerie / Loisir / Restauration,1.0
5d5a2a2f112b3c476bfe,2,1,9663,OFFRE_009663_d9339f57dec6,Receptionist,Primland,Cameroun (ville non précisée),Tourisme / Hôtellerie / Loisir / Restauration,1.0
c473a46bb77f4eff7d4f,2,1,9664,OFFRE_009664_a7ae153ced5b,Reservation Manager,Primland,Cameroun (ville non précisée),Tourisme / Hôtellerie / Loisir / Restauration,1.0
8328b7b289f6d0739856,2,1,9665,OFFRE_009665_8f178618b43d,comptable H/F,HELIS ENTERTAINMENT,Cameroun (ville non précisée),TIC / Télécommunications,1.0
8e7c18b77e36e22af9e2,2,1,9675,OFFRE_009675_7cbef2007eeb,Chef de Chantier Terrassement,MELT GROUP,Cameroun (ville non précisée),Construction/ Immobilier,1.0
a67a5b3c64f83938f518,3,2,9676,OFFRE_009676_ebfd9f6c1ed2,Directeur Commercial et Marketing (H/F),TRUST AFRICA,Cameroun (ville non précisée),Marketing / Publicité,1.0
d805d13874ad39e16a10,2,2,9677,OFFRE_009677_27a7fa1e87b2,Community Manager H/F,TRUST AFRICA,Cameroun (ville non précisée),Distribution / Commerce de gros / Commerce de détail,1.0
be376c2adf0ec1f19e90,3,3,9678,OFFRE_009678_677ddb13a64e,Manager Comptable,ALTEMPLOI GABON,Cameroun (ville non précisée),Banque / Services financiers / Assurance,1.0
34dcecf25e8cec82a7ef,2,2,9679,OFFRE_009679_dc99e57fee87,Hôtesse de Vente,Employeur non précisé,Cameroun (ville non précisée),Distribution / Commerce de gros / Commerce de détail,1.0
ea4740a4b0e94566a97e,2,2,9680,OFFRE_009680_7b30a2575327,PRODUCT SALES MANAGER – ABIDJAN,MELT GROUP,Cameroun (ville non précisée),Distribution / Commerce de gros / Commerce de détail,1.0
d510dd65e57b6b9bbc4b,3,3,9681,OFFRE_009681_b5012803eece,Responsable Marketing,APC ASSOCIATION POUR LA CULTURE,Cameroun (ville non précisée),Distribution / Commerce de gros / Commerce de détail,1.0
4ae15f4dc5d744cde7f5,2,2,9682,OFFRE_009682_8b9759965cbd,Accounts manager,Primland,Cameroun (ville non précisée),Tourisme / Hôtellerie / Loisir / Restauration,1.0
5d5a2a2f112b3c476bfe,2,2,9683,OFFRE_009683_3a7617653a64,Receptionist,Primland,Cameroun (ville non précisée),Tourisme / Hôtellerie / Loisir / Restauration,1.0
c473a46bb77f4eff7d4f,2,2,9684,OFFRE_009684_5bbd35bf3e07,Reservation Manager,Primland,Cameroun (ville non précisée),Tourisme / Hôtellerie / Loisir / Restauration,1.0
8328b7b289f6d0739856,2,2,9685,OFFRE_009685_a5d1ab86daf9,comptable H/F,HELIS ENTERTAINMENT,Cameroun (ville non précisée),TIC / Télécommunications,1.0
8e7c18b77e36e22af9e2,2,2,9696,OFFRE_009696_aad4d4fcd7da,Chef de Chantier Terrassement,MELT GROUP,Cameroun (ville non précisée),Construction/ Immobilier,1.0
083fd826c5b5b8e7595d,3,1,9697,OFFRE_009697_b16a5ed0a2c3,Assistant Marketing,GROUPE OBERLIN,Cameroun (ville non précisée),Marketing / Publicité,1.0
23285c3e3630831fcc69,3,1,9698,OFFRE_009698_47c885fdfdfd,RESPONSABLE DE CENTRE D’AFFAIRES H/F,ADRH APAVE,Cameroun (ville non précisée),Banque / Services financiers / Assurance,1.0
5ffd91e159b71d6470d8,3,1,9699,OFFRE_009699_c54f8bbc4fa7,Responsable Magasins Matières Premières,CHOCOCAM,Cameroun (ville non précisée),Logistique / Transport,1.0
a421c33571ee3ce919c9,3,1,9700,OFFRE_009700_b7f0419a85e4,CONSEILLER(E) CLIENTÈLE,TRUST AFRICA,Cameroun (ville non précisée),Légal,1.0
4f488fec67cb5f19d80a,3,1,9701,OFFRE_009701_bd997ccd514f,Standardiste (F/H),CHOCOCAM,Cameroun (ville non précisée),Autre,1.0
c3afb1eed12e64911e5f,3,1,9702,OFFRE_009702_ce3b2babda1f,PROGRAMME JEUNES ADMINISTRATEURS DE L'UNESCO,Elaine,Cameroun (ville non précisée),ONG / Organisation internationale,1.0
2a25b0e227aff43afb10,3,1,9703,OFFRE_009703_9b647e3c5962,Chargé de Clientèle,SAI LA TOILE CAMEROUN,Cameroun (ville non précisée),Distribution / Commerce de gros / Commerce de détail,1.0
26c59e2a0729f3c87fdc,4,2,9704,OFFRE_009704_d26e2e066f2e,Directeur du Marché des PME/PMI H/F,ADRH APAVE,Cameroun (ville non précisée),Banque / Services financiers / Assurance,1.0
853362431b9eae61fc06,4,1,9705,OFFRE_009705_04644e276120,Directeur Technique Assurance Vie H/F,ADRH APAVE,Cameroun (ville non précisée),Distribution / Commerce de gros / Commerce de détail,1.0
0efd8823422c063b0767,3,1,9706,OFFRE_009706_1fb67eb1da98,Rédacteur Web (H/F) - Job Etudiant,JOB ETUDIANT,Cameroun (ville non précisée),TIC / Télécommunications,1.0
c0f4a3b802e07fec8b80,3,1,9707,OFFRE_009707_5fe73d73dd28,Offre de stage - Développeur Mobile IOS / Android,BINGHANA LTD,Cameroun (ville non précisée),TIC / Télécommunications,1.0
7bc8004dd705ea59becb,3,1,9708,OFFRE_009708_a2a89b045026,Web Developer,PEERS EXCHANGE CAMEROON,Cameroun (ville non précisée),TIC / Télécommunications,1.0
a9914a099e360307fa6b,3,1,9709,OFFRE_009709_41ef155101d5,Infirmier / Infirmière - Yaoundé - Ngoa Ekélé,Employeur non précisé,Yaoundé,Santé,1.0
cf301b39b7fbe767c31e,3,1,9710,OFFRE_009710_a04b66506c85,Commercial Transport,LGL TRANSPORT,Yaoundé,Distribution / Commerce de gros / Commerce de détail,1.0
8664823dcc19a8bd40c0,2,1,9711,OFFRE_009711_250b019e5a05,Assistante de Direction,UPGRADE GROUP,Cameroun (ville non précisée),TIC / Télécommunications,1.0
895b4db03cf92782cf59,2,1,9712,OFFRE_009712_62f79d211615,RESPONSABLE DE PLAIDOYER-COMMUNICATION - Yaoundé,CRADEC,Yaoundé,Légal,1.0
3818a5b48ef98a940c0c,2,1,9713,OFFRE_009713_9b3a25cb56b3,Commercial (H/F) - Douala,CREATIVE DECO & EVENTS,Douala,Distribution / Commerce de gros / Commerce de détail,1.0
c723a69e4907e5df3e44,2,1,9714,OFFRE_009714_df75094b2ec0,Stage pré-emploi Technicien Agronome,AGRIBUSINESS,Cameroun (ville non précisée),Autre,1.0
fc4f01f5d94739a19f1d,2,1,9715,OFFRE_009715_3e58ebac5f35,spécialiste en publicité,INSYSTEM,Cameroun (ville non précisée),Journalisme / Communication,1.0
6f39a7f4a100e7092af8,2,1,9716,OFFRE_009716_776adf9a4c92,Electricien de Quart,CHOCOCAM,Cameroun (ville non précisée),Industrie manufacturière,1.0
083fd826c5b5b8e7595d,3,2,9717,OFFRE_009717_a602eae55437,Assistant Marketing,GROUPE OBERLIN,Cameroun (ville non précisée),Marketing / Publicité,1.0
23285c3e3630831fcc69,3,2,9718,OFFRE_009718_dcced87565f7,RESPONSABLE DE CENTRE D’AFFAIRES H/F,ADRH APAVE,Cameroun (ville non précisée),Banque / Services financiers / Assurance,1.0
5ffd91e159b71d6470d8,3,2,9719,OFFRE_009719_dff6baa31d76,Responsable Magasins Matières Premières,CHOCOCAM,Cameroun (ville non précisée),Logistique / Transport,1.0
a421c33571ee3ce919c9,3,2,9720,OFFRE_009720_b07e15bb2dbb,CONSEILLER(E) CLIENTÈLE,TRUST AFRICA,Cameroun (ville non précisée),Légal,1.0
4f488fec67cb5f19d80a,3,2,9721,OFFRE_009721_55dabaeb6af5,Standardiste (F/H),CHOCOCAM,Cameroun (ville non précisée),Autre,1.0
c3afb1eed12e64911e5f,3,2,9722,OFFRE_009722_a1b8c78bc89b,PROGRAMME JEUNES ADMINISTRATEURS DE L'UNESCO,Elaine,Cameroun (ville non précisée),ONG / Organisation internationale,1.0
2a25b0e227aff43afb10,3,2,9723,OFFRE_009723_f3e51a8ca602,Chargé de Clientèle,SAI LA TOILE CAMEROUN,Cameroun (ville non précisée),Distribution / Commerce de gros / Commerce de détail,1.0
26c59e2a0729f3c87fdc,4,3,9724,OFFRE_009724_6fd373b08d8e,Directeur du Marché des PME/PMI H/F,ADRH APAVE,Cameroun (ville non précisée),Banque / Services financiers / Assurance,1.0
853362431b9eae61fc06,4,2,9725,OFFRE_009725_0b247d4fe6a9,Directeur Technique Assurance Vie H/F,ADRH APAVE,Cameroun (ville non précisée),Distribution / Commerce de gros / Commerce de détail,1.0
0efd8823422c063b0767,3,2,9726,OFFRE_009726_b5223dc6f4c2,Rédacteur Web (H/F) - Job Etudiant,JOB ETUDIANT,Cameroun (ville non précisée),TIC / Télécommunications,1.0
c0f4a3b802e07fec8b80,3,2,9727,OFFRE_009727_b0923e8f80dc,Offre de stage - Développeur Mobile IOS / Android,BINGHANA LTD,Cameroun (ville non précisée),TIC / Télécommunications,1.0
7bc8004dd705ea59becb,3,2,9728,OFFRE_009728_012f6ebd5666,Web Developer,PEERS EXCHANGE CAMEROON,Cameroun (ville non précisée),TIC / Télécommunications,1.0
a9914a099e360307fa6b,3,2,9729,OFFRE_009729_2b3006629667,Infirmier / Infirmière - Yaoundé - Ngoa Ekélé,Employeur non précisé,Yaoundé,Santé,1.0
cf301b39b7fbe767c31e,3,2,9730,OFFRE_009730_5f58713f40de,Commercial Transport,LGL TRANSPORT,Yaoundé,Distribution / Commerce de gros / Commerce de détail,1.0
8664823dcc19a8bd40c0,2,2,9731,OFFRE_009731_ec4fdfc46f81,Assistante de Direction,UPGRADE GROUP,Cameroun (ville non précisée),TIC / Télécommunications,1.0
895b4db03cf92782cf59,2,2,9732,OFFRE_009732_afec3166ebee,RESPONSABLE DE PLAIDOYER-COMMUNICATION - Yaoundé,CRADEC,Yaoundé,Légal,1.0
3818a5b48ef98a940c0c,2,2,9733,OFFRE_009733_5ba611c9e353,Commercial (H/F) - Douala,CREATIVE DECO & EVENTS,Douala,Distribution / Commerce de gros / Commerce de détail,1.0
c723a69e4907e5df3e44,2,2,9734,OFFRE_009734_90f34bc5c44f,Stage pré-emploi Technicien Agronome,AGRIBUSINESS,Cameroun (ville non précisée),Autre,1.0
fc4f01f5d94739a19f1d,2,2,9735,OFFRE_009735_72296c667f3e,spécialiste en publicité,INSYSTEM,Cameroun (ville non précisée),Journalisme / Communication,1.0
6f39a7f4a100e7092af8,2,2,9736,OFFRE_009736_8733c1008b9c,Electricien de Quart,CHOCOCAM,Cameroun (ville non précisée),Industrie manufacturière,1.0
083fd826c5b5b8e7595d,3,3,9737,OFFRE_009737_37568c906758,Assistant Marketing,GROUPE OBERLIN,Cameroun (ville non précisée),Marketing / Publicité,1.0
23285c3e3630831fcc69,3,3,9738,OFFRE_009738_fa2605058ba6,RESPONSABLE DE CENTRE D’AFFAIRES H/F,ADRH APAVE,Cameroun (ville non précisée),Banque / Services financiers / Assurance,1.0
5ffd91e159b71d6470d8,3,3,9739,OFFRE_009739_d911288d5e1b,Responsable Magasins Matières Premières,CHOCOCAM,Cameroun (ville non précisée),Logistique / Transport,1.0
a421c33571ee3ce919c9,3,3,9740,OFFRE_009740_ab1f9ec1d1c0,CONSEILLER(E) CLIENTÈLE,TRUST AFRICA,Cameroun (ville non précisée),Légal,1.0
4f488fec67cb5f19d80a,3,3,9741,OFFRE_009741_679aece24560,Standardiste (F/H),CHOCOCAM,Cameroun (ville non précisée),Autre,1.0
c3afb1eed12e64911e5f,3,3,9742,OFFRE_009742_82683919e0a9,PROGRAMME JEUNES ADMINISTRATEURS DE L'UNESCO,Elaine,Cameroun (ville non précisée),ONG / Organisation internationale,1.0
2a25b0e227aff43afb10,3,3,9743,OFFRE_009743_1168f7cfd15f,Chargé de Clientèle,SAI LA TOILE CAMEROUN,Cameroun (ville non précisée),Distribution / Commerce de gros / Commerce de détail,1.0
26c59e2a0729f3c87fdc,4,4,9744,OFFRE_009744_b62c080ab78a,Directeur du Marché des PME/PMI H/F,ADRH APAVE,Cameroun (ville non précisée),Banque / Services financiers / Assurance,1.0
853362431b9eae61fc06,4,3,9745,OFFRE_009745_3774e231a7ca,Directeur Technique Assurance Vie H/F,ADRH APAVE,Cameroun (ville non précisée),Distribution / Commerce de gros / Commerce de détail,1.0
0efd8823422c063b0767,3,3,9746,OFFRE_009746_719e3a6a50b1,Rédacteur Web (H/F) - Job Etudiant,JOB ETUDIANT,Cameroun (ville non précisée),TIC / Télécommunications,1.0
c0f4a3b802e07fec8b80,3,3,9747,OFFRE_009747_f02fecb2cf1f,Offre de stage - Développeur Mobile IOS / Android,BINGHANA LTD,Cameroun (ville non précisée),TIC / Télécommunications,1.0
7bc8004dd705ea59becb,3,3,9748,OFFRE_009748_ada7676d2582,Web Developer,PEERS EXCHANGE CAMEROON,Cameroun (ville non précisée),TIC / Télécommunications,1.0
a9914a099e360307fa6b,3,3,9749,OFFRE_009749_4daf6fdd3dde,Infirmier / Infirmière - Yaoundé - Ngoa Ekélé,Employeur non précisé,Yaoundé,Santé,1.0
cf301b39b7fbe767c31e,3,3,9750,OFFRE_009750_63ca8c84a766,Commercial Transport,LGL TRANSPORT,Yaoundé,Distribution / Commerce de gros / Commerce de détail,1.0
19f4f6f33d9094442ef1,2,1,9756,OFFRE_009756_18d0dfce0bd0,Secrétaire Vendeuse,RTI,Cameroun (ville non précisée),Distribution / Commerce de gros / Commerce de détail,1.0
19c34006f382f90e7c93,2,1,9757,OFFRE_009757_87573d17fd85,Assistant(e) Psychosocial(e),COMITÉ INTERNATIONAL DE LA CROIX-ROUGE,Cameroun (ville non précisée),Autre,1.0
4edde906226829ab92f2,2,1,9758,OFFRE_009758_3f957cb9c3eb,FACTORY ASSISTANT (METAL & CASTING),TRUST AFRICA,Cameroun (ville non précisée),Industrie manufacturière,1.0
5e8f67bb053fa5297f72,2,1,9759,OFFRE_009759_5d00a2ef9677,CAISSIER ARCHIVISTE H/F,ACTION CONTRE LA FAIM - CAMEROUN,Cameroun (ville non précisée),Banque / Services financiers / Assurance,1.0
fb9f639a9dceb02dcfae,2,1,9760,OFFRE_009760_d17af464c498,Assistant Marketing et Communication,KIROOGAMES,Cameroun (ville non précisée),Marketing / Publicité,1.0
1850d98eb5bb7d91a9e1,2,1,9761,OFFRE_009761_e7c32d08c6f7,Secrétaire Réceptionniste Bilingue,HAPPY HOME CAMEROUN,Cameroun (ville non précisée),Distribution / Commerce de gros / Commerce de détail,1.0
374723fdf5dcd5a8b5df,2,1,9762,OFFRE_009762_6e1a8e9d53ab,Agent Commercial Freelance,AFRIMARKET CAMEROUN,Cameroun (ville non précisée),Distribution / Commerce de gros / Commerce de détail,1.0
19f4f6f33d9094442ef1,2,2,9776,OFFRE_009776_ec3d0f43cd1c,Secrétaire Vendeuse,RTI,Cameroun (ville non précisée),Distribution / Commerce de gros / Commerce de détail,1.0
19c34006f382f90e7c93,2,2,9777,OFFRE_009777_0222c74d954e,Assistant(e) Psychosocial(e),COMITÉ INTERNATIONAL DE LA CROIX-ROUGE,Cameroun (ville non précisée),Autre,1.0
4edde906226829ab92f2,2,2,9778,OFFRE_009778_60032206fef0,FACTORY ASSISTANT (METAL & CASTING),TRUST AFRICA,Cameroun (ville non précisée),Industrie manufacturière,1.0
5e8f67bb053fa5297f72,2,2,9779,OFFRE_009779_36c3ed2c79e0,CAISSIER ARCHIVISTE H/F,ACTION CONTRE LA FAIM - CAMEROUN,Cameroun (ville non précisée),Banque / Services financiers / Assurance,1.0
fb9f639a9dceb02dcfae,2,2,9780,OFFRE_009780_5ae3b60849e9,Assistant Marketing et Communication,KIROOGAMES,Cameroun (ville non précisée),Marketing / Publicité,1.0
1850d98eb5bb7d91a9e1,2,2,9781,OFFRE_009781_144c1e3ec6c5,Secrétaire Réceptionniste Bilingue,HAPPY HOME CAMEROUN,Cameroun (ville non précisée),Distribution / Commerce de gros / Commerce de détail,1.0
374723fdf5dcd5a8b5df,2,2,9782,OFFRE_009782_dbbbd7ec4527,Agent Commercial Freelance,AFRIMARKET CAMEROUN,Cameroun (ville non précisée),Distribution / Commerce de gros / Commerce de détail,1.0
3c8cb849db8265ce7163,2,1,9799,OFFRE_009799_4c722b9521f6,Oil & Gas Technical & Sales Supervisor H/F,ADRH APAVE,Cameroun (ville non précisée),Distribution / Commerce de gros / Commerce de détail,1.0
3c8cb849db8265ce7163,2,2,9806,OFFRE_009806_13ef6f538255,Oil & Gas Technical & Sales Supervisor H/F,ADRH APAVE,Cameroun (ville non précisée),Distribution / Commerce de gros / Commerce de détail,1.0
c4e83bf926b9901db85a,2,2,9818,OFFRE_009818_b7237531e3f7,Conseiller en assurances,SUNU Assurances Vie,Cameroun (ville non précisée),Banque / Services financiers / Assurance,1.0
853362431b9eae61fc06,4,4,9824,OFFRE_009824_3a8d567d5d62,Directeur Technique Assurance Vie H/F,ADRH APAVE,Cameroun (ville non précisée),Distribution / Commerce de gros / Commerce de détail,1.0
e8b26b68e0173cf0bcd5,2,1,9826,OFFRE_009826_44dfb2f1ace6,Chef de Projet Digital Banking H/F,ADRH APAVE,Cameroun (ville non précisée),Banque / Services financiers / Assurance,1.0
ed86e3e12276bbb9aa04,2,2,9830,OFFRE_009830_7a215b8bbc39,Assistante Administrative H/F,ADRH APAVE,Cameroun (ville non précisée),Autre,1.0
898306db6be9b638081a,2,2,9832,OFFRE_009832_fa50b3e95731,Business Developer - Kenya,FED AFRICA,Cameroun (ville non précisée),Distribution / Commerce de gros / Commerce de détail,1.0
e4cb2940208ab20fefe2,3,2,9836,OFFRE_009836_4c7367d90832,Commercial (H/F),Employeur non précisé,Cameroun (ville non précisée),Distribution / Commerce de gros / Commerce de détail,1.0
3fe10bd358b344499310,4,3,9855,OFFRE_009855_442ea1104411,Responsable Commercial,Employeur non précisé,Cameroun (ville non précisée),Distribution / Commerce de gros / Commerce de détail,1.0
3fe10bd358b344499310,4,4,9856,OFFRE_009856_12c80d9475bf,Responsable Commercial,Employeur non précisé,Cameroun (ville non précisée),Distribution / Commerce de gros / Commerce de détail,1.0
e4cb2940208ab20fefe2,3,3,9873,OFFRE_009873_152acea4fde6,Commercial (H/F),Employeur non précisé,Cameroun (ville non précisée),Distribution / Commerce de gros / Commerce de détail,1.0
2df448d81a1776f5869c,3,1,9877,OFFRE_009877_a843448ce4e9,"Customer Support Manager - Douala, Cameroun",GoZem,Douala,Autre,1.0
98c2d7f9f243d963b784,3,1,9881,OFFRE_009881_874458a6a38d,"Operations Manager - Douala, Cameroun",GoZem,Douala,Autre,1.0
d7659a3506621b29648d,3,1,9882,OFFRE_009882_fe6a6063e44d,Country Manager - Cameroun,GoZem,Cameroun (ville non précisée),Autre,1.0
6413d5bd5da0c89d24e5,4,2,9901,OFFRE_009901_76bbef69dd20,Conseiller Commercial (H/F),NSIA ASSURANCES,Cameroun (ville non précisée),Distribution / Commerce de gros / Commerce de détail,1.0
ea589882f4f6d67446ca,2,1,9914,OFFRE_009914_43cc56a48c71,Child Protection Officer,PLAN CAMEROON,Cameroun (ville non précisée),Les services de base,1.0
ea589882f4f6d67446ca,2,2,9916,OFFRE_009916_7e4e2d1731dc,Child Protection Officer,PLAN CAMEROON,Cameroun (ville non précisée),Les services de base,1.0
96b485059fedae06bb8b,2,2,9922,OFFRE_009922_8805f4e10382,Agent commercial,Employeur non précisé,Cameroun (ville non précisée),Distribution / Commerce de gros / Commerce de détail,1.0
e8b26b68e0173cf0bcd5,2,2,9948,OFFRE_009948_2f885240d94e,Chef de Projet Digital Banking H/F,ADRH APAVE,Cameroun (ville non précisée),Banque / Services financiers / Assurance,1.0
a3c88c2c6c48c60f3366,3,1,9991,OFFRE_009991_7344c172a562,Monitoring and Evaluation (M&E) Officer,The Elizabeth Glaser Pediatric AIDS Foundation,Cameroun (ville non précisée),Autre,1.0
fce36dbf6ce3c0743420,2,1,9992,OFFRE_009992_21fd80644a55,Public Health Evaluation Advisor,The Elizabeth Glaser Pediatric AIDS Foundation,Cameroun (ville non précisée),Autre,1.0
a4839aae798bf67d04bb,3,1,9993,OFFRE_009993_4e03ac35f728,Agent de rétention/,The Elizabeth Glaser Pediatric AIDS Foundation,Cameroun (ville non précisée),Légal,1.0
9b65d0137af3e324aa7b,2,1,9994,OFFRE_009994_dece6796bb07,"Deputy Chief of Party, Community HIV/AIDS Investments for Longer and Healthier Lives (CHILL)",PATH,Cameroun (ville non précisée),Autre,1.0
d20741d7a35161b1bc77,2,1,9995,OFFRE_009995_308b5119b451,"Chief of Party, Community HIV/AIDS Investments for Longer and Healthier Lives (CHILL)",PATH,Cameroun (ville non précisée),Autre,1.0
9b65d0137af3e324aa7b,2,2,9999,OFFRE_009999_406318fb613f,"Deputy Chief of Party, Community HIV/AIDS Investments for Longer and Healthier Lives (CHILL)",PATH,Cameroun (ville non précisée),Autre,1.0
a80c20ad11dd1f137554,2,1,10000,OFFRE_010000_f86561d81a44,HIV Services Senior Technical Officer,The Elizabeth Glaser Pediatric AIDS Foundation,Cameroun (ville non précisée),Autre,1.0
d20741d7a35161b1bc77,2,2,10002,OFFRE_010002_b4516d12e0a5,"Chief of Party, Community HIV/AIDS Investments for Longer and Healthier Lives (CHILL)",PATH,Cameroun (ville non précisée),Autre,1.0
aa5db077e60b3e6aa575,2,1,10003,OFFRE_010003_6355a82d73d9,Infirmière des services VIH/HIV Clinical Nurse,The Elizabeth Glaser Pediatric AIDS Foundation,Cameroun (ville non précisée),Autre,1.0
c161a4b9048c77366f43,2,1,10004,OFFRE_010004_8151005cf633,Technical Officer -Pediatric Training Center of Excellence,The Elizabeth Glaser Pediatric AIDS Foundation,Cameroun (ville non précisée),Légal,1.0
03df97155c842616b663,2,1,10007,OFFRE_010007_8c64a0e94bca,Strategic Information & Evaluation Manager,The Elizabeth Glaser Pediatric AIDS Foundation,Cameroun (ville non précisée),Autre,1.0
f0d254b500ffc1ca1f88,2,1,10009,OFFRE_010009_6e6e9fa140e9,Développeur / Intégrateur Informatique Prestashop Qualifié,IZISOLUTIONS,Cameroun (ville non précisée),TIC / Télécommunications,1.0
fce36dbf6ce3c0743420,2,2,10010,OFFRE_010010_35804e53d8bb,Public Health Evaluation Advisor,The Elizabeth Glaser Pediatric AIDS Foundation,Cameroun (ville non précisée),Autre,1.0
0e991ca01479cd42eb9e,2,1,10011,OFFRE_010011_504567b77916,Human Resources Operations Intern - Jumia,Jumia,Cameroun (ville non précisée),Autre,1.0
0be23c6e93a933e5702f,2,1,10012,OFFRE_010012_d63db9b43788,DIRECTEUR COMMERCIAL (F/H) - DOUALA,FED AFRICA,DOUALA,Distribution / Commerce de gros / Commerce de détail,1.0
a3c88c2c6c48c60f3366,3,2,10013,OFFRE_010013_768055cdb3f6,Monitoring and Evaluation (M&E) Officer,The Elizabeth Glaser Pediatric AIDS Foundation,Cameroun (ville non précisée),Autre,1.0
a4839aae798bf67d04bb,3,2,10015,OFFRE_010015_b55fbf0e2998,Agent de rétention/,The Elizabeth Glaser Pediatric AIDS Foundation,Cameroun (ville non précisée),Légal,1.0
aa5db077e60b3e6aa575,2,2,10016,OFFRE_010016_1a6f6d8d907e,Infirmière des services VIH/HIV Clinical Nurse,The Elizabeth Glaser Pediatric AIDS Foundation,Cameroun (ville non précisée),Autre,1.0
c161a4b9048c77366f43,2,2,10017,OFFRE_010017_33e97d8497e0,Technical Officer -Pediatric Training Center of Excellence,The Elizabeth Glaser Pediatric AIDS Foundation,Cameroun (ville non précisée),Légal,1.0
a4839aae798bf67d04bb,3,3,10018,OFFRE_010018_7881e1370df5,Agent de rétention/,The Elizabeth Glaser Pediatric AIDS Foundation,Cameroun (ville non précisée),Légal,1.0
03df97155c842616b663,2,2,10019,OFFRE_010019_a211f17b61ff,Strategic Information & Evaluation Manager,The Elizabeth Glaser Pediatric AIDS Foundation,Cameroun (ville non précisée),Autre,1.0
a80c20ad11dd1f137554,2,2,10020,OFFRE_010020_b904374b1d8e,HIV Services Senior Technical Officer,The Elizabeth Glaser Pediatric AIDS Foundation,Cameroun (ville non précisée),Autre,1.0
a3c88c2c6c48c60f3366,3,3,10021,OFFRE_010021_3f12e0e2acb6,Monitoring and Evaluation (M&E) Officer,The Elizabeth Glaser Pediatric AIDS Foundation,Cameroun (ville non précisée),Autre,1.0
f0d254b500ffc1ca1f88,2,2,10022,OFFRE_010022_2f823b6842ac,Développeur / Intégrateur Informatique Prestashop Qualifié,IZISOLUTIONS,Cameroun (ville non précisée),TIC / Télécommunications,1.0
0e991ca01479cd42eb9e,2,2,10023,OFFRE_010023_69a8667d3473,Human Resources Operations Intern - Jumia,Jumia,Cameroun (ville non précisée),Autre,1.0
2d63b30e92a4d2a578d3,2,1,10026,OFFRE_010026_200d1c979de4,Procurement and Logistics Officer,The Elizabeth Glaser Pediatric AIDS Foundation,Cameroun (ville non précisée),Autre,1.0
3aee35f45dfe06d3c7c5,2,1,10027,OFFRE_010027_883febf49974,Administrative Officer,The Elizabeth Glaser Pediatric AIDS Foundation,Cameroun (ville non précisée),Autre,1.0
ec729f761f41806ceb93,2,1,10028,OFFRE_010028_c5f9676aec0a,Finance & Accounts Assistant,The Elizabeth Glaser Pediatric AIDS Foundation,Cameroun (ville non précisée),Autre,1.0
830b5b56a64c55eb3ed4,2,1,10029,OFFRE_010029_7213a3ed87a4,Finance & Accounting Officer (FAO),The Elizabeth Glaser Pediatric AIDS Foundation,Cameroun (ville non précisée),Autre,1.0
a0f85b730a696db9e59c,2,1,10031,OFFRE_010031_9d3aeae475b9,IFS Technical Expert,Kribi Power Development Company SA,Cameroun (ville non précisée),Autre,1.0
cca7d8fcac1d18eaee49,2,1,10035,OFFRE_010035_a1f73b0d890a,Associate Human Resources Officer,The Elizabeth Glaser Pediatric AIDS Foundation,Cameroun (ville non précisée),Autre,1.0
49ac9b84a5991560b8cb,2,1,10037,OFFRE_010037_a79d7243ddb8,IFS Functional Expert,Globeleq Cameroon,Cameroun (ville non précisée),Autre,1.0
080e41f0b7f53fbc3341,2,1,10038,OFFRE_010038_3147eab6a0f5,IT Assistant,The Elizabeth Glaser Pediatric AIDS Foundation,Cameroun (ville non précisée),Autre,1.0
ec729f761f41806ceb93,2,2,10039,OFFRE_010039_d5a936722839,Finance & Accounts Assistant,The Elizabeth Glaser Pediatric AIDS Foundation,Cameroun (ville non précisée),Autre,1.0
a126f3c306d0b75d405b,2,1,10041,OFFRE_010041_2bcfcefc9ac1,IFS Technical Expert,Globeleq Cameroon,Cameroun (ville non précisée),Autre,1.0
7044448213e12c81ef87,2,1,10043,OFFRE_010043_f24481b7471e,Project Assistant,The Elizabeth Glaser Pediatric AIDS Foundation,Cameroun (ville non précisée),Autre,1.0
bb4378625f30e82180f6,2,1,10044,OFFRE_010044_53a74398586f,IFS Functional Expert,Kribi Power Development Company SA,Cameroun (ville non précisée),Autre,1.0
64f6d48970b22aac6775,2,1,10045,OFFRE_010045_ccf50d4bf4b9,Human Resources Officer,The Elizabeth Glaser Pediatric AIDS Foundation,Cameroun (ville non précisée),Autre,1.0
e343707bc52bf59ca790,2,1,10046,OFFRE_010046_190d2ef03b73,IFS Technical Expert,Dibamba Power Development Company SA,Cameroun (ville non précisée),Autre,1.0
dd185b61be064bcd7dba,2,1,10048,OFFRE_010048_10347c46c551,Security Coordinator,Kribi Power Development Company SA,Cameroun (ville non précisée),Légal,1.0
3aee35f45dfe06d3c7c5,2,2,10050,OFFRE_010050_291ad91339e8,Administrative Officer,The Elizabeth Glaser Pediatric AIDS Foundation,Cameroun (ville non précisée),Autre,1.0
080e41f0b7f53fbc3341,2,2,10053,OFFRE_010053_3540f2649da1,IT Assistant,The Elizabeth Glaser Pediatric AIDS Foundation,Cameroun (ville non précisée),Autre,1.0
64f6d48970b22aac6775,2,2,10054,OFFRE_010054_398cd6173b76,Human Resources Officer,The Elizabeth Glaser Pediatric AIDS Foundation,Cameroun (ville non précisée),Autre,1.0
2d63b30e92a4d2a578d3,2,2,10056,OFFRE_010056_d9abec9ffff2,Procurement and Logistics Officer,The Elizabeth Glaser Pediatric AIDS Foundation,Cameroun (ville non précisée),Autre,1.0
7044448213e12c81ef87,2,2,10059,OFFRE_010059_2b3d844359ef,Project Assistant,The Elizabeth Glaser Pediatric AIDS Foundation,Cameroun (ville non précisée),Autre,1.0
cca7d8fcac1d18eaee49,2,2,10060,OFFRE_010060_35c6bc26f06c,Associate Human Resources Officer,The Elizabeth Glaser Pediatric AIDS Foundation,Cameroun (ville non précisée),Autre,1.0
1568bf5d45bbb39c285e,2,1,10061,OFFRE_010061_c744ae496a46,Security Coordinator,Dibamba Power Development Company SA,Cameroun (ville non précisée),Légal,1.0
830b5b56a64c55eb3ed4,2,2,10062,OFFRE_010062_ff5a236f9571,Finance & Accounting Officer (FAO),The Elizabeth Glaser Pediatric AIDS Foundation,Cameroun (ville non précisée),Autre,1.0
e442d8b4eeaedd9d10f8,2,1,10063,OFFRE_010063_22e53d3f8554,IFS Administrator Expert,Kribi Power Development Company SA,Cameroun (ville non précisée),Autre,1.0
4c3c234c6fdda1eb94ef,2,1,10066,OFFRE_010066_99d4b35c47de,IFS Administrator Expert,Globeleq Cameroon,Cameroun (ville non précisée),Autre,1.0
33745693d13419c084dd,2,1,10067,OFFRE_010067_efeba9e54381,IFS Functional Expert,Dibamba Power Development Company SA,Cameroun (ville non précisée),Autre,1.0
8a2c5b20138025a2827d,2,1,10068,OFFRE_010068_fc3d10650dad,IFS Administrator Expert,Dibamba Power Development Company SA,Cameroun (ville non précisée),Autre,1.0
bb4378625f30e82180f6,2,2,10088,OFFRE_010088_eb6fcf64544a,IFS Functional Expert,Kribi Power Development Company SA,Cameroun (ville non précisée),Autre,1.0
33745693d13419c084dd,2,2,10090,OFFRE_010090_36422fb98dc3,IFS Functional Expert,Dibamba Power Development Company SA,Cameroun (ville non précisée),Autre,1.0
a126f3c306d0b75d405b,2,2,10091,OFFRE_010091_cb566b3db948,IFS Technical Expert,Globeleq Cameroon,Cameroun (ville non précisée),Autre,1.0
e442d8b4eeaedd9d10f8,2,2,10092,OFFRE_010092_d440b0d441d4,IFS Administrator Expert,Kribi Power Development Company SA,Cameroun (ville non précisée),Autre,1.0
98c2d7f9f243d963b784,3,2,10093,OFFRE_010093_8644506ca4a4,"Operations Manager - Douala, Cameroun",GoZem,Douala,Autre,1.0
e343707bc52bf59ca790,2,2,10096,OFFRE_010096_c4f11c5b46b0,IFS Technical Expert,Dibamba Power Development Company SA,Cameroun (ville non précisée),Autre,1.0
2df448d81a1776f5869c,3,2,10097,OFFRE_010097_eb5734fcd628,"Customer Support Manager - Douala, Cameroun",GoZem,Douala,Autre,1.0
1568bf5d45bbb39c285e,2,2,10099,OFFRE_010099_0d98ff1d34bb,Security Coordinator,Dibamba Power Development Company SA,Cameroun (ville non précisée),Légal,1.0
dd185b61be064bcd7dba,2,2,10100,OFFRE_010100_16c6c24c0b22,Security Coordinator,Kribi Power Development Company SA,Cameroun (ville non précisée),Légal,1.0
a0f85b730a696db9e59c,2,2,10102,OFFRE_010102_a3d7016437bc,IFS Technical Expert,Kribi Power Development Company SA,Cameroun (ville non précisée),Autre,1.0
4c3c234c6fdda1eb94ef,2,2,10103,OFFRE_010103_06fb5e582a0f,IFS Administrator Expert,Globeleq Cameroon,Cameroun (ville non précisée),Autre,1.0
d7659a3506621b29648d,3,2,10104,OFFRE_010104_d97dcc37c9dd,Country Manager - Cameroun,GoZem,Cameroun (ville non précisée),Autre,1.0
8a2c5b20138025a2827d,2,2,10105,OFFRE_010105_fecd2a2f483a,IFS Administrator Expert,Dibamba Power Development Company SA,Cameroun (ville non précisée),Autre,1.0
49ac9b84a5991560b8cb,2,2,10106,OFFRE_010106_7b603b6c64e9,IFS Functional Expert,Globeleq Cameroon,Cameroun (ville non précisée),Autre,1.0
d7659a3506621b29648d,3,3,10138,OFFRE_010138_ddd20472059c,Country Manager - Cameroun,GoZem,Cameroun (ville non précisée),Autre,1.0
98c2d7f9f243d963b784,3,3,10139,OFFRE_010139_55a4872bea64,"Operations Manager - Douala, Cameroun",GoZem,Douala,Autre,1.0
2df448d81a1776f5869c,3,3,10141,OFFRE_010141_8d81823e723e,"Customer Support Manager - Douala, Cameroun",GoZem,Douala,Autre,1.0
8877e09e2b474b2fe4b3,3,1,10149,OFFRE_010149_1a2d488c2d1e,Ce programme consiste à recruter des jeunes pour des embauches avec un contrat de travail au Canada,USAID,Cameroun (ville non précisée),ONG / Organisation internationale,1.0
c35f65599d74b330a68d,2,1,10152,OFFRE_010152_0c47201745b1,Caissière vendeuse,Employeur non précisé,Cameroun (ville non précisée),Services (autres activités),1.0
c35f65599d74b330a68d,2,2,10153,OFFRE_010153_68549651cb54,Caissière vendeuse,Employeur non précisé,Cameroun (ville non précisée),Services (autres activités),1.0
b4dc28420340375d6a98,2,1,10168,OFFRE_010168_0afe8a3a1e14,Traducteur / Traductrice toutes Langues,RH RECRUTEMENT,Cameroun (ville non précisée),Les services de base,1.0
7c619d2575bb60684bf9,3,1,10169,OFFRE_010169_9e6e9a1dbe35,Responsable commercial & Marketing,Employeur non précisé,Cameroun (ville non précisée),TIC / Télécommunications,1.0
7c619d2575bb60684bf9,3,2,10170,OFFRE_010170_b2104dd4f010,Responsable commercial & Marketing,Employeur non précisé,Cameroun (ville non précisée),TIC / Télécommunications,1.0
7c619d2575bb60684bf9,3,3,10171,OFFRE_010171_5a02b61fdb01,Responsable commercial & Marketing,Employeur non précisé,Cameroun (ville non précisée),TIC / Télécommunications,1.0
8877e09e2b474b2fe4b3,3,2,10176,OFFRE_010176_1e7966dcdfe0,Ce programme consiste à recruter des jeunes pour des embauches avec un contrat de travail au Canada,USAID,Cameroun (ville non précisée),ONG / Organisation internationale,1.0
8877e09e2b474b2fe4b3,3,3,10193,OFFRE_010193_ab2119feee6f,Ce programme consiste à recruter des jeunes pour des embauches avec un contrat de travail au Canada,USAID,Cameroun (ville non précisée),ONG / Organisation internationale,1.0
7794ea9b817d1045a029,2,2,10224,OFFRE_010224_e2bfe7d317eb,Stage Professionnel au poste de Sales Representative,AXXENTIS,Cameroun (ville non précisée),TIC / Télécommunications,1.0
e345822b43dc07a6f337,2,1,10254,OFFRE_010254_07df50903a84,Attachés Commerciaux,NEW,Cameroun (ville non précisée),Banque / Services financiers / Assurance,1.0
e345822b43dc07a6f337,2,2,10255,OFFRE_010255_f7f79437d959,Attachés Commerciaux,NEW,Cameroun (ville non précisée),Banque / Services financiers / Assurance,1.0
01ea996836f129fbfcea,3,1,10260,OFFRE_010260_5070be3a2ff9,Commercial / Vendeur (H/F),RH RECRUTEMENT,Cameroun (ville non précisée),Distribution / Commerce de gros / Commerce de détail,1.0
0be23c6e93a933e5702f,2,2,10267,OFFRE_010267_b69696d658f0,DIRECTEUR COMMERCIAL (F/H) - DOUALA,FED AFRICA,DOUALA,Distribution / Commerce de gros / Commerce de détail,1.0
16547274e82b328d9c95,2,2,10284,OFFRE_010284_719e05fab7d6,Technico-Commercial en Assurance,Employeur non précisé,Cameroun (ville non précisée),Distribution / Commerce de gros / Commerce de détail,1.0
1cbd977f2014780a9498,2,1,10296,OFFRE_010296_fd62df5469eb,Ingénieur en BTP,RH RECRUTEMENT,Cameroun (ville non précisée),Construction/ Immobilier,1.0
5d790b6ac2f59deee5bb,2,1,10297,OFFRE_010297_6af312ed3f7d,Chargé de la Communication (H/F),CENTRE PASTEUR DU CAMEROUN,Cameroun (ville non précisée),Marketing / Publicité,1.0
6413d5bd5da0c89d24e5,4,3,10299,OFFRE_010299_1f408c22dcbf,Conseiller Commercial (H/F),NSIA ASSURANCES,Cameroun (ville non précisée),Distribution / Commerce de gros / Commerce de détail,1.0
254b90c21a0dba123f95,2,1,10306,OFFRE_010306_650b70349b05,Contrôleur de Gestion / Controlling,RH RECRUTEMENT,Cameroun (ville non précisée),Banque / Services financiers / Assurance,1.0
01ea996836f129fbfcea,3,2,10317,OFFRE_010317_ee6d6cb5251d,Commercial / Vendeur (H/F),RH RECRUTEMENT,Cameroun (ville non précisée),Distribution / Commerce de gros / Commerce de détail,1.0
e96f1bad8f504e0e6b27,2,1,10319,OFFRE_010319_264110711608,Assistante / Secrétaire de Direction,RH RECRUTEMENT,Cameroun (ville non précisée),Autre,1.0
a67a5b3c64f83938f518,3,3,10326,OFFRE_010326_bf3bba2b2fc3,DIRECTEUR COMMERCIAL ET MARKETING H/F,TRUST AFRICA,Cameroun (ville non précisée),Marketing / Publicité,1.0
01f3c6ab1dbf96217094,2,1,10356,OFFRE_010356_040750f35ac0,Maçon,RH RECRUTEMENT,Cameroun (ville non précisée),Construction/ Immobilier,1.0
5d790b6ac2f59deee5bb,2,2,10367,OFFRE_010367_bfeb2d83fac7,Chargé de la Communication (H/F),CENTRE PASTEUR DU CAMEROUN,Cameroun (ville non précisée),Marketing / Publicité,1.0
b0f888dbd0837da9bbbe,2,1,10377,OFFRE_010377_edca4db0d464,Commercial Médical et Pharmaceutique (H/F),RH RECRUTEMENT,Cameroun (ville non précisée),Santé,1.0
949b8898192e140941ff,2,1,10380,OFFRE_010380_a027c4a08376,Développeur Drupal 6/7 (H/F),RH RECRUTEMENT,Cameroun (ville non précisée),TIC / Télécommunications,1.0
f47d920b4983a17c5663,2,1,10404,OFFRE_010404_12c71df3dba1,Analyste Financier (H/F) - Secteur Banque Assurance,RH RECRUTEMENT,Cameroun (ville non précisée),Banque / Services financiers / Assurance,1.0
872a99f2ecc86f417a0e,2,1,10406,OFFRE_010406_770481713aa8,Electricien - Secteur Construction / Bâtiment,RH RECRUTEMENT,Cameroun (ville non précisée),Construction/ Immobilier,1.0
236d52447a1c7147b398,2,1,10423,OFFRE_010423_4e44f3758f04,Responsable Marketing (H/F),RAZEL CAMEROUN,Cameroun (ville non précisée),Distribution / Commerce de gros / Commerce de détail,1.0
cf82eca7df2621a1eb73,2,1,10425,OFFRE_010425_e03abc097edb,Chef de Département Production,RAZEL CAMEROUN,Cameroun (ville non précisée),Distribution / Commerce de gros / Commerce de détail,1.0
43a1100940b5355d66e6,2,1,10426,OFFRE_010426_7ed8522c8024,Ingénieur Technico-commercial H/F,RAZEL CAMEROUN,Cameroun (ville non précisée),Distribution / Commerce de gros / Commerce de détail,1.0
9679cdf7a3760baa287c,2,1,10432,OFFRE_010432_f9b713252bdb,CONTRÔLEUR FINANCIER (H/F) - ABIDJAN,RAZEL CAMEROUN,Cameroun (ville non précisée),Banque / Services financiers / Assurance,1.0
e1dec0164dd75d616a51,3,1,10445,OFFRE_010445_7739a5c43b7f,Développeur Web,RAZEL CAMEROUN,Cameroun (ville non précisée),TIC / Télécommunications,1.0
e58fe7ed5586df11fcd7,2,1,10446,OFFRE_010446_5b4655060da3,Commercial H/F,RAZEL CAMEROUN,Cameroun (ville non précisée),Distribution / Commerce de gros / Commerce de détail,1.0
7e15c4c82161ee8c7168,2,1,10449,OFFRE_010449_2591573340cd,Ingénieur en BTP,RAZEL CAMEROUN,Cameroun (ville non précisée),Construction/ Immobilier,1.0
9679cdf7a3760baa287c,2,2,10456,OFFRE_010456_25b67ee1cf19,CONTRÔLEUR FINANCIER (H/F) ABIDJAN,RAZEL CAMEROUN,Cameroun (ville non précisée),Banque / Services financiers / Assurance,1.0
caf61bd06e388d84478b,2,1,10489,OFFRE_010489_9b7c8391300d,Agent Commercial H/F,RAZEL CAMEROUN,Cameroun (ville non précisée),Distribution / Commerce de gros / Commerce de détail,1.0
43a1100940b5355d66e6,2,2,10490,OFFRE_010490_39e4133e7ce6,Ingénieur Technico-commercial H/F,RAZEL CAMEROUN,Cameroun (ville non précisée),Distribution / Commerce de gros / Commerce de détail,1.0
e58fe7ed5586df11fcd7,2,2,10521,OFFRE_010521_2eaee10e0869,Commercial (H/F),RAZEL CAMEROUN,Cameroun (ville non précisée),Distribution / Commerce de gros / Commerce de détail,1.0
caf61bd06e388d84478b,2,2,10547,OFFRE_010547_80b56ac0e243,Agent Commercial H/F,RAZEL CAMEROUN,Cameroun (ville non précisée),Distribution / Commerce de gros / Commerce de détail,1.0
7e15c4c82161ee8c7168,2,2,10586,OFFRE_010586_881401e0dae9,Ingénieur en BTP,RAZEL CAMEROUN,Cameroun (ville non précisée),Construction/ Immobilier,1.0
1cbd977f2014780a9498,2,2,10587,OFFRE_010587_bed1c5449e94,Ingénieur en BTP,RH RECRUTEMENT,Cameroun (ville non précisée),Construction/ Immobilier,1.0
1f250ccb5d43a36cdb6a,2,1,10602,OFFRE_010602_89519315aa91,Assistante / Secrétaire de Direction,RAZEL CAMEROUN,Cameroun (ville non précisée),Autre,1.0
f40e5c20d0c085af5b8a,2,1,10609,OFFRE_010609_2860d8ead875,Ingénieur Travaux - V.I.E Cameroun H/F,RAZEL CAMEROUN,Cameroun (ville non précisée),Construction/ Immobilier,1.0
f40e5c20d0c085af5b8a,2,2,10614,OFFRE_010614_c1f50adf40b1,Ingénieur Travaux - V.I.E Cameroun H/F,RAZEL CAMEROUN,Cameroun (ville non précisée),Construction/ Immobilier,1.0
e1dec0164dd75d616a51,3,2,10615,OFFRE_010615_9fee8306f211,Développeur Web,RAZEL CAMEROUN,Cameroun (ville non précisée),TIC / Télécommunications,1.0
7eacfb29f88ed92f73e8,2,1,10621,OFFRE_010621_9636401cc6fe,Agent de Maintenance (H/F),RAZEL CAMEROUN,Cameroun (ville non précisée),Industrie manufacturière,1.0
1f250ccb5d43a36cdb6a,2,2,10669,OFFRE_010669_efba66cc6ad5,Assistante / Secrétaire de Direction,RAZEL CAMEROUN,Cameroun (ville non précisée),Autre,1.0
e96f1bad8f504e0e6b27,2,2,10670,OFFRE_010670_c4703fd6772f,Assistante / Secrétaire de Direction,RH RECRUTEMENT,Cameroun (ville non précisée),Autre,1.0
cf82eca7df2621a1eb73,2,2,10676,OFFRE_010676_dcf88dc67a08,Chef de Département Production,RAZEL CAMEROUN,Cameroun (ville non précisée),Distribution / Commerce de gros / Commerce de détail,1.0
f8ad7ad6a7829c3fd974,2,1,10679,OFFRE_010679_9af404b97854,INGÉNIEUR IT PROJETS ET SOLUTIONS H/F - CAMEROUN,FED AFRICA,Cameroun (ville non précisée),TIC / Télécommunications,1.0
2f409991689870cc8b83,2,1,10680,OFFRE_010680_bbc8fba29d68,Technicien Réseau,INSTITUT UCAC-ICAM,Cameroun (ville non précisée),TIC / Télécommunications,1.0
62f1bf18e322878ef752,3,1,10689,OFFRE_010689_3fa4564957aa,RESPONSABLE DE LA SÉCURITÉ DES SI / RSSI H/F TOGO,FED AFRICA,Cameroun (ville non précisée),TIC / Télécommunications,1.0
a528f9675d258abdc567,2,1,10695,OFFRE_010695_3855d8b87f99,Technicien Réseau,RAZEL CAMEROUN,Cameroun (ville non précisée),TIC / Télécommunications,1.0
e1dec0164dd75d616a51,3,3,10707,OFFRE_010707_e2773bfb51e2,Développeur Web,RAZEL CAMEROUN,Cameroun (ville non précisée),TIC / Télécommunications,1.0
7eacfb29f88ed92f73e8,2,2,10709,OFFRE_010709_5325bbf59855,Agent de Maintenance (H/F),RAZEL CAMEROUN,Cameroun (ville non précisée),Industrie manufacturière,1.0
a528f9675d258abdc567,2,2,10712,OFFRE_010712_6827502b26aa,Technicien Réseau,RAZEL CAMEROUN,Cameroun (ville non précisée),TIC / Télécommunications,1.0
2f409991689870cc8b83,2,2,10714,OFFRE_010714_a1defb2a843f,Technicien Réseau,INSTITUT UCAC-ICAM,Cameroun (ville non précisée),TIC / Télécommunications,1.0
236d52447a1c7147b398,2,2,10736,OFFRE_010736_99a9e0a776ac,Responsable Marketing (H/F),RAZEL CAMEROUN,Cameroun (ville non précisée),Distribution / Commerce de gros / Commerce de détail,1.0
31b813b2b2c4f67e98b7,2,1,10741,OFFRE_010741_27c14b080bcb,Consultant en Recrutement et Evaluation des Compétences H/F,ADRH APAVE,Cameroun (ville non précisée),Autre,1.0
254b90c21a0dba123f95,2,2,10752,OFFRE_010752_3e4e224b1890,Contrôleur de Gestion / Controlling,RH RECRUTEMENT,Cameroun (ville non précisée),Banque / Services financiers / Assurance,1.0
bb001037745509eab83f,2,1,10760,OFFRE_010760_985bf9033af0,Ingénieur Système,ADRH APAVE,Cameroun (ville non précisée),TIC / Télécommunications,1.0
01f3c6ab1dbf96217094,2,2,10765,OFFRE_010765_93ae937fce6f,Maçon,RH RECRUTEMENT,Cameroun (ville non précisée),Construction/ Immobilier,1.0
bb001037745509eab83f,2,2,10781,OFFRE_010781_02e9d47e9ba9,Ingénieur Système,ADRH APAVE,Cameroun (ville non précisée),TIC / Télécommunications,1.0
01ea996836f129fbfcea,3,3,10799,OFFRE_010799_8b683a348a1f,Commercial / Vendeur (H/F),RH RECRUTEMENT,Cameroun (ville non précisée),Distribution / Commerce de gros / Commerce de détail,1.0
949b8898192e140941ff,2,2,10800,OFFRE_010800_63bfc26825e7,Développeur Drupal 6/7 (H/F),RH RECRUTEMENT,Cameroun (ville non précisée),TIC / Télécommunications,1.0
b0f888dbd0837da9bbbe,2,2,10801,OFFRE_010801_853a1dfdb4e0,Commercial Médical et Pharmaceutique (H/F),RH RECRUTEMENT,Cameroun (ville non précisée),Santé,1.0
b4dc28420340375d6a98,2,2,10803,OFFRE_010803_890638208bd5,Traducteur / Traductrice toutes Langues,RH RECRUTEMENT,Cameroun (ville non précisée),Les services de base,1.0
2d89714612e6c849fc27,2,1,10804,OFFRE_010804_2b409e399f87,TECHNICIEN QUOTIDIEN - UPSTREAM,MELT GROUP,Cameroun (ville non précisée),Industrie manufacturière,1.0
62f1bf18e322878ef752,3,2,10805,OFFRE_010805_5a3e414e5f5a,RESPONSABLE DE LA SÉCURITÉ DES SI / RSSI H/F TOGO,FED AFRICA,Cameroun (ville non précisée),TIC / Télécommunications,1.0
9eacad56b67e561b0a93,2,2,10809,OFFRE_010809_2e18b7d30a03,Responsable Ressources Humaines H/F,TRUST AFRICA,Cameroun (ville non précisée),Autre,1.0
872a99f2ecc86f417a0e,2,2,10823,OFFRE_010823_ec2043adc906,Electricien - Secteur Construction / Bâtiment,RH RECRUTEMENT,Cameroun (ville non précisée),Construction/ Immobilier,1.0
2d89714612e6c849fc27,2,2,10828,OFFRE_010828_ecbe4a00f97a,TECHNICIEN QUOTIDIEN - UPSTREAM,MELT GROUP,Cameroun (ville non précisée),Industrie manufacturière,1.0
f47d920b4983a17c5663,2,2,10830,OFFRE_010830_7a35c30328fa,Analyste Financier (H/F) - Secteur Banque Assurance,RH RECRUTEMENT,Cameroun (ville non précisée),Banque / Services financiers / Assurance,1.0
62f1bf18e322878ef752,3,3,10837,OFFRE_010837_68d5928185d9,RESPONSABLE DE LA SÉCURITÉ DES SI / RSSI H/F - TOGO,FED AFRICA,Cameroun (ville non précisée),TIC / Télécommunications,1.0
f8ad7ad6a7829c3fd974,2,2,10840,OFFRE_010840_7d455a2e3d7b,INGÉNIEUR IT PROJETS ET SOLUTIONS H/F - CAMEROUN,FED AFRICA,Cameroun (ville non précisée),TIC / Télécommunications,1.0
53515eabe1334855ad63,2,2,10841,OFFRE_010841_630e5696700a,Unified Communications Analyst,AXXENTIS,Cameroun (ville non précisée),TIC / Télécommunications,1.0
6413d5bd5da0c89d24e5,4,4,10842,OFFRE_010842_85f94d908b87,Conseiller Commercial (H/F),NSIA ASSURANCES,Cameroun (ville non précisée),Distribution / Commerce de gros / Commerce de détail,1.0
31b813b2b2c4f67e98b7,2,2,10864,OFFRE_010864_6ee14f505ac3,Consultant en recrutement et évaluation des compétences H/F,ADRH APAVE,Cameroun (ville non précisée),Autre,1.0
69eecbfa5b1b51c5e1dc,2,1,10881,OFFRE_010881_c015e5b92a24,Auxiliaire de Vie de la Petite Enfance - Douala,ANGES DE CHRIST,Douala,"Éducation, formation",1.0
69eecbfa5b1b51c5e1dc,2,2,10919,OFFRE_010919_f8876d9b493e,Auxiliaire de Vie de la Petite Enfance - Douala,ANGES DE CHRIST,Douala,"Éducation, formation",1.0
7586118995fb19d80b24,2,1,10926,OFFRE_010926_937b21f21a14,Chauffeur-Livreur - Yaoundé,AFRICAWORK,Yaoundé,Agroalimentaire,1.0
ee664edf397211a6a056,2,1,10932,OFFRE_010932_30a36a4906d3,Expert TIC - Yaoundé,AFRICAWORK,Yaoundé - International,"Informatique, SSII, Internet",1.0
85e2a05d95c023fb7496,3,1,10933,OFFRE_010933_edd16d980e07,Téléopérateur Bilingue (H/F) - Yaoundé,AFRICAWORK,Yaoundé,"Transports, logistique, services postaux",1.0
a0ff3ecbe401b5fa4f0d,2,1,10956,OFFRE_010956_ef82bb804175,Téléconseiller - Yaoundé,AFRICAWORK,Yaoundé,"Centres d´appel, hotline, call center",1.0
7586118995fb19d80b24,2,2,10964,OFFRE_010964_0d8f8bf773dc,Chauffeur- Livreur - Yaoundé,AFRICAWORK,Yaoundé,Agroalimentaire,1.0
d1396ff36097102adcd5,3,1,10969,OFFRE_010969_29edb36545a5,Commercial(e) Sédentaire Bilingue (français – Anglais) H/F - Yaoundé,AFRICAWORK,Yaoundé,"Télécom - Transports, logistique, services postaux",1.0
85e2a05d95c023fb7496,3,2,11042,OFFRE_011042_599a685cf070,Téléopérateur Bilingue (H/F) - Yaoundé,AFRICAWORK,Yaoundé,"Transports, logistique, services postaux",1.0
d1396ff36097102adcd5,3,2,11043,OFFRE_011043_cb77a7ad58a2,Commercial(e) Sédentaire Bilingue (Français – Anglais) H/F - Yaoundé,AFRICAWORK,Yaoundé,"Télécom - Transports, logistique, services postaux",1.0
ee664edf397211a6a056,2,2,11083,OFFRE_011083_a417804cdd7c,Expert TIC - Yaoundé,AFRICAWORK,Yaoundé - International,"Informatique, SSII, Internet",1.0
a0ff3ecbe401b5fa4f0d,2,2,11152,OFFRE_011152_5db239a9bcd7,Téléconseiller - Yaoundé,AFRICAWORK,Yaoundé,"Centres d´appel, hotline, call center",1.0
85e2a05d95c023fb7496,3,3,11172,OFFRE_011172_515da935059d,Téléopérateur Bilingue (H/F) - Yaoundé,AFRICAWORK,Yaoundé,"Transports, logistique, services postaux",1.0
d1396ff36097102adcd5,3,3,11182,OFFRE_011182_53de8cfa355c,Commercial(e) Sédentaire Bilingue (Français – Anglais) H/F - Yaoundé,AFRICAWORK,Yaoundé,"Télécom - Transports, logistique, services postaux",1.0
d7297617771853b4d03b,2,1,11197,OFFRE_011197_32ed49cd6b33,Comptable Senior,3C Logistique,Brazzaville,Finance / Banque / Assurance,1.0
d7297617771853b4d03b,2,2,11198,OFFRE_011198_d10baf3c3ba9,Comptable Senior,3C Logistique,Brazzaville,Finance / Banque / Assurance,1.0
39e11bdbc5994efed58c,2,1,11199,OFFRE_011199_30769b6800ec,Secrétaire Bureautique,ADIE SOLUTIONS,Brazzaville,Administration / Secrétariat,1.0
7d69c3c7890ef052bde6,2,1,11200,OFFRE_011200_6e865cd5b4b4,Gestionnaire,ADIE SOLUTIONS,Brazzaville,Autre,1.0
7d69c3c7890ef052bde6,2,2,11202,OFFRE_011202_bae4490f020f,Gestionnaire,ADIE SOLUTIONS,Brazzaville,Autre,1.0
39e11bdbc5994efed58c,2,2,11203,OFFRE_011203_a6e797407da8,Secrétaire Bureautique,ADIE SOLUTIONS,Brazzaville,Administration / Secrétariat,1.0
1d818186771003ce3ec8,2,1,11282,OFFRE_011282_8a9a771f0723,Responsable De Garde,AL OTHMAN REAL ESTATE GROUP,Brazzaville,Autre,1.0
68dd028c75fb48cb7882,2,1,11283,OFFRE_011283_8c98582d5ce1,Responsable Sécurité,AL OTHMAN REAL ESTATE GROUP,Brazzaville,Autre,1.0
ad4746ac64b957664b8f,2,1,11288,OFFRE_011288_bab5afced227,Responsable De Nuit,AL OTHMAN REAL ESTATE GROUP,Brazzaville,Autre,1.0
507d893b3f5a52998fb7,2,1,11299,OFFRE_011299_ac39aa24c177,Repasseur,AL OTHMAN REAL ESTATE GROUP,Brazzaville,Autre,1.0
8c786eefe27ae05dbeac,2,1,11332,OFFRE_011332_f7d3d37da54b,Agent De Buanderie,AL OTHMAN REAL ESTATE GROUP,Brazzaville,Autre,1.0
507d893b3f5a52998fb7,2,2,11335,OFFRE_011335_c96350d4baad,Repasseur,AL OTHMAN REAL ESTATE GROUP,Brazzaville,Autre,1.0
0ff0e6487e4f2ddaa46d,2,1,11337,OFFRE_011337_857358490a18,Representant Aéroport,AL OTHMAN REAL ESTATE GROUP,Brazzaville,Autre,1.0
0ff0e6487e4f2ddaa46d,2,2,11341,OFFRE_011341_d80c571faac5,Representant Aéroport,AL OTHMAN REAL ESTATE GROUP,Brazzaville,Autre,1.0
8c786eefe27ae05dbeac,2,2,11344,OFFRE_011344_430b3e342ae9,Agent De Buanderie,AL OTHMAN REAL ESTATE GROUP,Brazzaville,Autre,1.0
400a83759a1a2dbadfca,2,1,11356,OFFRE_011356_9adc92e0b55b,Responsable De Restaurant,AL OTHMAN REAL ESTATE GROUP,Brazzaville,Autre,1.0
1b630fac92148ba1d740,2,1,11360,OFFRE_011360_533f0cea25aa,Directeur Commercial & Marketing,AL OTHMAN REAL ESTATE GROUP,Brazzaville,Commerce / Vente / Marketing,1.0
1b630fac92148ba1d740,2,2,11362,OFFRE_011362_af2c18b8cc1e,Directeur Commercial & Marketing,AL OTHMAN REAL ESTATE GROUP,Brazzaville,Commerce / Vente / Marketing,1.0
a00af1ef96d71ffc331a,2,1,11363,OFFRE_011363_0495f2aae279,Directeur Des Revenus,AL OTHMAN REAL ESTATE GROUP,Brazzaville,Management / Direction,1.0
a00af1ef96d71ffc331a,2,2,11365,OFFRE_011365_28e2b00c72fc,Directeur Des Revenus,AL OTHMAN REAL ESTATE GROUP,Brazzaville,Management / Direction,1.0
68dd028c75fb48cb7882,2,2,11384,OFFRE_011384_b18bd4014e88,Responsable Sécurité,AL OTHMAN REAL ESTATE GROUP,Brazzaville,Autre,1.0
400a83759a1a2dbadfca,2,2,11395,OFFRE_011395_038d9c1692df,Responsable De Restaurant,AL OTHMAN REAL ESTATE GROUP,Brazzaville,Autre,1.0
1d818186771003ce3ec8,2,2,11402,OFFRE_011402_1bf2525b85a9,Responsable De Garde,AL OTHMAN REAL ESTATE GROUP,Brazzaville,Autre,1.0
ad4746ac64b957664b8f,2,2,11403,OFFRE_011403_2c36cfb3e852,Responsable De Nuit,AL OTHMAN REAL ESTATE GROUP,Brazzaville,Autre,1.0
1a8dad77fefad4e1f9bb,2,1,11461,OFFRE_011461_30bb00c344d6,Assistant Contrats,ARPCE,Brazzaville,Administration / Secrétariat,1.0
1a8dad77fefad4e1f9bb,2,2,11462,OFFRE_011462_2beac539c790,Assistant Contrats,ARPCE,Brazzaville,Administration / Secrétariat,1.0
a3ae05540bb6f8128f8b,2,1,11484,OFFRE_011484_fefcbdbd9d69,Directeur Des Opérations Du Casino,BETTOMAX SARLU,Pointe-Noire,Management / Direction,1.0
a3ae05540bb6f8128f8b,2,2,11485,OFFRE_011485_f08eb02d02d6,Directeur Des Opérations Du Casino,BETTOMAX SARLU,Pointe-Noire,Management / Direction,1.0
ec417d53eba9c1c86539,3,1,11488,OFFRE_011488_b194b3f6b85d,Technicien De Jeux,BETTOMAX SARLU,Pointe-Noire,Industrie / Production / Maintenance,1.0
ec417d53eba9c1c86539,3,2,11489,OFFRE_011489_520b1da7f98c,Technicien De Jeux,BETTOMAX SARLU,Pointe-Noire,Industrie / Production / Maintenance,1.0
ec417d53eba9c1c86539,3,3,11490,OFFRE_011490_0b33f749f8a2,Technicien De Jeux,BETTOMAX SARLU,Pointe-Noire,Industrie / Production / Maintenance,1.0
c80c354309a4fa1e408c,2,1,11496,OFFRE_011496_6f1f1759dc6c,Chargé Des Apurements Opérations Bancaires,BGFI Bank,Brazzaville,Autre,1.0
c80c354309a4fa1e408c,2,2,11497,OFFRE_011497_a19293cc293e,Charge Des Apurements Operations Bancaires,BGFI Bank,Brazzaville,Autre,1.0
685f34615ec364a9fbd0,2,1,11499,OFFRE_011499_90fe01e94fba,Charge De Relation Clientèlepmi/Pme,BGFI Bank,Brazzaville,Autre,1.0
685f34615ec364a9fbd0,2,2,11500,OFFRE_011500_e2f6f81bf758,Charge De Relation Clientèlepmi/Pme,BGFI Bank,Brazzaville,Autre,1.0
500882118cce4199bb92,2,1,11513,OFFRE_011513_0fae4d8f4e24,Chargé De Portefeuille,BLUE COLLAR,Brazzaville,Autre,1.0
d82ba38cff5cf3eedf7a,2,1,11514,OFFRE_011514_bc6775ec822d,Chauffeur,BLUE COLLAR,Brazzaville,Logistique / Transport / Supply Chain,1.0
7956c8cce23ca0fef56f,2,1,11519,OFFRE_011519_4a9946b43bc1,Peintre,BLUE COLLAR,Brazzaville,BTP / Génie Civil,1.0
c5fcf37fc23a24321d2a,2,1,11526,OFFRE_011526_ed842c81067f,Serveur,BLUE COLLAR,Brazzaville,Hôtellerie / Restauration,1.0
d82ba38cff5cf3eedf7a,2,2,11529,OFFRE_011529_e6ef453e4835,Chauffeur,BLUE COLLAR,Brazzaville,Logistique / Transport / Supply Chain,1.0
55d521f978237ad3cd12,2,1,11530,OFFRE_011530_8a70df5f0ed1,Room Attendant,BLUE COLLAR,Brazzaville,Autre,1.0
55d521f978237ad3cd12,2,2,11531,OFFRE_011531_4189ca18cc90,Room Attendant,BLUE COLLAR,Brazzaville,Autre,1.0
500882118cce4199bb92,2,2,11539,OFFRE_011539_5ebef1c06fe0,Charge De Portefeuille,BLUE COLLAR,Brazzaville,Autre,1.0
c5fcf37fc23a24321d2a,2,2,11547,OFFRE_011547_74bac47d1ed7,Serveur,BLUE COLLAR,Brazzaville,Hôtellerie / Restauration,1.0
7956c8cce23ca0fef56f,2,2,11551,OFFRE_011551_a4a3eb14dd13,Peintre,BLUE COLLAR,Brazzaville,BTP / Génie Civil,1.0
a9f0f16c36e408c653bf,2,1,11560,OFFRE_011560_b92238bfd08a,Operateur Téléphone,BLUE COLLAR,Brazzaville,Autre,1.0
a9f0f16c36e408c653bf,2,2,11561,OFFRE_011561_4d4610a8c139,Operateur Téléphone,BLUE COLLAR,Brazzaville,Autre,1.0
d2a8a9b21942b939fe9f,2,1,11567,OFFRE_011567_dba67a0682c9,Manager De Projet,BOC INDUSTRIE,Pointe-Noire,Management / Direction,1.0
d2a8a9b21942b939fe9f,2,2,11568,OFFRE_011568_1d2487be662b,Manager De Projet,BOC INDUSTRIE,Pointe-Noire,Management / Direction,1.0
b2d100dfa6e6ca06df4d,3,1,11570,OFFRE_011570_4c305a924c42,Manœuvre,BONAF DISTRIBUTION,Pointe-Noire,Autre,1.0
b2d100dfa6e6ca06df4d,3,2,11573,OFFRE_011573_04711fe8a2ed,Manœuvre,BONAF DISTRIBUTION,Pointe-Noire,Autre,1.0
b2d100dfa6e6ca06df4d,3,3,11575,OFFRE_011575_da775f09f969,Manœuvre,BONAF DISTRIBUTION,Pointe-Noire,Autre,1.0
903471aa7f626a53ea53,2,1,11593,OFFRE_011593_cb8b0b61aa63,Chargé Maintenance Autonome,BRALICO,Kouilou,Industrie / Production / Maintenance,1.0
903471aa7f626a53ea53,2,2,11594,OFFRE_011594_d4483b973f7a,Chargé Maintenance Autonome,BRALICO,Kouilou,Industrie / Production / Maintenance,1.0
d4327ac30f8df1ab5170,2,1,11617,OFFRE_011617_79b3ce7ec50b,Chauffeur,BUROTOP IRIS,Pointe-Noire,Logistique / Transport / Supply Chain,1.0
d4327ac30f8df1ab5170,2,2,11620,OFFRE_011620_c12d45a8643e,Chauffeur,BUROTOP IRIS,Pointe-Noire,Logistique / Transport / Supply Chain,1.0
5af4d3f966a645a10de5,2,1,11622,OFFRE_011622_0a309975a2ad,Administrateur Reseau,BUROTOP IRIS,Pointe-Noire,Autre,1.0
5af4d3f966a645a10de5,2,2,11625,OFFRE_011625_7c5e8ed4d2b6,Administrateur Reseau,BUROTOP IRIS,Pointe-Noire,Autre,1.0
c9bb1115ff3088c3678a,2,1,11652,OFFRE_011652_756a4837cc22,Comptable,CANAAN HOLDING,Pointe-Noire,Finance / Banque / Assurance,1.0
c9bb1115ff3088c3678a,2,2,11655,OFFRE_011655_dabde38a3720,Comptable,CANAAN HOLDING,Pointe-Noire,Finance / Banque / Assurance,1.0
e39441be65f216f44aed,2,1,11667,OFFRE_011667_573a38292f7c,Soudeur,CAREX SERVICES,Pointe-Noire,Industrie / Production / Maintenance,1.0
e39441be65f216f44aed,2,2,11668,OFFRE_011668_af6996517e80,Soudeur,CAREX SERVICES,Pointe-Noire,Industrie / Production / Maintenance,1.0
c8ff3d46583e6fd01404,2,1,11676,OFFRE_011676_975a9b4e7563,Controleur De Gestion,CFAO MOBILITY,Pointe-Noire,Autre,1.0
c8ff3d46583e6fd01404,2,2,11677,OFFRE_011677_64a11a2f069c,Controleur De Gestion,CFAO MOBILITY,Pointe-Noire,Autre,1.0
a8b56d68855b1821b1cf,2,1,11683,OFFRE_011683_3388a1b32528,Vendeur Comptoir,CFAO MOBILITY CONGO,Pointe-Noire,Commerce / Vente / Marketing,1.0
a8b56d68855b1821b1cf,2,2,11691,OFFRE_011691_32c3070f62d2,Vendeur Comptoir,CFAO MOBILITY CONGO,Pointe-Noire,Commerce / Vente / Marketing,1.0
c18b999c2179c65f6b72,2,1,11742,OFFRE_011742_1e3c551514a6,Chef Comptable,COAMO,Brazzaville,Finance / Banque / Assurance,1.0
c18b999c2179c65f6b72,2,2,11745,OFFRE_011745_5aa1244e8d03,Chef Comptable,COAMO,Brazzaville,Finance / Banque / Assurance,1.0
2cd0320af02426751f13,2,1,11750,OFFRE_011750_d2f584be6364,Réceptionniste,COLORADO S.A (GRAND LANCASTER),Brazzaville,Hôtellerie / Restauration,1.0
2cd0320af02426751f13,2,2,11759,OFFRE_011759_1553dfe00a60,Réceptionniste,COLORADO S.A (GRAND LANCASTER),Brazzaville,Hôtellerie / Restauration,1.0
b259b4a0afcd52649d08,2,1,11766,OFFRE_011766_ec3be62ed57f,Coach Sportif,COLORADO S.A (GRAND LANCASTER),Brazzaville,Autre,1.0
b259b4a0afcd52649d08,2,2,11767,OFFRE_011767_06e8fde19b0f,Coach Sportif,COLORADO S.A (GRAND LANCASTER),Brazzaville,Autre,1.0
87fbd2260ac37d50bf2c,2,1,11791,OFFRE_011791_5d46fa5fc282,Maçon,Congo Services,Bouenza,BTP / Génie Civil,1.0
87fbd2260ac37d50bf2c,2,2,11792,OFFRE_011792_1c054c6531c0,Maçon,Congo Services,Bouenza,BTP / Génie Civil,1.0
455f923317ea03688ac1,2,1,11799,OFFRE_011799_15a730d6bf14,Plombier,Congo Services,Bouenza,Autre,1.0
455f923317ea03688ac1,2,2,11800,OFFRE_011800_f7558ccec281,Plombier,Congo Services,Bouenza,Autre,1.0
1c1807a7d3bbd6fb9883,2,1,11804,OFFRE_011804_39c0b47f8bf7,Assistant Logistique,CONGO SERVICES INTERIM,Brazzaville,Logistique / Transport / Supply Chain,1.0
1d2fb407ab9d2a8eb0ba,2,1,11805,OFFRE_011805_ca8004f3de29,Assistant Comptable,CONGO SERVICES INTERIM,Brazzaville,Finance / Banque / Assurance,1.0
1d2fb407ab9d2a8eb0ba,2,2,11806,OFFRE_011806_2fe5b03ae2f5,Assistant Comptable,CONGO SERVICES INTERIM,Brazzaville,Finance / Banque / Assurance,1.0
1c1807a7d3bbd6fb9883,2,2,11807,OFFRE_011807_a6a3433ceca5,Assistant Logistique,CONGO SERVICES INTERIM,Brazzaville,Logistique / Transport / Supply Chain,1.0
7c86f81330152dd1681d,3,1,11816,OFFRE_011816_9311ef1743a4,Magasinier,CONGO SERVICES INTERIM,Nkayi,Logistique / Transport / Supply Chain,1.0
7c86f81330152dd1681d,3,2,11817,OFFRE_011817_512c7909a72a,Magasinier,CONGO SERVICES INTERIM,Nkayi,Logistique / Transport / Supply Chain,1.0
7c86f81330152dd1681d,3,3,11818,OFFRE_011818_6b204e31b8ee,Magasinier,CONGO SERVICES INTERIM,Nkayi,Logistique / Transport / Supply Chain,1.0
2492f66eabbd7a0ad8e5,2,1,11834,OFFRE_011834_c5682961e06f,Manœuvre,DA RONG,Brazzaville,Autre,1.0
2492f66eabbd7a0ad8e5,2,2,11835,OFFRE_011835_f44c0817478a,Manœuvre,DA RONG,Brazzaville,Autre,1.0
8d21e5fa4952e65a6b75,2,1,11844,OFFRE_011844_19562fea43fc,Assistant Administratif,DI AFRICA CONGO SA,Brazzaville,Administration / Secrétariat,1.0
6c2d123bf31a87bcb7c1,2,1,11851,OFFRE_011851_ca2c6d9330f9,Coordinateur Commercial Ebu,DI AFRICA CONGO SA,Brazzaville,Commerce / Vente / Marketing,1.0
378eaae20c2665aee2bd,3,1,11852,OFFRE_011852_3526a738596b,Coordinateur Produit Et Services,DI AFRICA CONGO SA,Brazzaville,Informatique / Digital,1.0
f10341c323f7487e6445,2,1,11853,OFFRE_011853_8978c129ca21,Superviseur Fleet,DI AFRICA CONGO SA,Brazzaville,Management / Direction,1.0
65393c935bfd2253b547,2,1,11854,OFFRE_011854_88ec474dc04f,Technicien Informatique,DI AFRICA CONGO SA,Brazzaville,Informatique / Digital,1.0
e9716f60cc3628b22305,2,1,11858,OFFRE_011858_17f3c9dde411,Conseiller Service Centre,DI AFRICA CONGO SA,Brazzaville,Autre,1.0
77708b616494c325baaa,3,1,11859,OFFRE_011859_23e2c89f8872,Presales Ingenieur,DI AFRICA CONGO SA,Brazzaville,Autre,1.0
f0f78fcb55f5e9217c0a,2,1,11860,OFFRE_011860_16025cfaff42,Coordinateur Marketing Ebu,DI AFRICA CONGO SA,Brazzaville,Commerce / Vente / Marketing,1.0
77708b616494c325baaa,3,2,11861,OFFRE_011861_a645915c0499,Presales Ingenieur,DI AFRICA CONGO SA,Brazzaville,Autre,1.0
8d21e5fa4952e65a6b75,2,2,11871,OFFRE_011871_04a489af5e26,Assistant-Administratif,DI-Africa (Congo) SA,Brazzaville,Administration / Secrétariat,1.0
6c2d123bf31a87bcb7c1,2,2,11873,OFFRE_011873_d8e9a6e9e691,Coordinateur Commercial Ebu,DI-Africa (Congo) SA,Brazzaville,Commerce / Vente / Marketing,1.0
378eaae20c2665aee2bd,3,2,11874,OFFRE_011874_b1e134d0da37,Coordinateur Produit Et Services,DI-Africa (Congo) SA,Brazzaville,Informatique / Digital,1.0
77708b616494c325baaa,3,3,11875,OFFRE_011875_44e995378b4b,Presales Ingénieur,DI-Africa (Congo) SA,Brazzaville,Autre,1.0
f0f78fcb55f5e9217c0a,2,2,11877,OFFRE_011877_1bdf3762bde8,Coordinateur Marketing Ebu,DI-Africa (Congo) SA,Brazzaville,Commerce / Vente / Marketing,1.0
65393c935bfd2253b547,2,2,11879,OFFRE_011879_0f1ad8f5cb61,Technicien Informatique,DI-Africa (Congo) SA,Brazzaville,Informatique / Digital,1.0
378eaae20c2665aee2bd,3,3,11881,OFFRE_011881_5afa316151c9,Coordinateur Produit Et Services,DI-Africa (Congo) SA,Brazzaville,Informatique / Digital,1.0
f10341c323f7487e6445,2,2,11882,OFFRE_011882_cac4f0dde6bd,Superviseur Fleet,DI-Africa (Congo) SA,Brazzaville,Management / Direction,1.0
e9716f60cc3628b22305,2,2,11883,OFFRE_011883_21139e22037c,Conseiller Service Centre,DI-Africa (Congo) SA,Brazzaville,Autre,1.0
23f74e250cd17de03d1e,2,1,11894,OFFRE_011894_9bb3f4ba5c88,Responsable De L'Entretienou De La Maintenance Des Puits,DIXSTONE OPERATIONS CONGO,Pointe-Noire,Industrie / Production / Maintenance,1.0
09abd75d2ae1ad7fbcb7,2,1,11895,OFFRE_011895_06a016cbfb0b,Superintendant Maintenance,DIXSTONE OPERATIONS CONGO,Pointe-Noire,Industrie / Production / Maintenance,1.0
23f74e250cd17de03d1e,2,2,11896,OFFRE_011896_61514ef2b50a,Responsable De L'Entretienou De La Maintenance Des Puits,DIXSTONE OPERATIONS CONGO,Pointe-Noire,Industrie / Production / Maintenance,1.0
09abd75d2ae1ad7fbcb7,2,2,11897,OFFRE_011897_8ece2909a555,Superintendant Maintenance,DIXSTONE OPERATIONS CONGO,Pointe-Noire,Industrie / Production / Maintenance,1.0
83574116a337214b8f55,2,1,11899,OFFRE_011899_f42c64bb41c2,Ingenieur De Forage,DIXSTONE OPERATIONS CONGO,Pointe-Noire,Pétrole / Gaz / Energie,1.0
83574116a337214b8f55,2,2,11901,OFFRE_011901_ec4ff76a3185,Ingenieur De Forage,DIXSTONE OPERATIONS CONGO,Pointe-Noire,Pétrole / Gaz / Energie,1.0
0d3f51ca5ac5bf51c9ae,2,1,11905,OFFRE_011905_d5b89302ca76,Chef Foreur,DIXSTONE OPERATIONS CONGO,Pointe-Noire,Autre,1.0
0448bd91abee592ed6f2,2,1,11906,OFFRE_011906_d6abd28282f2,Référent Comptable Fournisseurs Et Clients,DIXSTONE OPERATIONS CONGO,Pointe-Noire,Finance / Banque / Assurance,1.0
0d3f51ca5ac5bf51c9ae,2,2,11907,OFFRE_011907_23480ed22b31,Chef Foreur,DIXSTONE OPERATIONS CONGO,Pointe-Noire,Autre,1.0
0448bd91abee592ed6f2,2,2,11908,OFFRE_011908_2d4d3c4ce530,Référent Comptable Fournisseurs Et Clients,DIXSTONE OPERATIONS CONGO,Pointe-Noire,Finance / Banque / Assurance,1.0
3208c8d354376281a415,2,1,11932,OFFRE_011932_0879a9450f05,Administrateur Reseau Informatique,EMPLOI SERVICE CONGO sarl,Brazzaville,Informatique / Digital,1.0
12cf8c04bc43a193284f,2,1,11933,OFFRE_011933_b7a85115f37f,Coordinateur Ebu (Gestionnaire Des Comptes Ebu),EMPLOI SERVICE CONGO sarl,Brazzaville,Management / Direction,1.0
3208c8d354376281a415,2,2,11934,OFFRE_011934_99b16e61cb49,Administrateur Reseau Informatique,EMPLOI SERVICE CONGO sarl,Brazzaville,Informatique / Digital,1.0
12cf8c04bc43a193284f,2,2,11936,OFFRE_011936_7676491374ed,Coordinateur Ebu(Gestionnaire Des Comptes Ebu),EMPLOI SERVICE CONGO sarl,Brazzaville,Management / Direction,1.0
f1fb3870bb9147b1af3b,2,1,11963,OFFRE_011963_b73c3bd8403b,Comptable,Energie du Congo (ENCO S.A),Brazzaville,Finance / Banque / Assurance,1.0
f1fb3870bb9147b1af3b,2,2,11964,OFFRE_011964_ddfac88d7588,Comptable,Energie du Congo (ENCO S.A),Brazzaville,Finance / Banque / Assurance,1.0
cd3cbb3551ec89706218,2,1,11991,OFFRE_011991_77a915c066cb,Superintendant Hse,ENI CONGO S.A.U.,Pointe-Noire,Autre,1.0
cd3cbb3551ec89706218,2,2,11992,OFFRE_011992_4a61047abf6a,Superintendant Hse,ENI CONGO S.A.U.,Pointe-Noire,Autre,1.0
1ddd4e6eefee7cae7f11,2,1,12036,OFFRE_012036_15f560f04c1a,Guichetier-Caissier,EXPRESS UNION CONGO SA,Pointe-Noire,Hôtellerie / Restauration,1.0
1ddd4e6eefee7cae7f11,2,2,12037,OFFRE_012037_2eca793020e4,Guichetier-Caissier,EXPRESS UNION CONGO SA,Pointe-Noire,Hôtellerie / Restauration,1.0
e3cdc81dae79e938c76f,2,1,12054,OFFRE_012054_7744f9b0d48b,Chef D'Agence,FINAM CONGO,Brazzaville,Autre,1.0
9efb6c81318b25b8b101,2,1,12058,OFFRE_012058_3ed17fef4223,Caissier,FINAM CONGO,Brazzaville,Hôtellerie / Restauration,1.0
e3cdc81dae79e938c76f,2,2,12060,OFFRE_012060_18aacf8e09fa,Chef D'Agence,FINAM CONGO,Brazzaville,Autre,1.0
9efb6c81318b25b8b101,2,2,12061,OFFRE_012061_eff80725d27b,Caissier,FINAM CONGO,Brazzaville,Hôtellerie / Restauration,1.0
f71a75c65c3824c4f9fa,2,1,12119,OFFRE_012119_e6ca4253d740,Auditeur Senior,GKM AUDIT & CONSEIL,Pointe-Noire,Finance / Banque / Assurance,1.0
f71a75c65c3824c4f9fa,2,2,12123,OFFRE_012123_ba676caba678,Auditeur Senior,GKM AUDIT & CONSEIL,Pointe-Noire,Finance / Banque / Assurance,1.0
c1843e28dea5b1aa63c8,2,1,12148,OFFRE_012148_c9e9cf8b27fd,Magasinier,GNCAC,Kouilou,Logistique / Transport / Supply Chain,1.0
c1843e28dea5b1aa63c8,2,2,12166,OFFRE_012166_5b1b954620da,Magasinier,GNCAC,Kouilou,Logistique / Transport / Supply Chain,1.0
55fd4fd07f5d5bb1c134,2,1,12177,OFFRE_012177_713be6ac2f40,Marketing Specialist,GOZEM CONGO,Brazzaville,Commerce / Vente / Marketing,1.0
55fd4fd07f5d5bb1c134,2,2,12178,OFFRE_012178_3f2967c9df0c,Marketing Specialist,GOZEM CONGO,Brazzaville,Commerce / Vente / Marketing,1.0
8eb765a0dbd4f809a54f,2,1,12193,OFFRE_012193_9d87611c3b77,Agent Commercial,GRANDS MOULINS DU CONGO,Pointe-Noire,Commerce / Vente / Marketing,1.0
8eb765a0dbd4f809a54f,2,2,12194,OFFRE_012194_278a51c800ef,Agent Commercial,GRANDS MOULINS DU CONGO,Pointe-Noire,Commerce / Vente / Marketing,1.0
f429381fcf18f0a4c688,2,1,12204,OFFRE_012204_cea59fd3bd3e,Animateur,GRET,Brazzaville,Autre,1.0
f429381fcf18f0a4c688,2,2,12205,OFFRE_012205_c2bded52e09c,Animateur,GRET,Brazzaville,Autre,1.0
8d90395ced5ec197db80,2,1,12210,OFFRE_012210_e487bb5f3ead,Chauffeur Coursier,GROUP VIVENDI AFRICA CONGO,Brazzaville,Logistique / Transport / Supply Chain,1.0
8d90395ced5ec197db80,2,2,12211,OFFRE_012211_795630562416,Chauffeur Coursier,GROUP VIVENDI AFRICA CONGO,Brazzaville,Logistique / Transport / Supply Chain,1.0
a13d1c12e38b2ef8361d,2,1,12267,OFFRE_012267_19241b1577d5,Technicien Fibre Optique,INFRACOM,Pointe-Noire,Industrie / Production / Maintenance,1.0
7fca8cbeb5a24dca29e8,2,1,12270,OFFRE_012270_de2924627a7c,Techniciens Fibre Optique,INFRACOM,Pointe-Noire,Industrie / Production / Maintenance,1.0
7fca8cbeb5a24dca29e8,2,2,12272,OFFRE_012272_9a916b57e531,Techniciens Fibre Optique,INFRACOM,Pointe-Noire,Industrie / Production / Maintenance,1.0
ad4d0dcf621714015757,2,1,12273,OFFRE_012273_6f1cd14e1f77,Chauffeur Kavaki,INFRACOM,Pointe-Noire,Logistique / Transport / Supply Chain,1.0
ad4d0dcf621714015757,2,2,12279,OFFRE_012279_12d4d8c2dc6f,Chauffeur Kavaki,INFRACOM,Pointe-Noire,Logistique / Transport / Supply Chain,1.0
a13d1c12e38b2ef8361d,2,2,12282,OFFRE_012282_a336964632f0,Technicien Fibre Optique,INFRACOM,Pointe-Noire,Industrie / Production / Maintenance,1.0
9133ae32f1f340367e81,2,1,12290,OFFRE_012290_6255118f3d02,Assistant Commercial,INTELLIGENCYA SKILLS,Brazzaville,Commerce / Vente / Marketing,1.0
9133ae32f1f340367e81,2,2,12300,OFFRE_012300_c27bcf1831d3,Assistant Commercial,INTELLIGENCYA SKILLS,Brazzaville,Commerce / Vente / Marketing,1.0
f803132624a8123d65ad,2,1,12317,OFFRE_012317_b4088ad2a7dd,Aide Laborantin,Interim 2000,Bouenza,Santé / Médical / Pharmaceutique,1.0
f803132624a8123d65ad,2,2,12318,OFFRE_012318_0bee668da806,Aide Laborantin,Interim 2000,Bouenza,Santé / Médical / Pharmaceutique,1.0
c45c1249c031f15df529,2,1,12323,OFFRE_012323_984b75619824,Chef D'Équipe,Interim 2000,Bouenza,Autre,1.0
c45c1249c031f15df529,2,2,12324,OFFRE_012324_56821e3b2224,Chef D'Équipe,Interim 2000,Bouenza,Autre,1.0
6650fc5365c67628990d,5,1,12330,OFFRE_012330_f252dcca7941,Laborantin,Interim 2000,Bouenza,Santé / Médical / Pharmaceutique,1.0
6650fc5365c67628990d,5,2,12331,OFFRE_012331_43c83a0faeaf,Laborantin,Interim 2000,Bouenza,Santé / Médical / Pharmaceutique,1.0
6650fc5365c67628990d,5,3,12332,OFFRE_012332_5f65b15f24ad,Laborantin,Interim 2000,Bouenza,Santé / Médical / Pharmaceutique,1.0
6650fc5365c67628990d,5,4,12333,OFFRE_012333_e9c2b21d6fa7,Laborantin,Interim 2000,Bouenza,Santé / Médical / Pharmaceutique,1.0
6650fc5365c67628990d,5,5,12334,OFFRE_012334_2adde5b77aa1,Laborantin,Interim 2000,Bouenza,Santé / Médical / Pharmaceutique,1.0
9c52ed17a7a6eb0e278c,3,1,12335,OFFRE_012335_b42f9d2b16e9,Manœuvre,Interim 2000,Bouenza,Autre,1.0
9c52ed17a7a6eb0e278c,3,2,12336,OFFRE_012336_c804b1ffc7d8,Manœuvre,Interim 2000,Bouenza,Autre,1.0
9c52ed17a7a6eb0e278c,3,3,12337,OFFRE_012337_f6069c78d86b,Manœuvre,Interim 2000,Bouenza,Autre,1.0
6addb360a2345fcaab0e,2,1,12339,OFFRE_012339_5791f2c7aad6,Mécanicien,Interim 2000,Bouenza,Industrie / Production / Maintenance,1.0
6addb360a2345fcaab0e,2,2,12340,OFFRE_012340_f045cce9f498,Mécanicien,Interim 2000,Bouenza,Industrie / Production / Maintenance,1.0
563c5c4904bd5a6191ae,2,1,12341,OFFRE_012341_8348a0ba5e66,Mécanicien Op,Interim 2000,Bouenza,Industrie / Production / Maintenance,1.0
563c5c4904bd5a6191ae,2,2,12342,OFFRE_012342_a194ac87f3ca,Mécanicien Op,Interim 2000,Bouenza,Industrie / Production / Maintenance,1.0
6c17f5233a0c15ba5ecf,2,1,12343,OFFRE_012343_0309bbf8d0bf,Mécanicien Oq,Interim 2000,Bouenza,Industrie / Production / Maintenance,1.0
6c17f5233a0c15ba5ecf,2,2,12344,OFFRE_012344_55cff61efe58,Mécanicien Oq,Interim 2000,Bouenza,Industrie / Production / Maintenance,1.0
ae8dd5c4fe368d84b11f,5,1,12345,OFFRE_012345_00ae12093024,Mécanicien Os,Interim 2000,Bouenza,Industrie / Production / Maintenance,1.0
ae8dd5c4fe368d84b11f,5,2,12346,OFFRE_012346_b95c99c465da,Mécanicien Os,Interim 2000,Bouenza,Industrie / Production / Maintenance,1.0
ae8dd5c4fe368d84b11f,5,3,12347,OFFRE_012347_30cff39ecd34,Mécanicien Os,Interim 2000,Bouenza,Industrie / Production / Maintenance,1.0
ae8dd5c4fe368d84b11f,5,4,12348,OFFRE_012348_cb8bf31b7ef9,Mécanicien Os,Interim 2000,Bouenza,Industrie / Production / Maintenance,1.0
ae8dd5c4fe368d84b11f,5,5,12349,OFFRE_012349_125bb70cc3d5,Mécanicien Os,Interim 2000,Bouenza,Industrie / Production / Maintenance,1.0
bb659ea52bf2c51c9b87,2,1,12351,OFFRE_012351_046d7a0fbf3c,Opérateur,Interim 2000,Bouenza,Industrie / Production / Maintenance,1.0
bb659ea52bf2c51c9b87,2,2,12352,OFFRE_012352_6a736d166495,Opérateur,Interim 2000,Bouenza,Industrie / Production / Maintenance,1.0
2842a9fed94c01737df1,2,1,12358,OFFRE_012358_658bf2f5ad9d,Paletisseur,Interim 2000,Bouenza,Autre,1.0
2842a9fed94c01737df1,2,2,12359,OFFRE_012359_c9dfd108f8b2,Paletisseur,Interim 2000,Bouenza,Autre,1.0
f40d24ee9c258fcdbc8a,2,1,12361,OFFRE_012361_65157874582f,Soudeur,Interim 2000,Bouenza,Industrie / Production / Maintenance,1.0
f40d24ee9c258fcdbc8a,2,2,12362,OFFRE_012362_138f28fadcce,Soudeur,Interim 2000,Bouenza,Industrie / Production / Maintenance,1.0
dfb9ec69aeaba1f9da3d,2,1,12366,OFFRE_012366_bb42aca276c4,Tourneur Cylindre,Interim 2000,Bouenza,Autre,1.0
dfb9ec69aeaba1f9da3d,2,2,12367,OFFRE_012367_7910559e9edb,Tourneur Cylindre,Interim 2000,Bouenza,Autre,1.0
9be601807009b84fe9b6,2,1,12377,OFFRE_012377_6a13c2e1e965,Manœuvre,JOB CREATION,Pointe-Noire,Autre,1.0
04e0c4fa17d86cf8e2bb,2,1,12380,OFFRE_012380_46efe0224682,Commercial,JOB CREATION,Pointe-Noire,Commerce / Vente / Marketing,1.0
04e0c4fa17d86cf8e2bb,2,2,12381,OFFRE_012381_27cd99d4322f,Commercial,JOB CREATION,Pointe-Noire,Commerce / Vente / Marketing,1.0
30d94a46aa8678d4f026,2,1,12382,OFFRE_012382_522ca279a5ea,Manoeuvres,JOB CREATION,Pointe-Noire,Autre,1.0
30d94a46aa8678d4f026,2,2,12383,OFFRE_012383_2d0bb08fa38a,Manoeuvres,JOB CREATION,Pointe-Noire,Autre,1.0
9be601807009b84fe9b6,2,2,12384,OFFRE_012384_5b7b91e68879,Manœuvre,JOB CREATION,Pointe-Noire,Autre,1.0
281141a1029d8a94cbec,2,1,12400,OFFRE_012400_e316e3153e48,Agent Noc,KOUILOU ASSISTANCE CONSEIL CONGO ( KACC),Brazzaville,Autre,1.0
281141a1029d8a94cbec,2,2,12401,OFFRE_012401_223a253eb284,Agent Noc,KOUILOU ASSISTANCE CONSEIL CONGO ( KACC),Brazzaville,Autre,1.0
b4f8a2040cd0ac5c9d62,2,1,12483,OFFRE_012483_88b51721ab20,Directeur De La Banque Digitale,L'ARCHER CAPITAL,Brazzaville,Informatique / Digital,1.0
f5c63057cbbf813e780c,2,1,12484,OFFRE_012484_5660b0a68d5b,Directeur Des Finances,L'ARCHER CAPITAL,Brazzaville,Finance / Banque / Assurance,1.0
0fe819e58f4bef144ee3,2,1,12485,OFFRE_012485_b899f74a4afa,Directeur Des Systèmes D'Information,L'ARCHER CAPITAL,Brazzaville,Informatique / Digital,1.0
0fe819e58f4bef144ee3,2,2,12486,OFFRE_012486_8d94db98ced9,Directeur Des Systèmes D'Information,L'ARCHER CAPITAL,Brazzaville,Informatique / Digital,1.0
b4f8a2040cd0ac5c9d62,2,2,12489,OFFRE_012489_c3f97153024e,Directeur De La Banque Digitale,L'ARCHER CAPITAL,Brazzaville,Informatique / Digital,1.0
f5c63057cbbf813e780c,2,2,12490,OFFRE_012490_68481c62c800,Directeur Des Finances,L'ARCHER CAPITAL,Brazzaville,Finance / Banque / Assurance,1.0
d713c4156415d9a37029,2,1,12512,OFFRE_012512_e453e5f5bbf1,Travailleur En Isolation,LE GERMOIR SA,Pointe-Noire,Autre,1.0
d713c4156415d9a37029,2,2,12513,OFFRE_012513_993689b12a75,Travailleur En Isolation,LE GERMOIR SA,Pointe-Noire,Autre,1.0
3b551a6d013d16abe84e,2,1,12536,OFFRE_012536_08a01ffb907a,Fiscaliste,LUKOIL UPSTREAM CONGO,Pointe-Noire,Finance / Banque / Assurance,1.0
3b551a6d013d16abe84e,2,2,12537,OFFRE_012537_3c7560b41a7a,Fiscaliste,LUKOIL UPSTREAM CONGO,Pointe-Noire,Finance / Banque / Assurance,1.0
2b14cf4b78607fc0dcd7,2,1,12555,OFFRE_012555_99a2a67e582d,Directeur Financier Et Controle,MANAGEMENT ORGANISATIONNEL,Pointe-Noire,Finance / Banque / Assurance,1.0
97f0a87f74e504f756a7,2,1,12558,OFFRE_012558_5887a730f431,Comptable Fournisseur,MANAGEMENT ORGANISATIONNEL,Pointe-Noire,Finance / Banque / Assurance,1.0
5bdce36b2b0ca41321e9,2,1,12562,OFFRE_012562_4ad5052f2271,Caissier,MANAGEMENT ORGANISATIONNEL,Pointe-Noire,Hôtellerie / Restauration,1.0
2b14cf4b78607fc0dcd7,2,2,12594,OFFRE_012594_433571aa3c33,Directeur Financier Et Controle,MANAGEMENT ORGANISATIONNEL,Pointe-Noire,Finance / Banque / Assurance,1.0
5bdce36b2b0ca41321e9,2,2,12603,OFFRE_012603_d52e4f81852f,Caissier,MANAGEMENT ORGANISATIONNEL,Pointe-Noire,Hôtellerie / Restauration,1.0
97f0a87f74e504f756a7,2,2,12607,OFFRE_012607_14423164ef37,Comptable Fournisseur,MANAGEMENT ORGANISATIONNEL,Pointe-Noire,Finance / Banque / Assurance,1.0
5069dc2e851b9fd7ef4e,3,1,12610,OFFRE_012610_9390a2d9bf04,Responsable Commercial Et Marketing Experimentedans Le Domaine De La Securite,MANERS CLEAN SECURITY,Brazzaville,Commerce / Vente / Marketing,1.0
5069dc2e851b9fd7ef4e,3,2,12611,OFFRE_012611_4278cc95e2f7,Responsable Commercial Et Marketing Experimentedans Le Domaine De La Securite,MANERS CLEAN SECURITY,Brazzaville,Commerce / Vente / Marketing,1.0
5069dc2e851b9fd7ef4e,3,3,12612,OFFRE_012612_2979f1b0024c,Responsable Commercial Et Marketing Experimentedans Le Domaine De La Securite,MANERS CLEAN SECURITY,Brazzaville,Commerce / Vente / Marketing,1.0
7acf607e77aabd5a3aae,2,1,12637,OFFRE_012637_4622e6413385,Assistant Social,MOKABI SAU,Brazzaville,Ressources Humaines,1.0
7acf607e77aabd5a3aae,2,2,12645,OFFRE_012645_aad2104faa60,Assistant Social,MOKABI SAU,Brazzaville,Ressources Humaines,1.0
cd889b1b779e70741b3b,2,1,12658,OFFRE_012658_8d1bcaa78cb9,Chauffeur Poids Lourds Semi Remorque,MOONLIGHT VISION,Pointe-Noire,Logistique / Transport / Supply Chain,1.0
68b401f6160360350dfd,3,1,12659,OFFRE_012659_d8fc9fa2afed,Conducteur D'Engin,MOONLIGHT VISION,Pointe-Noire,Logistique / Transport / Supply Chain,1.0
cd889b1b779e70741b3b,2,2,12661,OFFRE_012661_7b8f569f12a1,Chauffeur Poids Lourds Semi Remorque,MOONLIGHT VISION,Pointe-Noire,Logistique / Transport / Supply Chain,1.0
68b401f6160360350dfd,3,2,12665,OFFRE_012665_7bfc80706fc8,Conducteur D'Engin,MOONLIGHT VISION,Pointe-Noire,Logistique / Transport / Supply Chain,1.0
68b401f6160360350dfd,3,3,12667,OFFRE_012667_78049cd05dbd,Conducteur D'Engin,MOONLIGHT VISION,Pointe-Noire,Logistique / Transport / Supply Chain,1.0
c9db7c579011942a546d,2,1,12724,OFFRE_012724_e4200ae86df1,Auxiliaire En Pharmacie,Pharmacie Croix du Sud,Pointe-Noire,Autre,1.0
c9db7c579011942a546d,2,2,12725,OFFRE_012725_a78a31c0f3a2,Auxiliaire En Pharmacie,Pharmacie Croix du Sud,Pointe-Noire,Autre,1.0
bfe7defbd79ccfcf9baf,2,1,12729,OFFRE_012729_c4c99ca64169,Traducteur-Coordinateur,PIPELINE DU CONGO,Brazzaville,Management / Direction,1.0
9c7336d29307bbd546fb,2,1,12730,OFFRE_012730_6099c94ce7b1,Directeur Des Opérations,PIPELINE DU CONGO,Brazzaville,Management / Direction,1.0
5b9093c5ea5608cfba69,2,1,12731,OFFRE_012731_7b21e7ce28d1,Conseiller Du Directeur General,PIPELINE DU CONGO,Brazzaville,Management / Direction,1.0
9c7336d29307bbd546fb,2,2,12732,OFFRE_012732_49879af22c21,Directeur Des Opérations,PIPELINE DU CONGO,Brazzaville,Management / Direction,1.0
5b9093c5ea5608cfba69,2,2,12733,OFFRE_012733_0b1917b51517,Conseiller Du Directeur General,PIPELINE DU CONGO,Brazzaville,Management / Direction,1.0
bfe7defbd79ccfcf9baf,2,2,12734,OFFRE_012734_7169c5737b88,Traducteur-Coordinateur,PIPELINE DU CONGO,Brazzaville,Management / Direction,1.0
11e45ba49be980db76c2,2,1,12746,OFFRE_012746_81f43f37e560,Consultant Juridique Et Fiscal,PLP (PROSPER LESTER & PARTNERS ),Pointe-Noire,Juridique / Droit / Conformité,1.0
11e45ba49be980db76c2,2,2,12747,OFFRE_012747_a290916a7901,Consultant Juridique Et Fiscal,PLP (PROSPER LESTER & PARTNERS ),Pointe-Noire,Juridique / Droit / Conformité,1.0
6f4b56af28ab4f9cb03a,2,1,12794,OFFRE_012794_cb29a53ec7d6,Directeur Général,QUANTICO RH,Brazzaville,Management / Direction,1.0
50a39541fad468c1f86c,4,1,12795,OFFRE_012795_507577890ad8,Superviseur De L'Equipe De Nettoyage,QUANTICO RH,Brazzaville,Management / Direction,1.0
50a39541fad468c1f86c,4,2,12796,OFFRE_012796_f800a358038f,Superviseur De L'Equipe De Nettoyage,QUANTICO RH,Brazzaville,Management / Direction,1.0
50a39541fad468c1f86c,4,3,12797,OFFRE_012797_6144e46cb22f,Superviseur De L'Equipe De Nettoyage,QUANTICO RH,Brazzaville,Management / Direction,1.0
50a39541fad468c1f86c,4,4,12798,OFFRE_012798_9414720135e3,Superviseur De L'Equipe De Nettoyage,QUANTICO RH,Brazzaville,Management / Direction,1.0
6f4b56af28ab4f9cb03a,2,2,12800,OFFRE_012800_ad38b5838c7a,Directeur Général,QUANTICO RH,Brazzaville,Management / Direction,1.0
be06ae910bf4cd95ff6b,2,1,12803,OFFRE_012803_3367d4a18556,Chef De Service Protocole Et Relations Publiques,QUANTICO RH,Brazzaville,Management / Direction,1.0
be06ae910bf4cd95ff6b,2,2,12805,OFFRE_012805_26ffb6c25ae5,Chef De Service Protocole Et Relations Publiques,QUANTICO RH,Brazzaville,Management / Direction,1.0
0146a37c774c3eadab4e,2,1,12807,OFFRE_012807_b2146276ce00,Agent D'Opération À La Clientèle,QUANTICO RH,Brazzaville,Autre,1.0
0146a37c774c3eadab4e,2,2,12808,OFFRE_012808_d4439dc3bd40,Agent D'Opération À La Clientèle,QUANTICO RH,Brazzaville,Autre,1.0
2bd35538c39ddd85a4e7,2,1,12820,OFFRE_012820_f52b78fd6b02,Comptable,Ragec,Brazzaville,Finance / Banque / Assurance,1.0
2bd35538c39ddd85a4e7,2,2,12825,OFFRE_012825_e36e4cf50d11,Comptable,Ragec,Brazzaville,Finance / Banque / Assurance,1.0
abaf486968287ab4c5b1,2,1,12831,OFFRE_012831_34e9fe14e7bf,Responsable Ressources Humaines,Ragec,Brazzaville,Ressources Humaines,1.0
abaf486968287ab4c5b1,2,2,12833,OFFRE_012833_9e4186111b8a,Responsable Ressources Humaines,Ragec,Brazzaville,Ressources Humaines,1.0
7fda92ebe59083cf5ae7,2,1,12837,OFFRE_012837_d67c49000356,Opérateur De Saisie,Ragec,Brazzaville,Industrie / Production / Maintenance,1.0
d0cfa9ce15e35f9ddc73,2,1,12838,OFFRE_012838_6fd07de97f21,Frigoriste,Ragec,Brazzaville,Industrie / Production / Maintenance,1.0
d0cfa9ce15e35f9ddc73,2,2,12840,OFFRE_012840_2097e0934a2d,Frigoriste,Ragec,Brazzaville,Industrie / Production / Maintenance,1.0
7fda92ebe59083cf5ae7,2,2,12841,OFFRE_012841_ea34324a3fd0,Opérateur De Saisie,Ragec,Brazzaville,Industrie / Production / Maintenance,1.0
5789f4cd8e1a6d198b1d,2,1,12847,OFFRE_012847_ab19208be0ec,Chauffeur Coursier,RENCO CONGO,Pointe-Noire,Logistique / Transport / Supply Chain,1.0
5789f4cd8e1a6d198b1d,2,2,12857,OFFRE_012857_6485c9786363,Chauffeur Coursier,RENCO CONGO,Pointe-Noire,Logistique / Transport / Supply Chain,1.0
c6429a2b284e69aa0db1,2,1,12895,OFFRE_012895_726573d1af16,Chef D'Equipe Essorage,Saris Congo,Bouenza,Autre,1.0
c6429a2b284e69aa0db1,2,2,12896,OFFRE_012896_186712e3e4b7,Chef D'Equipe Essorage,Saris Congo,Bouenza,Autre,1.0
f191bf19348032d913bd,2,1,12897,OFFRE_012897_46eff4427d6f,Chef D'Equipe Raffinerie,Saris Congo,Bouenza,Autre,1.0
f191bf19348032d913bd,2,2,12898,OFFRE_012898_f6be4b948c21,Chef D'Equipe Raffinerie,Saris Congo,Bouenza,Autre,1.0
a71c627757a17c41f017,3,1,12899,OFFRE_012899_d11c7a24e705,Chef D'Equipe Tourneur,Saris Congo,Bouenza,Autre,1.0
a71c627757a17c41f017,3,2,12900,OFFRE_012900_dbf39f6ecf7b,Chef D'Equipe Tourneur,Saris Congo,Bouenza,Autre,1.0
4773dc5c6a02fd3a8c8e,2,1,12901,OFFRE_012901_9426588f66d8,Conducteur De Travaux,Saris Congo,Bouenza,Logistique / Transport / Supply Chain,1.0
4773dc5c6a02fd3a8c8e,2,2,12902,OFFRE_012902_a87203ea9713,Conducteur De Travaux,Saris Congo,Bouenza,Logistique / Transport / Supply Chain,1.0
85aa967b11bc9c0b5511,2,1,12903,OFFRE_012903_4c3a87f21c6c,Conducteur De Travaux Mécanique Usine,Saris Congo,Bouenza,Logistique / Transport / Supply Chain,1.0
2e253ff85ad01c549fc3,2,1,12914,OFFRE_012914_836f7aabba29,Mécanicien Entetien Centrifugeur Hq,Saris Congo,Bouenza,Industrie / Production / Maintenance,1.0
2e253ff85ad01c549fc3,2,2,12918,OFFRE_012918_1f0622cf370f,Mécanicien Entetien Centrifugeur Hq,Saris Congo,Bouenza,Industrie / Production / Maintenance,1.0
ba6045267411bb2ee95a,2,1,12919,OFFRE_012919_5b74ede5f93b,Mécanicien Entretien Pompe Hq,Saris Congo,Bouenza,Industrie / Production / Maintenance,1.0
ba6045267411bb2ee95a,2,2,12920,OFFRE_012920_c12698b3e0cf,Mécanicien Entretien Pompe Hq,Saris Congo,Bouenza,Industrie / Production / Maintenance,1.0
6bd5e7e576f3a9ccd7a2,2,1,12931,OFFRE_012931_7bd799490259,Mécanicien Turbineur Mca Os,Saris Congo,Bouenza,Industrie / Production / Maintenance,1.0
6bd5e7e576f3a9ccd7a2,2,2,12932,OFFRE_012932_24178aa4e65f,Mécanicien Turbineur Mca Os,Saris Congo,Bouenza,Industrie / Production / Maintenance,1.0
88e106bd57e18d161878,2,1,12948,OFFRE_012948_6391fffb0f58,Technicien Essorage Hq,Saris Congo,Bouenza,Industrie / Production / Maintenance,1.0
88e106bd57e18d161878,2,2,12952,OFFRE_012952_504d617f4655,Technicien Essorage Hq,SARIS Congo,Bouenza,Industrie / Production / Maintenance,1.0
a71c627757a17c41f017,3,3,12960,OFFRE_012960_e3eca3aff1c9,Chef D'Equipe Tourneur,SARIS Congo,Bouenza,Autre,1.0
85aa967b11bc9c0b5511,2,2,12981,OFFRE_012981_b48719b6f023,Conducteur De Travaux Mécanique Usine,SARIS Congo,Bouenza,Logistique / Transport / Supply Chain,1.0
e977705f64f20b85f9e2,2,1,12989,OFFRE_012989_6c548e325703,Chef De Service Régulation Et Automatisme,SARIS Congo,Kayes,Management / Direction,1.0
e977705f64f20b85f9e2,2,2,12990,OFFRE_012990_956608fab9cb,Chef De Service Régulation Et Automatisme,SARIS Congo,Kayes,Management / Direction,1.0
1ec7f223bb7b3cbb5c35,2,1,13046,OFFRE_013046_fe737f6ce08e,Ouvrier,SCDI (SOCIETE CONGOLAISE DES INDUSTRIES ),Pointe-Noire,Autre,1.0
1ec7f223bb7b3cbb5c35,2,2,13048,OFFRE_013048_74d9f3f1669d,Ouvrier,SCDI (SOCIETE CONGOLAISE DES INDUSTRIES ),Pointe-Noire,Autre,1.0
d9b7f8efa8f2949a0ba5,5,1,13095,OFFRE_013095_ee65858ae46e,Directeur Géologie Et Exploitation,SERVTEC CONGO,Pointe-Noire,Management / Direction,1.0
d9b7f8efa8f2949a0ba5,5,2,13096,OFFRE_013096_a78f1b22c252,Directeur Géologie Et Exploitation,SERVTEC CONGO,Pointe-Noire,Management / Direction,1.0
d9b7f8efa8f2949a0ba5,5,3,13097,OFFRE_013097_ca26e559469f,Directeur Géologie Et Exploitation,SERVTEC CONGO,Pointe-Noire,Management / Direction,1.0
d9b7f8efa8f2949a0ba5,5,4,13098,OFFRE_013098_c701ac0e331e,Directeur Géologie Et Exploitation,SERVTEC CONGO,Pointe-Noire,Management / Direction,1.0
d9b7f8efa8f2949a0ba5,5,5,13099,OFFRE_013099_2eff39204ffb,Directeur Géologie Et Exploitation,SERVTEC CONGO,Pointe-Noire,Management / Direction,1.0
ae0b5ce3ac150d3664d6,2,1,13143,OFFRE_013143_c170c1bb320b,Agent Commercial,SI-TECH GLOBAL CONSULTING,Brazzaville,Commerce / Vente / Marketing,1.0
ae0b5ce3ac150d3664d6,2,2,13144,OFFRE_013144_71d464f231c2,Agent Commercial,SI-TECH GLOBAL CONSULTING,Brazzaville,Commerce / Vente / Marketing,1.0
dfe93ed75831913f2c47,3,1,13149,OFFRE_013149_10c3059337d1,Community Manager,SMART VISION,Brazzaville,Commerce / Vente / Marketing,1.0
ed80169cb98cee95c66e,2,1,13151,OFFRE_013151_a891c478c773,Responsable Pôle Web,SMART VISION,Brazzaville,Informatique / Digital,1.0
ed80169cb98cee95c66e,2,2,13154,OFFRE_013154_6419b0c0dc2a,Responsable Pôle Web,SMART VISION,Brazzaville,Informatique / Digital,1.0
dfe93ed75831913f2c47,3,2,13157,OFFRE_013157_2d941ab5e722,Community Manager,SMART VISION,Brazzaville,Commerce / Vente / Marketing,1.0
dfe93ed75831913f2c47,3,3,13158,OFFRE_013158_bf413af4a83d,Community Manager,SMART VISION,Brazzaville,Commerce / Vente / Marketing,1.0
6e788978f0ad391aae42,2,1,13170,OFFRE_013170_c38036416167,Agent De Recouvrement,SOCIETE AKWUABA,Brazzaville,Finance / Banque / Assurance,1.0
6e788978f0ad391aae42,2,2,13172,OFFRE_013172_47ca8d790a78,Agent De Recouvrement,SOCIETE AKWUABA,Brazzaville,Finance / Banque / Assurance,1.0
15dbd60a4c5c5c7488a9,2,1,13175,OFFRE_013175_edfee02a78d9,Chauffeur Poids Lourds Mécanicien,SOCIETE CONGOLAISE DE SERVICES INDUSTRIELS,Pointe-Noire,Logistique / Transport / Supply Chain,1.0
c2b5d40813277669b163,2,1,13176,OFFRE_013176_034598605c64,Manœuvre,SOCIETE CONGOLAISE DE SERVICES INDUSTRIELS,Pointe-Noire,Autre,1.0
c2b5d40813277669b163,2,2,13178,OFFRE_013178_471e71136786,Manœuvre,SOCIETE CONGOLAISE DE SERVICES INDUSTRIELS,Pointe-Noire,Autre,1.0
15dbd60a4c5c5c7488a9,2,2,13179,OFFRE_013179_f0ba446f42c1,Chauffeur Poids Lourds Mécanicien,SOCIETE CONGOLAISE DE SERVICES INDUSTRIELS,Pointe-Noire,Logistique / Transport / Supply Chain,1.0
2e85085e7cddfdcacb58,2,1,13182,OFFRE_013182_065667b68d98,Caissier,SOCIETE DE CONTROLE TECHNIQUE AUTOMOBILE DU KOUILOU ( SCTK),Pointe-Noire,Hôtellerie / Restauration,1.0
2e85085e7cddfdcacb58,2,2,13183,OFFRE_013183_0708441d7940,Caissier,SOCIETE DE CONTROLE TECHNIQUE AUTOMOBILE DU KOUILOU ( SCTK),Pointe-Noire,Hôtellerie / Restauration,1.0
a3c20cc86043978a4fad,2,1,13185,OFFRE_013185_a66b413c961c,Agent Commercial,SOCIETE DE FABRICATION DE PRODUITS ALIMENTAIRES (SOFAPRAL),Pointe-Noire,Commerce / Vente / Marketing,1.0
a3c20cc86043978a4fad,2,2,13188,OFFRE_013188_4d990d85fab3,Agent Commercial,SOCIETE DE FABRICATION DE PRODUITS ALIMENTAIRES (SOFAPRAL),Pointe-Noire,Commerce / Vente / Marketing,1.0
428635fc8737ea78a59a,2,1,13203,OFFRE_013203_7346b2d37343,Comptable,SOCIETE EQUATORIALE PHARMACEUTIQUE SEP,Pointe-Noire,Finance / Banque / Assurance,1.0
428635fc8737ea78a59a,2,2,13205,OFFRE_013205_b60b36ab0080,Comptable,SOCIETE EQUATORIALE PHARMACEUTIQUE SEP,Pointe-Noire,Finance / Banque / Assurance,1.0
6378b735c042c54a06c1,2,1,13209,OFFRE_013209_edd5303d9523,Responsable Zootechnicien,SOCIETE LES GRANDS MOULINS DU PHARE,Brazzaville,Industrie / Production / Maintenance,1.0
6378b735c042c54a06c1,2,2,13211,OFFRE_013211_512902d34271,Responsable Zootechnicien,SOCIETE LES GRANDS MOULINS DU PHARE,Brazzaville,Industrie / Production / Maintenance,1.0
fb27ab531e8f19139b98,5,1,13235,OFFRE_013235_9133856c33e8,Mecanicien,SOCOTRANS,Pointe-Noire,Autre,1.0
2f06547a87f4b91d946a,4,1,13236,OFFRE_013236_0eab86a89ee9,Soudeur,SOCOTRANS,Pointe-Noire,Industrie / Production / Maintenance,1.0
5ce8233f341e94e14e68,4,1,13237,OFFRE_013237_f1edc2cf8b04,Tolier,SOCOTRANS,Pointe-Noire,Autre,1.0
6604c662581521ade4f5,6,1,13238,OFFRE_013238_637fe2959907,Pointeur,SOCOTRANS,Pointe-Noire,Autre,1.0
084cf3cc454666966b64,2,1,13241,OFFRE_013241_eac046d87aae,Chef Mécanicien,SOCOTRANS,Pointe-Noire,Industrie / Production / Maintenance,1.0
6604c662581521ade4f5,6,2,13242,OFFRE_013242_0e8741b41ce1,Pointeur,SOCOTRANS,Pointe-Noire,Autre,1.0
6c69c275382c70847e38,2,1,13247,OFFRE_013247_b81fff1e0099,Chauffeurs Poids Lourd,SOCOTRANS,Pointe-Noire,Logistique / Transport / Supply Chain,1.0
6c69c275382c70847e38,2,2,13248,OFFRE_013248_335740b653d7,Chauffeurs Poids Lourd,SOCOTRANS,Pointe-Noire,Logistique / Transport / Supply Chain,1.0
e2fe0c21ba7fa8ef65c6,2,1,13249,OFFRE_013249_1890e00c5b30,Electriciens,SOCOTRANS,Pointe-Noire,Autre,1.0
e2fe0c21ba7fa8ef65c6,2,2,13250,OFFRE_013250_1f5e2438bbca,Electriciens,SOCOTRANS,Pointe-Noire,Autre,1.0
bdcea2829d88d65b0c55,5,1,13251,OFFRE_013251_f586899269e7,Magasinier,SOCOTRANS,Pointe-Noire,Logistique / Transport / Supply Chain,1.0
b44710cbc01abcdb14e4,2,1,13252,OFFRE_013252_1e931dcc795b,Mécaniciens,SOCOTRANS,Pointe-Noire,Industrie / Production / Maintenance,1.0
b44710cbc01abcdb14e4,2,2,13253,OFFRE_013253_7751717e32f7,Mécaniciens,SOCOTRANS,Pointe-Noire,Industrie / Production / Maintenance,1.0
2fe16f70045e5072242e,5,1,13254,OFFRE_013254_47c1aa93e372,Réparateur De Pneus,SOCOTRANS,Pointe-Noire,Autre,1.0
2fe16f70045e5072242e,5,2,13255,OFFRE_013255_a7edf277d65f,Réparateur De Pneus,SOCOTRANS,Pointe-Noire,Autre,1.0
8b9e29511067666d46e9,2,1,13256,OFFRE_013256_36a5759ae573,Soudeurs,SOCOTRANS,Pointe-Noire,Industrie / Production / Maintenance,1.0
8b9e29511067666d46e9,2,2,13257,OFFRE_013257_7c09b19e4ecb,Soudeurs,SOCOTRANS,Pointe-Noire,Industrie / Production / Maintenance,1.0
5ce8233f341e94e14e68,4,2,13258,OFFRE_013258_a32f6aa4b568,Tolier,SOCOTRANS,Pointe-Noire,Autre,1.0
3f991fc8c4a83d950d7f,2,1,13263,OFFRE_013263_732f09ff4d25,Chauffeur,SOCOTRANS,Pointe-Noire,Logistique / Transport / Supply Chain,1.0
3f991fc8c4a83d950d7f,2,2,13265,OFFRE_013265_07a814aaca62,Chauffeur,SOCOTRANS,Pointe-Noire,Logistique / Transport / Supply Chain,1.0
6604c662581521ade4f5,6,3,13266,OFFRE_013266_160042139fa4,Pointeur,SOCOTRANS,Pointe-Noire,Autre,1.0
2fe16f70045e5072242e,5,3,13267,OFFRE_013267_cb85b9d239f5,Réparateur De Pneus,SOCOTRANS,Pointe-Noire,Autre,1.0
bdcea2829d88d65b0c55,5,2,13268,OFFRE_013268_f1e9c59a66a5,Magasinier,SOCOTRANS,Pointe-Noire,Logistique / Transport / Supply Chain,1.0
aaa56cbec2cdd394f362,2,1,13269,OFFRE_013269_16b500930c87,Treuillistes,SOCOTRANS,Pointe-Noire,Autre,1.0
33a35354fc5c9c47d447,3,1,13271,OFFRE_013271_c0754c337e0e,Chauffeur Poids Lourds,SOCOTRANS,Pointe-Noire,Logistique / Transport / Supply Chain,1.0
fb27ab531e8f19139b98,5,2,13272,OFFRE_013272_07c588305184,Mecanicien,SOCOTRANS,Pointe-Noire,Autre,1.0
155478243fa97ce0a6b8,4,1,13273,OFFRE_013273_cd421b380440,Electricien,SOCOTRANS,Pointe-Noire,Autre,1.0
2f06547a87f4b91d946a,4,2,13274,OFFRE_013274_931cbfed2253,Soudeur,SOCOTRANS,Pointe-Noire,Industrie / Production / Maintenance,1.0
5ce8233f341e94e14e68,4,3,13275,OFFRE_013275_b90d6aa8d097,Tolier,SOCOTRANS,Pointe-Noire,Autre,1.0
6604c662581521ade4f5,6,4,13276,OFFRE_013276_75e7ed7ec2f5,Pointeur,SOCOTRANS,Pointe-Noire,Autre,1.0
2fe16f70045e5072242e,5,4,13277,OFFRE_013277_ea4dbfe8acac,Réparateur De Pneus,SOCOTRANS,Pointe-Noire,Autre,1.0
bdcea2829d88d65b0c55,5,3,13278,OFFRE_013278_691893f0d6d3,Magasinier,SOCOTRANS,Pointe-Noire,Logistique / Transport / Supply Chain,1.0
aaa56cbec2cdd394f362,2,2,13279,OFFRE_013279_b8d734ddf16e,Treuillistes,SOCOTRANS,Pointe-Noire,Autre,1.0
33a35354fc5c9c47d447,3,2,13281,OFFRE_013281_79ceaad108f5,Chauffeur Poids Lourds,SOCOTRANS,Pointe-Noire,Logistique / Transport / Supply Chain,1.0
fb27ab531e8f19139b98,5,3,13282,OFFRE_013282_4c6a6a53c08e,Mecanicien,SOCOTRANS,Pointe-Noire,Autre,1.0
fb27ab531e8f19139b98,5,4,13283,OFFRE_013283_35c75f957e8b,Mecanicien,SOCOTRANS,Pointe-Noire,Autre,1.0
155478243fa97ce0a6b8,4,2,13284,OFFRE_013284_52cc7da613d6,Electricien,SOCOTRANS,Pointe-Noire,Autre,1.0
2f06547a87f4b91d946a,4,3,13285,OFFRE_013285_0d818c65ccb8,Soudeur,SOCOTRANS,Pointe-Noire,Industrie / Production / Maintenance,1.0
2f06547a87f4b91d946a,4,4,13286,OFFRE_013286_5f610ffdae27,Soudeur,SOCOTRANS,Pointe-Noire,Industrie / Production / Maintenance,1.0
6604c662581521ade4f5,6,5,13287,OFFRE_013287_c8738e4528e1,Pointeur,SOCOTRANS,Pointe-Noire,Autre,1.0
2fe16f70045e5072242e,5,5,13288,OFFRE_013288_76335a38d9f6,Réparateur De Pneus,SOCOTRANS,Pointe-Noire,Autre,1.0
bdcea2829d88d65b0c55,5,4,13289,OFFRE_013289_385cc221d8af,Magasinier,SOCOTRANS,Pointe-Noire,Logistique / Transport / Supply Chain,1.0
084cf3cc454666966b64,2,2,13292,OFFRE_013292_4b247e4ace1d,Chef Mécanicien,SOCOTRANS,Pointe-Noire,Industrie / Production / Maintenance,1.0
33a35354fc5c9c47d447,3,3,13294,OFFRE_013294_e8f73433c3e8,Chauffeur Poids Lourds,SOCOTRANS,Pointe-Noire,Logistique / Transport / Supply Chain,1.0
fb27ab531e8f19139b98,5,5,13295,OFFRE_013295_733110a7956a,Mecanicien,SOCOTRANS,Pointe-Noire,Autre,1.0
155478243fa97ce0a6b8,4,3,13296,OFFRE_013296_58399b5ed524,Electricien,SOCOTRANS,Pointe-Noire,Autre,1.0
155478243fa97ce0a6b8,4,4,13297,OFFRE_013297_e46e60b623dc,Electricien,SOCOTRANS,Pointe-Noire,Autre,1.0
6604c662581521ade4f5,6,6,13298,OFFRE_013298_143e5c6139b9,Pointeur,SOCOTRANS,Pointe-Noire,Autre,1.0
bdcea2829d88d65b0c55,5,5,13299,OFFRE_013299_91326bfd95ff,Magasinier,SOCOTRANS,Pointe-Noire,Logistique / Transport / Supply Chain,1.0
5ce8233f341e94e14e68,4,4,13300,OFFRE_013300_a0a89d259c53,Tolier,SOCOTRANS,Pointe-Noire,Autre,1.0
4068a7013fb161c4ef0f,3,1,13306,OFFRE_013306_05ea8246194e,Commercial,SOMEDIA,Pointe-Noire,Commerce / Vente / Marketing,1.0
4068a7013fb161c4ef0f,3,2,13307,OFFRE_013307_c00a68f5e556,Commercial,SOMEDIA,Pointe-Noire,Commerce / Vente / Marketing,1.0
4068a7013fb161c4ef0f,3,3,13308,OFFRE_013308_a2c40c6c44dd,Commercial,SOMEDIA,Pointe-Noire,Commerce / Vente / Marketing,1.0
ac055db403af7f8d826e,2,1,13312,OFFRE_013312_8cac2990acb7,Chauffeur,SOTRA,Pointe-Noire,Logistique / Transport / Supply Chain,1.0
ac055db403af7f8d826e,2,2,13313,OFFRE_013313_7ae1793a2e71,Chauffeur,SOTRA,Pointe-Noire,Logistique / Transport / Supply Chain,1.0
a9c079d917695ec3fe3d,2,1,13365,OFFRE_013365_343450be5683,Responsable Hse,THANRY CONGO,Ouesso,Autre,1.0
a9c079d917695ec3fe3d,2,2,13366,OFFRE_013366_2f2b278f93f2,Responsable Hse,THANRY CONGO,Ouesso,Autre,1.0
ffcc01acee0da625b2a4,2,1,13395,OFFRE_013395_04baaaed9c9c,Caissier Secondaire,TRIOS SARL,Brazzaville,Hôtellerie / Restauration,1.0
eb540230081d6cfb2957,2,1,13396,OFFRE_013396_cf90d5af996c,Technicien Qualifié De Laboratoire,TRIOS SARL,Brazzaville,Industrie / Production / Maintenance,1.0
eb540230081d6cfb2957,2,2,13397,OFFRE_013397_cd2c0c560541,Technicien Qualifié De Laboratoire,TRIOS SARL,Brazzaville,Industrie / Production / Maintenance,1.0
ffcc01acee0da625b2a4,2,2,13398,OFFRE_013398_181b5474b088,Caissier Secondaire,TRIOS SARL,Brazzaville,Hôtellerie / Restauration,1.0
d36c8097ad81e0150a83,4,1,13412,OFFRE_013412_26066929fc43,Charge De La Gestion Du Bilan,UBA CONGO,Brazzaville,Autre,1.0
d36c8097ad81e0150a83,4,2,13413,OFFRE_013413_2af35bbd3129,Charge De La Gestion Du Bilan,UBA CONGO,Brazzaville,Autre,1.0
d36c8097ad81e0150a83,4,3,13414,OFFRE_013414_42123b2a4311,Charge De La Gestion Du Bilan,UBA CONGO,Brazzaville,Autre,1.0
d36c8097ad81e0150a83,4,4,13415,OFFRE_013415_a2a69aeba97c,Charge De La Gestion Du Bilan,UBA CONGO,Brazzaville,Autre,1.0
d69a811262cb8b39df73,2,1,13429,OFFRE_013429_5c0522cdc07d,Chauffeur Véhicule Léger,UNO MOTORS,Pointe-Noire,Logistique / Transport / Supply Chain,1.0
d69a811262cb8b39df73,2,2,13431,OFFRE_013431_6bb8c24b053f,Chauffeur Vehicule Leger,UNO MOTORS,Pointe-Noire,Logistique / Transport / Supply Chain,1.0
920ea2ce2770e22f31a2,3,1,13432,OFFRE_013432_37f9c592d93f,Mecanicien,UNO MOTORS,Pointe-Noire,Autre,1.0
920ea2ce2770e22f31a2,3,2,13433,OFFRE_013433_8f2d794f243b,Mecanicien,UNO MOTORS,Pointe-Noire,Autre,1.0
920ea2ce2770e22f31a2,3,3,13436,OFFRE_013436_b92dabe49bef,Mecanicien,UNO MOTORS,Pointe-Noire,Autre,1.0
1733484242b35f84ffa0,2,1,13440,OFFRE_013440_68cf06d39572,Femme De Chambre,VILLA MADIBA,Pointe-Noire,Autre,1.0
1733484242b35f84ffa0,2,2,13441,OFFRE_013441_0a669ba9733e,Femme De Chambre,VILLA MADIBA,Pointe-Noire,Autre,1.0
bc9c9ab4c65d66c77576,2,1,13442,OFFRE_013442_3465e8a27297,Chef De Rang,VILLA MADIBA,Pointe-Noire,Autre,1.0
5d6702fef69708a45154,3,1,13443,OFFRE_013443_959de13ea2eb,Gouvernant Général,VILLA MADIBA,Pointe-Noire,Autre,1.0
5d6702fef69708a45154,3,2,13445,OFFRE_013445_30731993e15e,Gouvernant Général,VILLA MADIBA,Pointe-Noire,Autre,1.0
bc9c9ab4c65d66c77576,2,2,13446,OFFRE_013446_2ce478ebf3a3,Chef De Rang,VILLA MADIBA,Pointe-Noire,Autre,1.0
5d6702fef69708a45154,3,3,13448,OFFRE_013448_c237ea309298,Gouvernant Général,VILLA MADIBA,Pointe-Noire,Autre,1.0
b4b2116785f3e544fa3d,3,1,13482,OFFRE_013482_a1446db80a55,Responsable Qualité Projet,WISON NEW ENERGIES CONGO,Pointe-Noire,Autre,1.0
b4b2116785f3e544fa3d,3,2,13483,OFFRE_013483_0db881feeef7,Responsable Qualité Projet,WISON NEW ENERGIES CONGO,Pointe-Noire,Autre,1.0
6f60f2852b2084ec4048,2,1,13524,OFFRE_013524_ce43ac24f2a9,Ingénieur Contrats,WISON NEW ENERGIES CONGO,Pointe-Noire,Autre,1.0
51574f33c7aae1001710,2,1,13530,OFFRE_013530_fe163d72e26c,Superviseur De La Mise En Service Et Du Démarrage,WISON NEW ENERGIES CONGO,Pointe-Noire,Management / Direction,1.0
51574f33c7aae1001710,2,2,13532,OFFRE_013532_92d12b19030c,Superviseur De La Mise En Service Et Du Démarrage,WISON NEW ENERGIES CONGO,Pointe-Noire,Management / Direction,1.0
b4b2116785f3e544fa3d,3,3,13549,OFFRE_013549_4d813ea8a643,Responsable Qualité Projet,WISON NEW ENERGIES CONGO,Pointe-Noire,Autre,1.0
6f60f2852b2084ec4048,2,2,13552,OFFRE_013552_9b31fd68245b,Ingénieur Contrats,WISON NEW ENERGIES CONGO,Pointe-Noire,Autre,1.0
