chunk_id,source,document_title,section_title,subsection_title,chunk_text,chunk_index,chunk_strategy,embedding,tokens,chars
diplomes_p001_c0000,diplomes,Référentiel des Diplômes et Certificats — Cameroun,REPUBLIQUE DU CAMEROUN REPUBLIC OF CAMEROON,,"Paix – Travail – Patrie Peace – Work – Fatherland
************** **************
MINISTERE DE L'EMPLOI ET DE LA MINISTRY OF EMPLOYMENT AND",0,structural,"[-0.085147,0.03384,-0.039697,-0.029356,-0.02901,0.024678,0.026667,-0.047486,0.012084,0.048824,-0.043234,-0.059763,-0.042388,-0.076733,0.013173,0.058402,-0.020994,0.060681,-0.004053,-0.081046,-0.034727,-0.023028,0.008243,-0.087892,0.037872,0.070193,-0.000314,0.044332,0.079798,-0.019235,0.061369,-0.021548,-0.077645,0.005857,-0.030161,0.035741,-0.034445,0.029221,0.039982,-0.081963,0.033542,-0.02844,0.019797,-0.077165,0.005951,0.006427,0.041712,0.071662,-0.059535,-0.084948,0.044166,-0.117769,0.062887,0.026309,-0.015777,-0.013977,-0.003992,-0.035299,0.021587,-0.038399,0.000267,0.001639,-0.099324,-0.010273,-0.012991,-0.030028,0.092192,-0.064112,0.055989,-0.052267,-0.047147,0.003131,0.031346,-0.063128,-0.075331,-0.012509,-0.075015,0.061552,-0.010732,-0.010149,0.018765,0.036948,0.071339,0.000164,0.024335,-0.02728,0.047329,-0.029758,0.023677,-0.032486,0.024113,0.007323,0.180343,0.027004,0.010847,-0.071442,0.060036,-0.018254,0.019974,0.027536,-0.032396,-0.048342,-0.019649,-0.054375,0.046181,-0.010265,-0.019424,-0.014931,-0.002767,0.049613,-0.098675,0.023499,-0.077899,0.025212,0.006371,-0.018268,-0.024955,-0.017711,-0.058918,0.036452,-0.079509,-0.085943,-0.109244,-0.006713,0.045944,-0.042615,-0.008301,0,0.006024,0.029866,0.106472,-0.041891,0.007301,0.054653,0.00265,0.019942,-0.030211,-0.012452,-0.022793,-0.023003,0.026267,0.026105,-0.0216,-0.039097,0.009384,0.038173,-0.006351,0.102271,0.023715,0.000318,-0.05243,0.084631,0.055896,0.087375,0.026712,-0.04654,-0.071535,0.014258,-0.022642,-0.028828,0.010764,-0.01982,-0.034049,-0.001684,-0.032597,0.010814,0.022497,-0.007014,-0.012221,-0.085126,0.094775,-0.012395,0.015538,-0.003343,0.040463,-0.008658,0.080327,0.06732,-0.030489,0.023516,-0.04155,-0.058541,0.022029,0.018638,-0.031364,0.139455,0.051856,-0.054687,-0.015518,-0.049616,-0.00073,-0.021394,-0.061661,-0.013006,0.025876,0.010691,-0.000155,-0.068361,0.010602,-0.016572,0.022889,0.057562,-0.028727,0.145892,0.010855,0.017292,-0.089865,-0.041718,-0.077678,0.00196,-0.069091,-0.120595,0.071903,-0.008178,-0.019356,-0.019784,-0.024844,0.011486,-0.013991,-0.077999,-0.024691,0.022554,-0.004921,8e-06,0.05961,0.072953,-0.086589,0.052655,0.084328,0.041621,-0.017251,0.068634,0.00457,0.100011,0.034992,-0.08287,0.036442,0.076946,-0.080003,0.056239,0.010549,0.020599,-0.028405,-0.030375,-0.004555,-0.030692,-0.028615,0.035595,0.04592,-0.015663,0.087124,-0.051662,-0.02793,-0.004598,-0.03627,-0.013781,-0.060945,0.044828,0.017468,-0.073146,0.030774,0.011293,0.087999,0.008438,-0.024581,-0.011792,0.045266,0.077921,-0.049043,-0.086912,-0.064098,-0.019173,-0.059961,-0.098996,0.066558,0.004343,0.026422,-0.004368,0.091229,0.056459,-0.023008,0.012043,-0.049131,-0.00223,-0.039105,-0.018547,-0.035667,0.092637,0.026267,-0.011702,-0.140901,-0.044629,0.050265,0.08134,-0.004566,-0.053208,-0.00234,0.012614,-0.020198,0.024299,0.050354,-0.063296,0.021473,-0.059405,0.018917,-0.124933,0.002583,-0.073876,-0.042915,0.031027,0.104517,-0.089779,-0.003942,-0.007353,0.034581,-0.033582,-0.025169,-0.041902,0.088944,0,0.098538,-0.062477,-0.036181,0.04708,0.049601,-0.025761,0.010047,-0.069464,-0.095178,0.046528,-2e-06,-0.115773,0.033723,-0.000569,0.062277,-0.011396,-0.016846,-0.009311,-0.005261,-0.052112,0.019667,-0.034104,0.018826,0.0144,0.120864,0.039173,0.120001,0.028068,0.009033,0.067682,0.007725,0.058798,-0.153665,-0.055209,-0.096605,0.034169,0.034542,-0.037808,0.050967,-0.015123,0.010818,0.022538,0.037664,0.013214,-0.109059,0.014297,0.066108,0.012277,-0.027517,-0.066006,-0.030374,0.029874,0.04216,-0.022745,0.000684,0.061581,-0.00677,0.040104,0.042526,-0.026239,-0.000441,-0.04209,0.03014,-0.048621]",17,137
diplomes_p001_c0001,diplomes,Référentiel des Diplômes et Certificats — Cameroun,SECRETARIAT GENERAL SECRETARIAT GENERAL,FORMATION PROFESSIONNELLE VOCATIONNAL TRAINING,"*************** ***************
Projet d’Appui au Développement du Secondary Education and Skills
Secondaire et des Compétences pour la Development Project
Croissance et l’Emploi ***************
************ TECHNICAL COORDINATION OF COMPONENT 2
COORDINATION TECHNIQUE DE LA COMPOSANTE II ************
************
Novembre 2023
Table des matières
LISTE D’ABBREVIATION ET ACRONYMES ..................................................................................... 3
I. INTRODUCTION ............................................................................................................................... 4
II. DEFINITION, OBJECTIF D’UN CNCQ ET TYPOLOGIE DU CNCQ .................................. 4",1,structural,"[0.014907,-0.043721,0.027764,-0.083363,-0.111074,-0.048323,-0.102637,0.036522,0.034497,-0.00059,0.005986,-0.009462,0.028197,0.042171,-0.08445,0.024122,-0.038496,0.066179,0.04446,-0.10624,0.023519,0.009985,-0.059746,-0.003708,-0.051893,0.02353,-0.012043,-0.02963,0.041726,0.105858,-0.019741,-0.11586,-0.034008,-0.002639,-0.082431,-0.02657,-0.003425,0.010646,0.021555,-0.079447,-0.0315,-0.046392,0.004819,-0.067795,0.044208,0.071276,-0.06112,-0.020523,-0.120143,-0.036213,-0.020675,-0.109027,0.005527,-0.025977,-0.00069,0.04578,-0.050517,0.0349,-0.003768,0.015781,-0.035928,0.019982,-0.088278,-0.022178,0.000584,-0.021611,0.007524,0.053303,-0.023182,0.033004,-0.004821,0.004916,-0.021033,-0.064215,-0.036123,0.097492,-0.091401,0.048594,0.055768,-0.083459,0.090626,0.101226,0.01214,-0.035439,0.027022,-0.029842,-0.026775,-0.021083,-0.084118,-0.024655,0.122828,-0.007229,0.051057,0.047236,0.026913,0.083043,-0.038265,-0.024644,-0.007942,0.02738,-0.045731,-0.072029,-0.123022,-0.054414,-0.038696,0.082164,-0.050332,-0.017974,0.029662,-0.140765,-0.01853,-0.010218,-0.092154,-0.101036,0.01637,0.1181,-0.041569,0.045225,-0.030725,0.043512,-0.076484,-0.09189,-0.105481,-0.05167,0.06073,-0.108989,-0.043555,0,-0.034899,0.074783,-0.003742,0.023393,-0.023401,0.005496,0.053765,-0.029841,-0.024057,-0.111581,0.026926,-0.0512,-0.016035,-0.095015,0.017272,-0.014824,0.07563,0.046279,0.052877,0.043348,-0.011374,0.014867,0.067341,-0.022526,0.073209,0.027967,-0.016872,-0.045297,-0.047882,0.031077,-0.039671,-0.009149,-0.09124,0.055478,-0.030942,-0.070448,0.022167,-0.086132,0.011662,0.01012,0.023672,-0.012595,0.046426,0.017032,0.019041,-0.012765,0.0118,0.03189,0.038493,0.016674,-0.026469,-0.03837,-0.018774,-0.085125,0.055603,0.019008,-0.03053,0.026241,0.016284,0.034755,-0.012314,0.039379,-0.111938,0.063051,-0.006122,-0.056899,-0.050066,-0.051554,0.066792,-0.027936,0.059024,0.014813,-0.031148,-0.013016,0.057217,-0.035892,0.039213,-0.036288,-0.041747,-0.015073,-0.032864,0.062983,-0.001355,-0.060149,0.04946,-0.07913,-0.041748,0.052174,0.055654,0.075246,-0.030635,-0.05095,0.002159,0.11976,0.04101,7e-06,0.074709,0.062114,-0.014107,-0.028294,-0.022172,0.070503,-0.031546,-0.105181,-0.047259,-0.017652,0.073327,0.026017,-0.055061,0.02157,0.04903,-0.07563,-0.044425,-0.005494,0.005211,-0.031733,0.051009,-0.02546,-0.034314,0.026315,-0.026705,-0.041851,0.031222,-0.003708,0.032558,0.093785,-0.058265,-0.097495,-0.077176,0.033197,-0.019828,-0.007557,0.000446,-0.067174,-0.026153,0.033549,-0.034168,0.051425,0.068709,0.029586,-0.017303,-0.068503,0.083883,0.044387,-0.048829,-0.077574,0.054588,-0.028437,-0.073092,-0.075667,0.017769,0.069219,0.036014,-0.002927,-0.068621,-0.012495,0.033939,-0.019396,-0.03088,0.050268,-0.003138,0.005719,-0.057101,0.116651,-0.001703,0.108993,-0.034199,0.016176,-0.022023,-0.040569,0.011037,0.023418,-0.000532,0.018628,-0.005019,0.001547,-0.024999,0.046349,0.000213,0.008295,-0.033091,-0.024192,0.029238,0.01143,0.011594,-0.019037,0.036681,-0.028938,0.095174,-0.004371,-0.016673,1e-06,-0.000764,-0.039438,-0.01271,0.01876,0.011385,-0.04546,-0.055733,0.004193,-0.019504,0.088486,-0.083344,-0.050249,0.028825,-0.071557,-0.028967,0.076161,-0.006269,0.001142,-0.0395,-0.070234,-0.028895,-0.069638,-0.064381,0.0085,0.001242,-0.14861,0.018687,0.003948,-0.037665,0.064224,0.038379,-0.062919,-0.033502,-0.023105,0.038049,-0.01106,0.015358,0.013295,0.039422,-0.056905,-0.017716,0.039122,0.054935,0.053213,0.038661,0.018665,0.017021,-0.115898,0.037244,-0.03442,-0.051678,0.015297,-0.033394,-0.056382,0.069399,0.067322,0.037507,-0.061726,-0.028104,-0.034264,-0.021428,0.052494,0.009766,0.022375]",58,708
diplomes_p002_c0002,diplomes,Référentiel des Diplômes et Certificats — Cameroun,1. Les objectifs d’un CNCQ .................................................................................................................... 5,SECRETARIAT GENERAL SECRETARIAT GENERAL,"III. STRUCTURE ET PRINCIPALES CARACTERISTIQUES DU SYSTEME
D'EDUCATION DU CAMEROUN ..................................................................................................... 13
Formation professionnelle (sous la tutelle du MINEFOP)................................................................. 15
VI. DESCRIPTION DETAILLEE DU CADRE NATIONAL DE CERTIFICATION ET DE
QUALIFICATION .................................................................................................................................... 16
Passerelles entre les différents systèmes de certification ........................................................................ 17
V. DESCRIPTEURS DE NIVEAUX DU CADRE NATIONAL DE CERTIFICATION ET DE
QUALIFICATION CAMEROUN ........................................................................................................... 19
1.La dimension verticale.......................................................................................................................... 19",2,structural,"[-0.040952,0.027925,0.034104,-0.086492,-0.126393,-0.01382,-0.077687,0.034472,-0.02051,0.083666,-0.032266,0.012059,0.030485,0.010077,-0.092454,0.042204,-0.004906,0.06998,-0.045587,-0.051019,-0.010395,0.017827,-0.103544,-0.027887,-0.035761,-0.005069,0.003946,-0.016715,0.051753,0.046101,0.013879,-0.097012,-0.044706,0.013419,-0.020143,-0.042702,0.016686,-0.075835,-0.019952,-0.038935,0.011073,-0.03426,0.006881,-0.014882,0.026345,0.09901,-0.095756,-0.031338,-0.118797,-0.093095,-0.023634,-0.038486,-0.024497,0.036839,-0.058078,0.010057,-0.0173,-0.053509,-0.08462,0.057392,-0.116373,0.067857,-0.030857,0.038368,0.042202,0.027525,-0.003263,-0.019259,0.033034,0.041403,0.044982,-0.027819,-0.036776,-0.030159,-0.062657,0.052242,-0.074628,0.095228,0.038533,-0.11578,0.059755,0.031288,-0.028965,0.000604,0.067997,-0.018316,-0.058877,-0.015295,-0.056569,0.000761,0.109579,0.00097,0.034315,0.02361,0.060221,0.00314,0.045492,-0.000421,0.01028,0.060533,-0.012536,-0.00114,-0.097064,0.016365,-0.07094,0.031749,-0.012319,-0.028426,-0.031129,-0.177413,-0.098236,0.018075,-0.082986,-0.066136,-0.013197,-0.018148,0.019953,0.030349,-0.015839,0.005938,-0.034442,-0.049908,-0.081754,-0.029226,0.039135,-0.103202,-0.088154,0,-0.085941,-0.039904,0.051969,-0.05027,-0.084936,0.085217,0.048098,-0.026563,0.03263,-0.04866,-0.030358,-0.046524,0.025718,-0.059241,0.009673,0.053778,-0.013293,0.031036,-0.082048,0.048495,0.05556,0.010233,0.02456,0.0506,0.003854,0.024252,-0.1014,-0.049313,-0.029799,-0.004759,0.008249,-0.044337,-0.116261,0.005868,-0.039016,-0.027368,0.1023,0.006085,0.045565,-0.034093,-0.011423,-0.010463,0.079181,0.030316,-0.02859,0.063179,-0.04552,-0.031713,-0.025033,-0.020144,-0.0254,-0.071271,-0.010867,-0.141159,0.046186,-0.051068,0.001827,0.123232,-0.074194,0.036849,-0.009631,-0.016261,-0.098366,0.021605,0.039633,-0.047187,-0.042583,-0.037333,0.078094,-0.061279,0.03466,0.073807,-0.097825,0.016483,-0.011109,-0.073031,0.022497,-0.026886,-0.036535,-0.0496,-0.022443,0.022519,-0.040505,-0.085047,0.021318,-0.045718,0.0147,0.008522,0.007061,0.021066,0.046854,-0.077875,0.060308,0.08236,-0.011505,2.2e-05,0.021306,0.099421,-0.062253,0.010839,-0.0272,0.071832,-0.066245,-0.055772,-0.039641,6e-05,0.074107,0.04768,-0.012037,0.031796,0.008491,-0.078326,-0.078512,-0.039303,-0.037428,0.019403,0.028591,0.059039,-0.055055,0.028944,-0.036013,-0.034406,-0.040877,-0.001421,0.017793,0.000608,-0.085595,-0.043644,-0.125566,0.032178,0.003672,-0.05096,0.025463,-0.026594,-0.046538,0.031063,-0.050667,0.051859,-0.005923,0.117101,0.013276,-0.038479,0.016151,0.018839,-0.086781,-0.03013,0.033302,-0.062853,0.01392,-0.047589,-0.002247,0.024109,0.029911,-0.042383,-0.090144,0.006339,0.023308,0.026347,-0.099018,0.004468,-0.003905,0.009348,-0.056523,0.060818,-0.013631,0.014165,-0.019094,-0.022117,0.011538,-0.035482,0.042601,0.023738,-0.054005,0.017268,0.004871,-0.018789,-0.092955,-0.02683,-0.006085,-0.019194,-0.032443,-0.108065,0.074154,-0.035369,0.043501,0.018247,0.030224,-0.031199,0.058911,-0.004621,0.002261,1e-06,0.008244,-0.081025,-0.048102,0.042554,0.025949,-0.01748,-0.016046,0.022193,-0.056455,0.108462,0.055399,-0.044947,-0.004511,-0.031284,0.002082,0.021637,-0.038106,0.024474,-0.035601,-0.048987,-0.052323,-0.049707,-0.092487,-0.025999,0.049842,-0.066211,0.034051,0.023064,-0.041539,0.117446,0.041275,-0.000942,0.023224,-0.012348,-0.000127,0.001156,0.039453,0.082129,0.008623,-0.03,-0.048088,0.023112,-0.020582,0.046057,0.016903,-0.011276,-0.023292,-0.038898,0.089159,-0.022722,-0.061557,-0.07215,-0.050705,-0.072943,0.012615,0.022269,0.05987,0.007867,-0.052765,-0.056222,-0.034889,0.084318,0.017915,0.028726]",59,1013
diplomes_p002_c0003,diplomes,Référentiel des Diplômes et Certificats — Cameroun,4. Volume de travail ................................................................................................................................ 21,3. Structuration ........................................................................................................................................ 20,"VI. CONCLUSION .............................................................................................................................. 22
1
2
LISTE D’ABBREVIATION ET ACRONYMES
ACQF African Continental Qualification Framework
BEP Brevet d’Etudes Professionnelles
BEPC Brevet d’Etude du Premier Cycle
CAP Certificat d’Aptitude Professionnelle
CEC Cadre Européen de Certification
CEP Certificat d’Etudes Primaires
CQP Certificat de Qualification Professionnelle
CNCQ Cadre National de Certification et de Qualification
DCTP Développement des Compétences Techniques et Professionnelles
DQP Diplôme de Qualification Professionnelle
DT Diplôme de Technicien
DTS Diplôme de Technicien Spécialisé
EFTP Enseignement et Formation Techniques Professionnels
GCE O level General Certificate of Education Ordinary level
GCE A level General Certificate of Education Advanced level
MINADER Ministère de l’Agriculture et du Développement rural
MINEDUB Ministère de l’Education de Base
MINEFOP Ministère de l’Emploi et de la Formation Professionnelle
MINESUP Ministère de l’Enseignement Supérieur
MINEPIA Ministère des Pêches et de l’Industrie Animale
MINPROFF Ministère de la Promotion de la Femme et de la Famille
Projet d’Appui au Développement de l’Enseignement du Secondaire et des
PADESCE
Compétences pour l’Emploi
SND30 Stratégie Nationale de Développement 2020-2030
VAE Validation des Acquis de l’Expérience
3
I. INTRODUCTION
Pour accompagner les efforts d’industrialisation du Cameroun, le Gouvernement, à travers la
Stratégie Nationale de Développement (SND30) et dans le sillage de la loi n° 2018/010 du 11 juillet
2018 régissant la Formation Professionnelle, envisage de structurer sa politique de développement
du capital et du bien-être humains autour d’un certain nombre d’axes dont celui de l’éducation, de la
formation et de l’employabilité. L’enjeu pour les dix prochaines années étant d’investir suffisamment
et de manière efficiente sur l’amélioration des compétences et de l’employabilité des personnes
actuellement actives mais sans réel potentiel et exclues du marché du travail.
A ce titre, le Gouvernement entend renforcer son dispositif de gouvernance de formation et de
développement de compétence à travers la mise en place d’un Cadre National de Certification et de
Qualification. Pour y parvenir, le Gouvernement bénéficie d’un financement de la Banque mondiale
dans le cadre de la mise en œuvre du Projet d’Appui au Développement de l’Enseignement
Secondaire et des Compétences pour la Croissance et l’Emploi (PADESCE), de manière à renforcer
les capacités institutionnelles du système de développement des compétences.
Amorcée depuis 2021 dans la cadre du projet PADESCE, la finalisation du processus d’élaboration
du CNCQ Cameroun a débuté par la mise en place des équipes de travail. Ces équipes ont produit le
premier draft du document projet du CNCQ sur la base de la recherche documentaire, la collecte et
l’analyse des données et des sources, des résultats des enquêtes men",3,structural,"[0.087281,-0.001848,-0.049079,-0.076442,-0.097023,-0.01522,0.042677,0.0643,0.006201,-0.048561,0.026679,-0.067222,0.049443,0.066751,-0.070661,-0.041439,-0.04881,0.073324,-0.095712,-0.040337,0.081277,-0.006437,-0.082446,-0.074666,0.01623,0.025404,0.026862,-0.033023,0.044385,-0.032763,0.013695,0.003886,0.051651,-0.040966,-0.038498,-0.147145,-0.0754,-0.035811,-0.008409,-0.005479,0.016857,-0.00667,0.033305,0.030782,-0.050132,0.00317,-0.057341,0.000193,0.032197,-0.026643,0.050531,-0.05547,-0.050434,0.076949,-0.039912,-0.037805,-0.044493,-0.003046,-0.003619,0.012444,-0.030726,0.063387,0.008628,-0.007796,0.062691,0.012228,-0.047124,-0.018626,-0.087448,0.024011,-0.001135,0.089344,0.056721,-0.057522,0.012758,-0.002732,-0.033648,-0.033332,-0.045195,0.06441,0.028094,0.019789,-0.089171,0.059611,-0.050049,-0.007235,-0.019443,-0.108802,-0.0689,-0.017921,0.002601,0.017274,-0.12203,0.028296,0.020315,0.029129,0.026514,-0.020084,0.045829,0.003955,-0.053601,0.010674,-0.090837,0.024341,-0.001941,0.017849,-0.037352,0.099695,-0.103392,0.029514,-0.007997,-0.076095,-0.034153,0.022866,0.11692,0.017446,0.019663,0.057004,-0.027557,-0.025319,0.024475,0.042849,0.019851,-0.036739,-0.031772,-0.069992,-0.035111,0,-0.068709,-0.051823,0.02037,0.042466,0.035379,0.004783,-0.06431,-0.004866,-0.000986,-0.045365,-0.041268,-0.048159,0.03732,0.00207,-0.043044,-0.011597,0.088026,0.058899,-0.043249,-0.031406,-0.011042,0.035713,-0.043899,0.058583,-0.035136,-0.020807,0.02211,-0.036153,-0.045949,-0.00871,-0.03236,0.101728,-0.056831,-0.001576,0.03248,-0.00954,-0.028587,0.017283,-0.010205,-0.003203,-0.059245,0.024681,0.073915,0.01277,0.008054,0.007458,-0.056564,0.006605,-0.03404,0.020686,-0.026232,0.033932,-0.008599,-0.029487,0.042402,-0.012648,0.006932,0.040058,-0.053762,0.032019,-0.046255,0.062641,0.007816,-0.028578,0.032671,0.052867,-0.075617,-0.175221,0.0201,-0.032386,-0.007067,-0.007246,0.022107,-0.012938,-0.025995,-0.060063,0.058448,-0.003783,0.031809,-0.048274,-0.026926,0.023142,0.00483,-0.031963,-0.040918,-0.01275,0.020755,-0.064502,0.007425,-0.040549,-0.036264,-0.076887,-0.037,-0.13112,-0.035717,1.4e-05,0.048493,0.042462,-0.05885,0.060089,-0.029169,0.061779,0.034559,0.09724,0.01376,0.054603,0.147215,0.084531,-0.065313,-0.072648,0.090869,0.053115,0.010357,-0.031123,-0.058524,-0.02957,-0.065675,0.042081,-0.000957,0.053841,-0.08357,-0.068696,0.002829,-0.080553,-0.089105,0.033984,-0.065734,-0.025896,-0.029831,0.035591,-0.020428,-0.065592,0.102957,-0.001955,-0.016318,-0.115955,-0.026155,0.035939,0.126612,0.040735,-0.057628,-0.025321,0.116175,0.000553,-0.038958,-0.006314,0.071497,-0.083102,-0.004954,-0.042556,0.048089,0.068492,-0.01861,-0.029044,-0.019913,-0.035072,-0.034193,-0.107978,0.025351,-0.028696,-0.055734,-0.036223,-0.031994,0.031043,0.017491,-0.019266,0.054332,0.037633,0.045331,-0.003404,-0.034101,-0.06498,-0.054312,-0.044298,-0.070558,-0.013134,-0.139661,0.079205,0.01998,-0.041981,0.043748,-0.183023,0.050209,0.025508,-0.008832,0.037033,-0.009651,0.122795,0.012213,-0.068605,0.092555,1e-06,-0.018903,-0.018468,-0.043565,0.010581,0.008992,0.000689,0.072636,0.049213,0.025917,0.032184,0.014297,-0.010799,-0.041019,-0.025069,0.026324,0.042506,-0.054913,-0.041179,-0.052865,-0.097942,-0.037597,0.006794,-0.078318,-0.040063,0.06408,-0.033474,0.006896,-0.03334,-0.02932,-0.034626,0.080765,0.026053,0.007762,-0.03598,0.012875,-0.058783,0.019709,0.043499,-0.083436,0.032559,-0.091695,-0.052423,-0.023534,0.035767,0.008247,-0.004015,-0.015423,0.013849,-0.070053,-0.001102,-0.043916,0.123965,0.01723,0.0069,0.006525,-0.055529,-0.041904,0.027588,-0.016161,-0.018562,-0.023188,0.053057,0.013769,-0.020124]",444,3000
diplomes_p006_c0004,diplomes,Référentiel des Diplômes et Certificats — Cameroun,1. Les objectifs d’un CNCQ,4. Volume de travail ................................................................................................................................ 21,"L’objectif global d’un Cadre National des Certifications et de Qualification est de structurer
l’information sur les certifications existantes dans un pays, sur la base de principes univoques et de
critères standardisés, tant du point de vue de l’intérêt des bénéficiaires (les « apprenants » et les
candidats aux certifications) que de celui des concepteurs de certifications (autorités nationales,
universités, organismes de formation …), des acteurs du monde économique et social (partenaires
sociaux, secteurs professionnels, entreprises) et, dans une certaine mesure, des partenaires étrangers.
Le référencement d’une certification dans un Cadre National des Certifications et de Qualification
constitue un véritable label de qualité de cette certification, au regard de critères transparents et
connus de tous les acteurs et bénéficiaires du système de certification en vigueur, notamment du point
de vue de l’adéquation avec les besoins du marché du travail.
La mise en place d’un Cadre National des Certifications vise les objectifs suivants :
 contribuer à mettre le pays en position de faire face aux enjeux économiques et sociaux
d’aujourd’hui et de demain ;
 situer l’individu au centre du dispositif de formation en facilitant la continuité et la progression
de son parcours tout au long de sa vie personnelle et professionnelle ;
 permettre un rapprochement dynamique entre l’offre de formation et les besoins exprimés
par le marché du travail ;
 faciliter la mobilité tant sectorielle que géographique ;
 assurer une meilleure fluidité des parcours de formation et les passages d’un secteur à un
autre et d’un niveau à un autre ;
 mettre en œuvre un système d’assurance qualité pour les certifications proposées aux jeunes
et aux adultes.
1 Note de cadrage de projet de Cadre National de Certification au Maroc 2013.
5
Dans une telle perspective, il est important de revoir et de préciser les principaux objectifs poursuivis
par cette démarche. Par exemple, le Cameroun, suivant la configuration de son système d’éducation
et de formation/emploi, pourrait retenir comme objectifs :
 la consolidation du système de formation professionnelle et une meilleure intégration des
systèmes d’éducation et de formation ;
 le renforcement des liens formation/emploi ;
 une meilleure intégration des diplômes de formation professionnelle dans la vie économique
;
 l’amélioration des programmes et des parcours de formation ou d’apprentissage ;
 l’appui au développement de l’apprentissage tout au long de la vie ;
 à plus long terme, la promotion de la mobilité des apprenants et des travailleurs entre les pays
limitrophes et la reconnaissance mutuelle des diplômes de formation professionnelle.
Par ailleurs, les cadres sont susceptibles de remplir trois autres fonctions. Premièrement, permettre
de communiquer sur les systèmes de certification en améliorant la transparence des qualifications et
des rapports qui les lient ; ou servir de point de repère face à la diversité des qu",4,structural,"[-0.04364,0.029542,-0.019185,-0.046985,-0.032143,0.023018,0.036538,0.052263,-0.00019,0.024172,-0.066564,-0.081143,0.061959,0.034322,-0.149236,0.025413,-0.074432,0.041543,0.02278,0.014669,-0.03545,0.060358,-0.077448,-0.011165,-0.009463,0.034502,-0.022412,0.017153,0.050087,0.063362,0.010688,-0.045485,0.002492,0.039267,0.054877,-0.125134,0.017118,-0.051114,0.007273,-0.008006,0.048751,-0.049038,0.044753,0.0111,-0.006412,0.085773,-0.022105,-0.022119,-0.12789,-0.02412,-0.00304,-0.057434,-0.035196,0.051475,-0.028725,-0.005036,-0.043197,-0.015132,-0.082866,0.09018,-0.055538,0.057051,-0.046615,0.048804,0.116741,0.078344,-0.015374,-0.025945,-0.005457,0.020205,0.017767,-0.024837,0.044509,-0.000656,-0.04725,-0.013563,-0.078286,0.003205,0.013005,-0.061625,0.020835,0.053715,0.015853,-0.026583,0.057681,-2.1e-05,0.012557,0.008908,-0.038211,0.00748,0.090364,-0.032381,-0.009392,0.043377,-0.001016,-0.039671,0.070601,-0.022757,0.099538,0.002679,0.032996,0.032964,-0.089996,-0.002179,-0.04614,0.068834,0.025625,-0.007621,0.000722,0.004205,-0.081739,0.067254,-0.130288,-0.104066,0.003099,0.053592,0.007366,0.013437,0.02269,0.011722,-0.097818,-0.01929,-0.068365,-0.04787,0.034727,-0.02673,-0.069662,0,-0.061657,0.003299,0.064312,-0.01411,-0.007753,0.076265,0.105324,0.070324,-0.011261,0.036907,-0.095503,0.114107,-0.034605,-0.004315,0.040284,0.0592,-0.022572,-0.009395,-0.052463,0.039404,0.024355,-0.062464,0.043344,0.100433,0.016816,0.007556,-0.058066,0.046635,-0.014898,-0.00818,-0.025046,0.009333,-0.053038,-0.032478,0.010915,-0.02059,0.09159,0.078335,0.034688,0.00026,0.052844,-0.0006,0.074696,0.000341,-0.020824,0.032745,0.006,-0.056962,0.049095,-0.049955,-0.046564,-0.045041,-0.076031,-0.123088,0.036654,-0.088626,-0.074471,0.043431,-0.067505,-0.005446,-0.071311,-0.036686,-0.035842,0.022979,0.017122,0.048666,-0.030795,-0.095175,0.018851,-0.105308,-0.017581,0.030428,0.041742,-0.074738,0.014207,-0.023335,-0.012161,-0.015861,-0.058574,-0.028533,-0.063182,0.026711,0.015553,-0.071043,0.034086,-0.026068,0.045416,0.017798,0.026001,-0.017249,-0.024317,-0.065522,0.069698,-0.017834,-0.071456,3.4e-05,0.047936,0.06194,-0.087072,0.040151,-0.055368,-0.034954,-0.117063,0.055176,-0.041117,0.005383,0.106536,-0.016288,0.077681,0.011737,-0.020146,-0.019817,-0.191356,-0.062587,-0.033553,0.044416,0.05793,0.037886,-0.088503,0.020649,-0.009612,0.031127,0.007268,-0.060105,0.091193,0.041511,-0.077337,0.003727,-0.014822,0.086401,0.002367,-0.105789,0.073246,-0.087412,0.034737,-0.030048,-0.032449,0.051938,-0.041627,0.040575,0.013528,-0.091303,0.015823,0.048605,-0.03508,-0.003764,0.053628,-0.069609,-0.030003,-0.004638,-0.02997,0.073731,-0.07369,-0.001945,0.000201,-0.002766,0.061538,0.021774,-0.064374,-0.01042,0.028139,-0.01597,0.015701,0.098325,0.010735,0.0291,-0.081509,-0.025549,-0.002433,-0.049881,0.009317,0.032571,-0.029676,-0.000843,-0.023502,0.025049,-0.04429,0.003027,0.003905,0.036869,0.065346,-0.037686,0.069377,-0.054209,-0.042099,0.039402,0.012735,0.002579,0.002376,-0.014051,-0.012085,0,-0.043562,-0.045836,-0.165206,0.001613,0.015272,0.00131,-0.011306,0.033685,-0.021442,0.109103,0.059119,-0.077394,-0.071529,-0.025114,-0.054905,0.012923,-0.11563,0.035757,0.009462,0.04162,0.020888,0.016835,-0.050563,-0.012998,0.029658,-0.020298,0.020279,0.057233,-0.027202,0.037585,0.000681,-0.008988,0.125661,0.027028,0.03458,0.005327,0.11454,0.007047,-0.000165,0.003972,0.01216,-0.009452,-0.092323,-0.012848,0.013764,-0.063067,-0.056505,0.02981,0.038297,0.072105,-0.026288,0.01286,-0.027242,-0.03887,-0.036828,0.045261,0.009662,0.007639,-0.064872,-0.039768,-0.001517,0.010386,-0.010713,0.002551]",456,3000
diplomes_p007_c0005,diplomes,Référentiel des Diplômes et Certificats — Cameroun,2. Les avantages généraux d’un CNCQ,1. Les objectifs d’un CNCQ,"Les avantages2 éventuels des cadres de qualifications se situent essentiellement dans quatre domaines
:
 élaboration des systèmes de certification et fourniture d’enseignement et de formation (du
côté de l’offre) ;
 profil de carrière, orientation et insertion dans l’emploi, information et orientation notamment
en matière de mobilité professionnelle (du côté de la demande) ;
 dimension internationale et transnationale, transparence mutuelle et coopération ;
 réglementation, législation et dispositif institutionnel, mais aussi définition des responsabilités
des parties prenantes ou des instances publiques.
 Avantages pour les systèmes de certification et pour la prestation
2 Rapport du groupe thématique 1 : Élaboration et utilisation d’un ‘cadre de certification’ pour la réforme et la gestion des
systèmes de certification, OCDE
6
 réduire la complexité ; permettre la cohérence, la transparence et l’intégration en dépit de la
régionalisation, de la décentralisation et de l’individualisation croissantes de la prestation
(notamment en ce qui concerne l’enseignement et la formation post obligatoires et continus) ;
 ouvrir l’accès et permettre la progression vers un niveau supérieur de qualification, qu’il
s’agisse de formation initiale, d’enseignement supérieur, d’EFP ou de formation tout au long
de la vie ;
 permettre l’orientation des apprenants et des formateurs/enseignants et leur faciliter la tâche
en identifiant les itinéraires de formation appropriés ;
 fixer des objectifs en prenant en compte les besoins, les attitudes ou les préférences de la
collectivité, du marché de l’emploi, des entreprises, de la population ou des apprenants ;
 appuyer l’assurance qualité et l’élaboration de normes, pour les systèmes d’unités
capitalisables et transférables ; améliorer la transférabilité, la comparabilité et la compatibilité
des qualifications.
 Avantages pour le profilage de carrière et l’insertion dans l’emploi, l’information et
l’orientation, notamment en matière de mobilité professionnelle
 permettre de faire face à l’évolution rapide des besoins et doter les apprenants, les prestataires
et les entreprises d’un cadre durable ;
 communiquer des points de repère en matière de qualifications et faire progresser leur
acceptation et leur reconnaissance collectives sur le marché de l’emploi, ainsi que dans
l’enseignement et la formation ;
 permettre l’établissement d’une correspondance entre la formation et les qualifications d’un
côté, et l’offre de compétences ou les exigences de la demande et des métiers de l’autre.
 Avantages de la dimension internationale et transnationale
Parce que la dimension internationale et transnationale intervenait de plus en plus dans l’élaboration
des systèmes de certification, les avantages suivants ont été identifiés à ce titre :
 contribuer à l’amélioration de la mobilité, de la coopération et des échanges, ainsi qu’à la
compréhension interculturelle et à la reconnaissance mutuelle ;
 permettre une coopér",5,structural,"[-0.074852,-0.058766,0.017724,-0.031167,0.000422,0.030078,-0.055268,0.01644,-0.044628,0.015209,-0.011939,-0.029519,0.028042,-0.029624,-0.037377,0.018159,-0.03733,-0.029492,0.012091,0.075057,-0.053858,-0.042474,-0.063887,0.025145,0.010132,0.013437,-0.058294,0.066748,0.065357,0.015439,0.05311,-0.005201,-0.011184,0.101426,0.006061,-0.11953,0.040915,-0.022307,-0.022624,-0.076053,0.083622,-0.03026,0.036533,0.012692,0.030747,0.066252,0.015182,0.011676,-0.08055,-0.090681,-0.003091,-0.108455,-0.029965,0.080868,0.012104,0.102089,-0.02765,0.002234,-0.084435,0.060821,-0.072999,0.120959,-0.06284,0.002422,0.102709,-0.003244,-0.03603,0.062092,0.012626,0.073339,0.038271,-0.050067,0.034046,-0.045621,-0.02157,-0.018692,-0.061402,0.028102,0.051421,-0.058765,-0.007893,0.005877,0.046458,-0.049033,0.056129,0.003815,-0.007557,-0.014416,-0.005021,0.033192,-0.006389,-0.017928,0.089241,0.025293,0.04088,-0.024233,0.100101,0.017596,0.095891,0.028156,0.022132,0.033912,-0.084507,-0.019372,0.024787,-0.040302,-0.011977,-0.042299,-0.00157,-0.038106,-0.041556,0.010795,-0.014638,-0.071617,-0.047486,0.07816,0.108876,0.102009,0.098649,-0.09601,-0.106323,-0.043516,-0.017271,-0.051789,0.021606,-0.047208,-0.025753,0,-0.062686,-0.052769,-0.013017,0.07453,-0.042954,0.051754,0.031946,-0.035969,-0.014271,0.073382,-0.051582,0.039887,0.041911,0.023146,0.073265,-0.00826,-0.100351,-0.04055,-0.03493,0.042474,-0.018817,-0.051578,0.017121,0.053637,0.053119,0.008396,-0.093172,0.002175,-0.021112,0.011143,-0.035795,-0.045532,-0.051818,-0.018705,0.025684,0.040118,0.055545,0.00861,0.056492,0.02173,0.002643,-0.026385,0.028077,-0.080392,-0.036073,0.018839,0.003543,-0.051036,0.109676,-0.076747,0.013506,-0.0401,-0.011921,-0.127712,0.04432,-0.101765,-0.005753,0.072051,-0.098713,-0.020618,-0.06151,-0.082399,-0.030808,0.068745,0.06,-0.040925,-0.09148,-0.024107,0.062822,-0.047261,0.021741,0.00687,0.058907,-0.053188,0.041929,0.001765,-0.061729,-0.034093,-0.02253,0.040703,-0.07904,0.012316,0.065865,-0.01162,0.083698,-0.062005,-0.010849,0.097216,0.038834,-0.00624,-0.092967,0.006961,0.089734,-0.006628,-0.036206,-1e-06,0.046884,0.028141,-0.076454,-0.001794,-0.043903,-0.030582,-0.059163,-0.044896,-0.001407,0.017879,0.024982,-0.045279,0.087162,0.012775,-0.008643,-0.112521,-0.158739,-0.010613,0.011041,0.060863,0.121392,-0.076493,-0.045276,0.042925,0.023582,0.043754,-0.019811,0.005998,0.028464,-0.006226,-0.030289,-0.070918,0.025637,0.016954,-0.007134,-0.052604,0.034448,-0.058196,0.009337,-0.061789,-0.083153,0.062188,-0.099717,0.048686,-0.025491,-0.043455,0.036042,0.027015,-0.004478,-0.00656,-0.0315,-0.007244,0.041015,0.082478,0.00864,-0.070955,-0.059184,0.004365,0.043107,0.008903,0.03118,0.050078,-0.067703,-0.028995,0.088151,0.006883,-0.042246,0.080646,-0.013939,0.016821,-0.081881,-0.012757,-0.037654,-0.032708,-0.045805,0.037968,0.022401,0.023561,-0.001361,-0.057876,-0.029238,-0.010773,-0.021926,0.011608,0.008794,0.052997,0.091008,-0.000273,-0.007035,-0.066334,0.066359,-0.081013,0.021983,-0.008077,-0.068227,0,-0.046383,-0.051268,-0.120618,-0.037319,-0.030499,0.031051,-0.030662,0.038646,0.042862,0.049108,0.031517,0.023217,0.02912,-0.02698,-0.014709,-0.032594,-0.050272,0.043515,-0.031291,0.040821,-0.018767,-0.059438,-0.051202,-0.042181,-0.011496,0.045628,-0.03552,0.032299,0.020155,0.029263,-0.02422,-0.006732,0.126095,0.014767,0.032521,0.048406,0.059742,-0.022595,-0.008063,-0.080619,0.034322,0.109013,-0.057824,0.011804,0.039916,-0.098408,-0.04143,0.062607,0.060972,-0.018011,-0.018001,0.000906,0.044297,-0.076425,-0.007095,0.041763,-0.016991,0.07653,0.017493,-0.005296,0.033073,0.006106,0.007205,0.001733]",439,3000
diplomes_p009_c0006,diplomes,Référentiel des Diplômes et Certificats — Cameroun,3. Les origines de la mise en place des cadres de certification,2. Les avantages généraux d’un CNCQ,"Le développement de cadres des certifications est clairement lié à celui de la formation tout au long
de la vie et, par conséquent, à celui de nombreux systèmes de formation. Le besoin de maintenir et
d’élargir les compétences individuelles s’est manifesté avec la nécessité de suivre les évolutions de
l’économie conduisant à de nouvelles modalités d’apprentissage et, par extension, à l’émergence de
processus de reconnaissance d’acquis nouveaux. Même si les dispositifs de Cadres Nationaux des
Certifications apparaissent au début des années 2000, le concept de CNC n’est pas nouveau3.
 Une première génération directement issue de perceptions nationales relevant de facteurs
internes dans le cadre de démarches expérimentales comme celles de l’Écosse, l’Afrique du
Sud ou de la France.
 Une seconde génération s’appuyant sur les résultats de la première en termes de définition et
de processus et recherchant davantage de liens avec d’autres systèmes nationaux sur des bases
de relations bilatérales, mais l’influence des facteurs externes y restent limités. Les cadres
réalisés par l’Ile Maurice, la Malaisie, la Jamaïque en sont une illustration.
 Une troisième génération de cadres reste fortement marquée par des facteurs internes, mais
des facteurs externes ont un impact significatif sur la conception technique des cadres et sur
le rôle des autorités en charge des certifications. C’est le cas au Botswana ou en Ethiopie.
En tout état de cause, les premiers « qualifications framework » ont été mis en place en Nouvelle-
Zélande et en Australie à la fin des années 1990. Centrés sur les « acquis d’apprentissage » ou
compétences du marché du travail (learning outcomes), ces cadres étaient et sont toujours
principalement destinés à reconnaître et à valoriser les compétences professionnelles acquises par une
personne indépendamment de son mode d’acquisition - formation initiale en établissement,
apprentissage, formation en entreprise, perfectionnement, expérience individuelle, etc.",6,structural,"[-0.118603,-0.023874,-0.010279,-0.005352,0.0645,-0.096178,-0.045096,0.055374,-0.01441,0.012923,-0.020111,-0.04021,0.052743,0.029692,-0.159476,0.027781,-0.097195,-0.011123,0.061401,0.000379,-0.055856,-0.017349,-0.104407,0.006994,-0.005744,0.019702,-0.054881,0.036745,0.02437,0.047926,-0.012902,0.022321,-0.000978,0.041026,0.043554,-0.05987,0.060271,-0.024423,-0.040936,-0.055903,0.007814,-0.049487,0.047002,0.069127,-0.042924,0.076005,0.022329,-0.051039,-0.108379,-0.089452,0.008965,-0.073457,-0.004231,-0.038108,-0.039341,-0.001203,-0.046969,-0.003709,-0.093467,0.091128,0.04392,0.030804,-0.146026,-0.015663,0.093607,0.030243,-0.013403,0.008317,0.002094,0.015147,-0.001073,0.007332,0.084814,-0.046683,-0.002446,-0.034568,-0.074305,0.037129,0.073083,-0.11428,0.022266,0.032489,0.011752,-0.023488,0.005277,0.049097,0.016808,-0.025297,0.013597,0.001146,0.069148,-0.041642,-0.028769,0.038361,0.026095,0.01351,0.11093,0.045604,0.115938,-0.008353,0.025062,0.023293,-0.102887,-0.023239,0.014819,0.001001,-0.051372,-0.051325,0.060353,-0.01181,-0.041798,-0.011557,-0.045576,-0.03567,-0.03111,0.071157,0.041236,-0.008124,0.03068,0.004847,-0.11485,0.011448,-0.050309,-0.025464,0.07655,0.027463,0.005061,0,-0.032025,0.069418,-0.038006,0.042626,-0.040264,0.032882,0.037744,0.012849,-0.055521,0.009691,-0.049156,0.063151,-0.049633,-0.031894,0.047471,0.022308,-0.090772,-0.053894,-0.075394,0.026784,-0.006061,-0.077422,0.058244,0.02841,0.027127,0.027887,-0.010512,0.060583,-0.021285,0.017787,0.026506,0.010145,-0.034971,0.077649,-0.039441,0.019988,0.114778,0.06535,-0.015614,0.02685,0.065026,0.069066,0.01663,-0.03253,-0.00478,-0.006265,0.026772,-0.043589,0.051339,-0.019205,-0.034598,-0.018817,0.007591,-0.104259,-0.002457,-0.120935,-0.03494,0.017049,-0.033852,-0.026336,-0.08629,0.025395,-0.052116,0.02886,-0.023298,0.082616,-0.003206,0.009252,0.025188,-0.042179,-0.093787,-0.01909,-0.018874,-0.065848,0.044514,-0.019738,-0.024395,0.018582,-0.086542,-0.055114,-0.040715,0.022792,-0.010007,-0.000264,-0.002729,-0.04916,0.007547,0.080717,0.000871,-0.013447,-0.011876,5.7e-05,0.140894,-0.016403,-0.042739,1e-06,-0.00379,0.000248,-0.050334,0.055496,-0.045688,-0.06855,-0.095326,0.001696,0.055182,-0.032757,0.029604,-0.000613,0.067853,0.005096,0.000962,-0.095064,-0.208199,0.001064,-0.019637,0.032953,0.076727,0.026547,-0.087926,-0.052373,-0.013198,0.063872,-0.051989,-0.049512,0.118382,-0.022439,-0.046512,0.024767,0.044527,0.068055,0.009322,-0.070017,0.04129,-0.000278,0.031141,-0.025411,-0.028196,0.048849,-0.053231,0.042129,0.012837,-0.012103,0.043695,0.004525,-0.020112,-0.011614,0.061212,-0.05086,-0.052067,0.018271,0.004179,0.013802,0.038543,0.096567,-0.100736,0.059471,0.003645,0.01485,-0.016036,-0.028067,0.025229,0.061461,-0.007311,0.11387,0.068663,0.016152,-0.053379,-0.018554,-0.088381,-0.096944,0.023769,0.004516,-0.074606,-0.02395,-0.068757,0.02237,-0.036361,0.013653,0.050886,0.02543,0.110085,0.007173,0.015716,-0.046366,-0.016781,-0.006306,0.059302,-0.036175,-0.00064,-0.024649,-0.042212,0,-0.001125,-0.031928,-0.124212,-0.01963,-0.040443,0.006113,0.038028,0.082511,-0.025154,0.06958,0.03676,-0.031883,-0.041573,-0.012751,-0.020448,-0.042628,-0.034928,0.072472,-0.056686,0.091385,-0.008715,-0.025126,0.005283,-0.007605,-0.005596,-0.069256,-0.037969,0.009088,-0.005322,-0.02038,-0.02352,0.030862,0.121633,0.036629,-0.00671,-0.004701,0.049381,0.032177,-0.004908,-0.023042,0.011904,0.0336,-0.122549,-0.008069,-0.000344,-0.052478,-0.033032,-0.066848,0.057607,0.06047,-0.00263,-0.003931,-0.006589,-0.075485,-0.011463,0.055705,-0.071254,-0.009744,-0.0599,-0.083098,0.028314,0.03461,0.074291,-0.00622]",308,2000
diplomes_p009_c0007,diplomes,Référentiel des Diplômes et Certificats — Cameroun,4. Pratiques et typologies des cadres nationaux de certification,3. Les origines de la mise en place des cadres de certification,"3 Contribution au développement de cadres nationaux et du cadre régional des certifications (CNCs/CRC) dans la sous-région de la
CEDEAO : analyse régionale et perspectives, 2013.
8
Tous les pays d’Afrique subsaharienne ont entrepris des travaux de réforme et de valorisation de leur
système d’enseignement technique et de formation professionnelle (ETFP). Centrés sur un
rapprochement entre le monde de l’éducation et celui du travail, sur l’amélioration de l’insertion des
jeunes sur le marché de l’emploi et sur une meilleure adéquation formation/emploi, ces travaux
conduisent généralement à remettre en question une partie de l’enseignement technique et
professionnel dans une optique de professionnalisation et à soutenir le développement de formations
professionnelles centrées sur les métiers et les professions.
En ce sens, plusieurs pays ont également choisi d’améliorer la voie de l’apprentissage traditionnel en
se basant sur certaines approches porteuses, telles que l’apprentissage de type dual alliant formation
en entreprise et formation initiale en établissement.
a. Les logiques des cadres de certification
Les certifications sont de plus en plus importantes pour l’accès à l’emploi et essentielles pour la
construction de carrière. Leurs modes de classification et de hiérarchisation connaissent des
changements majeurs, entraînés par le développement rapide des cadres nationaux de certifications
(CNC) à travers le monde.
De façon générale, pour l’UNESCO, un Cadre National des Certifications et de Qualification
positionne les certifications relevant des institutions d'éducation et de formation et doit également
permettre de prendre en compte la validation des acquis d'apprentissages non formels et informels.
Les niveaux proposés par le cadre concernent les résultats, ou acquis d'apprentissages et non pas le
temps passé à apprendre ni le contenu des programmes de formation.
Ce changement de paradigme oblige à passer d'une approche fondée sur les programmes vers une
autre approche fondée sur l'évaluation des apprenants et donc sur les compétences acquises. Un tel
changement implique un effort important pour développer les compétences des acteurs impliqués4 .Il
est évident qu'un seul modèle ne peut pas convenir dans tous les cas et il n'en existe certainement pas.
De ce fait, les pays ont compris qu'il n'y avait pas un seul modèle de cadre des certifications qui
pourrait répondre à l'ensemble de leurs attentes. Compte tenu de leurs besoins et de leurs expériences,
certains ont développé des Cadres Nationaux des Certifications (CNCs), d'autres ont développé des
Cadres Sectoriels des Certifications (CSCs), d'autres enfin ont réalisé des Cadres Régionaux des
Certifications (CRCs).
b. Typologie des Cadres Nationaux de Certification et de Qualification
4 (Plan d’action pour la Deuxième Décennie –UNESCO Cadre d’action pour l’EFTP – 2009).
9
Au cours des vingt dernières années, les démarches d’analyse des systèmes éducatifs et plus
particulièrement des caracté",7,structural,"[-0.00474,-0.00942,-0.056198,-0.016791,0.001002,-0.006378,-0.042612,-0.05563,0.041616,0.056507,-0.02414,0.021086,-0.0119,0.015667,-0.078439,-0.046335,-0.114416,0.063311,0.058256,-0.016008,-0.036558,0.021224,-0.056089,0.0427,0.061855,-0.038454,0.015785,-0.019117,-0.003972,0.077717,-0.081852,-0.052846,0.04345,-0.023612,0.029692,-0.068123,0.012245,0.028186,-0.044597,0.016288,0.00874,-0.030138,0.04074,-0.010969,0.005707,0.048651,-0.022208,-0.038148,-0.028319,-0.029517,0.007847,-0.116019,0.0085,0.011891,-0.060412,-0.021879,-0.026676,0.080911,-0.121787,0.101214,-0.109005,0.073003,-0.078407,0.004437,0.099191,0.002049,-0.032032,-0.010377,-0.018945,0.074773,0.02038,-0.032221,0.077162,-0.026175,0.025277,0.049911,-0.021562,0.041618,0.041339,-0.072681,0.028365,0.001493,0.03251,-0.03693,1e-06,-0.015301,0.004,-0.059192,0.024035,-0.028079,0.052275,-0.021642,-0.013713,0.046985,0.010704,0.022833,0.062091,0.021849,0.084973,-0.001995,-0.017561,-0.001226,-0.067014,-0.029544,0.029892,0.125058,-0.029887,-0.006485,-0.041279,-0.030461,-0.006655,0.034838,-0.058721,-0.002863,-0.075704,0.093471,0.043633,0.011281,0.038434,0.008118,-0.139031,-0.007964,-0.069659,-0.105316,0.036324,-0.000106,0.02744,0,-0.008414,0.07291,0.016369,0.040395,-0.075485,-0.04744,0.079525,-0.010759,-0.027539,0.01654,0.018599,0.054723,0.060154,-0.031769,-0.026694,0.031144,-0.094751,-0.000229,-0.09788,0.130789,0.029107,-0.096954,0.061603,-0.025191,-0.052246,0.055768,-0.006384,0.027934,-0.023225,0.00514,0.060119,-0.007245,-0.003674,-0.022167,0.034997,0.015571,0.111436,-0.024118,0.000413,0.071754,0.089712,-0.046738,0.065135,-0.081407,-0.015242,0.022087,0.012242,-0.043546,0.059101,0.011799,0.039909,-0.029695,-0.004188,-0.034251,0.033114,-0.062551,-0.026818,0.026404,-0.003464,-0.050294,-0.102711,-0.026623,0.001173,0.026263,-0.033156,0.004708,-0.00674,0.030068,0.079563,-0.140457,-0.048224,0.018987,0.032679,0.068403,0.023188,-0.006878,-0.074209,0.031203,-0.06387,-0.031214,-0.059244,0.04111,0.007866,-0.044159,0.085145,-0.012707,0.019891,0.039178,0.034167,-0.036307,-0.04805,-0.008984,0.067519,0.043241,-0.024958,4e-06,0.032535,0.016988,-0.017354,-0.004587,-0.074682,-0.040139,-0.01045,0.059221,0.020773,-0.011325,0.043803,-0.084292,0.045386,-0.033193,-0.01384,-0.093813,-0.198604,-0.061489,-0.010254,0.026103,0.11724,-0.084465,-0.069808,0.058198,-0.02561,0.004479,0.005619,-0.033844,0.065875,0.013452,0.024925,-0.030063,0.003092,0.091389,-0.035155,-0.073347,0.030463,-0.021007,0.03493,-0.004427,-0.051944,0.033274,-0.02367,0.042347,0.000693,-0.015482,0.020117,0.016536,0.000352,0.016194,0.005982,-0.061376,-5.8e-05,0.011101,0.064779,0.018572,0.007409,0.02387,-0.012185,0.058748,0.06862,0.023559,-0.004375,0.042212,0.062955,0.045312,0.008392,0.07882,0.049705,0.044594,-0.046436,-0.007023,-0.029129,-0.061026,0.047626,0.067307,-0.027961,0.019707,-0.088114,0.025958,0.057924,-0.090246,-0.019627,0.091528,0.060164,0.064107,0.00878,-0.060317,-0.012074,-0.056563,0.014539,-0.02028,0.025157,-0.070761,-0.043394,0,-0.033722,0.026059,-0.140508,0.008346,-0.10552,0.02355,-0.007989,0.06314,-0.053998,0.092424,0.02624,-0.091197,-0.006777,-0.127614,0.004616,-0.053243,-0.052417,0.083019,-0.020426,0.040703,-0.033936,-0.014068,-0.02712,-0.012442,0.073228,0.077159,-0.008471,0.074127,-0.040851,-0.065379,-0.003684,-0.051078,0.125389,0.071726,-0.009114,-0.002016,0.039592,0.034611,0.031056,-0.025939,-0.009551,0.034578,-0.000356,-0.053611,-0.09833,-0.044811,-0.091093,0.058441,-0.001982,0.003425,-0.057855,-0.044748,-0.065286,-0.069884,-0.035372,0.021673,-0.001342,-0.059199,-0.058581,-0.000987,-0.031676,-0.055789,0.007264,0.047236]",468,3000
diplomes_p012_c0008,diplomes,Référentiel des Diplômes et Certificats — Cameroun,"niveaux. Les huit niveaux couvrent toute l’étendue des certifications, aussi bien celles de l’éducation",4. Pratiques et typologies des cadres nationaux de certification,"de base (niveau 1), de la formation professionnelle que celles de l’enseignement supérieur (niveaux
5 à 8). La classification des certifications s’effectue sur la base de critères et descripteurs partagés par
l’ensemble des pays membres. Les résultats de cette démarche permettent aux pays membres de
l’Union de situer leurs certifications à l’intérieur d’une première classification européenne, de revoir
et compléter leur cadre national des certifications (CNC) et, au besoin, de consolider leurs propres
systèmes d’éducation et de formation.
 La deuxième catégorie de cadres
Elle est constituée des cadres nationaux des certifications (CNC) dont l’élaboration repose sur des
approches et instrumentations similaires au CEC. Même si le nombre de niveaux peut différer, ces
cadres nationaux s’articulent à partir d’une classification des diplômes et certifications de
l’enseignement général, de la formation professionnelle et de l’enseignement supérieur du même type
que le CEC., Cette classification est basée sur les acquis de l’éducation et de la formation des
différentes certifications en termes de savoirs, aptitudes et compétences. Centrés sur la consolidation
du système éducatif au sens large, ces cadres reposent sur un inventaire exhaustif des certifications
de l’ensemble des sous-systèmes éducatifs d’un État, dans le but de les répartir par niveau, d’en
assurer une meilleure cohérence, d’améliorer la qualité de la formation et de permettre une meilleure
reconnaissance des diplômes.
 La troisième catégorie de cadres
Elle est issue de l’analyse de la situation du monde du travail. Désignés généralement sous le vocable
de cadres nationaux des qualifications (CNQ), ces cadres prennent appui sur les qualifications
professionnelles (compétences) requises pour intégrer le marché de l’emploi et développer son
autonomie professionnelle. Souvent créés à l’initiative des organisations du monde du travail,
11
l’élaboration et la gestion de ces cadres reposent sur un large partenariat entre les représentants des
employeurs et ceux de l’Administration publique.
Il est à noter que les cadres nationaux des qualifications de la 3e catégorie peuvent également conduire
à la mise en place de cadres sectoriels des qualifications (CSQ), avec la contribution et la participation
des des représentants du monde du travail au sein d’un secteur économique – par exemple le secteur
du BTP, de l’agro-industrie, de l’énergie et du numérique pour ce qui projeté dans le cadre de la mise
en œuvre du PADESCE. Ils présentent alors par niveau, les qualifications et certifications de chaque
métier du secteur économique concerné5.
On peut distinguer deux sous-catégories de cadres nationaux des qualifications :
 les cadres centrés sur les qualifications (compétences) ;
 les cadres centrés sur les métiers ou professions.
Les cadres centrés sur les qualifications prennent appui sur l’identification de l’ensemble des
qualifications ou compétences requises pour exercer un métier en prenant en",8,structural,"[-0.005844,-0.015758,-0.021653,-0.033157,0.010731,-0.010752,-0.040812,-0.014928,-0.016038,-0.020686,-0.067241,0.019639,0.047132,0.026737,-0.178653,-0.015073,-0.107431,0.009368,0.056127,-0.014758,-0.05249,0.01462,-0.086685,-0.043885,-0.003064,-0.029041,0.001556,-0.052893,-0.022958,-0.01603,-0.028796,-0.064984,-0.034652,0.030396,0.006685,-0.108346,0.061091,0.027262,-0.01844,0.01324,0.042529,-0.04785,0.027222,0.089048,0.018693,0.08558,0.003106,-0.048868,-0.047965,-0.002612,0.022269,-0.115788,0.038627,0.0256,-0.014541,-0.039352,-0.059106,0.017682,-0.066166,0.08928,0.026993,0.036467,-0.063001,0.017156,0.072445,-0.000639,0.03746,0.014312,-0.028078,0.04506,0.062972,-0.016863,0.026303,-0.005264,-0.006362,0.033255,-0.053113,-0.009535,0.112347,-0.070106,-0.015446,0.067345,0.085174,-0.094783,0.068907,-0.010384,0.052349,-0.02029,0.024242,-0.057882,0.04717,-0.065331,0.015496,0.029654,-0.013343,-0.009576,0.025076,0.059702,0.040429,0.005246,-0.009137,-0.023608,-0.083241,0.044559,-0.013112,0.092785,0.029012,0.00096,0.018765,-0.043265,-0.03981,0.003765,-0.078372,-0.048326,-0.040979,0.076924,0.020226,0.069059,0.037547,-0.014063,-0.077092,0.027422,-0.064445,-0.059633,0.024542,0.035513,-0.01114,0,-0.024589,0.066148,0.020769,-0.007846,-0.03552,-0.082699,0.038958,0.045636,-0.048208,0.018969,-0.008318,0.118125,0.002051,-0.01318,0.009436,0.046878,-0.052602,-0.025684,-0.065396,0.120438,0.000151,-0.056055,0.045446,0.065719,-0.0589,0.029944,-0.028548,0.01746,-0.038005,-0.018973,-0.004516,-0.028932,-0.007435,-0.051031,0.032833,-0.004491,0.150746,0.069852,0.017243,-0.041676,0.071787,-0.025292,0.034513,-0.022771,-0.019434,-0.004905,-0.062291,-0.018284,0.060792,-0.04791,-0.007111,-0.039731,-0.078624,-0.110721,0.016185,-0.008088,-0.015916,0.087155,-0.004002,-0.074931,-0.095892,-0.072284,0.011028,-0.000637,0.03845,0.012925,-0.0167,-0.0089,0.047092,-0.112482,-0.077401,0.015442,0.046018,-0.012345,0.055426,0.012874,0.003947,-0.039752,-0.066188,0.005788,-0.02601,0.027416,-0.012313,-0.123597,0.05959,-0.02221,-0.003609,0.028177,0.069154,-0.039821,-0.032681,-0.01753,0.079246,-0.017152,-0.031472,2e-06,0.011044,0.040863,-0.065825,0.016036,-0.049628,0.029696,-0.010773,0.011916,-0.057446,0.01995,0.061847,-0.051435,0.078829,0.020119,-0.005716,-0.071308,-0.186669,0.009509,-0.015563,-0.011588,0.035743,0.020731,-0.087015,0.025247,0.021754,0.058914,-0.073257,0.010052,0.099508,0.040996,0.008615,-0.026051,0.023584,0.074108,0.006006,-0.058103,0.039054,-0.007295,-0.010223,0.030631,-0.060351,0.01613,-0.052657,0.06465,0.017321,-0.044146,0.044714,0.062089,-8e-06,-0.00665,0.075334,0.029897,-0.101244,0.026799,0.060168,0.036304,-0.050979,0.02426,-0.043583,0.040378,0.034716,0.019702,-0.009956,0.040087,0.024551,-0.021163,-0.031279,0.124371,-0.010881,0.008684,-0.068717,-0.002507,0.014549,-0.071215,0.050592,0.076084,0.020728,-0.028618,-0.109578,0.029387,-0.036443,-0.089848,-0.01545,0.055876,0.111176,-0.00055,0.093563,-0.066093,0.07851,-0.011764,0.070172,-0.01136,0.020036,-0.058458,-0.053386,0,-9.6e-05,0.014499,-0.10487,-0.003448,-0.069031,-0.032052,-0.010355,0.017397,-0.046946,0.057936,0.018834,-0.04615,-0.047946,-0.10596,0.00368,0.005517,-0.030344,0.064063,0.008788,0.096,-0.027023,-0.040065,0.003225,-0.010061,-0.076555,0.003817,0.033608,0.053524,-0.001388,-0.037918,-0.004263,0.033063,0.11743,-0.055019,0.027692,0.014589,0.090317,0.074465,0.055703,0.027899,-0.021303,-0.045021,-0.058065,-0.016064,-0.08186,-0.048685,-0.076583,-0.04422,0.043658,0.08028,-0.095631,-0.029813,-0.018241,-0.070931,-0.034195,0.034939,0.000897,-0.044763,-0.070557,-0.046084,-0.01537,-0.055115,0.082404,0.018829]",466,3000
diplomes_p013_c0009,diplomes,Référentiel des Diplômes et Certificats — Cameroun,niveaux s’effectuent sur la base de l’analyse des caractéristiques générales du métier et des exigences,"niveaux. Les huit niveaux couvrent toute l’étendue des certifications, aussi bien celles de l’éducation","de l’ensemble des compétences opérationnelles requises pour l’exercer. Chaque métier est classé par
5 UNESCO, CEDEAO, PNUD, Contribution au développement de cadres nationaux et du cadre régional des certifications (CNCs/CRC)
dans la sous-région de la CEDEAO : analyse régionale et perspectives, 2013
12",9,structural,"[0.013816,-0.015795,0.010681,0.013458,-0.028671,-0.065969,-0.077041,-0.008126,0.007954,-0.003683,-0.07472,-0.007334,-0.010352,0.067714,-0.13329,-0.031913,-0.100718,0.005416,-0.010386,-0.069951,-0.027348,0.06193,-0.036065,-0.050098,-0.04935,-0.030146,-0.024254,-0.049844,0.010316,0.0264,-0.021988,-0.02703,0.016371,-0.028022,0.035687,-0.033408,0.053452,0.050803,0.046563,0.017396,0.016425,-0.05662,0.040615,0.074829,0.00754,0.069395,-0.003461,-0.049028,-0.105063,-0.02249,0.008233,-0.114245,-0.027379,-0.034648,0.007285,-0.056422,-0.027441,-0.06403,-0.075888,0.045779,0.015831,0.036278,-0.096756,0.029366,0.068128,0.054231,0.069583,0.020457,0.024884,-0.009477,0.001,-0.020193,0.019035,-0.030112,-0.06148,-0.003787,-0.054519,0.008241,0.074653,-0.057493,0.058643,0.041073,0.077563,-0.09207,0.087027,-0.010362,0.02421,-0.044299,-0.011824,0.00417,0.02661,-0.057195,0.034595,0.021707,-0.002542,-0.020532,-0.002128,-0.019144,0.087863,0.035676,-0.004725,-0.009678,-0.124693,0.004804,-0.020126,0.051182,-0.003318,-0.030355,0.024658,0.016023,-0.039779,0.035707,-0.023329,-0.062877,-0.033331,0.074732,0.018675,0.041496,0.004836,-0.074327,-0.119616,-0.022481,-0.014161,-0.059337,0.088775,0.05684,-0.02134,0,0.010549,-0.022979,0.011652,-0.00645,-0.071886,-0.011112,0.027906,-0.034066,0.001967,0.0067,0.040381,0.135642,0.006297,-0.053917,0.048436,0.106402,-0.041018,-0.031208,-0.090616,0.080558,-0.035961,-0.073117,0.036893,0.079562,-0.064766,0.041125,-0.012319,0.01526,-0.017619,-0.003264,0.021592,-0.059513,0.033972,0.052385,0.081867,0.066219,0.098565,0.07786,0.06387,-0.039838,0.096416,-0.037268,0.019263,0.000277,0.0326,0.050385,-0.043135,0.004346,0.067945,-0.038454,-0.028465,-0.012849,-0.112486,-0.071744,0.056613,0.023766,-0.027805,0.092924,0.019595,-0.007231,-0.071768,0.020701,0.026601,-0.006818,0.050569,-0.006167,-0.010379,-0.013392,0.051715,-0.084698,-0.068156,0.066289,0.028116,0.03631,0.060427,-0.001213,0.0158,-0.022786,-0.060344,0.032593,-0.003419,0.031321,-0.027189,-0.094311,0.014516,0.026652,-0.020107,0.067837,0.052357,-0.025265,-0.069395,0.004402,0.017789,0.015645,-0.050054,6e-06,0.05688,0.015933,-0.00745,0.014147,-0.033067,-0.006969,-0.073206,0.026285,-0.045204,-0.012358,0.03183,-0.004373,0.090227,0.001546,0.011534,-0.104603,-0.154424,0.050722,-0.036546,0.034189,0.143626,0.033312,-0.11467,-0.023753,-0.028208,0.054503,-0.020345,-0.027426,0.098662,-0.035022,0.065158,0.020239,-0.012836,0.025242,-0.044483,-0.054661,0.095463,-0.012876,-0.011657,0.017764,-0.060773,0.060035,-0.092523,-0.022531,-0.006362,-0.017049,0.03285,0.027026,0.021056,-0.061198,0.106235,-0.015889,-0.08461,-0.017155,0.059984,0.029556,-0.00532,0.009592,-0.034453,0.066463,0.047325,0.011477,-0.012283,0.025722,-0.014049,0.009049,0.083944,0.095272,-0.019449,0.073376,-0.025625,0.04572,-0.042484,-0.078551,0.042598,0.014074,-0.061365,-0.036681,-0.108969,0.015252,0.019034,-0.118014,0.006896,0.070584,0.049095,0.005725,0.070263,-0.127231,0.023397,-0.027865,0.003618,-0.024329,-0.047688,-0.0889,0.001437,0,0.048487,0.018949,-0.117964,0.013249,-0.074691,0.017569,-0.04395,0.012093,-0.062507,0.07279,0.065972,-0.028032,-0.067068,-0.074455,-0.026837,-0.020101,-0.013508,0.084051,0.03041,0.077949,0.037753,-0.040991,0.073582,-0.044984,-0.029763,-0.025446,0.04657,0.053238,-0.025652,-0.034614,0.067772,0.018173,0.071101,-0.031104,-0.020021,0.001326,0.010499,-0.009243,-0.00425,0.038812,-0.018956,-0.00163,-0.029847,0.048324,-0.08624,-0.033616,-0.012963,-0.021915,0.026235,0.066991,-0.040238,-0.058076,-0.008629,-0.05685,-0.05424,0.078137,0.071383,-0.041273,-0.09542,0.004945,0.048826,-0.029808,0.04213,0.007024]",46,302
diplomes_p014_c0010,diplomes,Référentiel des Diplômes et Certificats — Cameroun,niveau. Il n’existe qu’un seul diplôme par niveau. Il est possible de se voir reconnaître une ou,niveaux s’effectuent sur la base de l’analyse des caractéristiques générales du métier et des exigences,"plusieurs compétences en lien avec un métier par l’intermédiaire d’un relevé de compétences et/ ou
d’obtenir un diplôme aussi bien par la voie de la formation initiale en établissement, par
l’apprentissage, que par la validation des acquis de l’expérience (VAE). Des passerelles permettent,
pour les métiers ou professions apparentées, d’accéder à des niveaux supérieurs. La formation
professionnelle de la Suisse en est un exemple6.
III. STRUCTURE ET PRINCIPALES CARACTERISTIQUES DU SYSTEME
D'EDUCATION DU CAMEROUN
Entreprendre la mise en place d’un CNCQ, c’est porter un regard critique sur la situation du système
de d’éducation et de formation professionnelle au Cameroun. L’adoption d’un CNCQ est l’occasion
de revoir et de consolider le système national de formation, de rapprocher celui-ci de la réalité du
marché du travail et d’adopter diverses mesures susceptibles d’améliorer la qualité et l’efficacité de
la formation. Le but ultime étant de renforcer la cohésion interne du système de formation et ses liens
avec le marché du travail.
Figure 1 : Le système d'éducation et de formation, données 2018-20197
6 Confédération suisse, DEFR, Secrétariat d’État à la Formation, à la Recherche et à l’Innovation (SEFRI), Le Cadre national des
certifications pour les diplômes de la formation professionnelle (CNC-CH-FP) en bref, 2013.
7 Source : Groupe de la Banque mondiale (2019), Projet d'enseignement secondaire et de développement des
compétences - Document d'information sur le projet. Page 122.
https://documents.worldbank.org/en/publication/documentsreports/documentdetail/985741559276623707/concept-
project-information-document-pid-secondaryeducation-and-skills-development-project-p170561.
13
L'accès et la progression dans le dispositif d’éducation - formation sont réglementés par les lois
régissant le système d'éducation et de formation :
- Loi Nº 98/004 du 4 avril 1998 sur l'orientation de l'éducation au Cameroun.
- Loi n° 005/2001 du 16 avril 2001 relative à l'orientation de l'enseignement supérieur.
- Loi n° 2018/010 du 11 juillet 2018 régissant la formation professionnelle au Cameroun.
14
Système francophone Système anglophone",10,structural,"[-0.102683,0.023301,0.042518,0.043132,-0.052683,-0.000346,-0.098291,-0.003968,-0.006705,-0.084756,-0.067593,0.009726,0.03021,0.002754,-0.103835,0.0364,-0.106118,-0.000358,-0.00482,0.002299,-0.080928,0.028383,-0.11477,-0.045631,-0.025301,-0.001819,0.025845,0.028329,-0.010929,-0.043419,0.01397,-0.004253,-0.032009,0.002167,0.027148,-0.067585,0.024578,0.090866,-0.024676,-0.011139,-0.004947,-0.037087,-0.038239,0.044091,0.080853,0.039707,0.10891,0.015838,-0.067212,-0.004579,-0.076535,-0.065773,0.057024,0.067674,0.044616,0.003463,-0.070084,-0.083001,-0.031595,-0.030023,-0.003787,0.047327,-0.044639,0.005885,0.044714,-0.002705,0.063296,-0.016337,-0.001576,-0.026217,0.020551,0.013535,-0.019324,-0.053457,-0.039462,0.013304,0.003766,-0.031009,0.064677,0.026621,0.049825,-0.02737,-0.000411,-0.000464,-0.023269,-0.048861,0.062088,-0.040695,0.055832,0.015916,-0.01561,-0.061137,0.006221,-0.017826,0.085694,0.005757,-0.021364,0.016361,0.036436,0.066199,-0.013611,0.031425,-0.044638,0.052808,-0.022789,0.041645,-0.003541,-0.084963,-0.021331,0.016954,-0.030021,-0.036276,-0.051502,-0.01443,0.067131,0.011166,0.036399,0.008292,-0.079339,-0.024046,-0.05166,0.081095,-0.066081,0.002357,0.015107,0.044519,0.010687,0,0.027181,0.007569,-0.012873,-0.01252,-0.014063,-0.075911,-0.026939,-0.014771,0.012765,-0.022697,-0.00124,0.032432,0.045655,-0.015049,-0.011494,0.158733,-0.055367,-0.021342,-0.01796,0.063458,-0.051997,-0.03453,-0.017218,0.076278,-0.145368,0.046453,0.099182,-0.034786,-0.046712,-0.047909,0.000398,-0.061274,-0.007457,0.043469,0.097215,-0.003837,0.103219,0.055261,0.086579,-0.031915,0.032376,0.042731,-0.001804,-0.002771,-0.020786,-0.020296,-0.066045,-0.029859,-0.026213,-0.00936,0.03311,-0.020587,-0.000673,-0.054405,0.075193,0.07894,-0.057926,0.191644,0.036799,-0.028565,-0.01496,0.015674,0.032418,0.031011,0.057045,-0.022787,-0.061035,-0.005764,0.065167,-0.063,-0.080291,0.022804,-0.074547,-0.008011,0.039683,-0.074425,0.008768,-0.058107,-0.021665,0.040761,-0.00479,-0.027631,-0.075032,-0.084744,0.010967,-0.062493,-0.031506,-0.022257,0.060857,-0.009225,-0.027536,-0.077353,0.035042,-0.060221,0.023227,-1e-06,0.030661,-0.026382,-0.131331,0.06088,0.013592,-0.007266,0.005075,0.042288,-0.06328,-0.033846,-0.0339,0.016209,0.103662,0.041417,-0.002767,0.029856,-0.112809,-0.04661,-0.031141,-0.004156,0.046531,0.015243,-0.063015,0.004418,-0.035766,0.036342,-0.002837,-0.000718,0.013827,-0.004891,0.034562,0.024813,0.031605,0.008218,0.042735,0.021377,0.135479,0.005429,0.009798,-0.014408,-0.020663,0.027045,-0.094984,-0.012257,0.000506,-0.033459,-0.012775,-0.032221,-0.00701,-0.062964,0.005578,-0.003967,-0.085144,0.047268,0.044511,-0.067156,0.042549,-0.019466,-0.019971,0.089406,0.035233,-0.079401,-0.056921,-0.038091,0.007611,-0.017219,-0.010489,0.052822,-0.041597,0.015268,-0.019658,0.006858,0.049864,-0.104577,0.037862,0.041729,0.033798,0.041467,-0.080637,-0.038113,-0.068433,-0.070269,0.001949,0.043064,0.02436,0.025416,0.094731,0.008976,0.027506,-0.083882,0.01626,-0.028216,-0.07202,-0.122476,-0.040088,0,0.045811,-0.018177,-0.053961,0.073707,0.005351,-0.009752,-0.061103,0.02867,-0.021757,0.062648,0.065222,-0.000446,-0.079197,-0.065364,0.012979,-0.018376,0.044665,0.053176,-0.024492,0.052021,0.031436,-0.006122,-0.07399,-0.035235,-0.021561,0.014437,-0.009196,-0.118068,-0.077773,-0.053962,0.04055,0.098029,0.09782,-0.174844,-0.018363,-0.057964,0.099546,0.027021,0.029948,-0.080114,-0.034549,-0.001553,-0.053924,-0.076876,-0.031124,-0.038403,-0.002124,0.003337,0.036279,0.121349,-0.059472,-0.041746,-0.004051,-0.04162,0.022986,0.019779,0.052339,-0.011174,-0.073605,-0.048691,0.103706,0.074097,0.015381,-0.014718]",344,2155
diplomes_p016_c0011,diplomes,Référentiel des Diplômes et Certificats — Cameroun,"Niveaux d’enseignement Cycles, niveaux et titres de Cycles, niveaux et titres de",niveau. Il n’existe qu’un seul diplôme par niveau. Il est possible de se voir reconnaître une ou,"certifications certifications
Doctorat
Master : BAC + 5
Master Recherche
Master Professionnel
Diplôme d’Ingénieur de conception
DIPES2 (Diplôme de professeur
d’enseignement secondaire)
DIPET2 (Diplôme de professeur
d’enseignement technique)
DIPCO (Diplôme de conseiller
d’orientation)
DIPEN2 (Diplôme de professeur
Enseignement supérieur d’enseignement normal)
Licence : BAC + 3
Licence Académique
Licence Professionnelle
Licence d’Ingénierie
DIPES1 (Diplôme de professeur
d’enseignement secondaire)
DIPET1 (Diplôme de professeur d’enseignement technique)
Enseignement supérieur de cycle court : BAC + 2
BTS (Brevet de Technicien
Supérieur),
HND (Higher National Diploma)
DUT (Diplôme universitaire de technologie)
Secondaire supérieur général (3 Secondaire supérieur général (2 ans)
ans) Secondaire supérieur Secondaire supérieur technique
Enseignement
technique (services, industriel) (3 (services, industriel) (2 ans)
secondaire
ans) Diplômes : GCE A/L (General
(2 -ème cycle)
Diplômes : BAC (Baccalauréat) ; Certificate of Education Advanced
BT (Brevet de Technicien) Level) ; BAC technique
Secondaire inférieur général (4 Secondaire inférieur général (5 ans) –
ans) certification : GCE O/L (General
certification : BEPC (Brevet Certificate of Education Ordinary
Enseignement
d’Études du Premier Cycle) Level)
secondaire
Secondaire inférieur technique Secondaire inférieur technique
(1er cycle)
(services, industriel) (4 ans) – (services, industriel) (5 ans) –
certification : CAP (Certificat certification : CAP (Certificat
d’Aptitude Professionnelle) d’Aptitude Professionnelle)
Classes 1-6 Classes 1-6
Enseignement Certification : CEP (Certificat Certification : FSLC (First School
primaire d’Études Primaires) Leaving Certificate)
Enseignement Cycle : petite – grande sections Cycle : crèche 1-2
préscolaire Durée de 2 ans Durée de 2 ans
Tableau 1: Structure des systèmes éducatifs (francophone et anglophone)
Formation professionnelle (sous la tutelle du MINEFOP)
La formation professionnelle vise principalement les jeunes, diplômés et non diplômés, des systèmes
d'enseignement primaire, secondaire et supérieur. Dans les prévisions pour la dernière décennie, la
formation professionnelle prévoyait d'absorber au moins 50 % de cette population, ce qui correspond
15
à un effectif de 200 000 apprenants chaque année, répartis entre la formation professionnelle et
l'apprentissage. Les travailleurs et les jeunes qui ont quitté l'école sont également des cibles
potentielles de la formation professionnelle.
Le système de formation professionnelle est organisé comme suit :
Composante formelle :
 Formation professionnelle publique
 Formation professionnelle privée
Composante non formelle : essentiellement - les apprentissages.
Outre le MINEFOP, plusieurs administrations sectorielles (MINADER, MINNEPIA, MINPROFF,
etc.) développent et déploient également des activités de formation professionnelle.
Les certifications délivrées par la voie des évaluations formelles ou de validation par ",11,structural,"[-0.052399,-0.020343,0.02564,-0.035132,-0.026076,-0.051681,-0.043808,-0.02932,-0.04917,-0.04823,-0.087004,0.04736,0.068303,0.004424,-0.041754,0.035642,-0.070453,-0.001025,0.070623,0.007577,-0.053879,0.013969,-0.070015,-0.04388,-0.030101,0.019778,-0.028738,-0.001088,-0.014921,-0.05384,0.012424,0.108699,-0.103954,-0.042481,0.025828,-0.139019,-0.024268,0.089111,-0.074493,-0.032871,0.074642,-0.012645,0.00896,0.036122,0.082654,0.077016,0.036684,0.014481,0.056419,0.045051,-0.05435,-0.086085,0.067807,0.028544,0.047345,-0.06723,0.006353,0.02336,-0.068337,0.062898,0.0442,0.03945,-0.097887,-0.036083,0.091565,0.023533,0.025405,-0.030977,-0.01378,0.02874,0.047505,-0.055362,0.035416,0.0316,0.008837,0.000206,0.047693,0.017742,0.072847,-0.032796,-0.101593,-0.016218,0.091357,-0.105823,-0.027126,-0.046455,-0.049348,0.021103,0.005318,-0.027389,0.07041,-0.027389,-0.00923,-0.049154,0.05029,0.066221,-0.110603,0.060364,-0.013405,0.040408,0.010097,-0.047947,-0.077976,0.010215,-0.056521,0.047848,0.048635,-0.046459,-0.009057,-0.042392,0.034919,0.0498,0.088628,-0.025565,-0.023948,0.06812,0.017069,0.07556,0.095265,0.036604,-0.05487,0.056978,-0.053237,-0.03451,0.023228,0.045798,-0.006081,0,-0.002532,0.002953,0.070975,0.09122,-0.035446,-0.031585,-0.002449,-0.060741,0.045188,0.004396,0.057903,0.035247,0.011525,-0.075704,-0.053987,-0.010095,-0.02842,0.023659,-0.017546,0.123277,-0.042132,-0.038967,-0.042526,0.056689,-0.105258,0.069869,0.089002,-0.019507,0.046767,-0.017706,0.006363,-0.017416,-0.042144,-0.034243,0.063877,-0.00582,0.124839,0.037427,-0.000506,0.029242,0.027291,-0.006344,0.004781,0.028241,-0.065827,-0.072353,-0.003366,-0.030052,0.065777,-0.040168,0.051951,-0.021711,-0.018701,-0.097666,0.086731,0.030734,-0.021218,0.076282,0.011751,0.000783,-0.053436,-0.049822,-0.000322,0.010404,0.0226,-0.045114,-0.024162,0.001301,0.015341,-0.028237,-0.061603,0.046309,0.029226,-0.030263,0.042916,-0.043861,-0.000259,-0.002347,-0.041522,-0.00519,-0.028516,0.049529,-0.034578,-0.036648,0.040189,-0.049218,0.002082,0.017323,-0.008186,-0.034061,-0.015608,0.001678,0.045859,-0.005271,0.029411,-1e-05,-0.038822,-0.07831,-0.041803,-0.000953,-0.016185,-0.050703,0.04902,-0.000518,-0.019131,-0.031741,0.067331,0.014268,0.084843,0.020831,-0.034688,-0.015113,-0.122628,-0.003291,0.026124,0.037002,0.039058,0.040746,0.072964,0.049758,-0.101955,0.063392,-0.036601,0.040535,0.081436,0.030524,-0.009222,-0.031062,-0.017273,0.086232,0.015926,-0.027328,0.041068,-0.060412,-0.049983,-0.007508,-0.056901,0.065073,0.002254,0.001381,5.3e-05,-0.054958,0.017166,0.070212,0.043085,0.008081,-0.006154,0.028283,-0.077002,-0.022561,-0.025335,-0.076966,0.00339,-0.006724,0.019641,0.107834,-0.011436,-0.014565,-0.029119,0.001692,-0.003007,0.071994,-0.000547,0.079951,0.017273,0.058767,-0.134313,0.00458,0.041195,-0.072324,0.049102,0.031164,0.152139,-0.00598,-0.05552,-0.068971,-0.046159,-0.042146,-0.109704,0.108136,-0.024111,-0.05451,-0.009025,-0.081096,0.0889,-0.053135,0.006678,-0.024842,-0.00821,-0.03958,-0.020697,0,-0.007241,0.001626,-0.038305,0.004493,-0.045084,-0.024849,-0.106248,-0.017986,-0.000155,-0.016743,0.046295,0.039261,-0.019312,-0.128599,0.054486,-0.049427,0.054281,0.032523,0.001221,0.047737,-0.009056,-0.02587,0.012317,0.027235,-0.058063,0.062232,0.001672,-0.083216,0.048583,-0.030449,0.009219,0.003709,0.124706,-0.045269,0.001831,-0.073917,-0.003455,0.095459,0.089409,0.010117,-0.043641,0.026242,-0.08123,-0.058027,-0.138165,-0.054479,-0.038307,0.003983,0.044539,-0.032106,-0.096901,-0.038316,0.005472,-0.035858,-0.070855,0.086295,0.030517,-0.010909,-0.045723,0.007332,-0.030605,0.005549,0.002542,-0.036692]",382,3000
diplomes_p017_c0012,diplomes,Référentiel des Diplômes et Certificats — Cameroun,ET DE QUALIFICATION,"Niveaux d’enseignement Cycles, niveaux et titres de Cycles, niveaux et titres de","Après plusieurs travaux d’échanges et de partage, le CNCQ du Cameroun a été validé par les
différentes parties prenantes, constituées des représentants des administrations exerçant dans le
secteur de l’éducation (MINEDUB, MINESEC, MINEFOP), des administrations offrant des
formations professionnelles (MINADER, MINEPIA, MINPROFF, etc) et des organisations
professionnelles d’employeurs et de travailleurs.
Le modèle validé se présente sous la forme d’un schéma à six blocs ainsi définis :
- Le premier indique les différents niveaux de qualification retenus (de 1 à 10) ;
- Le second bloc représente l’enseignement maternel et primaire (éducation de base) avec ses
deux diplômes (CEP et FSLC) ;
- Le troisième bloc représente l’enseignement secondaire avec un aperçu des différents types
de diplômes délivrés par le MINESEC ;
- Le quatrième bloc est celui de l’enseignement supérieur avec ses diplômes sur le plan
académique et professionnel ;
- Le cinquième bloc représente la formation professionnelle avec un aperçu de diplômes
délivrés par le MINEFOP ;
16
- Le sixième bloc représente le marché du travail vers lequel convergeront tous les détenteurs
de diplômes à la recherche d’un emploi.
Dans chaque type d’enseignement, les flèches verticales indiquent le cheminement normal
d’un niveau inférieur au niveau immédiatement supérieur, et donc à la certification
correspondante. Cependant, les flèches horizontales montrent des passerelles possibles entre
les types d’enseignement et le marché de l’emploi.
Passerelles entre les différents systèmes de certification
Une passerelle est un lien entre certifications, qui établit un principe de reconnaissance pouvant
prendre des formes diverses et se traduisant par :
- des équivalences totales ;
- des équivalences partielles aboutissant à la reconnaissance d’unités de certification;
- une articulation entre certifications de niveaux différents qui donne la possibilité de passer
d’un niveau à l’autre.
De ce point de vue, il existe une possibilité de passerelle pour les détenteurs de diplômes de formation
professionnelle (diplôme d’ouvrier semi-qualifié et diplôme d’ouvrier qualifié) d’obtenir un diplôme
de l’enseignement secondaire (BEPC/CAP/GCE OL et Probatoire/BEP respectivement), à condition
de réussir sa mise à niveau de la formation correspondante. De ce point de vue, les détenteurs de
diplômes de formation professionnelle (diplôme d’ouvrier semi-qualifié et diplôme d’ouvrier
qualifié) ont la possibilité, grâce aux passerelles existantes, d’obtenir un diplôme de l’enseignement
secondaire (BEPC/CAP/GCE OL et Probatoire/BEP etc.), à condition de réussir sa mise à niveau de
la formation correspondante.
De même, l’accès aux divers diplômes de formation professionnelle peut également se réaliser, pour
les personnes ayant développé des compétences sur le marché du travail, par l’intermédiaire de la
Validation des Acquis de l’Expérience (VAE). En outre, Selon les disponibilités organisationnelles,
il sera également possible d",12,structural,"[-0.002176,-0.005536,0.024537,-0.02922,0.064936,0.061939,-0.161532,-0.021218,-0.063825,-0.000335,-0.048051,0.031242,0.071512,-0.036098,-0.041255,0.078505,-0.067342,0.007026,0.000159,0.013231,-0.043381,-0.058344,-0.117679,-0.056016,-0.001549,0.049334,0.044711,0.03773,-0.046641,0.015512,0.014415,0.028286,0.016735,0.038143,0.012667,-0.039453,-0.039292,0.01687,-0.043576,-0.071265,0.018779,-0.05037,0.035478,0.011057,0.039736,0.035068,0.058505,0.004661,-0.110197,-0.007483,0.046994,-0.064351,0.078048,-0.002778,0.012029,0.025184,-0.050165,-0.110423,-0.089883,0.02724,-0.055571,0.009059,-0.112589,0.010365,0.10325,-0.013486,-0.032842,-0.023385,-0.020026,0.010308,0.081219,-0.041983,-0.032715,-0.058897,-0.024152,0.064451,0.075847,0.06579,0.084676,-0.049376,-0.077021,0.02263,0.033881,-0.114688,0.032117,-0.072112,-0.004665,-0.045736,0.073219,0.049241,0.027763,-0.018808,0.049828,0.058864,0.08835,0.027686,0.062105,0.096449,-0.025916,0.049834,-0.028522,-0.018576,-0.102306,-0.029325,-0.035774,-0.015888,0.016783,0.039261,-0.057992,-0.115066,-0.020365,-0.050429,0.003706,-0.016629,0.036081,-0.057263,0.024603,0.028462,0.015541,0.041148,-0.010768,0.059565,-0.046399,-0.00045,-0.0351,-0.017973,-0.11646,0,0.000724,0.008193,-0.019693,0.014986,-0.032673,0.017037,0.015428,-0.027383,0.016133,0.046617,-0.029387,0.110957,0.020093,-0.07149,0.043252,-0.017524,-0.082906,0.031164,0.01199,0.089078,-0.023941,-0.061294,-0.069564,0.016166,-0.067039,0.091223,-0.012447,-0.042933,-0.065235,0.022294,0.038479,-0.017284,-0.077042,0.005945,0.036817,0.019764,0.09309,0.047678,0.001032,-0.083693,0.029734,-0.045193,0.105462,-0.015323,-0.037484,-0.044408,0.01644,0.011291,-0.011824,0.031077,0.000493,-0.054038,0.04077,-0.109887,0.072506,0.024351,0.004549,0.101776,-0.047823,0.011362,-0.038214,0.024181,0.004493,0.033485,0.018004,0.009302,-0.06168,-0.051825,0.077828,-0.079927,-0.035316,0.071511,0.020686,0.031591,0.022704,-0.084214,0.002067,-0.084328,-0.112621,0.01268,-0.015003,-0.010806,-0.002829,-0.11389,0.079653,-0.017672,-0.013548,0.004521,0.047838,-0.055192,-0.000858,-0.100304,0.038774,0.04578,0.032593,-3e-06,-0.014308,0.020875,-0.01255,-0.014785,0.059819,-0.006191,0.116394,-0.029941,-0.003739,-0.02542,0.091508,-0.007889,0.059383,0.010528,-0.044295,-0.041228,-0.072779,-0.066016,0.061896,-0.011308,-0.025363,-0.032508,-0.137685,0.023424,0.021311,-0.009707,-0.038572,-0.051576,0.029987,0.08097,0.01972,-0.091337,-0.027362,0.052415,0.012718,-0.024185,-0.022525,-0.08616,-0.012632,0.018734,-0.058704,0.012251,-0.021089,0.038057,-0.034968,0.070199,0.007151,0.099399,-0.019541,0.005708,-0.042675,0.035692,-0.055198,0.022168,0.049543,-0.086442,0.022343,-0.019156,-0.034799,0.085986,0.020601,0.042863,-0.010527,-0.047846,-0.003945,-0.024761,-0.053333,0.067443,0.019391,0.073699,-0.061853,-0.030351,-0.038835,0.001555,0.066247,-0.003163,0.052316,0.057973,-0.038924,-0.01173,-0.101315,-0.015189,-0.012843,0.00843,0.073152,-0.011677,0.052812,-0.020784,0.017642,-0.004735,0.026036,-0.050349,0.00928,-0.006529,-0.081629,0,0.013773,-0.034772,-0.053593,-0.061147,0.049441,0.001346,0.004541,-0.082031,0.052633,0.086607,0.080626,0.014728,-0.035841,-0.125188,0.009327,0.000655,0.055879,0.065851,0.001082,0.022365,0.024704,-0.01884,-0.068035,-0.026298,0.091033,0.008069,-0.070624,-0.024176,-0.018565,0.085908,0.005249,-0.00681,0.096681,-0.067021,-0.048431,0.07801,0.024564,0.023538,0.088521,-0.025405,-0.024542,0.022937,-0.04323,-0.049425,-0.010371,0.023314,-0.03783,0.012337,0.055452,0.015448,-0.114039,0.03478,-0.027772,-0.024483,0.048832,0.041873,0.069325,-0.069517,-0.006841,-0.048786,-0.013666,0.045462,-0.02229,-0.009723]",448,3000
diplomes_p020_c0013,diplomes,Référentiel des Diplômes et Certificats — Cameroun,ET DE QUALIFICATION CAMEROUN,ET DE QUALIFICATION,"Au cœur du CNCQ se trouvent les descripteurs de niveaux qui fournissent des descriptions
transparentes des complexités de l’apprentissage à un niveau spécifique du système de certification,
indépendamment de la manière ou du lieu où cet apprentissage s’est déroulé. Les descripteurs de",13,structural,"[-0.066736,0.054997,-0.041237,-0.074366,-0.007207,-0.049116,-0.003039,0.066617,-0.025469,-0.063226,-0.019572,-0.090662,0.095468,0.047183,-0.104028,-0.05704,-0.086402,0.050904,0.043973,-0.031517,-0.025117,-0.004911,-0.063152,-0.056012,-0.048322,0.050885,0.007661,-0.036222,0.065992,-0.020605,0.048038,-0.049174,0.002861,0.015141,0.034459,-0.086662,0.077249,-0.009778,0.040354,-0.020482,0.001696,-0.077825,0.011167,0.094651,0.044746,0.079857,-0.002693,0.005569,-0.111614,-0.088424,-0.054622,-0.076374,0.009738,0.012026,-0.007113,-0.036672,-0.017367,-0.006198,-0.086625,0.109314,0.0655,-0.03138,-0.044941,0.032043,0.087665,0.111951,-0.014124,-0.029418,0.053134,-0.021092,-0.002129,0.005401,-0.00356,0.035373,-0.036811,-0.008166,-0.032087,-0.025692,0.036819,-0.02829,-0.045715,0.024922,0.003969,0.008388,0.089781,0.004637,-0.017323,-0.043115,0.0054,-0.024623,0.008129,-0.087201,-0.006998,-0.018373,0.044625,-0.025629,0.064093,0.034519,0.083279,0.015867,-0.008892,-0.036879,-0.075716,-0.023362,-0.033799,0.075208,-0.005372,-0.062525,-0.007298,-0.028422,-0.047786,0.007298,-0.043345,-0.059082,-0.042312,0.030902,0.032481,0.028387,0.095566,-0.024068,-0.095768,0.037664,-0.030421,-0.035153,0.051256,-0.012833,-0.015191,0,-0.108878,0.11285,-0.039261,0.008713,-0.049458,-0.013039,-0.062917,-0.01048,-0.007236,0.076436,-0.037651,0.082495,-0.059775,-0.024278,-0.005324,0.079901,0.028175,-0.011332,0.013367,0.047803,0.001233,-0.025556,0.014037,0.067629,0.043452,0.080606,0.03465,-0.028487,0.014847,0.001884,0.017426,-0.031921,0.025028,-0.020694,0.048503,-0.014323,0.094761,-0.019627,0.104701,-0.004329,0.038967,-0.026234,0.019422,0.006713,0.001107,0.009274,-0.048239,-0.01681,0.011741,-0.02071,-0.053988,-0.039253,-0.094818,-0.124599,0.051339,-0.051383,-0.063741,0.071055,-0.028965,0.055342,-0.073495,-0.025979,-0.057073,0.010051,0.06766,-0.044604,-0.042905,-0.025828,0.043879,-0.051965,-0.156902,-0.013111,0.031082,-0.051557,0.031829,-0.029701,-0.074182,0.019839,-0.07147,-0.005473,-0.077714,0.082259,-0.007313,-0.100164,0.055262,-0.034391,-0.025128,0.04358,-0.053335,-0.055936,-0.016404,0.025705,0.002777,0.003985,0.021581,-2e-06,-0.055322,0.034644,-0.108923,0.015423,-0.038201,-0.019193,-0.01523,0.019293,-0.028237,0.106305,0.08454,-0.083176,0.054958,-0.039443,-0.032133,0.001344,-0.145813,0.049504,0.004059,0.073789,0.038858,0.037722,-0.091538,0.001689,0.017865,0.020357,0.005142,-0.055759,0.023534,0.037449,-0.024072,-0.130247,0.00215,0.036041,0.004473,-0.074887,0.093333,-0.034123,0.007223,0.019561,-0.051781,0.041102,-0.052861,0.004396,-0.007589,-0.046733,0.002249,0.004029,0.032704,-0.052871,0.078958,-0.070735,0.009343,-0.042675,0.033385,-0.017335,-0.033804,-0.00209,-0.039265,0.066462,0.030242,-0.044252,0.025803,0.061113,0.054712,-0.01818,-0.043288,0.077487,0.000608,0.005115,0.025721,-0.026962,-0.033513,-0.040373,-0.021796,-0.055006,0.010177,0.007532,-0.079139,-0.019287,-0.041601,-0.012164,0.015874,0.029507,0.119282,-0.020497,0.00498,-0.044843,0.029995,-0.038996,0.07555,0.080696,-0.044616,-0.0391,-0.051118,0,-0.001956,0.010923,-0.154843,-0.083465,0.015739,0.005432,-0.07488,-0.034767,-0.06031,0.04249,0.015673,-0.076649,-0.065403,-0.031849,0.081298,0.009327,0.022842,0.061605,0.036075,0.121316,0.084515,-0.043487,-0.012431,0.040842,-0.052284,0.00112,0.016179,-0.014153,0.026974,0.070991,0.025283,0.02951,0.091794,-0.040541,-0.008828,0.035709,0.044547,0.00415,0.041472,0.036025,-0.005761,0.019828,-0.076647,0.019588,0.037926,0.004942,0.022629,-0.031039,-0.008759,0.115924,-0.082896,-0.022448,-0.016551,-0.017806,-0.026739,0.022778,0.030332,-0.021408,-0.067632,-0.0166,0.07035,0.086252,0.097208,-0.03681]",44,285
diplomes_p020_c0014,diplomes,Référentiel des Diplômes et Certificats — Cameroun,"niveaux facilitent et permettent la reconnaissance de l’apprentissage tout au long de la vie, les acquis",ET DE QUALIFICATION CAMEROUN,"de l’apprentissage dans tous les contextes (formel, non formel et informel).
Les acquis de l'apprentissage sont considérés comme la « colle » des cadres de certification et les
descripteurs de niveaux basés sur les acquis de l’apprentissage sont donc essentiels, pour indiquer la
complexité de l’apprentissage à un niveau particulier.
L’objectif principal est d’orienter le processus d’attribution des certifications, des
certifications partielles et éventuellement d’autres types d’apprentissage et de titres de compétences
aux niveaux du cadre. Les énoncés des descripteurs suffisamment détaillés, aident à indiquer
l’emplacement d’une certification particulière à un niveau spécifique, et à offrir une portée suffisante
pour classer les nouvelles certifications, ou permettre le placement des certifications existantes. Ils
fournissent un langage commun et un point de référence général, afin de permettre la différenciation
des résultats d’apprentissage entre les niveaux dans un pays comme le Cameroun.
Les descripteurs de niveaux sont présentés comme une matrice définissant et clarifiant la logique
verticale et horizontale en tant que cadre qui englobe tous les types et niveaux de certifications. Un
alignement et une cohérence entre les dimensions verticales et horizontales sont importants. La
progression de niveau se fera en partant du chiffre le plus petit vers le plus grand, en cohérence avec
les standards de l’ACQF African Continental Qualification Framework). Tous les items cités dans les
descripteurs d’un niveau ne devront pas systématiquement être remplis par chaque certification,
compte tenu du mode d’exercice des activités (la nomenclature n’est pas une grille destinée à
s’appliquer de manière homogène). Cependant, sauf si un mode d’exercice particulier l’explique,
l’absence dans une certification de plusieurs éléments significatifs des descripteurs de niveau amènera
à se poser des questions sur sa pertinence.
1.La dimension verticale
La dimension verticale décrit le niveau de complexité de l'apprentissage implicite dans le
système de certification, auquel sont liés les types de certification (ou les certifications). Elle favorise
une progression claire vers le haut, et celle-ci permettrait par conséquent de différencier les niveaux
de complexité. Cette logique devrait être de nature hiérarchique, du niveau inférieur au niveau
supérieur en l’occurrence :
- Avec suffisamment de détails pour permettre de différencier un niveau de l'autre. Plus il y a
de niveaux, plus le degré de différenciation entre eux est difficile à atteindre ;
- Avec une progression diagonale et ascendante claire tout au long des niveaux.",14,structural,"[-0.074197,0.015347,0.005135,-0.009601,0.045193,-0.05695,-0.013598,0.040699,-0.015249,-0.063717,-0.034282,-0.020157,0.068354,0.024626,-0.128118,-0.030598,-0.067823,-0.012809,-0.000308,-0.04403,-0.069387,0.057719,-0.084228,-0.049935,0.004114,-0.017792,-0.076452,0.003934,0.074602,-0.024181,-0.013929,-0.026614,-0.037769,0.033362,0.043243,-0.044607,0.077854,0.0489,0.015725,-0.096558,0.050882,-0.102176,-0.018922,0.206404,-0.02197,0.034495,0.062876,-0.062845,-0.104573,-0.005715,-0.004057,-0.057686,0.008313,-0.004913,-0.049071,-0.045584,-0.030084,-0.057727,-0.026891,0.067006,0.032715,0.058157,-0.104006,0.03319,0.032851,0.033733,0.052157,-0.01441,0.005287,-0.006458,0.032394,0.048473,0.006751,-0.020347,-0.04581,-0.022297,-0.047858,-0.037552,0.112739,-0.055308,-0.020584,0.07915,0.021884,0.008935,0.048699,-0.06243,0.053222,-0.035347,0.057516,-0.022534,0.038968,-0.036915,0.041493,0.013301,0.039671,-0.016276,0.068786,0.001797,0.018496,0.064876,0.004231,-0.041461,-0.068325,0.023265,-0.012102,0.0136,-0.092036,-0.091266,0.007932,-0.00326,-0.023554,-0.029584,-0.076304,-0.049368,0.004445,0.031652,-0.033018,0.040919,0.000103,0.017833,-0.096373,0.031774,-0.080388,0.017198,0.05232,-0.047933,0.024472,0,-0.048435,0.071769,-0.065688,0.043239,-0.049393,-0.020966,-0.013981,0.042761,0.002832,0.048281,-0.025137,0.08905,-0.044891,-0.046889,0.057902,0.088522,-0.019998,0.051473,-0.05288,0.04192,-0.017615,-0.06334,0.024455,0.055846,-0.047588,0.036102,0.046243,-0.01877,-0.053591,0.020159,0.024914,-0.072665,0.016294,0.047519,0.008518,-0.038915,0.117375,-0.01268,0.012877,0.015127,0.0408,0.027267,0.052087,0.01629,-0.029773,-0.035792,-0.047416,0.023333,0.022299,-0.003721,-0.026422,0.008567,-0.006451,-0.098128,-0.019602,0.008659,-0.071364,0.07803,-0.005958,-0.095059,-0.084185,-0.018819,0.006287,0.037282,-0.021908,0.02956,-0.012039,-0.062939,0.030324,-0.029383,-0.143601,0.027942,0.010397,-0.037436,0.029583,-0.025421,0.026206,-0.002326,-0.086786,-0.040149,-0.017284,0.048168,-0.027995,-0.084667,0.024222,-0.064564,-0.007314,0.036464,-0.036075,-0.046149,-0.016111,0.004523,0.007785,-0.02328,0.002059,-1e-06,0.015925,-0.05674,-0.052169,-0.017885,-0.022452,-0.041637,-0.07797,0.010395,0.007757,0.05601,-0.033568,-0.006405,0.059282,-0.068916,-0.026158,-0.03174,-0.123881,0.098457,0.048735,0.048419,-0.003934,0.050667,-0.054219,-0.05777,-0.035925,0.025033,-0.049843,-0.048253,0.052786,0.017665,0.020371,-0.034113,0.005131,-0.014714,-0.053557,-0.079231,0.134668,-0.01878,0.010571,-0.004719,0.021541,0.076538,-0.022763,0.032695,-0.039033,-0.013298,0.062661,-0.035472,0.048436,-0.046043,0.089294,-0.001035,-0.056946,0.040611,0.052646,0.095458,-0.013526,0.018821,-0.063271,0.045824,0.016686,0.011307,0.015234,-0.020373,0.112846,0.005017,-0.038738,0.057418,-0.0007,0.093275,-0.03715,0.006952,-0.039229,-0.081526,0.024555,0.061579,0.091569,-0.013914,-0.08161,-0.055679,-0.04814,-0.025482,-0.002775,0.052817,0.102871,-0.012009,0.072315,-0.02096,0.061204,-0.027205,0.094726,0.073979,0.025159,-0.043557,-0.058718,0,0.045619,0.012828,-0.168927,-0.063491,-0.004918,0.025491,-0.022808,0.041047,-0.020904,0.017801,-0.000594,-0.096258,-0.125031,-0.104341,0.009895,0.002949,0.002689,0.054978,-0.043926,0.090172,-0.011258,-0.031365,-0.007247,0.041582,-0.066543,-0.007411,0.027725,-0.029105,0.040172,0.024299,-0.022689,0.017283,0.109402,-0.038707,0.030576,0.060735,0.085885,0.021837,0.051581,0.030082,-0.009675,0.027219,-0.056759,0.029619,0.04562,-0.000539,-0.027912,-0.054581,0.014424,0.100235,-0.067982,-0.008543,-0.064108,-0.063769,-0.044595,0.053418,0.003869,-0.062972,-0.029911,-0.034896,0.062083,0.0629,0.05245,-0.01961]",403,2654
diplomes_p021_c0015,diplomes,Référentiel des Diplômes et Certificats — Cameroun,2. La dimension horizontale,"niveaux facilitent et permettent la reconnaissance de l’apprentissage tout au long de la vie, les acquis","V
La dimension horizontale décrit les domaines d'apprentissage en accord avec la vision projetée en
termes de gestion des certifications. Cette dimension doit pouvoir favoriser un degré général de
comparabilité du niveau de complexité des différents domaines, universellement décrits comme des
connaissances et aptitudes, et s'accompagnent d'autres domaines tels que l'application, la compétence,
l'autonomie et la responsabilité, et l'innovation.",15,structural,"[-0.04626,-0.026873,-0.021285,-0.108969,0.014699,-0.069288,0.007194,0.088903,0.011858,-0.026106,0.001626,0.006664,0.082229,0.035246,-0.122086,0.042102,-0.067711,0.003954,-0.046241,-0.037723,-0.002541,-0.024419,-0.070006,-0.023436,-0.023042,0.016129,-0.001513,0.009939,0.033309,-0.051649,0.013085,0.049674,0.001809,0.050592,-0.009644,-0.041335,0.040672,-0.004344,0.008458,-0.051699,0.012006,-0.115551,-0.013133,0.110347,-0.045913,-0.021604,0.033403,-0.046152,-0.114703,-0.041965,0.00533,-0.065861,-0.021276,0.031264,-0.058466,-0.0142,-0.034256,0.016778,-0.001254,0.0728,0.075155,0.012946,-0.090631,0.020981,0.056133,0.04415,-0.023763,-0.01718,-0.030131,0.00605,0.008261,0.030107,0.004692,-0.10889,0.007979,-0.059837,-0.053887,0.005827,0.094488,-0.10247,0.078363,0.05632,-0.024771,0.04245,0.036552,0.031872,0.014036,-0.09378,0.098837,-0.041377,0.013463,-0.051527,-0.001972,0.010689,0.006952,-0.102273,0.031945,-0.074389,-0.018613,0.024349,0.006075,-0.053251,-0.052029,-0.008789,0.015372,0.000651,-0.025858,-0.042582,0.072503,-0.026599,-0.027939,0.027722,-0.006116,-0.040988,0.028962,0.041867,-0.027766,0.056458,0.026335,-0.051365,-0.037846,0.023593,-0.048082,-0.094507,0.062716,-0.034433,0.012453,0,-0.061707,0.106402,-0.07384,0.040837,-0.004139,0.008159,0.016981,0.053042,0.002593,0.005897,-0.057842,0.138458,-0.037856,-0.002564,0.119884,0.074488,0.001192,0.106275,-0.032011,0.049473,-0.019068,-0.066814,0.042705,0.012851,-0.002724,-0.06519,0.016322,0.014041,-0.137866,0.028806,-0.004295,0.012648,-0.024152,0.084377,-0.002807,-0.031094,0.054466,-0.028093,0.025723,0.006759,-0.008716,0.017061,0.016925,-0.009115,0.006015,0.019867,0.060517,-0.001151,-0.008965,-0.037626,-0.0243,0.011943,-0.022518,-0.10572,0.036679,-0.023808,-0.071331,0.060858,0.030028,-0.035472,-0.123953,-0.046989,-0.058258,0.069449,-0.039151,0.009334,-0.023734,-0.100441,0.056141,0.076465,-0.049106,0.034839,0.003774,-0.016182,-0.035487,-0.019617,-0.04088,0.062765,-0.024295,0.05132,-0.063337,0.024488,0.019935,-0.098376,0.025424,-0.036623,0.040691,-0.03236,-0.030467,-0.012414,-0.061493,0.028204,0.041829,-0.00363,0.02559,-5e-06,0.006509,-0.00515,-0.081187,0.006343,-0.026337,-0.001209,-0.045647,0.062586,-0.066159,0.054591,0.015305,-0.030129,-0.042905,-0.049848,0.013809,-0.055012,-0.022927,-0.018957,0.024817,0.013665,0.067166,0.025016,-0.136716,-0.002137,-0.023129,-0.049716,-0.008232,-0.100902,-0.00731,-0.022715,0.015871,-0.06039,-0.035841,0.015837,-0.031868,-0.061448,0.129338,-0.081769,0.043546,-0.015986,-0.063754,0.032389,0.018214,-0.037649,-0.033408,-0.01738,0.029034,0.001969,0.055943,-0.101879,0.02831,0.015553,0.023445,-0.032757,0.041919,0.081318,0.019755,0.044531,0.007597,0.094693,0.063776,-0.083324,0.020949,-0.012661,0.021639,0.072662,-0.023616,0.060365,0.009572,0.093396,-0.031556,-0.002174,-0.099968,-0.046591,-0.133135,-0.013284,0.096205,0.001313,-0.001019,-0.049837,-0.014578,-0.019403,0.029326,0.006933,0.005295,-0.020567,0.066002,-0.044563,0.07128,-0.079547,0.065235,0.028312,-0.022907,-0.082289,-0.006693,0,-0.011497,-0.046436,-0.111473,-0.062948,-0.022766,0.017202,-0.031535,0.087463,0.01668,0.023601,-0.078848,-0.061648,-0.116164,0.022972,0.026046,-0.060557,-0.064487,0.080064,-0.018895,0.100088,0.027786,0.000499,-0.033839,0.029287,-0.014092,-0.033618,0.017927,-0.004735,0.033695,0.042996,0.039923,0.072838,0.090594,-0.0172,0.015249,0.028303,0.080255,0.075825,0.045367,-0.008565,-0.030773,0.040197,-0.019624,0.019113,0.047079,-0.04099,0.062021,-0.083586,0.022842,0.073612,0.023032,0.043665,0.009952,-0.070474,0.038744,0.045032,-0.008444,-0.096231,-0.074436,0.000482,0.125058,0.041511,0.014119,-0.057505]",65,447
diplomes_p021_c0016,diplomes,Référentiel des Diplômes et Certificats — Cameroun,3. Structuration,2. La dimension horizontale,"La détermination du niveau résulte de la combinaison entre les « descripteurs » qui permet d’avoir
une estimation du niveau des compétences du titulaire de la certification, évalué au travers d’un
processus d’évaluation. Il s’agit bien du niveau des compétences évaluées par la certification et non
d’un descriptif des compétences attendues sur un emploi donné. Les descripteurs rendent compte
d’une progression, en partant du niveau le plus bas. Il y a une progression verticale, mais aussi au
sein de chaque niveau, une cohérence horizontale, les éléments de chaque niveau ayant été « calibrés
» pour correspondre à des niveaux d’acquis d’apprentissage homogènes. Les catégories de
descripteurs sont au nombre de 3 : Connaissances/savoirs associés – Compétence/savoir-faire -
autonomie – responsabilité ;
Connaissances/Savoirs associés :
Ce descripteur concerne la progression dans les connaissances, pour exercer les activités
professionnelles du niveau (les processus, les matériaux, la terminologie relative à un ou plusieurs
champs ainsi que des connaissances théoriques). Il a pour objectif de rendre compte du résultat de
l’assimilation d’un savoir grâce à l’éducation et à la formation. Les connaissances constituent un
ensemble de faits, de principes, de théories et de pratiques liés à un domaine d’études ou de travail,
l’assimilation étant définie comme le processus par lequel un savoir ou savoir-faire est intégré par
l’apprenant.
Compétence/Savoir-faire :
Ce descripteur concerne :
- la complexité et la technicité d'une tâche, d'une activité dans un processus ;
- le niveau de maîtrise de l’activité professionnelle ;
- la mobilisation d’une gamme d’aptitudes cognitives et pratiques ;
- le savoir-faire dans le domaine de la communication et des relations interpersonnelles, dans le
contexte professionnel ;
20
- la capacité à transmettre des savoir-faire.
Autonomie-responsabilité :
Ce descripteur concerne :
- l’organisation du travail ;
- la réaction face à l’aléa ;
- l’appréhension de la complexité de l’environnement ;
- la compréhension d’interactions avec des activités d’autres champs professionnels ;
-;
- la participation au travail collectif ;
- le niveau d’encadrement permettant d’organiser son propre travail, de le corriger, ou de donner des
indications à du personnel encadré.",16,structural,"[-0.017601,0.010374,-0.045479,-0.035623,0.054067,0.020879,-0.037511,-0.012009,-0.023938,-0.096479,0.008661,0.008577,0.007819,0.0579,-0.106828,-0.059566,-0.129126,0.097472,0.01603,-0.029963,0.029713,0.001188,-0.065452,-0.011168,-0.005697,0.086179,-0.074076,-0.02651,0.014217,-0.017849,-0.016991,0.002486,0.087096,-0.025435,0.02657,-0.114369,-0.005327,-0.049125,-0.012046,-0.042646,0.025071,-0.041355,-0.031634,0.146056,0.002878,0.08984,0.067788,0.013497,-0.185951,-0.075028,0.03316,-0.05737,-0.00815,0.072741,-0.035273,-0.019723,-0.036371,-0.035244,0.023537,0.004089,0.047584,0.005333,-0.046384,-0.064629,0.077976,0.072763,0.047949,-0.040277,-0.041106,0.051309,0.00703,0.119373,0.036458,-0.002005,0.01036,0.061359,-0.077361,-0.042899,0.046563,-0.07523,0.02398,-0.008309,-0.042992,0.043439,0.028194,0.00613,-0.065678,-0.084517,0.022986,-0.03228,-0.012675,0.025266,-0.105115,0.000426,0.012341,-0.023538,-0.013936,0.027301,0.106653,0.040096,-0.040972,-0.013034,0.022616,0.006497,0.029488,0.043029,-0.089266,-0.070733,-0.002358,0.003876,-0.003446,-0.032923,0.015031,0.021034,0.058428,0.011155,0.035774,0.031625,0.02904,-0.000415,-0.018008,0.014557,-0.020608,-0.041669,0.061211,0.000585,-0.004286,0,-0.019419,0.033527,0.012314,0.040581,-0.029152,-0.05237,-0.059496,-0.031044,-0.002527,0.025213,-0.08183,0.08733,-0.072906,-0.006085,0.059868,0.08693,0.042073,0.03119,-0.015122,0.079246,0.024623,-0.012796,-0.022599,0.008425,-0.082373,-0.029765,0.023462,-0.005199,-0.062153,0.01557,-0.019112,-0.01519,0.00278,0.005686,0.037479,-0.050121,0.026951,0.056288,0.004341,-0.01324,0.073449,0.026729,0.03118,0.039302,0.001038,0.02705,0.000677,-0.002523,0.003346,-0.000949,-0.007345,0.02104,-0.103169,-0.070196,-0.007303,0.013132,-0.04566,0.111352,0.003243,0.025349,-0.042015,0.029473,-0.013014,-0.002714,0.011683,-0.016593,-0.112477,-0.036003,0.01924,-0.03033,-0.01321,-0.022705,-0.070705,-0.02511,-0.005594,-0.015769,0.032538,0.034734,0.004923,-0.034245,0.008804,0.053027,-0.044124,-0.145861,-0.074429,-0.034791,0.008975,-0.061297,-0.077586,-0.019584,-0.004183,-0.025511,0.040513,-0.011668,0.043404,-4e-06,0.010846,-0.046232,-0.022532,0.068823,-0.07482,-0.017791,-0.040613,0.068862,-0.038746,0.005358,0.033492,0.024066,0.018535,-0.064266,0.046499,0.005205,-0.10445,0.018155,-0.004219,0.053132,0.063384,0.046406,-0.095078,-0.003169,-0.062595,0.015754,-0.004642,-0.050553,0.012732,0.037478,-0.003924,-0.103488,-0.016696,0.043275,-0.017394,-0.110547,0.055818,-0.027287,0.088939,-0.028929,-0.011797,0.051657,-0.000617,0.030164,0.028167,-0.000202,0.078746,0.035963,0.077741,-0.015255,0.029575,0.020322,-0.050825,0.041155,-0.005939,0.022867,-0.044737,-0.032453,-0.098899,0.130572,-0.051878,-0.048338,-0.035752,0.048677,0.028768,-0.099605,-0.038316,0.003894,0.108333,0.070686,0.004847,0.037583,-0.026559,-0.060715,0.013533,-0.031247,0.027126,0.04976,-0.09431,-0.037429,-0.103318,0.016395,0.023272,0.084686,0.10753,-0.050021,0.054187,-0.067281,0.080747,0.020444,0.07128,-0.011709,-0.116053,-0.078037,-0.00986,0,-0.048604,-0.045928,-0.083946,-0.035055,0.039334,0.025484,-0.032921,0.048368,0.066787,0.05141,0.019836,-0.015579,-0.096041,-0.063155,-0.08407,0.009003,0.000403,0.06985,-0.008534,0.102236,-0.011982,-0.034342,-0.003553,-0.014503,-0.093293,-0.030162,-0.053178,-0.075277,-0.069066,-0.002551,0.059194,0.024424,0.1081,-0.049446,0.084501,-0.033387,0.050643,0.059619,-0.045015,-0.020163,-0.001723,0.038564,-0.026933,-0.015106,0.09102,-0.03573,-0.024966,0.017256,-0.098415,0.109231,0.010703,-0.028522,-0.057143,0.017181,-0.045339,-0.04799,-0.001206,-0.034927,-0.037674,0.008167,0.048209,0.057734,-0.015557,-0.041951]",347,2311
diplomes_p022_c0017,diplomes,Référentiel des Diplômes et Certificats — Cameroun,4. Volume de travail,3. Structuration,"Le volume de travail correspond au nombre total d’heures au cours d’une année d’apprentissage ou
de formation.
Les niveaux de qualification et les descripteurs associés à chacun des niveaux de qualification sont
précisés dans le tableau ci-dessous :
21
Tableau 2: Grille des descripteurs du CNCQ-Cameroun
Les descripteurs des résultats de l’apprentissage formel, informel et non formel par Volume de",17,structural,"[0.042584,0.038719,-0.019162,-0.04521,-0.037383,-0.030615,-0.009629,0.031566,-0.041029,-0.017696,-0.043694,-0.074382,0.021756,-0.00891,-0.028443,-0.062105,-0.067631,0.01632,-0.025863,-0.01241,0.062993,0.054144,-0.078641,-0.020254,0.086508,0.090011,-0.061862,-0.008347,0.06512,-0.014773,-0.006817,-0.047517,0.036265,-0.015613,0.035045,-0.15089,-0.041857,-0.073652,-0.001649,0.02084,0.003011,-0.010979,0.012262,0.102848,-0.098429,0.016696,-0.029142,0.086687,-0.080432,-0.023778,0.071214,-0.004536,0.004743,0.059901,-0.038469,0.000371,-0.051551,-0.057489,-0.012162,-0.051407,0.043745,0.10931,0.001739,-0.004335,0.044503,0.020027,-0.002315,-0.021264,-0.025245,-0.016965,0.021079,0.118622,0.030421,-0.041501,-0.054063,0.047045,-0.047211,-0.065715,-0.061685,-0.031787,-0.06627,-0.032596,0.013307,0.119786,-0.039294,-0.004241,-0.056085,-0.081875,-0.044942,0.078202,0.019758,-0.010023,-0.026827,-0.009215,0.04929,0.022739,0.069122,0.052817,0.107986,-0.02087,0.006161,0.017453,-0.04119,0.042135,0.037633,-0.025697,-0.012425,-0.071959,-0.001573,0.05053,-0.003822,-0.047762,0.05601,-0.0449,0.021442,0.083497,0.075945,0.012786,0.008275,0.016801,0.033282,-0.021721,-0.050328,-0.026134,0.009385,-0.053752,0.022672,0,-0.102059,-0.034464,0.077653,0.064196,0.018756,-0.033652,-0.03379,-0.036282,0.020744,-0.041572,-0.105489,0.054392,-0.042047,-0.089291,-0.03976,0.054222,-0.027447,0.092418,-0.043054,0.021903,-0.017451,-0.042666,0.019838,0.096507,-0.049942,-0.011975,0.014348,-0.008309,-0.058888,0.01043,0.054766,-0.004327,-0.018837,0.022279,-0.040499,-0.075297,-0.003896,0.006751,-0.030282,0.059249,0.108694,0.0061,0.115967,0.002964,-0.07755,0.053363,0.002687,-0.037401,-0.011718,0.00838,0.033987,0.095658,-0.106744,-0.012639,0.01072,-0.04121,-0.007502,-0.034526,0.004626,0.014184,-0.032836,0.108672,0.030144,0.031041,-0.022372,0.008573,-0.00043,-0.045952,0.003005,-0.029641,-0.048634,-0.00923,0.005638,-0.005066,-0.016948,-0.014726,0.055003,-0.031771,-0.050968,-0.08411,-0.006388,-0.040551,-0.071305,-0.039668,-0.075343,-0.02503,0.006415,-0.034693,-0.064662,0.003882,0.021714,-0.020216,0.016157,-0.137094,-0.016024,-2e-06,-0.000808,-0.007217,-0.050048,-0.017643,0.003922,0.077866,-0.041285,0.054821,0.058717,0.042382,0.007294,0.0415,-0.018111,-0.07014,-0.006211,0.043863,0.027108,0.005884,0.007763,0.0688,-0.021251,-0.003175,0.021145,0.020987,-0.092674,-0.050198,0.00811,-0.098706,-0.049421,-0.020604,0.084659,-0.080842,0.014979,0.022804,-0.072349,-0.072899,0.083329,-0.037357,0.078958,-0.099837,-0.026365,-0.07413,0.067624,0.022208,-0.014199,0.00386,0.045867,-0.061636,0.055156,0.03405,0.091542,-0.003645,-0.023094,0.062898,0.074102,0.084335,0.004257,-0.007679,0.004723,0.078154,-0.027071,0.049764,-0.040484,-0.049528,-0.014366,-0.056111,-0.048161,-0.000523,0.045018,0.106915,-0.100192,-0.061573,0.051875,0.007311,0.007959,-0.007154,0.041082,0.024439,-0.056264,-0.051878,-0.127991,0.017708,0.075383,0.045168,0.114371,-0.146624,0.020276,0.024167,0.011681,0.075928,-0.009152,0.079289,-0.009863,-0.092988,0.067964,0,0.017349,-0.101048,-0.064282,0.013486,0.015554,-0.014339,-0.005857,0.102956,0.05683,0.068104,-0.029398,-0.026482,-0.029047,-0.067399,-0.00785,-0.007019,-0.085298,-0.038004,-0.037312,-0.009407,-0.050906,-0.009411,-0.040225,0.002946,0.04225,0.004268,0.012783,-0.060405,-0.031992,0.049261,0.056142,0.090771,0.034697,-0.034526,0.023949,-0.00948,0.112748,0.041529,0.019505,0.033274,-0.028062,-0.031109,-0.057228,-0.008065,0.077617,0.013954,-0.071167,0.092731,-0.022177,-0.013837,0.002295,0.013938,0.018228,0.028561,0.026493,0.042295,-0.031884,-0.028532,0.067655,0.068973,0.058142,0.049054,-0.069854,-0.044863]",65,399
diplomes_p023_c0018,diplomes,Référentiel des Diplômes et Certificats — Cameroun,Niveau,niveau travail,"Certifications
national
Connaissances/Savoirs Compétences/Savoir-faire Autonomie et
Responsabilité
Démontrer une aptitude cognitive,
technique et de communication
fondamentale pour : Appliquer/reproduire
Reproduire /mémoriser
-la réalisation d’une série des savoirs faire et
des connaissances simples CEP / FLSC",18,structural,"[-0.075302,-0.069062,-0.070297,-0.039421,-0.02208,-0.020865,0.026339,0.029846,-0.041145,0.050251,-0.007668,0.015161,0.058465,0.03914,-0.101998,-0.058127,-0.05748,0.052507,0.079175,-0.08653,-0.018337,0.010007,-0.024284,0.038103,0.094964,0.023285,-0.037959,-0.055518,0.038032,-0.014817,0.073451,-0.017662,0.000687,-0.007346,-0.046609,-0.011754,0.009605,0.03847,0.049603,-0.047263,-0.067036,-0.130234,-0.0087,0.046104,0.073592,0.077937,0.01179,0.074954,-0.094387,-0.024108,-0.057398,-0.035635,0.02661,0.055969,-0.009035,-0.000173,-0.023989,-0.006021,-0.089829,0.058224,-0.030419,-0.071065,-0.092434,0.008752,0.013557,0.049284,0.008062,0.094892,0.054235,0.017537,0.001968,0.098577,0.094226,-0.001687,0.017037,-0.000774,-0.084996,-0.013242,0.048776,-0.026066,0.051735,0.039785,0.045224,0.000558,0.072794,0.036867,0.012613,0.005652,0.014403,0.011654,0.000294,-0.054045,0.001419,-0.053822,-0.068075,-0.012986,0.013275,0.030317,0.009498,0.02707,0.028443,-0.000843,-0.040736,-0.056161,0.044824,0.069137,-0.020651,-0.057107,0.00689,0.044655,-0.036527,0.010328,-0.036577,-0.025337,0.022131,0.061688,0.019123,-0.029488,-0.016188,-0.059839,-0.133134,-0.011306,0.019698,-0.035551,0.078352,-0.016366,0.080923,0,0.004236,0.100147,-0.089619,0.007495,-0.021766,-0.028531,-0.037457,-0.001849,-0.009582,0.009545,0.083048,0.159467,-0.024395,-0.037879,-0.020756,0.040891,-0.079658,-0.011663,-0.017877,-0.025802,-0.04383,-0.05278,0.070682,-0.002404,-0.031786,-0.027916,-0.014248,0.0216,0.025597,0.005416,0.001237,0.012052,0.033387,0.030525,-0.000542,-0.041821,0.05379,-0.046532,-0.024914,-0.012871,0.088415,0.025471,-0.019327,0.024662,-0.035253,0.002926,0.022676,-0.06794,0.111765,-0.083768,-0.008982,-0.051162,-0.093734,-0.094867,0.081548,0.062844,-0.080472,0.023781,0.020227,-0.014526,-0.039087,-0.010019,-0.057935,-0.014569,-0.015121,-0.01245,-0.02829,-0.013249,0.083579,-0.002817,0.025229,0.009075,-0.061834,0.014488,0.007764,0.042051,0.025603,0.009636,-0.063836,0.031813,0.03242,-0.055478,-0.017789,0.028014,0.039892,0.04047,-0.015481,0.02061,-0.00623,0.011294,-0.02741,-0.041378,0.087334,-0.008594,-0.017931,-5e-06,-0.021874,0.055914,-0.026262,0.200485,-0.045987,-0.00237,-0.061038,0.034184,-0.026852,0.045354,-0.002238,-0.092173,0.042007,0.01595,0.103997,-0.153958,-0.035617,0.018575,0.014913,0.037911,0.039691,0.080624,-0.073001,-0.064332,-0.032565,-0.029338,-0.03159,-0.030892,0.031495,0.029234,0.042111,-0.011142,-0.024993,0.027573,-0.034469,-0.065542,0.096414,0.047809,0.00968,0.030546,0.061319,0.053007,-0.082253,-0.087463,-0.013233,-0.052526,-0.074543,0.035946,0.051811,-0.10338,0.1055,-0.038588,-0.092179,-0.030587,0.051147,0.093071,-0.033525,0.029569,-0.014905,0.028926,-0.046874,-0.079825,-0.083964,-0.06886,0.079043,0.021296,-0.056816,0.054083,-0.034776,0.097445,-0.001236,-0.007429,-0.00358,-0.049562,0.027598,-0.026869,-0.066441,-0.018221,-0.049704,-0.069505,0.022243,-0.017189,0.006656,0.016665,0.004082,0.015302,-0.003303,-0.105176,0.030499,-0.005977,0.073824,0.088899,0.005601,-0.043157,-0.072128,0,0.017425,-0.032585,-0.005018,0.028838,0.07043,0.041771,-0.043721,-0.061297,-0.040682,0.019903,-0.077771,-0.058368,-0.056222,-0.016247,-0.025742,-0.012466,0.020439,0.083098,0.014537,0.088849,0.07151,-0.009645,0.045158,0.01274,-0.088818,-0.025108,0.063066,0.002959,0.005174,-0.033571,-0.051679,-0.006117,0.069582,-0.075321,0.046512,-0.039534,0.02538,-0.020436,0.052094,0.024537,0.039581,0.083059,0.040467,0.019239,-0.040076,0.034679,-0.032705,-0.098378,-0.033623,0.047722,-0.024535,-0.017212,0.029008,-0.061314,0.032939,-0.023823,0.04701,-0.102012,-0.082576,0.019695,0.058217,0.103255,-0.006493,-0.002777]",38,311
diplomes_p023_c0019,diplomes,Référentiel des Diplômes et Certificats — Cameroun,Niveau 1 : d’opérations standardisée simples et être dans des contextes 900 à 2400h,Niveau,"en lecture, écriture et (Primaire)
répétitives ; (hautement) structurés
calcul.
-entreprendre les activités simples, et stables.
et répétitives et pratiques pour
suivre des instructions simples et
utiliser des solutions simples.
Mémoriser et interpréter
les connaissances de base Exécuter de manière
intégrant la Décrire et rapporter des structurée des tâches
Diplôme",19,structural,"[-0.092382,0.042707,0.061705,-0.034349,-0.121641,-0.148286,-0.03956,0.037783,-0.061278,-0.020921,0.038235,0.054154,-0.021788,0.017484,-0.050064,-0.079935,-0.124834,-0.016774,0.032138,-0.045604,-0.011037,0.012709,-0.087858,-0.000745,0.00536,0.103886,-0.077954,-0.02871,0.091918,-0.098443,-0.020801,-0.024025,0.014079,0.054247,-0.011887,0.040582,-0.061508,-0.051912,-0.050422,-0.082001,-0.005671,-0.000786,-0.005128,0.084589,0.01912,0.072556,0.023758,-0.021746,0.048046,-0.014829,0.031259,-0.03326,0.04162,-0.024875,0.113332,0.048688,0.045035,0.027147,0.017312,-0.052132,0.040683,0.001369,-0.081919,-0.013548,-0.00753,0.046913,0.056626,-0.040165,-0.00048,0.060825,-0.031254,-0.001524,-0.004969,0.062141,0.001263,-0.02383,-0.040973,-0.039152,-0.036648,0.040258,-0.061291,-0.083775,0.003926,-0.003555,0.058717,0.033229,0.034007,0.003957,0.120913,-0.05396,0.051003,-0.007273,0.002541,-0.025268,0.01013,0.051582,0.016817,0.046826,-0.069079,-0.024167,0.082037,0.039943,0.053289,-0.001238,-0.045626,0.013133,-0.036336,0.002757,-0.046911,-0.124174,-0.02537,-0.002622,-0.026348,-0.032875,-0.035192,-0.067857,-0.035482,-0.045609,0.002687,-0.004075,-0.051685,0.023149,-0.037164,0.063893,-0.029829,0.04302,0.013008,0,0.018988,0.042551,-0.116177,-0.010048,-0.046547,-0.032931,-0.018104,0.07157,0.016533,0.033171,0.02844,0.008444,-0.01651,0.082748,-0.01986,-0.024741,0.146039,0.064513,0.021792,-0.003922,0.030464,0.044939,-0.030096,0.01244,0.00549,0.103819,0.058907,-0.025437,-0.037021,-0.000919,-0.002171,-0.007191,-0.0164,0.07333,0.043837,0.049945,0.139961,-0.005501,0.078903,-0.015806,-0.006014,0.053663,0.028983,-0.025358,0.007934,0.08195,-0.023392,0.125652,0.077548,-0.042842,-0.060923,0.049915,0.014445,-0.045654,0.063537,0.067693,0.010587,-0.009786,-0.012134,0.120992,-0.063424,0.062234,-0.009994,0.119296,-0.061183,0.017041,-0.070513,0.001643,-0.034023,0.040342,-0.11587,0.00876,-0.009899,-0.042605,0.060391,-0.015219,0.057657,-0.061796,-0.046768,0.000372,-0.064833,0.090817,0.002485,0.006074,-0.000745,0.006263,0.049971,0.005077,-0.027995,0.050134,0.05498,0.020778,0.033616,-0.040277,-0.016653,1e-06,0.062705,0.002947,-0.038002,0.000701,-0.071974,0.011488,-0.044672,-0.095323,-0.022303,-0.043322,-0.049069,0.010038,-0.005019,-0.043583,-0.04448,0.006137,-0.065699,-0.031498,-0.044433,-0.034973,0.020261,0.088297,0.004865,-0.100785,0.022862,-0.044434,-0.08675,0.074477,0.042294,-0.01841,-0.06293,-0.050483,0.061084,0.073415,0.035769,0.067663,0.05904,0.128975,0.048706,-0.062217,0.022057,0.030464,-0.009825,0.03766,0.029766,-0.015531,-0.053055,-0.051107,-0.098522,-0.022456,-0.001954,-0.079095,-0.021624,-0.027223,0.040087,0.017516,0.004638,-0.035267,-0.022238,0.011883,-0.0182,-0.094043,0.028505,-0.006919,-0.068887,0.034185,-0.008017,-0.131163,-0.061655,-0.008423,0.016453,-0.007229,-0.004933,-0.016887,-0.06851,-0.070525,0.003611,-0.010556,-0.039534,-0.053153,0.019022,0.028639,0.007474,0.026417,-0.107351,0.054331,0.065063,0.048449,-0.009953,0.004408,-0.078335,-0.004967,-0.016649,0.025533,-0.032798,0,-0.081008,0.015912,-0.01358,-0.00464,0.041236,-0.013345,0.023989,-0.003145,-0.03023,-0.024576,0.023832,0.005249,0.001084,0.019979,-0.021301,0.070283,0.048988,-0.080593,-0.057855,0.068049,-0.032799,0.012564,0.051562,-0.025769,-0.032769,-0.007741,-0.028469,0.06544,0.091869,-0.054342,-0.021042,0.030339,0.024577,-0.006686,0.001488,-0.072452,0.039388,0.087622,0.030792,-0.0125,-0.069922,-0.048441,-0.007553,0.025512,-0.011301,0.024872,-0.106993,-0.093577,-0.036532,-0.020096,0.01553,0.060255,0.009566,0.048522,-0.044734,0.051806,0.014314,-0.106502,-0.069158,0.087763,-0.005621,0.081696,-0.07606,-0.063796]",49,367
diplomes_p023_c0020,diplomes,Référentiel des Diplômes et Certificats — Cameroun,"Niveau 2 : compréhension et le informations concrètes, des idées et sous une supervision à",Niveau 1 : d’opérations standardisée simples et être dans des contextes 900 à 2400h,"900 à 2400 d’ouvrier semi-
rappel des connaissances des solutions connues pour régler l’égard des résultats
qualifié (FP)
factuelles et des problèmes simples pour soi et pour le
opérationnelles groupe
dans certains domaines.
Utiliser des aptitudes de
Sélectionner des
communication, cognitives, Appliquer des savoirs
Connaissances factuelles
pratiques et techniques requises : et savoir-faire dans",20,structural,"[-0.071277,0.052331,0.079067,-0.012446,-0.054272,-0.084325,-0.000353,0.061461,-0.062415,-0.004089,-0.043866,-0.01607,-0.003399,0.036795,-0.111647,-0.001713,-0.070332,-0.054866,-0.074204,-0.116843,-0.025661,-0.000418,-0.13511,-0.07429,0.056689,0.095227,-0.117331,-0.037873,0.024263,0.009082,-0.06977,-0.014247,0.024411,-0.041409,0.055588,0.058889,-0.038472,0.022591,-0.033822,-0.068372,-0.011099,-0.032568,-0.010689,0.055782,0.071239,0.108404,0.027791,-0.00637,0.035053,-0.053208,-0.054203,-0.021728,-0.042118,-0.042254,0.104193,-0.029646,0.013318,0.007748,-0.075361,-0.01688,0.055319,-0.012671,-0.06703,0.007649,0.059358,-0.023361,0.016489,-0.047374,-0.047109,-0.022663,-0.087161,0.09166,-0.013941,-0.010621,0.010934,0.004592,-0.025651,0.015822,-0.006689,0.016356,0.050575,-0.090876,0.000899,0.016671,0.096554,-0.004687,-0.005303,-0.05744,0.085795,-0.019808,-0.030775,-0.04313,0.025388,-0.037997,0.122811,0.018162,-0.033107,0.037506,-0.061831,0.00696,0.072821,0.019772,0.009282,-0.077232,0.019447,0.056656,0.037954,-0.010514,0.026144,-0.066192,-0.020019,-0.052772,0.018366,-0.031482,-0.001606,-0.016701,0.033638,0.006229,-0.047069,-0.049186,-0.12255,0.003373,-0.025234,-0.02862,-0.016854,0.110513,-0.006691,0,-0.020299,0.01203,-0.083405,0.035634,-0.026236,-0.029008,-0.071833,0.023986,0.015431,0.051914,0.032539,0.035891,-0.069834,0.000339,0.04898,-0.011607,0.044798,0.011724,0.00685,-0.002479,0.037484,-0.059398,-0.077583,0.010364,0.093359,-0.006788,0.031822,-0.029184,-0.058905,-0.034603,-0.023243,0.002857,0.002073,0.064834,0.029191,0.017873,0.12807,-0.003097,0.007743,0.03746,0.000203,0.041833,0.029944,-0.046964,0.0136,0.039101,-0.058856,0.018324,0.065575,-0.111701,-0.056277,0.050221,-0.099625,-0.058208,0.107607,0.016035,0.072982,0.018549,-0.025117,0.091143,-0.113377,0.025463,-0.040893,0.036376,-0.057726,0.061272,-0.049502,-0.021623,0.004826,0.072382,-0.062727,-0.022957,-0.015785,-0.018657,0.080919,-0.061224,0.079933,-0.011948,-0.013535,0.010318,0.035432,0.067029,-0.003198,0.01775,-0.009643,-0.017254,0.012708,0.040518,0.040655,-0.047779,-0.014868,0.03868,-0.027565,-0.055515,-0.021239,-2e-06,-0.059109,0.04789,-0.054717,0.038555,-0.04351,-0.011118,-0.022436,-0.09591,0.13213,-0.012728,-0.023331,0.018463,0.05172,-0.037611,-0.094223,-0.095533,-0.087501,-0.052402,-0.041411,0.072469,-0.039591,0.051316,0.038734,-0.098765,0.016805,0.014646,-0.056852,2e-06,0.010247,-0.015084,-0.034143,-0.113423,0.026869,0.043393,-0.063426,0.016588,0.057616,0.042119,-0.042278,-0.009048,0.086668,0.028352,-0.046299,0.034288,-0.080535,-0.004165,0.019559,-0.087781,-0.040602,-0.077522,0.104572,-0.029687,-0.003199,0.076355,-0.017732,0.075341,0.064558,0.059315,-0.11792,0.098078,0.004302,-0.001681,-0.002225,0.025993,0.000236,0.055224,-0.022386,0.050666,-0.037478,-0.051156,-0.029299,-0.091992,0.050642,0.008892,0.022407,0.015691,-0.031213,0.054519,-0.016971,0.061018,0.056125,0.033538,0.011331,0.034833,0.01033,-0.054927,0.113004,0.000559,0.04889,0.003788,-0.029517,-0.01176,-0.063297,0.008165,-0.046211,0,-0.054171,-0.008023,-0.04047,-0.019464,-0.010692,0.012515,0.005842,0.011795,-0.079906,0.065745,-0.09481,0.035794,-0.107374,-0.023729,-0.008723,0.057842,0.035609,0.034804,0.001116,0.049684,0.037942,-0.012973,-0.030533,-0.005046,-0.033925,0.047753,-0.009437,0.015863,0.023714,0.014115,-0.02929,0.005468,0.064233,0.01695,-0.031138,-0.083434,0.03262,0.01702,-0.005088,-0.036154,-0.052863,0.084922,-0.023925,0.034099,-0.028158,0.071698,-0.040845,-0.083294,0.004516,0.006269,0.061475,0.02625,0.123006,-0.000723,-0.003949,0.005108,0.009174,-0.041535,-0.117775,0.008489,0.003883,0.071817,0.055001,-0.0238]",56,397
diplomes_p023_c0021,diplomes,Référentiel des Diplômes et Certificats — Cameroun,Niveau 3 : et opérationnelles BEPC/CAP/GCE,"Niveau 2 : compréhension et le informations concrètes, des idées et sous une supervision à","-pour interpréter des idées et des des contextes 900 à 2400
intégrant certains aspects OL (Secondaire)
renseignements détaillés ; structurés sous une
théoriques dans certains
-pour régler des problèmes dans un supervision.",21,structural,"[-0.010246,-0.00585,0.005843,-0.02771,0.060978,-0.079805,0.049587,0.007798,0.030573,-0.045786,-0.031064,0.015009,-0.031435,0.072292,-0.093755,-0.02444,-0.052378,0.043685,-0.040277,-0.068697,0.006033,-0.014739,-0.011899,-0.052671,0.002493,0.010379,-0.015845,-0.064938,0.049818,-0.036304,-0.007978,-0.096965,0.030955,-4.8e-05,0.009971,0.009971,-0.030236,-0.056477,-0.032019,-0.021919,-0.015563,0.054861,-0.049465,0.107941,0.093154,0.081198,-0.000542,-0.034797,-0.042518,-0.068977,-0.06718,-0.082393,-0.013334,-0.038319,0.043976,-0.019817,-0.004867,-0.012919,-0.02459,0.075335,-0.028951,0.023556,-0.005777,0.031528,0.109733,0.07931,0.074903,-0.0106,-0.05853,-0.021228,-0.077818,0.039963,-0.014202,0.018507,-0.012591,0.027006,0.013684,0.09078,0.021369,0.052198,-0.035036,-0.104275,0.0216,0.046488,0.00309,-0.026161,-0.110737,0.005964,-0.005781,0.06476,-0.063503,-0.043755,0.056992,0.063276,0.095202,0.023712,0.014666,-0.0069,-0.035074,0.09672,-0.003112,0.071581,-0.019865,-0.025288,-0.031196,0.055951,-0.002364,-0.015383,-0.076362,-0.02143,0.054777,-0.031079,-0.021972,-0.045029,-0.021282,-0.009311,0.058177,0.004572,0.028525,-0.035308,-0.069664,-0.004498,0.006849,0.031845,-0.041649,0.055292,-0.050753,0,-0.062623,0.06207,-0.067666,0.032365,-0.051835,0.008323,-0.017905,-0.035147,-0.112328,0.03783,0.042937,0.038202,0.019157,0.00117,0.042283,-0.027865,0.095039,0.115966,-0.03195,-0.007893,0.004219,-0.001914,-0.061981,0.015422,0.076466,0.040698,-0.078425,-0.099308,0.11633,-0.037534,-0.032808,0.037039,-0.067645,0.047697,0.043913,-0.079016,0.078037,-0.095434,0.014544,0.006821,0.040198,0.039333,0.065192,-0.102262,-0.05907,0.014822,0.026783,0.034248,-0.032697,-0.065331,-0.016605,0.029416,-0.105943,-0.053557,0.129436,0.000848,-0.036287,0.108621,0.113619,0.112144,-0.037869,0.064842,0.006292,0.069421,0.006578,0.011445,-0.043469,0.0058,0.073281,0.061724,-0.088405,0.005116,0.004765,0.040554,-0.000637,-0.020128,-0.067273,-0.026837,-0.027632,-0.027066,-0.023148,0.051582,0.05176,0.005435,-0.012657,0.001901,0.004169,-0.016682,-0.000258,0.003688,0.039794,0.014605,-0.05454,-0.048605,-0.028703,3e-06,-0.01671,0.019204,-0.131927,-0.065078,-0.105599,-0.086725,-0.051243,-0.070712,0.034201,-0.07087,0.015989,-0.066798,0.077251,-0.021182,-0.020221,-0.060859,-0.100666,-0.111291,-0.030483,0.018725,0.002106,0.026267,0.013384,-0.011068,-0.010656,0.038615,-0.010228,0.03726,-0.008818,0.036447,-0.073371,-0.056915,0.015105,0.038368,0.048015,0.018088,0.144061,0.014323,0.002516,-0.026998,0.01411,0.091315,-0.018977,-0.001244,-0.03038,0.043254,-0.044456,0.082317,0.016456,-0.056639,-0.007296,-0.02364,0.008907,-0.010505,-0.035617,0.02567,0.035392,-0.108027,0.000794,0.002957,0.034445,-0.082173,-0.003319,0.066157,0.018108,-0.000938,-0.096855,-0.025752,-0.012426,-0.013688,0.020358,-0.120071,0.01436,0.018703,0.018448,-0.037113,0.005943,0.018861,-0.031933,0.010614,0.002994,0.056265,0.081188,0.097402,0.037621,-0.088756,0.069867,0.036326,0.000519,-0.068773,-0.029445,0.026231,-0.092794,0.032057,-0.06142,0,-0.047458,0.00458,-0.015406,0.026057,-0.001644,0.019301,-0.084974,-0.024295,-0.071695,0.07922,0.020931,-0.020546,-0.133583,-0.089583,0.032499,0.08146,0.06564,0.021563,0.025252,0.01788,-0.013495,0.040772,0.017649,-0.024405,0.013668,0.005978,-0.023404,0.050626,0.029292,0.028589,-0.042787,-0.028732,0.125008,0.014438,0.049257,-0.02676,0.010237,0.040295,-0.005219,-0.041229,-0.008406,0.040099,-0.058966,0.036917,0.009073,0.037599,-0.037295,-0.049836,-0.011143,-0.004954,-0.010242,-0.002579,0.068298,0.096293,0.011592,0.017973,-0.010892,-0.02626,-0.088163,0.057019,-0.001713,0.098669,0.048072,-0.036827]",31,222
diplomes_p023_c0022,diplomes,Référentiel des Diplômes et Certificats — Cameroun,domaine.,domaines.,"22
Les descripteurs des résultats de l’apprentissage formel, informel et non formel par Volume de",22,structural,"[-0.025581,0.036306,-0.00027,-0.066717,-0.045354,0.006528,-0.031586,0.082034,0.058315,-0.022191,-0.02089,-0.025839,0.087771,0.005443,-0.002517,-0.06647,-0.031464,-0.014709,0.01986,-0.056686,0.075411,0.100277,0.026477,-0.041719,-0.002399,0.013052,-0.025467,0.007474,0.046157,-0.044688,0.04047,-0.008081,0.046466,-0.013427,0.046089,-0.093951,-0.027337,-0.014999,0.018729,-0.048919,-0.067574,-0.044797,0.064268,0.071225,-0.041012,0.070824,-0.051316,0.009489,-0.072599,-0.015959,-0.024165,0.011513,0.035553,0.029405,-0.007224,-0.043826,-0.017281,-0.035723,-0.045558,-0.027055,-0.041789,0.013692,-0.046266,0.00615,-0.060289,0.096937,0.014128,-0.02457,-0.038988,-0.070551,-0.008965,0.01276,-0.077955,0.021831,-0.00678,-0.00767,-0.102051,9.8e-05,0.013816,-0.09858,0.021808,-0.009936,0.015421,0.082542,0.079675,-0.038563,0.040222,-0.021631,0.011234,-0.049887,-0.009352,-0.089732,0.017329,0.142489,0.021756,-0.058913,0.020261,-0.039388,0.047411,0.039259,-0.021387,0.068721,0.010771,-0.017963,-0.035162,-0.006168,-0.005003,0.018076,0.061584,-0.029068,0.027048,-0.038365,-0.009988,-0.043293,0.051287,-0.111591,0.037334,-0.046196,-0.015885,-0.058525,-0.028468,-0.024785,-0.092122,-0.079266,0.023864,-0.055719,-0.02475,0,-0.025748,0.039828,0.015048,0.017543,-0.056921,0.021247,-0.099936,0.004391,0.027812,0.045175,-0.12223,0.115616,-0.020965,-0.082654,0.017076,0.06085,0.105983,0.110477,-0.001857,-0.030031,0.003061,0.060103,0.059551,0.015436,0.050098,-0.021658,-0.030806,-0.036526,-0.09172,-0.008548,-0.006426,-0.085791,-0.030145,0.037785,0.033904,-0.066036,0.045914,-0.003629,0.026473,-0.011085,0.05018,-0.01476,0.027797,-0.017786,0.012404,0.052734,-0.022573,-0.014197,0.09031,0.001925,0.033916,0.09645,-0.121858,-0.007164,0.044994,0.056887,-0.111571,0.000696,-0.005407,-0.030481,-0.002059,0.054508,-0.025624,-0.022885,-0.065444,-0.053336,-0.003687,-0.15684,0.03163,0.043224,-0.042622,0.107836,0.040749,-0.045585,-0.025077,-0.036695,-0.032317,-0.053785,-0.006479,0.085722,0.001399,-0.02998,-0.05595,-0.067192,0.0986,0.045638,0.019966,-0.061574,-0.07787,-0.030811,-0.035877,-0.04901,-0.079298,0.004151,0.046724,3e-06,-0.067112,-0.018285,-0.048023,-0.003595,-0.000151,0.041647,0.048385,0.086587,0.018217,0.023209,0.038556,-0.021495,0.026645,-0.085486,-0.0265,0.022013,0.026248,-0.006741,-0.008511,0.014863,-0.006549,0.104172,-0.07914,0.085666,-0.032247,-0.03465,-0.023707,0.004408,-0.019222,-0.026207,0.115612,-0.031569,0.059515,-0.015583,-0.03907,-0.073998,0.109018,0.031841,-0.030192,-0.020807,-0.072656,0.054991,0.01674,-0.006635,0.01246,-0.020706,-0.019025,-0.002843,0.08426,-0.044956,0.054823,-0.013791,-0.006358,-0.042149,0.069191,0.03533,-0.072813,0.018617,-0.029363,0.078024,0.022879,0.049277,-0.038841,0.059004,0.076605,0.00467,-0.074698,0.016567,0.091347,0.043069,0.029156,-0.07665,-0.035753,-0.019163,-0.014444,0.006768,0.077514,0.061465,0.016298,-0.016736,0.023908,0.068594,0.089076,0.044083,0.066208,-0.010373,0.066943,-0.075593,-0.004244,-0.020186,0.01456,0.105529,-0.024615,0.035833,0.02852,-0,0.029276,-0.033675,-0.095858,-0.046954,-0.026368,-0.009432,0.023244,0.108002,-0.009413,0.013959,0.010283,-0.034916,-0.16244,0.018153,0.0273,0.000977,-0.032045,0.072362,-0.018314,-0.058122,0.076623,0.020542,-0.024507,-0.082272,-0.02768,-0.032988,0.026469,-0.102673,-0.010543,0.040025,0.005798,0.095229,0.004202,0.024462,0.030281,-0.006574,0.114794,0.014188,-0.017839,0.117704,0.059442,0.03808,-0.052835,-0.017266,0.054202,0.004272,0.097377,0.039207,0.013491,0.026697,-0.069344,0.04719,-0.045704,0.029841,-0.037816,0.028613,-0.07761,-0.069355,0.015301,0.00807,0.033477,0.028447,-0.014535,0.002005]",16,97
diplomes_p024_c0023,diplomes,Référentiel des Diplômes et Certificats — Cameroun,Niveau,niveau travail,"Certifications
national
Connaissances/Savoirs Compétences/Savoir-faire Autonomie et
Responsabilité
Organiser les savoirs
Appliquer des aptitudes techniques
et les savoir-faire
Maîtriser des bien développées nécessaires :
dans des contextes
connaissances factuelles, - pour analyser l’information et les
variés avec Diplôme
opérationnelles ou nouvelles idées ;
adaptabilité, d’ouvrier",23,structural,"[-0.038233,-0.073103,-0.055305,0.013052,0.004883,-0.033749,-0.021674,0.031274,-0.048252,0.046214,-0.042149,0.012441,0.06007,0.047093,-0.140746,-0.044242,-0.077054,0.009201,0.053683,-0.078459,-0.04405,-0.008466,-0.049225,-0.007772,0.107936,0.014815,-0.052949,-0.076345,0.056529,-0.037482,0.016082,0.000133,0.034309,-0.025395,-0.008181,-0.02367,0.048698,0.076156,0.074918,-0.022851,-0.004876,-0.141334,0.006915,0.030644,0.042803,0.113333,-0.005537,0.070051,-0.045671,0.036751,-0.035374,-0.121726,0.039012,0.004214,-0.011282,-0.016732,-0.037295,-0.028364,-0.078759,0.025012,0.019218,-0.018072,-0.148985,-0.005444,0.105681,0.012918,0.016157,0.080651,0.069364,0.02246,0.051304,0.069208,0.092506,0.043537,-0.021018,0.015124,-0.054286,0.00409,0.049921,-0.067462,0.064483,0.059828,0.033129,-0.025655,0.074437,0.04931,0.022996,0.003272,0.018401,0.016057,0.035266,-0.014428,0.039163,-0.084295,0.001703,0.015011,-0.003482,0.027722,0.019719,0.043183,0.018549,-0.058686,-0.069852,-0.023721,0.029391,0.080978,-0.021634,-0.081896,-0.00105,0.029451,-0.013819,0.019754,-0.036307,-0.050311,0.013987,0.075763,0.009275,0.020689,-0.006033,-0.107388,-0.166416,0.035275,0.000952,-0.095658,0.096602,0.034971,0.036534,0,-0.024012,0.091435,-0.070691,-0.011957,-0.052636,-0.023465,-0.032401,0.040767,-0.065329,0.025394,0.081103,0.125897,-0.021362,-0.094096,0.032276,0.028694,0.002255,-0.029571,-0.045608,0.013494,-0.060511,-0.086941,0.00304,0.02676,-0.077305,-0.014767,-0.025968,0.031589,-0.022178,0.010373,0.022795,0.001002,0.055806,0.044388,0.00146,-0.020713,-0.012066,-0.009888,-0.016903,0.007225,0.077057,0.010596,-0.022906,0.007067,-0.02946,0.013249,0.0053,-0.064075,0.120498,-0.065899,0.023181,-0.042008,-0.083176,-0.120175,0.081308,0.046968,-0.046962,-0.00928,0.026167,-0.051999,-0.0486,-0.019719,-0.078374,0.004641,-0.004117,-0.009247,-0.005034,-0.034359,0.092993,-0.009007,-0.018419,0.001631,-0.052494,0.042305,-0.015059,0.070591,-0.028929,0.023965,-0.059141,0.00776,-0.012301,0.028726,0.018344,-0.00186,0.052664,0.029532,-0.008514,0.039257,-0.005106,-0.029763,-0.039915,-0.07338,0.005479,0.017486,-0.011522,-2e-06,0.018195,0.029744,-0.026445,0.140356,-0.016054,0.012872,-0.084496,0.003229,0.004048,0.067816,0.027855,-0.109135,0.048338,0.003364,0.131229,-0.135882,-0.090314,-0.043989,-0.015252,0.026883,0.010391,0.062309,-0.024676,-0.021883,-0.000689,-0.016167,-0.009358,-0.024244,0.046577,0.056645,0.037368,-0.076901,-0.04927,0.009301,-0.030741,-0.063889,0.043756,0.004923,0.011548,0.023312,0.030508,0.065093,-0.057109,-0.053009,-0.042568,-0.043032,-0.017251,0.038442,0.014092,-0.144299,0.114407,-0.043182,-0.046075,-0.048222,0.103998,0.103095,-0.02539,0.057275,-0.016167,0.019292,-0.000629,-0.069049,-0.078858,-0.03548,0.020442,-0.005361,-0.038974,0.059699,-0.01625,0.063555,-0.06353,-0.029759,0.025494,-0.02497,-0.017842,-0.049583,-0.003666,-0.009612,-0.032617,-0.003048,-0.003565,-0.014425,-0.015252,0.034541,0.032565,0.031442,0.061056,-0.088974,0.049448,0.068739,0.063944,0.042902,0.028459,-0.018355,-0.041113,0,0.054163,-0.003539,-0.040202,0.02564,-0.015416,0.016755,-0.065591,-0.042737,-0.043315,0.082269,-0.040984,-0.070081,-0.033663,-0.030846,-0.03713,-0.020024,0.002597,0.100617,-0.013338,0.076179,0.086684,0.002468,0.04418,-0.047604,-0.03776,-0.005687,0.048145,-0.037836,-0.019625,0.009582,-0.013891,-0.008213,0.082511,-0.048525,-0.026914,-0.044742,0.029336,-0.017431,0.055289,0.020053,0.045361,0.094654,0.005436,0.043724,-0.087867,0.019798,-0.008409,-0.009838,-0.018584,0.023159,-0.081503,-0.060792,0.033676,-0.062303,0.039883,-0.021878,0.036869,-0.064944,-0.043734,-0.03546,0.016271,0.078098,0.052408,-0.019005]",47,383
diplomes_p024_c0024,diplomes,Référentiel des Diplômes et Certificats — Cameroun,"Niveau 4 : techniques -porter des jugements éclairés, 900 à1200",Niveau,"planification et qualifié (FP)
intégrant des aspects communiquer les résultats ;
initiative pour une
théoriques dans un ou -Pour formuler des solutions variées
autogestion de soi ou
plusieurs domaines. à des problèmes familiers et non
du groupe sous la
familiers).
supervision.
Utiliser les aptitudes techniques et
communicationnelles bien
Maitriser principalement développées, avec une certaine
des connaissances spécialisation, nécessaires : Appliquer des savoirs Diplôme d’agent
techniques ou théoriques -pour analyser l’information et les faire et être dans des technique (FP) –",24,structural,"[-0.032163,0.102261,0.090932,-0.013289,-0.04618,0.008,-0.022516,0.01604,-0.027451,-0.064861,-0.045708,-0.042494,0.025365,0.091814,-0.079737,0.046759,-0.077026,-0.015961,-0.084911,-0.136591,-0.03864,-0.023977,-0.033993,-0.04203,0.032782,0.041592,-0.007897,-0.075692,0.009062,0.004334,0.01211,0.024611,-0.041663,-0.088727,-0.027773,0.003641,-0.041814,0.04323,-0.01252,-0.036026,0.010875,0.032148,-0.021116,0.047312,0.108179,0.108004,0.045403,0.050155,-0.031248,-0.106808,-0.08825,-0.101377,0.033109,0.010405,0.034221,-0.112327,-0.021828,-0.024208,-0.00482,0.074262,0.081734,-0.007344,-0.105399,-0.032498,0.019228,0.064381,0.053529,0.026498,-0.030831,-0.013127,-0.056881,0.014126,-0.024169,-0.012877,0.034118,0.029474,-0.034102,0.040517,0.088381,0.03815,0.009956,-0.040797,0.017232,0.012285,0.053279,0.028007,-0.034345,-0.099525,0.054395,0.007811,-0.034593,-0.02304,-0.012862,-0.041285,0.003536,0.056526,-0.081015,-0.04375,0.019219,0.068641,0.045996,0.005892,-0.020759,0.00054,0.031378,0.05684,0.081886,0.045949,0.018047,-0.010612,-0.075156,-0.034959,0.034886,0.012667,-0.003367,0.040082,0.042724,0.047432,-0.059431,-0.035977,-0.071865,-0.034662,0.031866,0.013036,0.042712,0.146448,-0.099978,0,0.044802,0.087402,0.030891,0.010668,-0.0165,-0.08386,0.015536,-0.014966,-0.035444,0.0129,0.100676,-0.024878,-0.056105,0.019949,0.031919,-0.077019,-0.017639,0.024155,-0.010959,0.025895,-0.047118,-0.070891,-0.017409,0.022178,0.06541,0.057902,0.00857,0.013466,0.024133,-0.021703,-0.05081,0.047577,-0.090662,-0.01722,-0.010758,-0.001463,0.03688,-0.056962,0.031241,0.059251,-0.01175,-0.00323,0.078137,-0.105124,0.015205,0.038146,-0.094335,-0.015361,0.049075,-0.058454,-0.024186,-0.014329,-0.046508,-0.022911,0.110026,0.010064,-0.049429,0.043899,0.002001,0.011461,-0.063272,0.01145,-0.071328,0.007436,0.089654,0.031574,0.01536,-0.022983,0.097935,0.003488,-0.012404,0.014018,-0.010199,0.028232,0.020792,-0.096827,0.025926,0.031021,0.017205,-0.001913,0.005603,0.063627,0.047219,0.00464,0.043266,-0.036346,0.028797,0.081603,0.064405,-0.037503,-0.009108,0.034801,-0.03338,0.009572,-0.077734,-1e-06,0.037104,0.041031,-0.094394,0.046491,0.005759,-0.06826,-0.062239,-0.043543,0.113432,-0.041234,0.033107,-0.033429,0.043977,0.028477,-0.014123,-0.011363,-0.040901,-0.135021,0.005462,0.025083,-0.063542,-0.016366,-0.026574,-0.042366,0.030612,-0.009988,0.042545,-0.017017,0.016529,-0.003557,0.005816,-0.128402,-0.020019,-0.025257,-0.068386,-0.014527,0.073173,0.086557,0.01882,0.02464,0.095013,0.020608,-0.010655,0.003543,-0.080748,0.00521,-0.013239,0.077969,-0.055685,-0.028248,0.075374,-0.013028,-0.051275,-0.013042,-0.040135,-0.012026,0.184804,0.006595,-0.055084,0.033998,-0.063871,0.000146,0.062375,-0.082332,0.016954,0.031508,-0.088632,0.039087,0.014505,-0.03111,-0.03152,-0.080685,0.048491,0.033521,0.068779,0.0305,-0.053118,0.008104,-0.01567,-0.007399,0.023846,0.047673,-0.002994,-0.009707,0.002213,-0.064457,0.057636,0.059459,0.064296,-0.016902,0.030796,0.01504,0.050814,0.022942,-0.104311,-0,0.038209,-0.015369,-0.031952,-0.007842,-0.034036,0.056333,-0.02487,0.013591,-0.026666,0.022687,-0.067079,0.043309,-0.085098,-0.015476,0.033814,-0.055183,0.045789,0.020287,-0.047491,-0.036276,-0.016019,0.035092,-0.112467,-0.057161,0.063973,0.009113,0.081828,0.007689,0.020476,0.048078,-0.002322,0.037729,0.064463,-0.048861,0.003857,-0.029543,0.015332,-0.067864,0.039744,-0.021436,-0.048234,0.065284,-0.089577,-0.034125,0.016953,0.047508,-0.014235,-0.115949,0.048864,0.04161,-0.108437,0.015289,0.085508,0.035172,0.029078,0.016021,0.061093,-0.116329,0.007439,-0.058946,0.005133,0.045121,0.034003,0.069671]",79,582
diplomes_p024_c0025,diplomes,Référentiel des Diplômes et Certificats — Cameroun,Niveau 5 : avec une profondeur nouvelles idées ; contextes 900 à 2400,"Niveau 4 : techniques -porter des jugements éclairés, 900 à1200","substantielle dans une ou -construire et communiquer un imprévisibles sous une Probatoire / BEP
plusieurs disciplines / argument cohérent ; supervision. (Secondaire)",25,structural,"[-0.066001,0.080321,0.037633,-0.032972,0.06833,-0.012805,-0.040253,-0.014188,-0.048577,-0.081649,-0.074609,0.020565,-0.01753,0.035341,-0.128503,0.044236,-0.046879,-0.006449,-0.088739,-0.037142,0.022192,-0.019892,-0.040522,-0.043824,-0.014058,0.0649,-0.011405,-0.073397,0.081817,-0.031811,0.004004,0.026364,-0.13703,-0.071633,-0.062101,0.001879,-0.010786,0.07178,0.069849,0.026755,0.049482,0.037336,-0.062252,0.085353,0.036756,0.091424,0.021448,0.057033,-0.019744,-0.024791,-0.047688,-0.09294,0.050438,0.016039,0.018446,-0.10933,0.044109,-0.072387,0.020432,0.064542,0.124403,0.0516,-0.079435,0.018048,-0.023234,0.001305,0.0753,0.022395,-0.094454,0.113081,0.004807,0.033054,0.007142,0.092113,-0.009941,0.064506,-0.037082,-0.084054,0.021233,0.048455,-0.048517,-0.065632,0.039586,-0.116825,0.053899,-0.006244,-0.034325,-0.063884,0.022951,-0.012392,-0.002316,-0.012003,-0.012467,0.001084,-0.034766,0.062184,-0.130311,0.083965,-0.01113,0.081333,-0.00757,0.057979,0.009201,0.023568,-0.018381,-0.022202,0.036123,0.004554,-0.055247,0.008329,0.022566,-0.063513,-0.025728,-0.022831,0.010999,-0.029373,-0.011182,-0.035045,-0.066669,-0.05111,-0.031866,0.044246,0.018009,-0.013766,-0.018021,0.09374,-0.115162,0,0.016273,-0.015571,0.006439,0.054788,-0.008667,-0.046349,-0.045978,-0.027077,0.020643,0.005455,0.084208,0.047689,0.019938,-0.028701,0.004237,-0.021716,0.095366,0.068401,-0.000895,-0.027486,-0.054239,-0.015014,-0.018675,0.029069,-0.078909,0.049008,0.077042,-0.03988,0.071128,0.009779,-0.040054,0.023376,-0.051291,0.035988,0.030294,0.015838,0.043701,0.00521,0.053677,-0.000451,-0.011017,0.036822,0.065097,-0.04073,-0.020474,0.07262,-0.051872,0.032214,-0.04044,-0.043043,0.012885,0.055968,0.01697,0.009429,0.120937,-0.036448,-0.05935,0.083031,0.04423,-0.00512,-0.023179,0.099826,-0.081589,0.049131,0.048934,0.060069,-0.037344,0.028184,0.066814,-0.014085,-0.01528,0.071371,0.02395,0.053604,0.024105,-0.016483,0.053933,0.008419,-0.070044,-0.001291,-0.05095,0.044687,-0.005334,0.052952,-0.078848,-0.051884,-0.013696,0.073811,0.064956,-0.030033,0.04588,-0.061395,-0.092564,-0.049809,-0.069215,-1e-06,0.047802,0.024983,-0.089999,0.073934,0.030133,0.029326,-0.065044,-0.029602,-0.012702,-0.070223,0.027503,-0.028079,0.027152,0.038982,0.046047,-0.031727,-0.107977,-0.043384,-0.017917,-0.057039,0.104545,0.009082,-0.040101,-0.029439,0.022723,0.018341,0.014338,-0.051514,0.017653,-0.019639,-0.020359,-0.08256,-0.006053,0.004552,-0.030729,-0.001289,0.121172,0.098867,0.029674,-0.032896,0.004584,0.080841,-0.064682,0.033687,-0.059197,-0.06307,-0.050202,0.030601,0.037836,-0.055072,0.032946,-0.022698,-0.061726,-0.096538,-0.022936,-0.08152,0.113441,-0.015477,-0.019686,0.059248,-0.092587,0.057444,-0.017384,0.009499,0.042532,-0.002704,-0.052857,0.030483,-0.03221,0.038298,-0.057581,0.035933,0.073529,-0.01438,0.042164,0.017522,0.057585,-0.059691,-0.015599,0.041294,-0.002672,-0.049969,0.03781,0.020335,0.016365,-0.054639,0.058682,0.012587,0.044549,0.014924,0.089379,-0.00778,-0.013311,-0.015895,0.013845,-0,0.020957,0.044697,0.018978,0.023926,0.016862,0.041573,-0.042859,-0.007358,-0.004349,0.042485,0.092808,0.002748,-0.04805,-0.004816,-0.026966,-0.080477,0.032687,-0.01972,-0.016046,0.006181,-0.072434,0.032635,-0.012701,-0.04968,0.016605,-0.039104,0.010171,-0.056002,-0.022937,0.000745,-0.04333,0.099398,-0.021489,-0.089628,0.017009,-0.00754,-0.056349,0.041053,-0.08505,0.01581,-0.075916,-0.011765,-0.058775,-0.028319,0.005943,-0.046297,-0.053403,-0.040323,0.012596,0.081549,-0.112799,0.013783,0.092018,0.055535,-0.035022,0.014733,0.000972,-0.08696,-0.056529,-0.009286,0.067079,0.039278,0.081174,0.040014]",19,165
diplomes_p024_c0026,diplomes,Référentiel des Diplômes et Certificats — Cameroun,Domaines. -pour appliquer une gamme de,Niveau 5 : avec une profondeur nouvelles idées ; contextes 900 à 2400,"solutions, souvent en combinaison ;
-pour traiter des problèmes
inconnus.
Avoir des vastes Posséder des aptitudes hautement Planifier et organiser
connaissances techniques techniques et spécialisées requises le travail de son Diplôme de
ou théoriques dans une pour : équipe sur la base des technicien (FP)",26,structural,"[-0.100444,0.02473,0.04905,-0.075328,0.009595,-0.164157,-0.015936,0.059007,-0.068873,0.038787,-0.047701,-0.004061,0.071293,0.048578,-0.124811,0.034977,-0.166881,-0.074099,-0.058591,-0.090656,-0.00631,-0.023625,-0.041036,-0.047406,-0.055594,0.039739,0.079008,-0.056846,0.032515,-0.044657,-0.026634,0.085787,-0.081025,-0.046748,-0.054048,0.066278,-0.101797,0.059624,0.015817,-0.027015,-0.027235,-0.046779,0.034112,0.107439,0.088356,0.078819,-0.01953,-0.007524,0.044604,-0.059525,-0.070412,-0.085258,-0.000451,-0.001293,0.010406,-0.069253,0.102514,-0.045353,-0.039178,0.060865,0.101393,-0.012583,-0.07531,-0.08971,0.012697,0.065056,0.042837,0.045002,-0.049056,0.058933,0.007193,0.058872,0.061524,0.056539,0.039308,0.017463,-0.014704,-0.015219,0.0486,-0.017145,0.02147,-0.050988,-0.023976,-0.025296,0.028446,0.012264,-0.081543,-0.018353,0.030058,-0.060723,-0.0129,-0.051029,0.00021,-0.03746,-0.041413,0.006327,0.005285,-0.008504,-0.028489,0.01773,-0.042737,-0.013462,0.037774,0.000927,-0.050049,0.032218,-0.00698,0.027831,0.031669,-0.098102,-0.03594,-0.031067,-0.024491,-0.007086,-0.004808,-0.062311,0.011275,0.017319,0.002981,-0.052621,-0.025814,0.011383,-0.032412,-0.05004,0.012372,0.064895,-0.047577,0,0.008255,0.142859,-0.083103,0.071327,0.032616,-0.044467,-0.034959,0.067245,-0.043307,0.043491,-0.018691,0.07149,0.016095,-0.003244,0.086439,-0.065024,0.023346,0.044224,-0.015517,0.02516,-0.044977,-0.017307,0.008982,-0.021927,0.015625,0.064721,0.000149,-0.04417,0.000795,-0.023438,-0.058498,0.109504,-0.025924,0.054846,0.084637,0.061269,0.084778,-0.006699,0.046103,0.003182,0.053794,0.04524,0.039728,0.089867,0.053746,0.030833,-0.071356,-0.010603,0.008926,-0.036969,-0.066437,0.042135,-0.051374,-0.044761,0.059011,-0.025743,-0.032344,0.015135,0.028136,0.036832,0.029383,0.014318,-0.016223,0.061215,0.048965,0.007742,0.010704,0.003013,0.087839,0.125641,-0.029573,0.059482,0.034463,0.013451,0.010928,0.017681,0.034635,0.02385,-0.096751,0.004593,-0.065731,0.008228,-0.015744,-0.055517,0.023997,0.049643,-0.00968,0.095267,-0.006734,-0.038495,0.044974,0.013779,0.046639,-0.006395,-0.011643,-4e-06,0.030496,-0.017846,-0.045981,0.063788,-0.004046,-0.069143,0.025036,-0.060849,-0.024986,0.027443,0.010437,0.008207,0.023857,-0.0341,0.016972,-0.032143,-0.090088,-0.089921,0.035145,-0.006083,-0.001674,0.02349,-0.077541,-0.031163,0.029308,0.016714,-0.05505,-0.062348,-0.015101,0.022699,-0.005373,-0.115543,-0.022264,0.032613,-0.001382,0.001399,0.081715,0.035095,0.064163,-0.027241,0.022681,0.049168,-0.067417,-0.000966,-0.020291,-0.053046,-0.050379,0.004299,0.014682,-0.038634,0.095452,-0.079051,0.02595,-0.159036,0.02911,0.011657,0.080666,0.035312,-0.019588,0.067335,-0.008903,-0.062435,0.069582,0.044672,-0.042814,0.070273,0.02994,0.114965,-0.080975,0.015417,-0.081514,-0.014676,0.056315,-0.008981,-0.027156,0.014806,-0.009845,0.069333,-0.025489,-0.002343,0.015411,-0.004662,-0.002298,0.001678,-0.080918,-0.038581,0.092577,0.003781,0.031122,-0.110974,0.046891,-0.003459,0.008568,-0.104871,-0.024201,0,0.029762,0.011286,-0.065335,-0.10584,0.027479,-0.023714,-0.075204,0.048886,-0.001169,0.016112,-0.047686,0.020956,-0.078291,0.067439,-0.003991,-0.042467,0.004074,0.048844,-0.033313,-0.003963,-0.035272,0.030576,-0.021711,-0.067055,-0.004518,-0.025558,0.02542,-0.078863,0.044754,0.003804,-0.035579,-0.000683,-0.04918,0.012769,0.113187,-0.002975,0.012377,-0.007335,-0.028847,-0.018596,-0.047507,-0.023234,-0.083701,-0.022162,-0.011369,-0.080442,0.003208,-0.092478,0.032685,0.027753,-0.063208,0.06955,0.01301,0.026125,0.001146,0.035274,-0.013178,-0.105197,-0.01557,-0.019901,-0.054633,0.04602,0.055493,-0.038416]",43,305
diplomes_p024_c0027,diplomes,Référentiel des Diplômes et Certificats — Cameroun,"Niveau 6 : discipline /domaine - rassembler, analyser, synthétiser et consignes générales et 1800 à 2400 Baccalauréat /",Domaines. -pour appliquer une gamme de,"spécifique ou dans un communiquer une gamme évaluer la qualité du BP / BT / GCE
vaste champ de travail et d’informations et de nouvelles travail accompli par AL (Secondaire)
d’apprentissage. idées ; son équipe.
23
Les descripteurs des résultats de l’apprentissage formel, informel et non formel par Volume de",27,structural,"[-0.121275,-0.058921,-0.074836,-0.008619,-0.048942,-0.030167,-0.040349,0.038272,-0.021984,0.010221,-0.065901,-0.022414,0.048693,-0.01264,-0.025903,0.070758,-0.113808,-0.073624,-0.064878,-0.019922,-0.091109,0.083224,-0.006827,0.020192,0.059626,0.046784,0.030545,-0.033494,0.042228,-0.013009,-0.038499,0.090089,0.039137,-0.05303,-0.010674,-0.003559,0.004915,0.022289,0.023008,-0.063266,-0.047696,-0.022946,0.080148,0.064273,0.001728,0.058166,-0.010517,-0.005331,-0.035702,-0.038387,-0.033885,-0.037742,0.000701,0.054706,-0.014555,-0.007756,-0.045922,0.027095,-0.023569,0.085409,-0.080749,0.085955,-0.081747,0.031212,0.043879,0.038251,0.027908,0.087533,0.024481,-0.041244,-0.055986,-0.037658,-0.036547,-0.005018,0.014958,0.061497,-0.084308,0.007673,0.016362,-0.15645,0.017379,-0.099022,0.032335,0.083494,-0.01014,0.00649,0.063823,0.035768,0.020622,0.051457,0.071844,0.047892,0.02479,-0.034952,-0.016871,0.019007,-0.055724,-0.00493,0.07837,0.018092,0.029495,0.06746,-0.044391,-0.006971,0.022262,-0.086282,0.05841,0.108369,0.063574,-0.023998,0.068687,0.040398,0.042012,-0.037105,0.09169,-0.048538,-0.000325,-0.037687,0.001017,-0.052127,-0.078764,0.028929,-0.039314,-0.08222,0.008129,-0.030049,-0.051988,0,0.085485,0.021695,0.005772,0.006727,-0.08526,0.005766,-0.096088,-0.03074,-0.022321,0.02903,0.007843,0.048639,-0.001062,-0.031866,0.087972,0.048628,0.007476,0.063638,-0.03274,0.041006,-0.041889,0.081688,-0.032919,0.036471,-0.021514,0.078412,0.098481,-0.018708,-0.084201,-0.020104,0.032865,0.000492,-0.077286,0.042158,0.007752,-0.07546,0.050059,0.044363,-0.035179,-0.048155,0.045774,0.035707,-0.030392,0.055903,-0.042491,0.044298,0.021969,-0.062821,0.04541,-0.014734,-0.048455,0.028887,0.069797,0.038732,0.067034,-0.012721,-0.070658,0.07286,0.004927,0.05881,0.057878,0.098373,-0.046653,0.073117,-0.022912,-0.043814,-0.054817,-0.144126,-0.017901,0.035212,-0.043914,0.010795,0.014983,0.001508,0.068605,-0.010609,0.012087,-0.045274,-0.068958,-0.007378,-0.026303,0.021902,0.071188,-0.034972,-0.059048,-0.063852,0.004108,-0.009606,-0.073858,-0.0302,0.007385,-0.085854,-0.064291,-0.007113,-0.009697,-1e-06,0.041911,0.013707,-0.015654,-0.026468,-0.068948,-0.058616,0.008953,0.013875,0.083595,-0.036615,0.058082,0.085943,0.064785,0.009457,0.016685,-0.082359,-0.02339,-0.076463,0.005757,0.0003,-0.025098,0.034121,-0.069647,-0.020174,-0.004306,0.05602,-0.005201,-0.0209,0.019635,-0.021299,0.002054,0.006059,0.037419,-0.049894,-0.038602,-0.058036,0.113263,0.049712,-0.043081,-0.079223,-0.021226,0.093157,-0.050084,-0.106891,0.050561,-0.044693,-0.0622,0.009754,-0.00292,-0.014646,0.085819,-0.039117,0.060579,-0.114005,0.08043,-0.082383,0.033504,-0.014437,-0.052322,0.062706,-0.016141,0.029269,-0.004726,-0.019549,-0.03308,0.114097,0.045351,0.016927,0.046347,-0.025072,-0.025597,0.037397,0.012235,0.042968,-0.027007,-0.016946,0.092561,-0.073233,-0.010988,0.004564,0.041134,0.073035,-0.004888,-0.001171,-0.006396,0.027509,0.045155,-0.052981,0.012386,-0.071721,-0.001495,-0.032618,0.011953,-0.002645,-0.119048,0,0.027398,-0.10421,-0.026717,0.014482,0.006812,0.07026,-0.033661,0.022246,0.000771,0.047423,-0.00533,-0.042874,-0.145331,-0.016287,-0.031997,-0.06865,-0.01463,0.059181,-0.092116,0.009147,0.092321,-0.01988,-0.036041,-0.022917,0.075209,-0.057274,0.007826,-0.056594,0.057956,-0.009716,0.043262,0.064138,0.060028,0.009093,-0.007403,-0.060217,0.045022,0.024938,-0.01228,0.069012,-0.049481,-0.069914,-0.053452,-0.025093,0.043042,-0.075151,-0.055821,0.035223,0.063225,0.029364,-0.047523,0.055604,-0.014736,-0.022688,-0.006224,0.05325,-0.014305,-0.046769,-0.048108,-0.049308,0.064034,-0.026393,0.037972,-0.0133]",50,308
diplomes_p025_c0028,diplomes,Référentiel des Diplômes et Certificats — Cameroun,Niveau,niveau travail,"Certifications
national
Connaissances/Savoirs Compétences/Savoir-faire Autonomie et
Responsabilité
-formuler ou adapter différentes
solutions pour résoudre des
problèmes complexes et parfois
abstraits.
Avoir des connaissances Posséder des aptitudes cognitives, Planifier et organiser
analytique et/ou techniques et de communication bien le travail de son BTS / HND (ES)",28,structural,"[-0.037162,-0.046252,-0.057653,-0.038649,0.004553,-0.028359,0.065323,0.015246,-0.078196,0.025623,-0.027992,0.015149,0.079428,0.065876,-0.09186,0.002131,-0.070618,-0.003062,0.042151,-0.094171,-0.049346,0.014248,-0.081728,0.049973,0.034965,0.018298,-0.01201,-0.083206,0.048554,-0.023797,0.050128,-0.024254,0.067828,-0.031193,-0.065522,-0.029398,-0.004271,0.058085,0.031798,-0.062729,-0.033862,-0.174382,-0.00394,0.037693,0.097345,0.050044,-0.008744,0.057299,-0.08485,-0.016058,-0.03896,-0.064846,0.020532,0.046172,-0.04289,-0.0097,-0.02622,0.012192,-0.067554,0.057021,-0.027425,-0.036153,-0.093015,-0.017689,0.103251,0.061599,-0.007322,0.092208,0.046063,0.051862,0.055641,0.051726,0.058551,0.008052,0.036301,0.039497,-0.03928,0.011351,0.04868,-0.02773,0.044206,0.059553,0.067021,0.018807,0.106143,0.009334,-0.029282,0.007872,-0.010686,-0.033549,-0.034709,-0.069992,0.043674,-0.059234,-0.052138,-0.003952,0.01287,0.056263,0.035176,0.022963,0.008252,-0.030403,-0.09056,-0.024974,0.000599,0.099164,-0.008976,-0.053997,0.080854,0.032678,-0.042427,0.012175,0.001414,-0.019356,-0.001632,0.053472,0.025949,0.032123,0.019808,-0.114331,-0.110713,0.0352,0.032754,-0.131294,0.114147,0.023928,0.048609,0,-0.044516,0.07412,-0.078121,0.007351,-0.039813,-0.018808,-0.059454,0.032159,0.024443,0.017515,0.043949,0.100075,-0.00795,-0.071442,0.029105,0.015447,-0.02439,0.003318,-0.030445,0.029497,-0.069304,-0.055999,0.022257,0.019508,-0.017486,-0.018389,0.027237,0.003776,0.030704,-0.010559,0.046956,0.055919,0.034584,0.022078,-0.036171,-0.041477,0.019226,0.023866,-0.047219,-0.039024,0.069252,0.063773,-0.044795,0.070362,-0.001886,0.000803,0.036366,-0.047253,0.089707,-0.035713,-0.085221,-0.051798,-0.067667,-0.15596,0.096528,0.054161,-0.047727,0.052502,0.044521,-0.030398,-0.01008,-0.031902,-0.049957,0.004596,0.039266,-0.03497,-0.025916,-0.036967,0.069068,-0.020347,0.007078,0.03856,-0.035034,-0.020674,-0.007018,0.013034,-0.001457,-0.002594,-0.075358,-0.013584,0.006386,-0.042848,0.059656,-0.028927,0.046553,0.007647,-0.025107,0.000151,0.008588,-0.007229,-0.035578,-0.032657,0.012298,0.00138,0.007447,-3e-06,-0.031136,0.041006,-0.059138,0.149286,-0.012985,0.034114,-0.012175,-0.012566,-0.004928,0.058493,0.013386,-0.062506,0.031166,0.031314,0.100389,-0.129509,-0.084463,-0.003479,-0.021709,0.034619,-0.010767,0.088102,-0.088417,-0.048094,-0.002828,-0.004915,-0.057581,0.001451,0.037422,0.068771,0.014656,-0.038796,-0.030932,0.029321,0.018689,-0.04877,0.028196,-0.010836,0.012281,0.049729,-0.007272,0.008326,-0.069134,-0.076973,-0.023016,-0.062016,-0.073219,0.007367,0.027585,-0.089753,0.126213,-0.071865,-0.061815,-0.057132,0.077967,0.092397,-0.062443,0.037764,-0.016047,0.026464,0.002872,-0.05733,-0.023018,-0.023471,0.047926,0.033343,-0.052234,0.072479,0.005509,0.049098,-0.015273,0.019592,0.071752,-0.022398,0.033478,-0.05879,-0.031887,-0.018006,-0.061373,-0.082085,-0.02039,-0.011375,-0.0248,0.015918,-0.022216,0.018123,0.048853,-0.053145,0.039795,0.002327,0.081482,0.078901,-0.009299,-0.03598,-0.071466,0,-0.005002,-0.083952,-0.031968,0.033885,0.043382,0.063623,-0.059537,-0.040427,-0.047608,0.11249,-0.07068,-0.060637,-0.048239,-0.033997,-0.005532,-0.062336,0.011768,0.076316,-0.029423,0.070021,0.116604,-0.006175,-0.008159,0.018657,-0.041835,-0.020711,0.046588,-0.031148,0.004059,0.011783,-0.019751,-0.005212,0.059819,-0.026404,0.037524,-0.032397,0.019149,0.011252,0.012648,0.024988,0.035997,0.059122,-0.024008,0.02151,-0.024075,-0.011395,-0.081322,-0.002413,-0.022406,0.047288,-0.06802,-0.083496,0.045822,-0.041985,0.08019,-0.064793,0.101883,-0.105674,-0.030973,0.007089,0.05581,0.117812,0.056236,-0.010734]",48,369
diplomes_p025_c0029,diplomes,Référentiel des Diplômes et Certificats — Cameroun,"Niveau 7 : spécialisée cohérentes, développée requises pour l’analyse équipe ; 1800 à 2400 Diplôme de",Niveau,"approfondies et l’organiser des informations à Evaluer le travail 4 semestres technicien
d’une discipline ou un mener dans une série d'activités accompli par son spécialisé(DTS)",29,structural,"[-0.043609,-0.009842,0.025495,-0.015772,-0.064562,-0.016164,-0.041604,-0.005332,-0.074795,0.034223,-0.039682,0.001194,0.013723,0.08074,-0.104611,-0.059219,-0.097592,-0.005053,-0.066554,-0.096154,-0.024289,-0.004116,0.032016,-0.040924,0.001773,0.030401,0.043153,-0.084169,0.086984,-0.091428,0.059518,0.005002,-0.00642,-0.01094,-0.089798,-0.062361,0.011726,0.049349,0.02189,-0.016538,-0.090491,-0.037244,-0.001987,0.024693,0.020534,0.019918,0.017055,-0.053303,-0.042491,-0.020993,-0.123292,-0.089507,0.017523,0.043113,0.064275,-0.05161,0.002512,-0.05486,0.019406,0.010276,0.02788,-0.010595,-0.033228,-0.033001,-0.012032,0.044659,-0.025512,0.056516,0.030842,-0.015266,-0.001226,0.02965,0.064202,0.023188,-0.010118,0.046183,-0.06775,-0.008274,-0.010002,-0.099921,0.069205,-0.025773,0.02768,-0.022203,0.09784,0.072671,-0.064494,-0.035967,0.015665,-0.001066,-0.015202,-0.027954,0.064408,-0.036991,-0.000493,-0.015448,-0.01465,-0.023068,0.046886,0.06417,0.085737,0.145869,-0.037735,0.071807,-0.033214,0.011816,-0.00087,-0.007947,-0.03937,0.00094,0.02695,0.019877,-0.050586,-0.056983,0.006383,-0.077473,0.000245,0.001517,-0.025334,0.014575,-0.064601,0.062423,0.07297,0.027983,0.054532,0.0341,-0.063695,0,0.002917,-0.040566,-0.07055,0.082739,-0.07276,-0.072979,-0.079963,-0.034282,0.070874,-0.021104,0.028911,0.070571,0.030955,0.0096,0.058211,0.00134,0.057376,-0.001461,-0.008594,0.049467,0.003934,-0.018546,-0.001359,0.010562,-0.003321,0.078114,0.032113,0.005508,0.027113,-0.017957,-0.04379,-0.035686,-0.000357,0.072356,0.111757,-0.065647,0.072437,-0.014876,0.095488,0.024329,0.041268,-0.004855,-0.041083,-0.043208,0.016148,0.046687,0.00151,0.008111,0.076962,-0.055981,-0.009116,0.036873,-0.060938,-0.081463,0.092517,0.036648,-0.054194,0.083512,0.117182,-0.035208,0.005068,-0.056115,-0.04045,0.040999,0.016801,0.001155,-0.008003,0.019639,0.01203,0.08423,-0.054103,0.003636,0.037621,-0.037291,0.013747,-0.013084,-0.010664,0.00635,-0.020723,-0.030858,-0.053822,-0.017134,-0.036447,0.016208,-0.043356,-0.020938,0.000314,0.067128,-0.016359,0.003632,0.057496,-0.016907,-0.086922,-0.041889,-0.023732,-2e-06,-0.026453,0.097307,-0.135109,0.060019,0.005057,0.019085,-0.060857,-0.02284,-0.049466,0.032977,0.045475,-0.032484,0.057415,0.011188,-0.003424,-0.009351,-0.050706,0.063242,0.014673,0.014911,0.038665,0.049906,-0.080576,-0.028425,0.094383,0.0023,-0.050263,-0.000354,-0.018965,0.021521,0.011583,-0.097515,-0.044501,0.071906,0.009144,-0.039673,0.051078,0.049569,-0.007584,-0.06101,-0.027,0.067711,-0.059401,-0.04625,0.015668,-0.010577,-0.112678,0.011741,-0.02074,-0.114534,0.124299,-0.064454,0.032211,-0.139533,0.011883,0.023599,0.08114,-0.061433,-0.040857,0.110228,0.016227,-0.091965,-0.01311,0.02428,-0.027041,0.034539,-0.059862,-0.012898,-0.015809,-0.056821,0.066509,-0.023873,0.008299,0.01703,-0.028457,-0.071627,0.039738,-0.040737,-0.03936,0.054477,-0.004076,-0.001204,0.045391,-0.074745,-0.038118,0.063393,0.083183,0.019886,0.041012,-0.104276,0.062522,0.050448,-0.087475,-0.062434,0.003784,0,0.008018,-0.036821,-0.049371,0.057889,0.063929,-0.003383,-0.126084,-0.009191,-0.026951,0.033866,0.04014,-0.135104,-0.029557,0.025197,0.065311,-0.049342,0.084847,0.001682,-0.037618,0.053497,0.058235,0.033079,-0.004617,-0.042073,-0.051323,0.012761,-0.01245,-0.032509,-0.008795,0.000714,0.014647,0.037977,-0.020975,-0.120325,-0.043697,0.01573,0.006374,0.011149,0.063978,0.062454,-0.055782,-0.026023,0.009518,0.039628,-0.085044,0.036091,-0.087386,-0.046546,0.03344,0.058148,0.007416,0.057832,0.051606,-0.008589,0.053588,0.060034,0.013213,-0.037052,-0.091935,-0.071036,0.097462,0.08889,-0.030026,-0.019658]",29,177
diplomes_p025_c0030,diplomes,Référentiel des Diplômes et Certificats — Cameroun,domaine. relatif à un domaine précis. équipe.,"Niveau 7 : spécialisée cohérentes, développée requises pour l’analyse équipe ; 1800 à 2400 Diplôme de","Développer des aptitudes cognitives,
Appliquer des savoirs
techniques et de communication
et savoirs être pour
avancées requises pour :
Avoir des connaissances faire preuve Licence /
-Faire la démonstration d’analyses
théoriques et techniques d'autonomie, d'un Bachelor (ES)
de manière critique avancée ;",30,structural,"[-0.041552,-0.041655,0.003405,-0.05261,-0.063072,-0.007312,0.025377,0.009776,0.016447,0.122826,-0.045673,0.011427,0.030977,0.06657,-0.048,-0.008937,-0.026033,0.014373,-0.01184,-0.119709,0.026477,0.013301,0.012222,-0.003708,0.009258,-0.019838,0.065249,0.028544,0.071265,0.020736,0.067195,0.004629,-0.004144,-0.026067,-0.073857,0.033972,-0.002934,0.024859,0.037764,-0.07212,-0.127048,-0.023972,0.032815,0.007632,0.030162,0.030886,0.008933,0.077908,-0.011803,-0.075389,-0.094114,-0.068243,-0.061917,-0.015418,0.03139,-0.000838,0.013052,-0.007167,-0.001816,0.011328,-0.050164,-0.055781,-0.039184,0.008214,-0.01356,0.046538,-0.02756,0.054176,0.007294,0.015362,0.056777,0.026735,0.069115,0.027571,0.023843,0.054776,-0.091779,0.022686,-0.003238,-0.062699,0.06204,0.025889,0.069522,0.006537,0.04168,0.03057,-0.033651,-0.025165,0.047012,-0.029405,-0.053426,-0.082343,0.062413,0.015189,0.005504,-0.01905,-0.013085,-0.078067,0.019645,0.04307,0.036714,0.133544,-0.073117,-0.006874,0.05633,0.024018,0.017048,0.084511,-0.047045,-0.008484,-0.005535,-0.018895,0.04555,-0.050386,0.014488,-0.065873,0.040135,-0.02773,0.032999,-0.054203,-0.089406,0.061602,0.031178,-0.028881,0.108555,-0.092775,-0.035722,0,-0.009575,0.045163,-0.031188,0.050106,-0.079632,-0.021786,-0.018962,-0.037449,0.009889,0.050987,0.054027,0.079841,0.028006,-0.012615,0.017455,0.015827,0.038576,-0.002324,0.004596,0.048819,-0.094654,-0.019425,0.034427,-0.018425,-0.038768,0.009047,-0.013232,-0.028394,0.035719,0.004758,-0.087783,0.06098,0.00353,0.076348,-0.031155,-0.075924,0.083268,0.010937,-0.003686,0.004626,0.109511,-0.013881,-0.057513,-0.021254,0.050841,-0.022674,-0.032128,0.014743,0.05239,-0.023425,0.047101,0.026774,-0.083735,-0.011225,0.020508,0.0612,-0.11598,0.084902,0.072894,0.014758,-0.058753,0.020216,-0.105983,0.018666,0.050198,-0.027543,-0.011457,-0.088516,0.053994,0.08317,0.0371,0.015735,-0.00862,-0.003823,-0.002411,0.024716,-0.023732,0.084103,-0.023149,0.01287,-0.022033,-0.006962,-0.018942,0.024068,-0.005975,-0.031165,0.010546,0.072819,-0.002314,-0.065924,0.018804,0.005633,-0.023927,-0.034878,-0.000799,1e-06,-0.029042,0.089159,-0.130317,0.110456,-0.053527,0.023877,-0.018735,-0.031632,-0.046015,-0.050661,0.006094,-0.129784,0.044961,0.042589,0.041671,-0.035406,-0.021201,-0.045356,0.025186,0.0278,0.03236,0.029939,-0.097235,-0.040672,0.078618,0.007172,-0.055082,-0.00091,-0.033614,0.027818,0.019116,-0.071597,-0.034421,0.036961,0.022896,-0.025085,0.008775,0.020561,0.027215,-0.044131,-0.027482,-0.00093,-0.051182,-0.094221,0.002027,-0.020553,-0.085078,0.03375,0.102841,-0.107862,0.046109,-0.026099,0.007142,-0.166651,-0.018852,-0.044143,0.096404,-0.023645,0.028361,0.09763,0.023095,-0.054517,-0.029853,0.045422,0.023932,0.068814,-0.080568,-0.001101,0.059023,-0.014827,-0.016846,-0.008077,-0.025885,-0.027837,0.006802,0.021616,0.023467,-0.00819,-0.024154,0.027094,0.050653,0.013501,-0.011928,-0.017985,-0.034572,-0.014613,-0.045758,-0.053048,0.014343,-0.062341,0.075345,0.058029,-0.04805,-0.070136,0.012999,0,0.026126,-0.021104,0.013286,0.086109,0.090951,0.010655,-0.058881,-0.067302,-0.080976,0.025351,-0.01234,-0.078904,-0.055579,0.09005,-0.048202,-0.069772,0.094404,0.035924,0.009804,0.012309,0.060006,0.040584,-0.007533,-0.093982,-0.066782,-0.042024,0.038799,-0.119215,-0.091764,0.020541,-0.027128,0.037705,0.003878,-0.072711,0.004877,-0.028962,0.017519,0.026262,0.031381,-0.001658,-0.021563,0.092986,0.000526,-0.045777,-0.025965,0.006178,0.029102,-0.03932,-0.0239,0.022336,-0.040251,0.085132,0.024499,-0.090042,0.050283,0.04071,0.011061,-0.076967,-0.131808,-0.003553,0.062809,0.199305,0.037019,-0.049419]",42,304
diplomes_p025_c0031,diplomes,Référentiel des Diplômes et Certificats — Cameroun,Niveau 8 : avancées et complexes jugement bien 6 semestres Licence,domaine. relatif à un domaine précis. équipe.,"-Communiquer de idées créatives et
d’une ou plusieurs développé, professionnelle /
innovantes ;
disciplines. d'adaptabilité et de Bachelor (ES)
-Formuler des solutions avancées
responsabilité en tant
pour résoudre des problèmes
que praticien.
complexes et abstraits.
Appliquer des savoirs
Posséder des aptitudes cognitives et et des savoir- faire
techniques pour : dans des contextes
Maitriser un ensemble
-démontrer l’originalité et de hautement Master of
complexe de savoirs à
nouvelles idées dans la recherche et / spécialisés démontrant sciences / Master",31,structural,"[-0.128949,-0.009729,0.01775,0.022338,0.03576,-0.042471,-0.033123,0.01296,0.019043,0.046795,-0.082932,-0.000137,0.010622,-0.000624,-0.066733,0.108238,-0.092177,0.013204,-0.04565,-0.051277,-0.028696,0.014061,-0.031205,0.029815,-0.058039,0.034606,0.105306,-0.078078,-0.008688,-0.061475,0.053121,0.014672,-0.003294,-0.052361,-0.055465,0.043598,-0.01215,0.017964,-0.001574,-0.042793,-0.002069,0.004883,0.030932,0.040653,0.045619,-0.017691,0.031323,0.007896,0.018128,-0.048798,-0.026503,-0.168073,-0.023621,0.039284,-0.00286,-0.0346,0.027552,-0.027823,-0.01923,0.03868,0.019784,0.013265,-0.034039,0.005182,0.032101,-0.032958,0.058679,0.149585,-0.038661,0.064368,0.057878,0.049158,-0.003511,0.056976,0.070068,0.033968,-0.097684,-0.030608,0.051708,0.056954,0.018187,-0.010356,0.094167,0.019175,0.003631,0.013748,-0.035661,0.031653,0.085543,-0.027935,-0.070908,-0.010948,0.121623,-0.001001,-0.029063,0.042283,-0.01788,-0.08975,0.017374,0.056577,-0.028988,0.009497,-0.056731,0.051135,0.072279,0.037996,0.004016,0.059829,-0.072531,-0.0405,0.040152,-0.009355,0.051469,-0.024861,0.045926,0.037424,-0.027757,0.018384,0.069551,-0.075225,-0.09228,0.08393,-0.019554,-0.100938,0.009496,-0.013342,-0.119752,0,0.023806,0.037101,-0.054311,-0.000706,0.011196,-0.121735,0.024813,-0.006724,-0.030834,0.020737,0.048029,0.083477,-0.007127,0.011806,0.003289,-0.053683,0.08243,0.062735,-0.002308,-0.023725,-0.061963,-0.027555,0.04437,-0.033724,-0.029235,0.068019,0.024484,-0.010705,0.047673,-0.032456,-0.038833,0.094069,-0.091063,0.00495,0.021585,-0.017729,0.055821,-0.044109,-0.051188,0.023382,0.013306,0.025122,-0.045955,0.014976,0.054347,-0.017219,-0.068106,-0.067656,0.085703,0.055531,-0.036813,-0.026955,-0.016503,-0.035418,-0.021785,0.001496,-0.028358,0.072245,0.030293,-0.032152,-0.058703,-0.011521,-0.040659,-8.1e-05,0.058954,0.052144,-0.025381,-0.067125,0.065038,-0.008081,0.006817,0.072405,-0.02903,0.03738,0.023667,-0.025961,-0.079008,0.012575,-0.074874,0.099746,-0.013521,0.023891,-0.0355,-0.039233,0.017943,-0.026121,0.02742,0.065966,-0.027035,-0.051682,0.031178,-0.004954,0.058044,-0.011062,-0.054298,-1e-06,-0.013458,-0.035975,-0.067626,0.051112,0.054968,0.015811,-0.022055,-0.051175,-0.027078,-0.046072,-0.064497,0.008659,0.040104,-0.025542,0.064234,-0.067131,-0.047165,-0.044119,-0.011047,-0.053944,0.037354,0.038321,-0.099371,-0.026674,0.020086,-0.065995,-0.03277,-0.009121,0.016829,0.060505,0.047775,-0.060814,-0.015943,0.072972,-0.00174,-0.012741,0.038976,-0.012993,0.042071,-0.036714,0.007309,0.003556,-0.063179,-0.044287,0.000512,0.025809,-0.050465,0.035961,0.047454,0.01124,0.012684,-0.076255,-0.038412,-0.15564,0.059523,-0.081357,0.040771,-0.017131,0.030771,0.130957,0.025558,-0.033158,-0.003847,0.024235,-0.060191,0.088802,-0.024728,0.058397,-0.061384,0.023661,0.008225,0.05071,0.008276,-0.04855,0.036963,-0.024113,0.030256,0.08914,-0.016505,-0.009597,0.019531,-0.048705,0.054934,0.04201,0.057436,0.042951,0.042177,-0.072186,0.096902,0.010129,0.098295,0.007098,0.007675,0.024307,-0.002533,0,0.06098,-0.07468,-0.107892,-0.013788,0.066523,0.024096,-0.065545,-0.055948,-0.088238,0.053248,-0.035355,-0.036583,-0.060383,0.066495,-0.016223,-0.11589,0.077656,0.041351,-0.009335,-0.040163,0.086821,-0.010745,0.013837,-0.090186,0.031128,0.010813,0.007853,-0.120054,-0.037038,0.016362,0.012691,0.119643,-0.062616,-0.019406,0.072824,-0.037207,0.081154,0.023875,-0.005822,0.007002,0.00944,-0.000605,-0.02818,-0.079421,-0.030418,-0.000779,0.031313,-0.014666,0.022982,0.022229,-0.067158,0.02199,-0.016721,-0.039499,0.029451,-0.026565,0.00766,-0.040373,-0.077207,-0.01736,0.168332,-0.023263,0.037764,-0.111537]",77,558
diplomes_p025_c0032,diplomes,Référentiel des Diplômes et Certificats — Cameroun,Niveau 9 : l’avant-garde d’une ou 4 semestres,Niveau 8 : avancées et complexes jugement bien 6 semestres Licence,"ou l’innovation ; une adaptabilité, une / Engineer / MP
plusieurs disciplines ou
-formuler et tester des théories pour grande autonomie et (ES)",32,structural,"[-0.062282,0.005673,0.077503,-0.029391,0.066491,0.019298,0.017601,-0.013532,-0.036772,-0.074416,-0.057864,0.001354,-0.019781,-0.023609,-0.066978,0.0428,-0.059581,0.022485,-0.071151,-0.084075,-0.02992,-0.04448,0.019326,0.000266,0.068666,0.049689,0.035289,0.000392,0.067783,-0.086327,0.019763,-0.015962,-0.023377,0.012677,-0.014893,-0.072735,-0.014247,0.027415,0.050589,0.051187,0.004997,-0.029508,0.008065,0.049666,0.030034,0.049056,0.061799,-0.031158,-0.039847,-0.008428,-0.039729,-0.107735,-0.029012,0.022113,0.017576,-0.085756,-0.012837,-0.050071,-0.006945,0.042512,0.144148,-0.018786,-0.013155,0.019319,0.011199,0.003483,0.011705,0.071992,-0.016043,0.054447,0.085874,0.014302,-0.033233,-0.049914,0.04243,0.022608,-0.048902,-0.070656,-0.027482,0.012675,-0.036992,0.03052,0.048368,0.005375,-0.036701,0.062976,-0.019851,-0.012335,-0.004964,-0.033047,-0.040141,0.007186,-0.013019,-0.013498,0.068066,0.060969,-0.029076,-0.066012,0.010569,0.091225,0.054493,0.066052,-0.043276,0.086537,0.069732,0.016622,0.006639,0.075934,-0.039249,-0.014735,0.057562,0.008441,0.017451,-0.034605,-0.033642,0.008574,-0.043458,-0.010649,0.03048,0.023286,-0.049309,0.01899,-0.001872,-0.03741,0.010386,0.045372,-0.123979,0,-0.018751,0.041924,0.02016,0.018301,0.02021,-0.123947,-0.080474,0.033419,-0.058053,-0.01442,-0.062547,0.053673,-0.005194,0.035644,0.057937,-0.046082,0.016038,0.01322,0.042449,-0.011302,-0.021704,-0.053403,-0.020402,0.032705,-0.09528,0.028765,0.063403,0.050085,-0.014206,-0.00445,-0.082962,0.12652,-0.023205,0.05329,0.027974,-0.027822,-0.025151,-0.040101,0.000524,0.010433,-0.019173,-0.00372,-0.030343,-0.101345,0.020147,0.021554,-0.058936,-0.022657,0.087245,-0.090747,-0.047234,0.029198,0.003703,-0.042634,0.109965,-0.030231,-0.059465,0.080689,0.044712,-0.025355,-0.024777,-0.002045,-0.001962,0.019309,0.07337,0.103938,0.047844,-0.081296,0.03246,0.015841,-0.021512,0.036606,-0.089734,-0.026278,0.040928,0.035073,-0.079927,-0.005181,0.023655,0.044525,-0.039214,0.011467,0.020403,-0.028948,0.03004,-0.01066,0.010829,0.068224,0.034026,0.004031,0.025375,-0.057085,-0.032897,-0.051531,-0.078171,2e-06,-0.032447,-0.031627,-0.082614,0.049845,0.043658,0.008472,-0.084777,-0.030819,-0.056558,0.055868,0.043319,0.012756,0.108122,-0.009803,0.057637,-0.037598,-0.024702,-0.067991,-0.001628,0.020027,0.076033,0.026201,-0.113846,0.004191,0.031953,-0.014562,-0.050686,0.045685,-0.022274,0.061664,0.034313,-0.088142,-0.011054,0.106623,0.058029,0.052257,0.062427,0.040665,0.015697,-0.013462,-0.006586,0.024891,-0.008607,-0.003194,0.022,-0.084543,-0.105446,0.046449,-0.06177,-0.034549,0.086813,-0.046718,0.005676,-0.156833,-0.021285,0.003948,0.083886,-0.008961,0.036446,0.114337,-0.060289,-0.016212,0.016249,-0.035525,-0.071618,-0.011554,-0.077814,-0.014764,-0.034913,-0.063127,0.017869,0.057103,-0.05318,-0.01182,-0.006018,-0.04554,0.106122,0.047885,-0.051336,0.015006,-0.06632,0.006724,0.076157,0.098642,-0.00636,0.020807,0.001793,0.061159,0.105214,0.009963,0.160707,0.026193,-0.079997,0.0501,-0.033901,0,-0.002757,-0.01975,-0.003675,0.044721,0.038013,-0.015057,0.020888,-0.058175,-0.060581,0.001253,-0.004746,-0.01898,-0.034238,0.036378,0.003713,-0.085275,0.026923,0.054778,-0.015079,0.019052,0.054773,0.020224,0.051428,-0.0758,-0.005534,0.016108,-0.015621,-0.12204,0.013462,0.001519,0.048708,0.059944,-0.080872,-0.050047,-0.051165,-0.041464,0.090215,-0.026166,-0.043011,-0.00982,0.040541,0.016998,-0.064638,-0.049921,-0.071052,-0.008908,-0.08948,-0.105363,-0.032206,0.10231,-0.015964,-0.013043,0.039706,0.036688,0.030789,-0.05742,0.000187,-0.041043,-0.09353,-0.011205,0.083435,0.061961,0.101381,-0.089411]",21,143
diplomes_p025_c0033,diplomes,Référentiel des Diplômes et Certificats — Cameroun,domaines de pratique.,Niveau 9 : l’avant-garde d’une ou 4 semestres,"montrer la maîtrise de problèmes responsabilité
abstraits très complexes. Elaborer les
procédures de travail
24
Les descripteurs des résultats de l’apprentissage formel, informel et non formel par Volume de",33,structural,"[-0.014585,0.042856,-0.010556,0.013374,0.008455,0.044216,0.020196,0.045043,-0.010191,-0.022456,0.019032,-0.046607,0.092307,-0.00447,0.002414,-0.02081,-0.040541,0.036873,-0.073679,-0.035042,-0.003083,-0.050466,-0.021833,0.022196,0.012799,-0.015375,0.014609,-0.027455,0.059554,-0.032152,0.019157,-0.003157,0.041163,-0.041872,0.018873,-0.018322,-0.085874,0.005289,0.026383,-0.020655,-0.050878,-0.047883,0.009988,0.047093,0.028757,0.025077,0.089005,-0.010696,-0.042722,-0.044714,-0.029654,-0.057982,-0.030754,0.056238,-0.066332,-0.146289,0.006846,-0.041445,-0.034921,0.009794,0.060291,-0.020379,-0.103629,-0.035589,0.008667,0.089707,0.015511,0.052198,-0.007068,0.033578,0.070782,0.084984,-0.041777,-0.018523,0.068929,-0.003216,-0.079022,-0.091782,-0.091468,-0.01713,0.069319,0.000916,0.094452,-0.001504,0.065149,-0.051527,0.022013,-0.021478,0.010411,-0.051754,-0.096548,-0.040327,0.045828,0.042059,0.017772,0.071007,-0.049674,-0.078299,0.081545,0.035527,0.012782,0.115343,-0.015426,-0.021365,0.012179,-0.018858,-0.071204,0.029605,-0.042665,-0.041597,-0.040376,-0.060177,0.003098,0.014783,0.025686,-0.074527,0.028303,-0.043236,-0.003926,-0.101799,-0.049707,0.058066,-0.000304,-0.082852,0.062453,-0.047532,-0.043463,0,-0.001187,0.020997,-0.007358,0.040286,0.011553,-0.020863,-0.149772,-0.005025,0.08233,0.000332,0.005697,0.024044,0.018024,-0.039742,0.032565,-0.026877,0.090168,0.105724,0.023674,0.025971,-0.073531,0.007535,-0.007983,0.016277,0.000161,0.087658,0.045353,0.004517,-0.09139,-0.015515,0.017946,0.049566,-0.03999,-0.025874,0.075088,-0.021377,0.033063,0.012055,-0.010841,-0.006149,0.003374,-0.007167,0.042114,-0.003599,0.135256,-0.009883,-0.025605,0.011495,0.077772,0.008207,-0.020291,0.073154,-0.015115,-0.045251,0.006933,-0.028591,-0.125708,-0.006432,-0.01062,-0.049627,0.00455,-0.022753,-0.051296,0.020043,0.039842,0.036725,-0.102217,-0.099392,0.053148,0.08993,-0.05935,0.094009,-0.014792,-0.081748,0.039321,0.027125,-0.062773,-0.028256,-0.03974,0.038194,-0.033562,-0.041314,0.015546,0.010497,0.039325,0.006243,0.043673,0.019444,0.029472,0.042408,-0.0314,0.004196,-0.086553,-0.017456,0.010685,2e-06,-0.042598,-0.016005,-0.086484,0.03572,-0.088381,0.020515,-0.036193,0.000738,0.03788,0.073641,-0.04011,-0.07128,0.041163,-0.093951,-0.01046,0.025281,0.016289,-0.046665,0.011456,0.048494,-0.011718,0.071153,-0.131019,0.027636,0.041695,0.002503,0.000231,-0.062992,-0.008185,0.024899,-0.027696,-0.108278,0.04796,0.00027,-0.05528,-0.044291,0.069602,0.07536,-0.002812,-0.008431,-0.000617,0.077257,-0.084561,0.006248,0.012652,-0.029483,-0.057512,0.01807,0.061514,-0.011517,0.060716,-0.084365,0.000565,-0.102113,0.090883,0.017835,-0.098033,-0.006293,7.1e-05,0.089874,-0.035516,0.024031,-0.004384,0.021709,0.073819,-0.03191,-0.087192,0.015246,0.031959,0.013242,0.114639,0.035822,-0.059612,-0.058757,0.007364,0.010546,0.067176,0.059265,-0.075182,0.066535,0.037861,-0.0178,0.049858,-0.037305,0.001493,0.055167,0.029316,0.053132,0.082342,-0.065834,0.074963,0.122474,-0.00612,0.017396,0.019145,0,0.071459,-0.008395,-0.074327,0.003931,0.033924,-0.006919,0.02445,0.0287,-0.109743,0.059649,-0.047407,-0.010004,-0.078675,-0.009166,0.010266,-0.064992,0.046509,-0.003828,-0.04892,-0.006327,0.069849,-0.014101,-0.100844,-0.010543,0.006519,0.058225,0.031888,-0.110794,-0.008617,0.031418,0.06829,0.036953,0.0029,-0.058148,-0.020783,-0.043349,0.151687,0.015652,0.011311,0.002562,0.075728,0.010738,-0.029472,0.001116,0.020249,-0.016263,-0.005635,0.023206,0.02396,0.048079,-0.115555,0.004444,0.020416,0.074206,0.009547,-0.005417,0.015703,-0.057194,-0.053389,-0.013119,0.132984,0.064529,-0.007963,-0.031005]",30,206
diplomes_p026_c0034,diplomes,Référentiel des Diplômes et Certificats — Cameroun,Niveau,niveau travail,"Certifications
national
Connaissances/Savoirs Compétences/Savoir-faire Autonomie et
Responsabilité
d’une ou plusieurs
équipes
Planifier et organiser
le travail d’une ou
plusieurs équipes
Evaluer les travaux
accomplies
Mettre en œuvre des aptitudes
cognitives, techniques et des
recherches spécialisées qui illustre
l’innovation, l’interprétation et la
création des nouvelles idées
nécessaires pour :
-s’engager dans une réflexion
critique, une synthèse et une
Développer de manière
évaluation
originale et approfondie
- imaginer, adapter et mettre en Définir et
des savoirs théoriques et
œuvre des méthodologies pour opérationnaliser des",34,structural,"[-0.069499,-0.037613,-0.065651,-0.031352,-0.013137,-0.03384,-0.013387,0.030616,-0.040694,0.06254,-0.080256,0.070918,0.033538,-0.016971,-0.161006,0.015127,-0.082212,-0.010092,0.032881,-0.086512,-0.052086,0.019273,-0.026514,-0.015012,0.075491,0.037461,-0.011607,-0.017784,0.033282,-0.00902,0.047441,-0.040765,0.062379,-0.053308,-0.039847,-0.059551,-0.003439,0.064777,0.057799,-0.096667,-0.026216,-0.163681,0.022627,0.077891,0.036073,0.089665,0.022803,0.041719,-0.107139,-0.007414,-0.059455,-0.106107,0.045258,-0.004611,-0.038207,0.01392,-0.008526,-0.024182,-0.070923,0.025398,-0.017423,-0.013664,-0.108913,-0.017476,0.069022,0.041654,0.023681,0.041507,0.074394,0.042451,0.048565,0.054513,0.119095,0.039001,-0.033474,0.043099,-0.064027,0.000466,0.1132,0.007362,-0.002245,0.049559,0.045096,-0.010524,0.054663,0.053873,-0.026975,0.029781,0.07448,-0.003262,0.027077,-0.053721,0.000368,-0.072728,-0.02961,0.025494,0.018467,-0.02193,-0.005647,0.026354,0.007852,0.0148,-0.061436,-0.046391,0.057027,0.097399,-0.001396,-0.021578,0.017195,-0.025522,-0.021681,-0.013422,-0.010517,-0.009516,0.04005,0.043274,-0.021348,0.006216,0.017759,-0.052316,-0.166108,0.01439,-0.033947,-0.0471,0.038147,0.026352,-0.006863,0,-0.059274,0.120624,-0.048812,0.042801,-0.042424,-0.072803,0.005162,0.033229,-0.033162,0.041929,0.028223,0.092673,-0.025521,-0.020691,0.039342,0.008977,-0.036309,-0.014777,-0.022411,-0.009964,-0.070176,-0.068468,0.032378,-0.029538,-0.060596,0.037089,0.001135,0.043417,-0.006517,0.01502,-0.015934,0.04155,0.010765,0.082628,-0.021165,-0.016254,-0.018548,0.005978,-0.028045,0.010543,0.082904,0.030422,0.003185,0.030267,-0.018375,-0.016267,-0.012252,-0.024431,0.09067,-0.041414,-0.021326,-0.031592,-0.007538,-0.12444,0.091213,0.016251,-0.037304,0.080179,0.058985,-0.014855,-0.075193,-0.007291,-0.041608,0.016133,0.019918,0.045911,-0.010515,-0.054545,0.058655,0.034892,0.037997,0.015344,-0.015025,0.020102,-0.018168,0.030165,-0.01767,0.011799,-0.066143,-0.018384,0.024636,0.039917,-0.022055,-0.013988,0.068113,-0.005294,-0.004326,0.068756,-0.007078,-0.023114,-0.040473,-0.051832,-0.007513,-7e-05,-0.042392,-5e-06,0.006381,-0.020926,-0.032716,0.172745,0.002156,-0.004732,-0.097984,-0.069597,0.030682,0.017089,0.055979,-0.074452,0.022538,0.02013,0.138198,-0.133037,-0.113565,-0.075936,-0.008692,0.014542,0.073705,0.032371,-0.074413,-0.03434,-0.016914,-0.013576,0.00705,-0.019727,0.053614,0.061827,0.032943,-0.080009,-0.063875,0.07692,0.028904,-0.040711,0.055126,0.025076,0.000122,-0.020858,0.02823,0.032772,-0.055423,-0.034732,-0.014412,-0.012126,-0.02739,0.019232,0.008434,-0.135943,0.11588,-0.040544,-0.09471,-0.044333,0.055883,0.054501,0.007013,0.024633,0.008275,0.03099,-0.02832,-0.061061,-0.068024,-0.042112,-0.002432,0.022081,-0.049714,0.085158,-0.036829,0.038968,-0.060434,0.00036,0.022093,-0.046911,0.043896,-0.040627,-0.000765,-0.022314,-0.082047,-0.063986,-0.007817,-0.054927,-0.024198,0.051512,-0.01488,0.046417,-0.0225,-0.042944,0.002123,0.02116,0.075356,0.062835,-0.044871,-0.015652,-0.107751,0,0.021781,0.031127,-0.006026,0.066955,0.042931,0.080973,-0.070175,-0.064022,-0.074425,0.019397,-0.007578,-0.052518,0.006044,0.013961,-0.046931,-0.060739,0.041966,0.098339,-0.022305,0.076867,0.066116,0.007201,0.009439,-0.073492,-0.003648,-0.022575,-0.018713,-0.042779,-0.028927,0.017413,0.019582,0.018703,0.055394,-0.031343,0.017468,-0.021046,0.053699,-0.020689,0.008921,-0.032565,0.007932,0.109941,-0.029584,0.019183,-0.080616,0.00372,-0.016443,-0.070853,-0.04633,0.024503,-0.052147,-0.045331,0.052244,-0.062301,0.055534,-0.045902,0.078081,-0.107273,-0.079779,0.00219,0.034938,0.066598,0.051787,-0.057125]",88,637
diplomes_p026_c0035,diplomes,Référentiel des Diplômes et Certificats — Cameroun,Niveau 10 : appliqués qui étendent,Niveau,"étendre et redéfinir les plans stratégiques 6 à 8 semestres Doctorat (ES)
l’avant-garde d’une
connaissances ou les pratiques dans un contexte large
discipline /domaine et / ou
professionnelles existantes ; d’activités impliquant
à l’interface entre les
-démontrer l’originalité et de plusieurs équipes
disciplines / domaines
nouvelles idées dans la recherche et /
ou l’innovation ;
- diffuser et promouvoir de nouvelles
idées auprès de leurs pairs et de la
communauté ;
- générer des connaissances et une
compréhension originale afin
d'apporter une contribution à une
25
Les descripteurs des résultats de l’apprentissage formel, informel et non formel par Volume de",35,structural,"[-0.051885,0.027117,0.025027,-0.088198,0.051061,0.019039,-0.02932,0.103847,-0.004946,-0.01884,-0.068955,0.108513,-0.055306,-0.025228,-0.072417,0.096441,-0.088451,0.000475,-0.03785,-0.010176,-0.076745,0.109026,0.037038,0.024182,0.022716,-0.070069,0.034825,-0.068099,-0.03926,0.058214,0.015691,-0.009274,-0.02861,0.035826,-0.0202,-0.038699,-0.061632,0.057276,-0.075075,0.040918,0.043179,-0.062698,0.014088,0.062466,0.034358,-0.03137,0.055251,0.020496,0.012972,0.042984,-0.077853,-0.114231,-0.006038,0.037345,0.009872,-0.034602,-0.025855,-0.01052,-0.115146,-0.028499,0.030868,0.056916,-0.039928,0.009664,-0.056782,-0.00303,0.03785,0.035664,-0.047395,0.064324,0.061214,0.025722,0.091208,-0.007686,-0.08251,0.001171,-0.057125,-0.025629,-0.022398,-0.058897,0.054472,-0.040535,0.027375,-0.066631,-0.054029,-0.008118,0.069407,-0.027168,-0.021111,-0.074924,0.024527,-0.053738,0.016483,-0.033936,-0.000418,0.032267,-0.0388,-0.043381,-0.085301,0.02313,-0.007727,0.00383,-0.002281,-0.008485,0.014033,-0.019421,-0.028245,-0.009133,-0.022998,-0.025149,0.057109,0.021849,-0.01976,0.011758,0.104035,0.044296,-0.026665,-0.005121,0.03555,-0.020465,-0.080452,-0.053456,-0.053328,-0.073037,-0.005266,0.079041,-0.047263,0,0.02007,0.02961,0.020639,0.021605,-0.03985,-0.031475,-0.021398,-0.054241,0.031869,-0.110343,-0.031305,0.071371,0.060051,-0.002094,-0.027584,-0.036021,0.012631,0.08774,-0.010131,0.04807,-0.023664,0.01283,-0.091471,0.037135,-0.107194,0.103267,-0.003825,0.050233,0.010826,-0.020975,-0.049122,0.086183,-0.027805,0.054989,0.098489,0.025146,0.106832,-0.026637,0.076742,-0.005649,0.032989,-0.050863,0.004884,0.028892,0.041367,0.033975,-0.028003,-0.05075,-0.02278,-0.029866,-0.071122,0.055953,0.003136,0.038808,0.099321,-0.08659,-0.065429,0.040878,0.034205,-0.054469,0.058131,0.026864,0.012985,0.059401,-0.014885,0.010039,0.000344,-0.048106,0.050875,0.052358,-0.085262,0.108089,-0.008445,0.018864,-0.010045,-0.011555,-0.003615,-0.09008,-0.070665,0.072705,0.012787,0.049752,-0.054803,0.0454,0.069993,-0.049463,-0.023212,0.050791,-0.039752,-0.025096,-0.032992,-0.006805,0.064121,-0.010036,-0.032739,6e-06,-0.010699,-0.068049,-0.032536,0.050827,-0.022403,0.022039,0.008619,-0.025344,0.041896,-0.031304,0.034444,0.02683,0.020169,-0.109316,-0.025597,-0.102034,-0.129692,-0.01965,-0.004165,0.006218,0.036867,0.030424,-0.074097,-0.037173,-0.045906,0.054367,0.080703,-0.054299,-0.051414,-0.080144,0.029315,-0.065305,-0.019934,-0.055275,-0.03793,0.050364,0.099612,-0.048538,0.017546,-0.069523,0.027686,-0.010535,-0.019142,-0.045974,-0.022921,-0.043721,-0.108699,0.023398,0.019125,0.006732,0.049074,-0.008679,-0.012042,-0.082598,0.028643,-0.030114,-0.039316,0.024,-0.03735,0.118806,-0.044924,-0.013558,-0.028359,0.032633,-0.061046,0.029363,0.075126,0.066291,-0.013483,0.062805,-0.05311,0.057636,-0.051784,0.014507,-0.018284,0.02534,0.102873,-0.007585,-0.02296,0.040036,0.021919,-0.089538,0.018388,0.034376,0.014105,-0.013265,-0.035021,0.021218,0.03838,-0.016113,0.128363,-0.008251,-0.024316,-0.048541,-0.043405,0,0.077971,-0.002812,-0.013587,-0.024045,0.036782,-0.066534,-0.020754,0.035922,-0.015198,0.083335,0.002355,0.010399,-0.124623,-0.079581,-0.009229,-0.093085,-0.020195,0.063787,-0.006157,0.032582,-0.018339,0.025381,-0.001266,-0.068489,0.087892,0.064111,0.01617,-0.115537,-0.030948,0.061675,0.037648,0.049027,-0.0461,0.017096,-0.019448,-0.0657,0.069589,0.03188,0.028869,0.030571,0.032224,-0.026766,0.031353,-0.026584,-0.062304,-0.075201,0.039125,-0.013888,0.032201,0.016647,-0.055748,0.114699,0.028164,-0.078205,-0.026313,0.051434,0.074349,-0.008766,-0.137116,0.045419,0.075057,0.001767,0.016965,0.012242]",101,665
diplomes_p027_c0036,diplomes,Référentiel des Diplômes et Certificats — Cameroun,Niveau,niveau travail,"Certifications
national
Connaissances/Savoirs Compétences/Savoir-faire Autonomie et
Responsabilité
discipline ou à un domaine de
pratique professionnelle.
26
VI. CONCLUSION
Au terme des échanges et des ateliers regroupant toutes les parties prenantes, le Cadre
National de Certification et de Qualification est validé et disponible. Il couvre l’ensemble du
système éducatif du Cameroun y compris le secteur informel au travers de la Validation des
Acquis de l’Expérience. Il est prêt à être testé et pour ce faire, des textes juridiques sont en
cours d’élaboration pour sa gouvernance et son pilotage avec plusieurs scénarii possible et
compatibles avec les réalités institutionnelles du pays. La première possibilité pourrait être une
commission interministérielle et placée sous l’autorité conjointe des ministères concernés et la
seconde celle d’une Agence Publique placée sous l’autorité du Chef du Gouvernement.
22",36,structural,"[-0.048103,-0.024996,-0.033521,-0.00948,0.038471,0.050081,0.000781,-0.022715,-0.033032,0.067922,-0.025868,0.006338,0.011078,-0.02656,-0.100222,-0.05329,-0.095623,0.000393,0.038933,-0.002364,-0.0341,0.008871,-0.065232,0.024168,0.037747,-0.019941,0.005014,-0.034265,-0.006546,0.012481,0.018763,-0.06441,0.027773,0.040309,0.014194,-0.08349,0.053716,0.015472,0.028836,-0.040664,0.039361,-0.111751,0.036145,0.023191,0.085334,0.051187,0.022478,0.046063,-0.130907,-0.001367,0.026458,-0.183291,0.059452,0.018682,-0.025787,-0.004363,-0.043903,-0.03475,-0.104325,0.015889,-0.056857,0.036248,-0.160404,0.015879,0.05884,0.003135,0.033525,0.015995,0.081243,0.002831,0.009716,0.057016,0.099018,0.012672,-0.038073,0.033731,-0.084228,0.01776,0.100951,-0.043311,0.043505,0.018975,0.004338,-0.033684,0.022898,-0.038987,-0.00798,-0.025593,0.051724,-0.01185,0.045848,0.005183,0.082769,-0.002647,0.015161,0.018054,0.057617,0.031902,0.065437,0.03625,-0.022084,-0.012609,-0.077275,-0.003908,0.04583,0.100218,0.015272,-0.043977,-0.02698,-0.030728,-0.003371,0.013802,-0.051644,-0.024051,0.015615,0.096276,-0.021833,0.020661,-0.007186,-0.060415,-0.155076,0.007923,-0.091487,-0.094694,0.109232,0.016828,0.027237,0,-0.036925,0.055373,-0.018057,0.002719,-0.060029,0.003132,0.012168,-0.020174,-0.051894,0.010916,0.052971,0.080132,0.016578,-0.103603,0.006317,0.006086,-0.034352,-0.000107,-0.023958,0.093678,-0.003736,-0.066206,-0.007834,-0.003597,-0.093856,0.019598,0.002473,0.028207,0.015531,0.027117,0.027051,-0.022926,0.041531,0.049712,0.041533,-0.008429,0.060564,0.048536,-0.017232,-0.030325,0.061866,-0.021717,0.06181,0.006859,-0.044817,-0.053178,-0.028454,-0.001522,0.060248,0.009601,-0.003649,-0.04771,-0.02526,-0.088405,0.034234,0.005188,-0.041392,0.107461,-0.034578,-0.062458,-0.034267,-0.011965,-0.013421,0.03581,0.005552,0.00244,-0.05066,-0.064119,0.073669,-0.056308,-0.00215,0.049579,-0.002828,0.051023,0.006649,0.054848,0.012599,-0.00625,-0.072395,0.020493,-0.040205,0.023326,-0.031605,-0.066706,0.098606,-0.034055,-0.022101,0.052,0.07461,-0.037639,0.009849,-0.099391,0.052866,0.031976,-0.007973,-2e-06,0.066397,0.002494,-0.071564,0.10892,0.039044,0.020766,-0.009831,0.03753,-0.016913,-0.044019,0.035112,-0.078149,0.096592,0.030626,0.070869,-0.106744,-0.123005,-0.055273,0.054552,0.030536,0.083691,-0.023464,-0.029518,0.014597,0.011476,-0.004287,-0.004542,-5.1e-05,0.01586,0.037122,0.043024,-0.043421,-0.047207,0.039817,-0.034074,-0.08828,0.048094,-0.012894,0.004161,0.012882,-0.008844,-0.025605,-0.089329,-0.053163,-0.018165,0.000463,-0.016976,0.028336,0.043862,-0.122573,0.014082,-0.05212,-0.031377,0.026774,0.115841,0.067143,-0.082551,0.057597,0.001859,0.055131,0.043179,-0.053812,-0.118356,0.018926,0.056121,-0.040018,-0.080418,0.061842,-0.014777,0.063689,-0.029724,-0.069221,-0.028192,-0.034971,0.025456,0.032645,0.037871,-0.013848,-0.05732,-0.021083,0.028507,-0.110791,-0.058414,0.07035,0.030863,0.038112,0.039408,-0.11085,0.003586,0.02085,0.079282,-0.033228,0.022426,-0.067548,-0.04169,0,0.042312,0.00975,-0.101864,0.056527,-0.019911,0.003239,-0.013374,-0.087642,-0.03646,0.036113,0.030978,-0.098625,0.013931,-0.098971,-0.053928,-0.013129,-0.058393,0.106552,-0.020491,0.083356,0.050533,-0.078711,0.006334,-0.025226,-0.036373,0.05456,0.047062,0.016943,-0.030937,0.019515,-0.024357,-0.027191,0.071421,-0.052296,-0.038589,0.002448,0.042305,-0.009161,0.078129,-0.032018,0.013241,0.004289,-0.019407,-0.028093,-0.050553,-0.031045,0.01168,0.036539,0.016667,0.017304,-0.089833,-0.077238,0.009344,-0.091792,0.023842,0.00348,0.087733,-0.031403,-0.066415,0.00404,0.027505,0.0098,0.006377,-0.002148]",139,919
diplomes_p029_c0037,diplomes,Référentiel des Diplômes et Certificats — Cameroun,1. ACQF (African Continental Qualifications Framework). 2021b. Towards the African,REFERENCES BIBLIOGRAPHIQUES,"Continental Qualifications Framework – Mapping report. AU-EU Skills for Youth
Employability Programme – SIFA Technical Cooperation. Authors: J. Keevy, A.
Bateman, E. Castel-Branco, L. Mavimbela, J. Adotevi, L. Sutherland, R. Matlala, U.
Kyari and T. Sibiya. https://acqf.africa/resources/mapping-study/acqf-mappingreport-
comprehensive",37,structural,"[-0.027481,0.001822,-0.058297,0.065655,0.010454,0.045205,-0.02049,-0.052348,-0.11021,0.014067,-0.066707,-0.016904,0.024365,0.031062,-0.056699,0.032364,-0.058193,-0.093963,0.045796,-0.091503,-0.030622,0.049102,-0.009503,-0.070033,0.024324,0.045241,-0.030202,-0.092812,-0.010191,0.074869,0.003021,0.011959,-0.001843,0.023652,0.082996,-0.011332,-0.018838,0.052232,-0.002422,-0.04529,0.039465,-0.07173,0.044092,-0.003949,0.033005,0.02254,0.043729,-0.011871,-0.033166,0.076537,-0.015352,-0.021322,0.017132,-0.05607,0.00473,0.045963,-0.013025,0.023721,-0.078579,-0.001379,-0.050542,-0.015852,-0.041831,0.019583,0.051312,-0.004097,0.005786,-0.009269,-0.000655,-0.001741,-0.100949,-0.076121,-0.073631,0.003799,0.089785,0.175899,0.036267,-0.019046,0.097319,0.01175,-0.009422,0.012956,0.003844,-0.032536,-0.002402,-0.015182,0.075784,-0.10091,-0.012065,0.011169,0.020484,-0.015922,0.054098,0.084078,0.022337,-0.06513,0.028334,-0.041001,-0.079254,-0.051836,-0.019853,0.025144,-0.012278,0.016301,-0.105137,0.030972,0.058623,0.026394,-0.005115,0.020417,-0.028065,0.060389,-0.024618,-0.061771,-0.008828,0.017459,-0.054324,0.03345,-0.012113,0.052489,-0.094665,-0.065316,-0.091705,-0.011716,0.03348,-0.04991,-0.060231,0,0.008931,0.08366,0.049415,-0.025258,0.037779,-0.073861,0.077217,0.013833,-0.005646,0.044303,-0.058519,0.152119,0.008119,0.064125,0.019178,0.045596,-0.042662,-0.057708,-0.04647,0.098206,0.059474,0.005901,0.020212,-0.018534,0.09182,0.017734,-0.098234,0.052454,-0.078101,0.019903,-0.032486,0.06882,-0.135954,-0.070202,0.009521,-0.018578,0.018121,-0.051716,0.022442,-0.033695,0.026099,-0.056959,0.089945,-0.013267,0.040806,-0.057408,-0.064343,0.000653,0.036922,0.090133,-0.02095,-0.032743,-0.012362,-0.065798,0.028299,0.06035,-0.009723,0.067407,0.015755,-0.061928,-0.017399,-0.058842,-0.047859,-5.6e-05,-0.004116,-0.017045,0.055424,0.027075,0.076008,-0.068266,0.025936,0.035871,-0.035576,0.037414,-0.003052,-0.014306,0.033485,0.045978,0.022238,0.016973,-0.008551,0.062438,-0.010813,-0.135222,0.068888,0.019823,0.033985,-0.005408,0.089481,-0.068095,0.032685,-0.027605,0.041386,0.036472,-0.054362,1e-05,0.072936,-0.04744,0.006871,-0.017535,0.054622,0.065768,0.072968,-0.029134,-0.011297,0.01025,0.062035,-0.023745,0.032314,-0.036048,0.030143,-0.090079,-0.080886,0.025121,-0.003615,0.030628,0.109018,-0.017103,-0.042742,0.036912,-0.022221,-0.059133,0.037034,-0.082508,0.01038,0.026219,0.074166,0.00809,-0.02026,-0.011654,-0.012543,-0.09227,0.021923,-0.041728,-0.066748,0.051741,0.016111,-0.013754,-0.041225,-0.002603,0.002436,0.027677,0.055099,-0.003547,-0.037842,-0.008843,0.127875,0.000686,0.047004,0.021536,0.043531,0.060123,0.035571,-0.020166,0.061915,0.032097,0.019585,0.036168,0.018667,-0.043651,0.01579,-0.095453,-0.080933,0.057746,-0.068608,0.078878,-0.085523,0.028329,0.039172,-0.048017,-0.027671,0.030049,-0.006941,0.017687,-0.065464,-0.062277,0.066972,-0.043279,-0.049055,0.131652,0.049003,0.115853,0.035988,-0.046961,0.021971,-0.005544,-0.019902,-0.044541,-0.010379,0.034472,-0.089824,-0,0.026099,0.10929,-0.081291,0.006898,-0.080519,0.10153,-0.042588,-0.041546,-0.001598,0.025547,0.008831,-0.000491,0.033645,-0.023808,-0.008265,0.030848,0.00078,0.067799,0.073505,0.095075,-0.008225,0.028706,-0.040715,0.041965,0.061169,0.031154,0.016137,0.02072,-0.051479,0.006144,0.003089,-0.032733,0.071495,0.009635,-0.068458,0.006772,0.121323,-0.075303,-0.012882,-0.09689,0.005724,0.066558,-0.003055,-0.037797,-0.003317,0.048215,0.008255,-0.034299,-0.064965,-0.018918,-0.052708,0.008159,-0.087176,-0.031562,0.067469,0.010203,0.038578,-0.087848,0.036616,0.002621,0.044567,-0.04366,-0.031662,0.007933]",45,335
diplomes_p029_c0038,diplomes,Référentiel des Diplômes et Certificats — Cameroun,2. ACQF (African Continental Qualifications Framework). 2020. Morocco - Mapping,1. ACQF (African Continental Qualifications Framework). 2021b. Towards the African,"report. AU-EU Skills for Youth Employability Programme – SIFA Technical
Cooperation. Author: E Castel-Branco. https://acqf.africa/resources/mapping-
study/morocco-country-report",38,structural,"[-0.033895,0.022325,-0.056321,0.091281,0.008328,0.055706,-0.025782,-0.068479,-0.094483,0.01301,-0.027019,-0.036724,0.024314,0.038362,-0.066876,0.006683,-0.07156,-0.068767,0.044426,-0.095217,-0.046467,0.014472,0.007909,-0.101401,0.001196,0.035312,-0.030618,-0.059914,-0.016072,0.056581,0.031372,0.016558,-0.009667,0.04703,0.053774,-0.009257,-0.001982,0.020532,-0.022344,-0.064833,0.011863,-0.121286,0.029765,0.004135,0.049856,0.028765,0.050377,0.004882,-0.05138,0.075626,-0.026537,-0.026292,0.014309,-0.089936,-0.006015,0.043151,-0.012808,-0.003657,-0.095884,0.000624,-0.045971,-0.038161,-0.079976,0.045206,0.059392,6.2e-05,0.049872,-0.007067,0.014265,-0.031458,-0.109841,-0.096856,-0.052912,-0.011206,0.096333,0.170364,0.014442,-0.045164,0.109875,-0.017078,0.009784,0.008141,-0.017464,-0.056518,0.014774,-0.036754,0.055728,-0.089812,-0.02988,-0.004209,0.045532,-0.042152,0.05969,0.1142,0.024615,-0.054096,0.026122,-0.022243,-0.05012,-0.029772,-0.0127,0.011438,0.015671,0.021296,-0.093697,0.029723,0.045388,0.030698,-0.017027,0.011299,-0.029686,0.039591,-0.059526,-0.06524,0.021427,0.044638,-0.00965,0.031134,-0.003278,0.044034,-0.097846,-0.081392,-0.082151,-0.012999,0.063649,-0.058535,-0.086016,0,-0.016495,0.068008,0.047551,-0.029828,0.009614,-0.03819,0.064688,0.02717,-0.000694,0.066836,-0.020191,0.139448,0.017856,0.077175,0.018799,0.016885,-0.013887,-0.029076,-0.053764,0.114211,0.065305,0.019336,0.030252,-0.004347,0.11101,0.005963,-0.066469,0.022292,-0.041902,0.035049,-0.006907,0.045555,-0.142403,-0.051683,-0.00015,-0.020798,-0.003322,-0.033697,0.020364,-0.055202,0.052198,-0.040377,0.110728,-0.023302,0.019034,-0.059126,-0.03784,0.053641,0.005724,0.05887,-0.003382,-0.010948,-0.056422,-0.045675,0.032913,0.051912,-0.046959,0.049755,0.021453,-0.069787,-0.000373,-0.05094,-0.085589,-0.023652,-0.016011,-0.028994,0.051566,0.003315,0.037992,-0.013435,0.032209,0.046267,-0.026622,0.067112,-0.018934,0.014589,0.047583,0.044787,0.035434,0.039903,-0.016013,0.107819,0.005083,-0.120299,0.043051,0.022207,0.045963,-0.004452,0.057889,-0.086723,0.009761,-0.018945,0.056068,0.036067,-0.01645,1e-05,0.07313,-0.043752,-0.021986,-0.020453,0.053856,0.048941,0.072944,-0.017089,-0.002022,0.016082,0.08917,0.001411,0.083665,-0.031961,0.026031,-0.091663,-0.065253,0.000515,-0.014363,0.08189,0.068401,0.006051,-0.025995,0.04801,0.023405,-0.076452,0.03091,-0.099576,-0.015746,0.034165,0.026475,-0.020221,-0.008263,-0.00746,-0.003377,-0.121555,0.034732,-0.071098,-0.090706,0.072109,0.042241,-0.00785,-0.050524,0.02445,0.001862,0.02415,0.031255,0.025898,-0.021712,-0.040437,0.111378,0.016489,0.035841,0.037317,0.079945,0.051499,0.006015,-0.050349,0.051229,0.023815,0.005194,0.04067,-0.004557,-0.036672,0.057849,-0.080102,-0.106714,0.045461,-0.066817,0.057102,-0.041122,0.00848,0.000211,-0.030616,-0.0265,0.014631,0.009431,0.005705,-0.06764,-0.050926,0.079218,-0.063861,-0.033682,0.099966,0.051052,0.08576,0.041544,-0.051419,0.003828,0.002015,-0.037127,-0.036234,-0.015928,0.046745,-0.064293,-0,0.026246,0.095083,-0.050287,-0.017165,-0.04769,0.102405,-0.059511,-0.065916,-0.017756,0.033539,0.012929,0.003832,0.038268,-0.018374,-0.033628,0.03034,-0.021484,0.085188,0.058035,0.096048,-0.015309,0.051404,-0.044925,0.040995,0.027867,0.048148,0.047497,-0.001552,-0.028752,-0.002504,-0.004791,-0.049391,0.079638,-0.009524,-0.077376,0.017476,0.081999,-0.059228,-0.000167,-0.084647,0.011478,0.06932,-0.011237,-0.015963,0.006773,0.013245,-0.000475,-0.060269,-0.063249,-0.006674,-0.058474,0.027469,-0.049771,-0.011188,0.08443,0.020884,0.045576,-0.084161,0.02674,0.032964,0.081432,-0.041721,-0.022824,0.022073]",24,177
diplomes_p029_c0039,diplomes,Référentiel des Diplômes et Certificats — Cameroun,7. CEDEFOP (Centre européen pour le développement de la formation professionnelle).,"6. Bologna Process Coordination Group for Qualifications Frameworks, 2009, “Report on","2014a. « Suivi des stratégies de mise en œuvre de l’ECVET en Europe en 2013 ».
Document de travail. Luxembourg : CEDEFOP.
https://www.cedefop.europa.eu/files/6122_en.pdf",39,structural,"[-0.05278,0.042236,0.041057,-0.023877,-0.008325,0.030738,-0.060645,0.025765,-0.038484,-0.05884,-0.04142,-0.072612,-0.01753,0.009858,-0.113095,-0.057974,-0.089499,-0.006523,0.053241,-0.043051,-0.091434,-0.038275,-0.00399,0.028691,-0.033665,0.018654,0.019504,-0.078591,-0.015157,0.052648,0.087999,-0.011505,0.028573,-0.053902,0.021961,-0.016233,0.077967,-0.062474,-0.039136,0.004542,-0.025012,-0.08869,-0.03279,-0.025261,0.062407,0.053191,0.00641,0.035633,-0.130559,-0.026278,-0.036501,-0.105531,0.058588,-0.019496,0.000607,0.053797,-0.010673,0.025249,-0.092318,0.004007,-0.002084,-0.026156,-0.109054,0.018594,0.014025,0.095954,0.046329,-0.000957,-0.022802,0.001676,-0.052242,-0.083628,-0.020605,0.057433,0.029868,0.073352,-0.053988,-0.034363,0.078984,-0.031582,0.026032,0.070926,-0.095483,-0.044028,0.103758,-0.01443,0.059787,-0.042294,-0.02059,0.05815,0.041547,0.018342,0.008512,0.063791,0.018087,0.051044,0.026987,0.000191,0.047643,0.004441,-0.041382,0.042784,-0.031157,-0.028235,-0.025816,0.017667,-0.035813,0.059783,-0.014866,-0.057757,-0.023709,-0.075867,-0.027886,-0.092561,-0.014659,0.054684,-0.027362,-5.9e-05,0.061034,0.064596,-0.063653,0.021249,-0.056079,0.064942,0.021284,-0.011,-0.072916,0,0.070604,-0.001028,0.064092,0.019618,-0.120415,-0.013551,-0.058548,0.026198,-0.00754,-0.076175,0.008417,0.02552,0.046117,-0.113145,0.028225,-0.033537,0.033746,0.061013,-0.008195,0.047562,0.011102,-0.033328,0.017262,-0.07008,0.076793,0.083792,-0.100155,0.02429,-0.013478,0.020805,0.047958,-0.000303,-0.073861,0.055922,0.003304,0.068583,0.045551,-0.066957,0.071512,-0.010044,-0.013002,-0.098611,0.092332,0.013743,0.035722,-0.014656,-0.036504,-0.066487,0.047641,-0.045603,0.058985,-0.055358,0.00689,-0.008709,0.114264,0.101013,-0.007403,0.014279,-0.037228,-0.023511,0.034714,0.037238,-0.085394,0.017011,0.049915,-0.010389,0.028191,-0.012427,0.027823,-0.089692,-0.035981,0.045517,0.075299,0.037422,0.004406,0.039764,0.012633,0.101676,-0.061943,0.024241,-0.003787,0.018189,0.012684,-0.115455,0.138121,0.051124,0.008057,0.046244,0.06238,0.008748,-0.056784,-0.042961,0.040305,0.038745,-0.047808,5e-06,0.029211,-0.015809,-0.017034,-0.049969,0.03444,0.026742,0.011397,-0.107587,0.063324,0.032966,0.012689,-0.159244,0.085757,-0.061064,-0.016527,-0.013456,-0.03212,-0.043354,0.016298,0.005006,0.047684,-0.075211,-0.059681,0.029748,-0.016159,-0.085685,0.065388,-0.026794,0.05338,-0.068029,-0.042869,-0.055746,-0.018732,0.02624,0.006522,-0.020781,-0.065055,-0.018385,0.032176,-0.001018,-0.069075,0.05513,-0.077009,-0.025639,0.038649,0.037594,0.03213,0.019751,-0.010168,-0.0639,0.04655,-0.014187,-0.043778,0.000648,-0.015877,0.024212,0.013999,-0.045525,0.052327,0.094776,0.110596,0.050715,-0.02681,-0.000371,0.05116,-0.00655,-0.111948,0.01822,-0.009405,0.05962,0.039187,-0.075296,0.02646,0.003395,-0.02538,-0.043006,0.012617,-0.009824,-0.065811,-0.001404,0.103068,-0.06855,0.026951,0.079134,0.024124,0.075747,0.048819,-0.053395,0.03323,-0.025853,-0.017146,0.025895,0.077554,0.026463,0.045748,-0,0.060151,0.044734,-0.051718,0.031505,0.051451,-0.011389,-0.031774,-0.043829,-0.020611,-0.032809,-0.100757,-0.029577,-0.026651,-0.069252,0.0097,0.004998,-0.014243,0.069317,0.049472,0.104708,0.064638,-0.010939,-0.008602,-0.005511,0.042631,-0.022441,0.034755,0.054699,-0.003111,0.010671,-0.039296,-0.000357,0.048899,0.01822,-0.037177,0.063565,-0.048926,0.009975,0.010849,0.047426,-0.020254,0.066371,0.008238,-0.016056,-0.057273,0.035284,0.070751,-0.036115,0.016297,-0.013378,-0.043579,0.027169,0.027473,0.025707,0.070512,0.053927,0.115352,-0.090087,-0.033618,0.01627,-0.047783,-0.034603,0.097719,0.068941]",28,169
diplomes_p029_c0040,diplomes,Référentiel des Diplômes et Certificats — Cameroun,"8. Confédération suisse, DEFR, Secrétariat d’État à la Formation, à la Recherche et à",7. CEDEFOP (Centre européen pour le développement de la formation professionnelle).,"l’Innovation (SEFRI), Le Cadre national des certifications pour les diplômes de la
formation professionnelle (CNC-CH-FP) en bref, 2013.",40,structural,"[-0.113317,-0.039892,0.017513,-0.028897,-0.00267,0.029243,-0.038119,0.048376,-0.040882,0.016659,-0.106905,0.001288,-0.001884,-0.020588,-0.089684,-0.011508,-0.116696,-0.050845,0.03325,-0.080616,-0.066528,-0.015237,-0.044873,0.017307,0.045561,0.036262,-0.008121,-0.032103,0.030691,0.003335,-0.04085,0.003604,0.024475,-0.088053,0.017142,-0.074843,0.039871,-0.043789,0.002148,0.050418,-0.057593,-0.062206,-0.041523,0.03871,0.002593,0.1372,0.074073,0.060067,-0.031031,0.004371,0.002675,-0.118437,0.001225,-0.018381,0.03148,-0.030708,-0.052114,-0.019422,-0.054121,0.036895,0.029096,-0.001084,-0.009539,0.012247,-0.028332,0.053474,-0.015083,0.032151,-0.007605,0.047423,-0.02554,-0.0528,0.032892,0.003477,0.002373,0.016683,-0.04405,0.0186,0.092141,-0.067172,-0.007795,0.072072,-0.008549,0.011623,0.046305,0.024998,0.050443,-0.08147,-0.051186,-0.028333,0.00269,0.011224,0.004598,-0.013327,-0.030781,0.055111,-0.027179,-0.012579,0.143953,0.051634,-0.028096,0.010872,-0.05658,0.013202,-0.011598,0.069594,-0.050139,0.032674,0.121853,-0.02753,0.004397,0.030001,-0.066855,-0.047975,-0.018053,0.036473,-0.037946,0.014609,0.076654,-0.034971,0.010896,-0.030992,-0.059115,0.019604,0.003668,0.005751,-0.08166,0,0.008818,0.130399,0.064693,0.088134,-0.077388,-0.043979,0.060188,0.008842,-0.138506,-0.070339,-0.001004,0.016336,0.040739,-0.042794,0.065668,-0.081095,0.04087,-0.08275,-0.018142,-0.083784,-0.008436,0.002521,0.060207,-0.032758,0.019009,-0.035845,-0.025365,0.029656,-0.034682,0.001119,0.03353,0.001353,-0.044912,0.091861,-0.025236,-0.020286,0.083819,-0.074494,0.051599,-0.008672,0.048875,-0.004173,0.011305,0.002092,0.019579,0.046959,-0.077577,-0.026517,0.093327,-0.071774,0.016584,0.023044,0.035466,-0.080005,0.098817,-0.024497,-0.103554,0.065359,0.036647,0.0149,0.021528,0.025345,-0.034077,0.065546,-0.064208,0.086465,0.047377,-0.0581,0.096825,-0.03099,0.008334,0.089735,-0.031877,-0.014527,-0.000793,0.024409,-0.095714,0.023166,-0.087634,0.019135,-0.086285,0.077356,-0.033001,-0.003543,0.064942,-0.047716,0.024732,0.069913,0.061288,0.03131,-0.095722,-0.071023,0.086726,-0.012956,0.000569,8e-06,0.045274,-0.004589,-0.030307,0.007655,-0.051129,-0.017967,0.028125,-0.070393,-0.042161,0.035995,0.098472,-0.038996,0.076588,-0.021143,-0.005498,-0.051916,-0.061175,-0.091943,-0.028992,0.045112,0.0696,-0.102,0.000749,0.022552,0.056998,-0.037304,-0.02884,-0.032002,0.081127,-0.03425,-0.026879,-0.039262,-0.062943,0.096256,0.022302,0.00967,0.006421,-0.039529,0.052387,-0.110019,-0.05019,-0.03136,-0.005068,0.080542,0.03486,-0.110517,-0.016322,0.079018,-0.056638,-0.038308,0.089171,-0.052589,-0.001121,-0.103554,0.00973,0.113166,0.033917,0.015407,0.034522,0.063383,0.065579,-0.010144,-0.062823,0.04157,-0.003136,-0.011037,-0.073391,0.071976,0.040682,-0.045794,0.025572,-0.010015,-0.074593,-0.048776,-0.043625,-0.019843,0.056445,0.026949,-0.094128,0.051788,-0.000794,-0.012828,0.003624,0.002894,0.008013,0.090161,0.096483,-0.010015,0.046182,-0.003612,0.012376,-0.027178,0.021409,0.016719,0.006089,-0,0.001489,0.001832,-0.033022,0.003396,-0.003496,-0.079516,0.034305,-0.048962,-0.068753,0.027155,-0.021919,0.012015,0.009329,-0.002079,-0.026455,-0.025191,-0.03006,0.117944,0.019884,0.084868,0.016954,0.025224,-0.020826,-0.026271,0.008818,-0.000675,0.060171,-0.092354,-0.03253,-0.017955,0.045765,-0.007776,0.020064,0.032686,0.002867,0.026547,0.023706,-0.000453,-0.025682,-0.060049,0.035456,0.08098,-0.004578,-0.034062,-0.07509,-0.044348,-0.003508,-0.015657,0.049341,-0.036486,-0.011414,0.028927,0.015425,-0.099818,0.050358,0.046006,0.058436,-0.077304,-0.028845,-0.063801,0.009752,0.004769,0.119975,0.013876]",21,135
diplomes_p029_c0041,diplomes,Référentiel des Diplômes et Certificats — Cameroun,"11. Groupe de la Banque mondiale (2019), Projet d'enseignement secondaire et de","10. Guide pour l’élaboration de passerelles entre certifications, Commission nationale de la","développement des compétences - Document d'information sur le projet. Page 122.
https://documents.worldbank.org/en/publication/documentsreports/documentdetail/98
5741559276623707/concept-project-information-document-pid-secondaryeducation-
and-skills-development-project-p170561.ILO / OIT (Organisation internationale du
travail). 2006a. Glossaire des termes clés sur l’apprentissage et la formation pour le
travail. Genève : OIT.",41,structural,"[-0.089201,0.035515,-0.043248,-0.031616,0.023986,-0.023274,0.005618,0.054984,0.019317,0.039977,-0.066628,0.099636,-0.02777,0.006546,-0.063797,0.038328,-0.072633,0.015129,0.065497,-0.07495,0.000753,-0.02509,0.040356,0.015355,0.001833,0.030024,0.035089,0.020933,-0.007208,0.074299,0.012191,0.025489,0.020876,-0.054831,-0.049596,-0.019744,0.052933,0.050429,0.010802,-0.096889,0.042331,-0.123029,0.022486,-0.059779,0.033955,0.013269,-0.043782,0.057942,-0.10795,-0.006231,0.007483,-0.14592,0.0386,-0.052707,-0.029315,-0.019775,0.016396,-0.028706,-0.071925,-0.013009,0.000301,0.039653,-0.135906,0.070298,0.031381,0.049911,0.04124,0.046774,-0.02447,0.025515,0.019265,-0.004997,0.021362,-0.068324,-0.03525,0.029515,-0.065031,0.016575,0.061311,-0.053877,0.03148,0.002508,0.020406,-0.06043,-0.006796,0.018578,0.056512,0.05998,-0.040004,0.031421,-0.001088,-0.034309,0.075116,0.130834,-0.013887,-0.043143,-6.3e-05,-0.032565,0.025029,-0.00265,-0.073926,0.013217,-0.000424,-0.023753,0.088847,0.025957,0.034555,0.006007,0.029532,0.004436,-0.035052,-0.028756,-0.018633,-0.00677,-0.010012,0.039077,0.043875,0.04053,-0.018692,0.004516,-0.090013,0.030969,-0.034233,-0.091594,-0.017655,0.00509,-0.073108,0,0.039996,0.020972,0.011782,-0.01799,-0.096429,0.067448,-0.006181,0.050317,-0.064638,-0.027656,0.014153,-0.041066,0.035107,-0.022696,0.120884,-0.048253,-0.008448,0.067416,-0.021408,0.031885,0.000786,-0.05093,0.071671,0.0085,0.057586,0.072687,0.023153,-0.05641,-0.048335,0.00786,0.017928,-0.05797,0.011617,0.053638,0.004243,0.03673,0.052372,-0.03076,0.03091,-0.02357,0.132432,-0.050841,0.068887,-0.036565,-0.009006,0.010701,4.3e-05,0.026688,0.111816,0.007949,-0.037671,0.014102,-0.166296,-0.052367,0.096413,-0.075957,-0.115555,0.065833,-0.017318,-0.073336,-0.006752,0.027532,-0.067935,0.124581,-0.00316,0.036248,-0.051224,-0.038832,0.041669,-0.010849,-0.010745,-0.040575,0.018883,0.051362,0.044046,0.023818,0.042064,-0.038718,-0.052953,0.043382,-0.011918,0.064094,0.028718,-0.064749,0.038783,0.055238,0.006524,0.032391,0.006391,-0.03091,-0.037414,-0.041342,-0.056638,0.054102,-0.02605,6e-06,0.031289,0.001459,-0.041032,-0.017223,0.036308,0.044423,-0.030201,0.033695,0.032586,0.023118,0.095771,-0.100146,0.060081,0.036534,0.00251,-0.114301,-0.103892,-0.071499,0.00762,0.011593,0.058879,0.00797,-0.105148,0.023537,0.005474,-0.057505,0.096866,-0.062309,0.052631,0.010367,0.012181,-0.002565,-0.093448,0.092371,-0.044022,-0.018791,0.106275,-0.068038,0.015256,0.000192,-0.055647,0.039015,-0.053153,-0.124031,-0.05681,0.002833,0.040935,0.082022,-0.049147,-0.102213,0.076368,0.000265,0.011881,0.006468,0.053472,-0.011908,0.030706,-0.018515,-0.001311,-0.011391,0.046197,0.021983,-0.023147,0.019951,0.017787,-0.042457,-0.032396,0.058439,0.055806,0.057037,-0.059179,-0.022751,-0.001287,-0.004116,0.033428,0.043238,-0.022628,0.004903,-0.019656,-0.035647,0.073426,-0.042935,0.004206,0.044223,0.081138,-0.06127,-0.008673,-0.041051,0.006005,0.005925,-0.003747,0.019949,-0.064846,0.002447,-0.017709,-0,0.024639,-0.018787,-0.092931,0.0158,0.027239,-0.002444,-0.052315,-0.055592,0.012529,0.032814,-0.001056,-0.017173,-0.07274,-0.041501,-0.067766,-0.062443,0.001341,0.079064,0.051549,0.090179,0.021462,-0.035127,-0.077297,-0.071727,0.022998,-0.009859,0.028428,-0.048901,-0.008114,-0.00687,0.016349,0.01016,0.051566,-0.028702,-0.033009,0.086413,0.087148,0.021872,0.034059,0.073628,0.045832,-0.017669,-0.020542,-0.02565,-0.054063,-0.059459,-0.042548,0.016078,-0.018112,-0.002763,-0.100172,0.058918,0.089084,-0.087305,0.037475,0.089789,0.040561,-0.116442,-0.071606,0.00645,0.12285,0.010204,0.073121,0.031178]",54,430
diplomes_p029_c0042,diplomes,Référentiel des Diplômes et Certificats — Cameroun,"12. Jörg Markowitsch, Karin Luomi-Messerer - Développement et interprétation des","11. Groupe de la Banque mondiale (2019), Projet d'enseignement secondaire et de","descripteurs du cadre européen des certifications, Revue européenne de formation
professionnelle no 42/43 – 2007/3 • 2008/1
23",42,structural,"[-0.099164,0.050166,0.009266,-0.071272,-0.019209,0.02066,0.01262,0.035675,0.057616,0.004505,-0.089067,0.043248,-0.031502,0.038845,-0.046674,-0.04372,-0.079144,0.026718,-0.003703,0.033293,0.026964,-0.053129,-0.028872,-0.000888,0.079112,-0.004168,0.027535,-0.001378,-0.02526,0.11757,-0.006977,0.023543,0.014961,-0.061518,0.011691,-0.072698,0.045514,-0.005373,-0.020597,-0.053674,0.027396,-0.092549,0.04395,-0.024851,0.015005,0.014996,-0.044898,0.057067,-0.129808,0.007178,0.014985,-0.067497,0.011563,0.029377,0.017297,-0.040651,0.022885,0.001387,-0.049838,-0.01093,0.043936,0.048913,-0.156195,0.063021,-0.01021,0.025985,0.018773,-0.024217,0.002124,0.031104,-0.01151,-0.066157,-0.026003,-0.068809,0.001446,-0.007201,-0.04333,-0.034051,0.041161,-0.126027,0.028656,-0.065693,0.017684,-0.115807,0.066999,-0.051535,0.037113,-0.024115,0.009752,0.050111,0.006244,0.0068,0.054457,0.067591,0.020546,-0.018015,0.023051,0.051146,0.035695,0.08425,-0.02993,0.051794,0.031944,-0.013825,0.01525,0.054492,-0.054274,-0.064578,-0.01601,-0.037125,-0.048264,-0.016772,0.035216,-0.069846,-0.064801,0.030631,0.091187,-0.035491,0.025754,0.049368,-0.008148,-0.010622,-0.019721,-0.005978,0.083189,0.031174,-0.030294,0,0.053555,-0.09499,0.041906,0.014122,-0.082566,0.127593,-0.055118,-0.011506,-0.06235,-0.060424,0.027005,0.024799,0.052552,-0.039366,0.056261,-0.007364,0.076482,0.03378,-0.011351,-0.017735,0.041244,-0.065073,0.043946,0.0727,-0.005804,0.006582,0.012077,-0.025844,-0.006991,0.027692,-0.011876,-0.020202,0.006303,0.0139,-0.021866,0.103999,-0.002693,-0.026288,0.04433,-0.11164,0.048422,-0.047166,0.091691,-0.044494,-0.03929,-0.019046,-0.027956,-0.007196,0.066212,0.014702,0.020253,-0.06583,-0.07789,0.014457,0.00451,-0.004966,-0.12091,0.076599,-0.040061,-0.041406,0.029353,0.030732,-0.015481,0.092519,0.024648,0.025626,-0.053016,-0.004467,-0.06048,0.003545,0.02662,0.010716,0.020523,0.051785,0.028036,0.016202,0.071016,0.044915,-0.06747,0.005048,-0.008917,0.012693,0.029003,-0.057953,0.014515,0.083052,0.033324,-0.050219,0.032754,-0.083729,-0.044206,-0.059032,-0.013771,0.053663,-0.055928,3e-06,-0.042351,0.02023,-0.018285,-0.029159,0.027938,0.013468,-0.058936,0.08199,-0.008296,-0.007112,0.109165,-0.071905,0.071704,0.016334,-0.027058,-0.135205,-0.030928,-0.019925,0.032549,0.064497,0.048904,0.001343,-0.100245,0.042466,-0.023367,-0.096012,0.020197,-0.016883,-0.001892,-0.025233,-0.032222,0.04908,-0.041493,0.068231,0.00839,-0.000828,0.078111,-0.031517,0.032094,0.025174,-0.091134,-0.029328,-0.062888,-0.035905,0.040375,0.015188,0.047327,0.117054,-0.00925,-0.098736,0.027837,-0.006202,-0.009718,0.127139,0.012921,0.038819,0.017769,-0.046336,0.016742,0.009591,-0.013907,0.064277,-0.045547,0.014938,0.039948,-0.027053,-0.081705,-0.012053,0.103762,0.042778,-0.001951,-0.075187,-0.026686,0.036285,0.037863,-0.02424,0.031365,0.010863,0.019541,-0.035591,0.080024,-0.048872,0.02815,0.088729,0.054233,-0.105593,0.028276,-0.098362,0.018629,-0.005925,-0.008226,0.052341,-0.036308,-0.002347,0.034285,-0,0.040822,0.017399,-0.111928,-0.024719,0.012316,0.019464,0.038944,-0.082315,-0.052101,0.041956,0.017131,-0.0332,-0.028521,-0.114505,-0.094839,0.052579,-0.025296,0.07497,-0.006026,0.154406,0.071196,0.010485,0.039721,-0.040653,0.02192,0.031523,-0.021322,0.004432,-0.038452,-0.002874,0.02307,0.068739,0.094846,-0.0362,-0.073198,0.123479,-0.013338,0.058116,-0.017025,0.007188,0.038196,-0.052598,-0.053105,0.003804,-0.052639,-0.095973,-0.054977,0.020867,-0.02749,-0.007801,-0.066961,0.078855,0.087648,-0.067518,-0.022524,0.020205,0.05448,-0.068069,-0.009191,0.022137,0.09183,-0.031319,0.045529,0.016737]",19,126
MEPC_2013_p001_c0000,MEPC_2013,Nomenclature Camerounaise des Métiers et Professions — 2013,NNNNOOOMMMEEEENNNCCCLLLLLLAAATTTUUURRRRRREEE CCCAAAAAAMMMEEERRRROOOOUUUNNNAAAAAAIIISSSEEE DDDDDDEEESSS,--------------------- ------------------,"MMMEEETTTTTTIIIEEERRRSSSSSS,,, EEEMMMPPPPPLLLOOOIIISSSSSS EEETTT PPPPPPRRROOOFFFFEEEESSSSSSIIIOOOOOONNNSSS
Elaborée ssous la coordinnation de l’Innsstitut Nationnal de la Stattistique
Avec le sooutien financieer de :
l’Union Européennnee à travers lee Programme d’Appui à laa Réforme des Finances Puubliques - volet
statistiquee (PARFIP/SSSN)
la Fonddaation pour llee Renforcemment des Cappacités en Affrique (ACBFF) à travers le Programme dee
Renforcemment des Capaacités en Gestion Économiquue et Financièrre du Camerouun (CAMERCCAP)
et le Proggramme des Nations Unnies pour le DDéveloppemeent (PNUD)
Sepptembre 2013",0,structural,"[-0.049078,0.018953,-0.0378,0.022416,-0.025958,0.021641,-0.026746,-0.053568,0.020136,-0.019377,-0.044635,-0.010471,-0.023977,-0.078251,-0.075864,0.022755,-0.048853,0.019734,0.00555,0.038324,-0.031248,-0.010865,-0.06709,-0.03088,0.107307,0.095511,0.004563,0.021911,0.006195,0.031163,-0.036218,-0.05044,0.003295,0.01652,0.085435,-0.145112,-0.000465,0.058295,0.03137,-0.026433,0.019073,-0.009793,0.129904,0.075293,-0.000446,0.098759,-0.048724,0.056683,-0.019486,0.022807,0.02278,-0.020748,0.013986,0.046029,-0.004083,0.061687,0.046605,-0.040812,0.000218,0.021162,-0.004743,0.031089,-0.037639,0.027043,0.105176,0.028813,0.038858,0.045088,-0.10685,0.060218,-0.048995,0.002519,-0.030783,-0.017687,-0.035138,0.018544,-0.079288,-0.005328,0.129675,0.030017,-0.061344,0.011348,0.040615,-0.009288,-0.0106,-0.069858,0.004787,-0.031789,0.016169,-0.035642,0.006177,0.013971,0.029952,0.002741,-0.017616,-0.008838,0.013928,0.082234,-0.080907,0.051966,-0.012936,0.045368,-0.012359,-0.028373,0.000975,0.036708,0.003343,0.034521,0.069256,-0.09946,-0.019991,-0.018837,-0.009413,-0.03827,0.039778,-0.003124,-0.08326,-0.006152,0.005753,0.072964,-0.017336,-0.004658,-0.170821,0.089706,-0.02072,-0.00815,-0.054454,0,0.009926,-0.023503,0.056287,-0.049149,-0.035236,-0.015666,-0.065142,-0.035026,-0.07843,0.077369,0.020261,-0.046464,0.021621,-0.100366,0.016718,-0.051596,-0.034968,0.092169,-0.075305,0.084942,0.080049,-0.005666,0.095252,-0.049699,-0.052784,-0.01202,-0.04576,-0.038353,0.082739,0.028271,-0.014105,0.035678,-0.043158,0.039219,-0.020741,-0.068321,0.054211,-0.036404,-0.036265,-0.02282,-0.011243,0.026044,-0.022531,-0.020059,-0.016649,0.000176,0.017958,-0.017667,-0.021541,0.036556,0.001764,-0.015589,0.019797,-0.051519,-0.000268,-0.035285,-0.037359,0.025785,0.008299,-0.058951,-0.096381,-0.054311,0.067313,-0.110111,-0.023487,0.155842,0.024675,0.019822,-0.019606,-0.041398,0.040888,0.010745,-0.043162,0.082506,0.033183,0.020052,0.120403,0.02249,-0.096326,-0.071233,-0.030627,-0.03813,0.014878,-0.074514,0.076293,0.005948,0.003041,0.009132,0.047707,-0.07289,-0.02277,-0.083256,0.092191,-0.034372,-0.077204,-7e-06,0.000561,-0.079016,-0.003385,-0.029752,-0.057596,0.007424,-0.03111,-0.062408,0.101416,0.020734,0.020403,0.051892,-0.011694,0.000547,0.067118,-0.023977,0.0552,-0.005578,-0.002253,0.012416,-0.04826,-0.038738,-0.02682,0.067154,-0.0501,0.039401,-0.049638,-0.032397,0.08069,0.013587,-0.065689,-0.021976,-0.106995,0.017832,-0.03516,-0.041347,-0.011574,-0.029757,-0.041057,-0.03885,-0.041265,0.012822,-0.035644,0.064582,0.065316,-0.024682,-0.009979,0.068508,0.009657,0.028829,0.045604,0.063202,0.002871,0.087653,-0.043371,0.01443,0.04161,-0.006392,-0.046691,-0.073207,-0.109759,0.004515,-0.017766,0.044451,0.063315,-0.015894,-0.04983,-0.009762,0.055535,-0.005669,-0.038885,0.034258,-0.102957,0.005751,0.127566,0.103199,0.12077,-0.042239,-0.074271,0.02622,-0.068328,0.013987,0.02983,-0.073242,0.026268,-0.076834,-0.009142,-0.045614,-0.010559,0.039004,-0.044312,-0.02365,0.042153,-0.019061,-0.035778,0,0.006987,0.011227,-0.015187,0.034444,0.041262,0.015413,-0.021815,-0.032855,-0.048922,-0.058186,0.110613,0.073083,-0.007302,-0.097405,-0.118448,-0.037543,-0.036806,-0.023512,-0.006455,0.040562,-0.058436,-0.020283,-0.018923,0.014424,0.029064,0.028427,0.060416,0.109655,0.037353,-0.006239,0.019439,0.001412,0.033592,-0.075299,0.018331,0.011086,0.10979,0.083986,0.078399,-0.08607,-0.000642,0.03137,-0.009942,0.050709,-0.076864,-0.038331,0.016365,-0.059562,0.075343,-0.092826,-0.091012,0.02166,-0.038864,0.013795,0.030484,0.055307,-0.00226,0.028142,-0.063185,0.020248,0.008255,0.01511,0.016086,-0.015217]",77,618
MEPC_2013_p002_c0001,MEPC_2013,Nomenclature Camerounaise des Métiers et Professions — 2013,SOMMAIRE,NNNNOOOMMMEEEENNNCCCLLLLLLAAATTTUUURRRRRREEE CCCAAAAAAMMMEEERRRROOOOUUUNNNAAAAAAIIISSSEEE DDDDDDEEESSS,"LISTE DES ABREVIATIONS....................................................................................................................... 1
AVANT PROPOS .......................................................................................................................................... 3
I. INTRODUCTION ............................................................................................................................... 4
II. PRESENTATION DES NOMENCLATURES ................................................................................... 5
II-1 Les principes fondamentaux ............................................................................................................... 5
II-1-1 L’unité de classification ............................................................................................................... 5
II-1-2 Les variables de classification ....................................................................................................... 6
II-1-3 Les critères de similarité .............................................................................................................. 6
II-2 Elaboration de la classification ........................................................................................................... 7
II.2.1 Le cadre et les concepts ............................................................................................................... 7
II-2-2 Caractéristiques clés de la MEPC ................................................................................................ 8
III. STRUCTURE DETAILLEE DE LA MEPCMEPC ....................................................................... 11
IV. NOTES EXPLICATIVES ................................................................................................................ 30
V. EQUIPE D’ELABORATION........................................................................................................... 144",1,structural,"[-0.012697,-0.063233,0.012012,-0.057256,-0.061621,0.048416,0.102405,0.094394,-0.070077,0.015193,-0.002784,-0.050845,0.015026,-0.043646,-0.02831,0.05045,0.062292,-0.015662,-0.008677,-0.065639,0.035659,0.024718,-0.053021,0.03341,0.055915,0.008453,-0.014491,-0.00717,0.049923,-0.029868,0.043372,0.036715,0.056378,-0.017484,-0.002962,-0.151165,-0.071178,-0.056021,-0.028168,-0.011381,-0.044189,-0.004555,-0.072403,-0.015785,-0.042523,0.053241,-0.059807,0.10118,0.022354,-0.039474,-0.025051,-0.006293,-0.023388,0.000469,0.048975,-0.057661,-0.072649,-0.062588,0.013334,0.029618,0.004491,0.030995,-0.019653,-0.02912,-0.03496,0.098331,0.081883,-0.047579,-0.017851,0.044031,-0.044702,-0.036309,0.028192,0.008808,-0.025002,0.015963,-0.027251,-0.05708,0.014082,-0.056182,-0.024132,-0.067105,-0.000778,-0.002812,-0.039431,0.042668,0.0233,-0.043224,0.03663,-0.053343,0.007422,-0.083489,-0.055369,-0.001867,0.017206,0.006321,0.044243,-0.040115,-0.006975,0.003536,-0.063134,0.115561,-0.07219,0.046884,-0.105824,0.024468,-0.054023,-0.052692,0.014778,-0.058556,-0.069868,-0.053703,-0.024973,-0.088356,-0.041577,-0.081006,-0.014589,0.011223,0.029327,-0.010624,0.034993,-0.026687,-0.010506,0.059305,-0.051524,-0.070297,-0.042296,0,-0.073317,0.011158,-0.044662,-0.06987,-0.050462,-0.101316,-0.086275,0.034308,-0.02218,-0.135318,0.021915,-0.156436,-0.015881,-0.015006,0.056746,0.009689,0.131339,0.014536,-0.040836,-0.034948,-0.079243,0.041423,-0.04228,0.007248,-0.051311,0.059138,0.017475,-0.002134,-0.049271,-0.023697,0.061603,-0.015378,-0.081087,0.055753,0.01542,-0.082593,-0.040678,-0.058653,-0.038484,0.053166,-0.080642,0.001688,0.002513,-0.00646,0.037244,-0.020804,-0.100785,0.068264,0.056663,-0.061124,-0.057376,0.036872,-0.068699,-0.072942,0.028801,0.026552,-0.075077,0.033196,0.00132,0.020156,-0.09948,-0.038223,-0.058184,-0.060556,0.008381,-0.027421,-0.046019,-0.022499,-0.038734,0.020779,-0.018576,-0.02875,0.01727,0.010994,-0.011915,0.044965,-0.031429,-0.078742,-0.042687,-0.059009,0.015969,0.012768,0.015253,-0.007719,0.007328,-0.002201,0.026605,-0.054121,-0.039153,0.019909,-0.077864,0.002967,-0.001487,-0.042181,-0.036781,1.3e-05,0.045416,0.021614,-0.00131,-0.021448,-0.06919,0.041208,-0.066994,0.014988,0.006266,-0.00486,0.065706,0.078807,-0.002657,-0.153953,0.009384,-0.021669,0.010418,-0.000468,-0.094518,0.024699,0.026227,-0.008625,-0.03105,-0.053091,-0.090662,-0.039023,0.033555,0.047928,-0.074905,0.064291,-0.011282,0.017807,-0.07127,-0.061109,-0.028888,-0.01637,0.081482,-0.006134,-0.066061,-0.095243,-0.064074,0.093463,0.026851,-0.01239,0.027731,-0.122096,-0.028981,0.002181,0.004658,-0.01536,0.119681,-0.040488,-0.008661,-0.056796,-0.016157,-0.015464,-0.012697,-0.034877,-0.090838,-0.034242,-0.020444,0.011223,0.005318,0.052134,0.017633,-0.041271,-0.128572,-0.030369,0.05002,-0.028661,0.000433,0.017833,-0.06774,0.07789,-0.060846,-0.03677,0.033939,0.042115,0.023643,0.007413,-0.037305,0.061531,-0.00493,-0.033563,-0.001621,-0.073759,-0.013849,0.006062,0.029895,0.000769,0.020171,0.001895,0.012703,0.01231,0.041784,1e-06,-0.057584,-0.090234,0.013171,-0.017657,0.090633,-0.013409,0.032728,-0.073132,-0.018459,-0.051324,-0.032758,0.014478,-0.000916,0.04736,-0.015075,-0.025594,0.034724,0.029162,-0.047028,-0.038191,-0.07051,-0.070526,0.00296,-0.085263,0.027548,-0.087263,0.002197,-0.01724,0.01282,0.088518,0.012551,0.009011,0.080865,-0.192204,0.098069,0.043251,0.104215,0.036038,0.007928,0.080931,0.050355,-0.007087,0.054966,0.033944,0.038417,-0.083499,0.025253,-0.082391,-0.030205,-0.021515,0.066319,-0.017243,-0.033359,-0.043245,-0.034361,-0.022898,-0.084925,0.013547,0.046622,-0.009179,0.052682,0.055638,-0.004973,0.02229]",86,1971
MEPC_2013_p003_c0002,MEPC_2013,Nomenclature Camerounaise des Métiers et Professions — 2013,LISTE DES ABREVIATIONS,SOMMAIRE,"ACBF Fondation pour le Renforcement des Capacités en Afrique
BIT Bureau International du Travail
Projet de Renforcement des Capacités en Gestion Economique et Financière du",2,structural,"[0.002245,-0.001796,-0.091385,-0.021344,0.020362,0.034735,0.147158,0.05586,0.009602,-0.010135,-0.019634,-0.033452,-0.027691,-0.014756,-0.104709,0.006427,-0.076802,0.009324,0.036702,-0.040684,-0.030225,0.008162,0.038441,-0.010793,0.031064,0.037601,-0.029539,-0.00141,0.052324,-0.055505,-0.085975,-0.004411,0.076716,-0.047167,0.003244,0.015202,-0.030224,0.036017,0.055188,-0.022805,0.003371,-0.033165,0.028624,0.030752,0.032289,0.063383,0.083251,0.072066,-0.013073,0.030782,0.074039,-0.003259,-0.016729,-0.001394,0.030762,0.01996,-0.002121,-0.055131,-0.028894,0.035001,-0.032258,-0.004517,-0.063471,-0.021264,0.029155,0.083924,0.09572,-0.025644,-0.091598,-0.017813,-0.027559,-0.036438,-0.015171,-0.021774,-0.06046,0.083173,-0.052094,0.045823,0.024454,0.03492,-0.100664,-0.142947,0.049961,-0.049085,-0.07308,0.006149,-0.009418,-0.042175,0.032249,-0.013721,-0.000547,0.004506,0.163005,-0.034021,-0.00889,-0.016936,0.05116,-0.002104,0.050925,-0.031484,0.037067,0.026119,-0.120036,-0.041918,0.061889,-0.021023,-0.000759,-0.004686,0.020097,0.021828,-0.027497,0.051413,-0.001866,-0.063812,-0.061097,-0.071435,-0.017662,-0.054735,0.042582,-0.116277,-0.065962,-0.03995,-0.043196,-0.08502,-0.017594,-0.011108,-0.050517,0,-0.088573,0.025344,-0.034395,-0.08603,-0.1187,0.023534,-0.073044,0.031977,-0.10435,-0.002742,0.02057,-0.009738,0.011448,-0.084108,0.035376,-0.033372,0.029851,-0.045368,0.055853,-0.002881,-0.020783,0.058754,0.053756,0.061403,0.019715,-0.044633,-0.054299,-0.045722,0.084385,0.026086,0.039902,0.107219,-0.042484,0.055924,0.020926,-0.089725,0.03147,0.003865,-0.009949,-0.031067,0.081308,0.044523,0.000561,-0.050762,0.043389,0.067765,-0.017386,0.065146,0.074084,0.010522,-0.066139,0.042511,-0.130603,-0.016743,0.039254,-0.005686,-0.121591,0.043112,-0.003395,-0.040938,-0.029494,-0.011288,0.035506,-0.017531,-0.053006,0.07681,0.084451,0.050162,-0.060318,0.047419,0.012664,-0.011713,0.043704,0.12016,-0.034546,0.008925,0.031679,-0.010544,-0.024304,-0.061634,-0.028537,0.01866,0.072475,0.015254,-0.020203,0.020698,-0.024977,-0.01369,0.088048,-0.033063,-0.041677,0.032003,-0.04381,-0.038783,0.00511,-3e-06,0.042418,-0.115575,-0.045121,-0.001244,-0.05837,-0.073641,0.003303,-0.062353,0.071483,-0.043579,0.001097,0.030431,-0.000992,-0.039226,-0.005687,-0.067906,-0.018805,-0.018027,0.027592,0.017716,0.026909,-0.028562,0.053635,-0.07082,0.028744,0.001392,-0.015946,-0.03063,0.025827,0.013722,-0.041031,0.027335,-0.019057,0.012835,-0.053932,-0.098635,0.131814,0.019464,0.009618,-0.017919,-0.013524,0.055168,0.009008,-0.064911,0.078081,-0.063954,-0.077128,0.032051,0.0719,-0.115401,0.065531,-0.028303,0.033041,-0.018967,-0.032328,0.04127,0.046471,-0.064899,0.103936,-0.034525,-0.019608,0.02014,-0.019631,0.095173,0.036231,-0.009129,-0.082687,-0.033387,0.023049,-0.059717,0.073809,-0.075681,0.030374,0.028048,-0.017707,0.1148,0.033415,-0.00903,-0.031389,0.029322,-0.036133,0.119008,-0.01681,0.006511,-0.061486,-0.050573,4e-05,-0.044881,-0.059069,-0.019074,-0.049873,0.00695,0.068611,0.024052,-0.042573,0,-0.029572,-0.015802,-0.004432,0.031469,0.091495,0.05825,-0.069482,-0.017674,-0.053494,-0.021653,0.020396,0.082121,-0.097988,0.055413,-0.066977,-0.022863,-0.024943,0.045934,0.024006,0.061098,0.014769,0.025511,0.029344,-0.061248,-0.01512,0.028037,0.037287,0.007855,0.056059,0.050402,-0.033626,0.021621,0.091718,-0.069499,0.07747,0.075654,0.076623,0.026742,-0.045155,0.068472,0.037939,-0.018665,-0.082628,-0.002904,-0.028489,-0.07321,-0.002709,-0.000249,0.088661,-0.025244,0.057257,-0.004625,0.027525,-0.006663,-0.014325,0.025283,-0.022106,-0.069034,0.015856,-0.042956,0.044738,-0.070533,0.029399,0.003904]",25,172
MEPC_2013_p003_c0003,MEPC_2013,Nomenclature Camerounaise des Métiers et Professions — 2013,CAMERCAP,LISTE DES ABREVIATIONS,"Cameroun
CEQD Cadre d’Evaluation de la Qualité des Données
CITP Classification Internationale Type des Professions
COMSTAT Commission Statistique pour les Nations Unies
EBA Enquête de Base dans l’Adamaoua
ECAM Enquête Camerounaise Auprès des Ménages
EDS Enquête Démographique et de Santé
ESA Enquête de Suivi du programme de convergence de l’UNICEF dans l’Adamaoua
FMI Fonds Monétaire International
INS Institut National de la Statistique
OIT Organisation Internationale du Travail
PARFIP Programme d’Appui à la Réforme des Finances Publiques
PCS Professions et Catégories Socioprofessionnelles
PETS Public Expenditure Tracking Survey
PNUD Programme des Nations Unies pour le Développement
EESI Enquête sur l’Emploi et le Secteur Informel
CIST Conférence Internationale des Statistiques du Travail
OIT Organisation Internationale du Travail
EPA Etablissement Public Administratif
ONG Organisation Non Gouvernementale
SNIS Système National d’Information Statistique
TIC Technologie de l’Information et de la Communication
Page 1
MEPC Métiers, emplois et professions du Cameroun
Page 2",3,structural,"[-0.020765,0.029603,-0.024876,0.013732,-0.007364,0.088516,-0.037961,0.020105,-0.021683,0.029,-0.018833,-0.063508,-0.094451,-0.011928,-0.0773,0.044203,-0.010999,0.003458,0.045128,-0.067149,-0.094287,0.082754,-0.04302,-0.082566,0.004311,0.076234,0.046896,-0.01376,-0.00366,0.084625,-0.085641,-0.074829,0.019263,-0.035493,-0.001689,-0.075432,0.061399,0.032776,-0.046371,-0.002559,-0.018907,-0.039102,0.037647,0.105592,0.072941,0.046373,-0.00743,0.069466,-0.017753,-0.03638,-0.034464,-0.116397,0.03341,0.053433,0.021669,-0.015098,-0.029661,-0.037678,-0.16867,0.004156,-0.025031,0.008883,-0.01723,-0.022732,0.045337,0.054688,0.08197,0.042741,-0.01164,-0.003528,-0.052281,0.004029,0.002003,-0.02657,-0.048102,0.011087,-0.125052,0.023387,0.123668,-0.023209,0.035162,-0.011717,-0.03373,-0.039136,0.029496,0.056393,0.00183,0.018712,-0.05053,-0.062743,-0.01963,-0.043425,0.091539,0.038487,0.001233,-0.04562,-0.012015,0.01424,0.015626,-0.025603,-0.024836,0.024587,-0.0315,-0.012694,-0.002291,-0.008448,0.102589,-0.018298,0.087324,0.045426,-0.057582,0.013764,-0.081468,0.003265,0.043634,-0.038141,-0.04697,-0.009342,-0.00518,0.052621,-0.105406,-0.009224,-0.057829,0.051179,0.041917,-0.013404,-0.104636,0,0.02206,0.061232,0.046579,0.007451,-0.163498,-0.019738,-0.015476,-0.036936,-0.073386,-0.008531,0.003252,0.02887,0.038613,0.003612,0.045602,-0.035497,-0.016244,0.019887,-0.009807,0.066256,0.014546,-0.001179,0.02825,0.025396,0.039279,0.083002,-0.041475,-0.010948,-0.019852,0.014783,0.045768,-0.059904,-0.044253,-0.021529,0.015552,-0.088953,0.029924,0.052714,0.006192,-0.023644,0.080178,-0.052855,0.091894,0.043888,0.033783,-0.023884,-0.059984,-0.039104,0.094199,-0.017371,-0.063987,-0.064911,-0.01705,0.001231,-0.000187,-0.048118,-0.116562,0.08986,-0.082318,-0.067681,-0.07877,0.033642,-0.003618,0.01303,-0.078783,0.025683,0.020644,0.014574,0.025006,0.055974,0.030643,-0.013501,-0.040671,0.111999,0.003925,0.022814,0.021544,-0.032846,-0.10965,0.022733,0.016871,0.03735,-0.050651,-0.070067,0.090117,0.004212,0.050222,0.048744,0.034262,-0.011969,-0.011541,-0.001438,-0.00053,-0.004325,-0.067104,-2e-06,0.018543,-0.0316,-0.045706,-0.011258,0.040399,-0.020048,0.015422,-0.088894,0.132748,-0.011785,0.060569,-0.059972,-0.003662,-0.003603,0.019559,-0.037083,-0.111919,-0.069455,0.009477,0.007705,0.019105,-0.091609,0.03752,-0.060171,0.000443,0.020049,0.088356,-0.067074,0.055654,-0.086809,-0.012341,-0.057152,-0.099343,0.106528,-0.095172,-0.025174,0.023642,-0.027428,0.000768,0.015072,0.052233,0.02735,-0.088251,0.017623,-0.068098,-0.000248,-0.060398,0.037441,0.004971,-0.076337,0.094539,-0.020107,-0.028025,0.037828,0.053148,0.009263,-0.002659,-0.009878,-0.112494,0.097701,-0.062355,0.007551,-0.059091,0.072476,0.006334,-0.104698,-0.035297,-0.017225,-0.005887,-0.007124,-0.05808,-0.02718,-0.035199,-0.00933,0.005938,0.037288,-0.032623,0.005299,-0.005229,-0.038627,0.04771,-0.114901,0.018173,0.000425,0.047285,-0.082972,0.05001,-0.021934,0.012287,0.025332,0.049402,0.025284,0.044342,-0.03083,-0.073547,0,0.075434,0.035055,0.013924,0.046415,0.005618,0.007937,-0.054787,-0.036683,-0.014035,0.054087,-0.034912,-0.024202,-0.029177,-0.004911,-0.022278,-0.106716,-0.007892,0.068811,0.07023,0.052041,-0.03161,-0.031532,-0.074425,-0.07957,0.036288,0.016529,-0.009949,-0.067271,0.021883,0.031582,0.067897,0.028616,-0.007647,-0.092655,-0.047887,0.027189,0.084205,-0.001463,0.034934,-0.004867,0.049342,0.035836,-0.052346,-0.005418,-0.031297,-0.019108,0.050312,-0.018535,0.073602,-0.06393,-0.006769,-0.012344,0.043808,-0.073536,0.022678,0.068288,0.080101,-0.054998,0.051054,-0.037599,0.003104,-0.059968,-0.009309,0.078679]",154,1083
MEPC_2013_p005_c0004,MEPC_2013,Nomenclature Camerounaise des Métiers et Professions — 2013,AVANT PROPOS,CAMERCAP,"La statistique est un outil d’aide à la prise de décision. La méthodologie d’élaboration de
l’information statistique doit obéir aux principes et règles communément partagés. Cette
disposition permet de garantir la comparabilité des données dans le temps et dans l’espace afin
d’en assurer une plus grande appropriation par les utilisateurs potentiels.
L’intérêt de recourir à la gouvernance statistique comme boussole pour orienter les politiques et
les modèles de développement économique et social, exige au préalable le consensus de
l’ensemble des producteurs et utilisateurs des données statistiques. Les décisions consensuelles
prises à l’échelle nationale, régionale ou internationale ont ainsi abouti à la normalisation des
indicateurs d’appréciation des différents phénomènes de la vie. Dans ce sens, la Commission
Statistique pour les Nations Unies (COMSTAT) met régulièrement à la disposition des pays
membres ou des universités et autres chercheurs, des documents de normalisation ou de
classification afin que tous puissent disposer d’un même référentiel.
Le Cameroun a manifesté son adhésion à cette vision de transparence dans la production des
informations statistiques à travers l’adoption des documents de normalisation produits au",4,structural,"[-0.055369,0.038191,-0.029174,0.002424,0.081708,0.070159,-0.030678,0.064008,0.023369,0.13135,0.016116,0.066135,-0.011079,-0.050946,-0.007734,0.040478,-0.002662,-0.009965,-0.041528,0.022969,-0.020788,0.027885,-0.035877,0.024656,0.049268,-0.002404,0.042142,-0.007049,-0.021219,0.129046,-0.081466,-0.073664,0.043349,0.037758,-0.048754,-0.13507,0.075689,-0.035736,-0.025063,0.011425,0.048016,-0.031863,0.006121,0.073695,-0.039881,0.164628,0.097243,0.066677,-0.125601,-0.01849,-0.009458,-0.052497,0.054944,-0.047322,0.02466,-0.008332,-0.01435,-0.010798,-0.021434,-0.052288,-0.046377,-0.021121,-0.111396,-0.026872,0.074914,0.034528,0.055816,0.065476,-0.023129,0.026833,-0.009781,0.040694,0.051197,-0.067355,-0.071539,0.007852,-0.030176,0.019173,0.095174,-0.071407,-0.009869,-0.040076,-0.078282,0.04434,0.018559,-0.03391,-0.016744,0.070008,0.089151,-0.052611,-0.007003,-0.041002,0.100188,0.048108,0.018098,-0.013105,-0.014266,-0.015803,0.023735,0.016512,-0.042446,0.058193,-0.034168,0.015462,0.014278,-0.044999,-0.049558,0.014389,-1.9e-05,0.054772,-0.003645,-0.058471,-0.021222,-0.007855,0.026917,-0.102721,-0.082077,0.005013,-0.05976,-0.024961,0.003036,-0.009107,-0.084622,0.078079,0.044134,0.023434,-0.05553,0,0.027636,0.015392,-0.002923,0.017914,-0.072283,0.079144,-0.035746,-0.042981,0.007095,-0.016743,0.015026,0.017812,0.014544,-0.005137,0.021423,0.07258,-0.00376,0.069761,0.00496,0.04714,0.045832,-0.003681,0.010533,-0.031345,-0.012214,0.033773,-0.074782,-0.039606,-0.046197,0.017593,0.064532,-0.065445,0.017592,0.025994,0.016429,-0.116067,-0.015504,0.016806,-0.004501,0.023025,0.013435,-0.00812,-0.000797,0.022141,-0.016435,-0.055025,-0.070493,0.041324,0.039531,0.013488,-1.4e-05,-0.030377,0.039447,-0.060754,-0.036022,-0.076681,-0.107549,-0.011935,-0.014693,-0.12878,-0.051727,0.096389,0.022313,-0.005821,-0.004663,0.122896,-0.05456,-0.0177,0.075508,0.011016,0.047218,0.108761,-0.033869,0.066035,-0.021019,0.038191,0.025144,-0.034102,-0.112892,-0.019679,-0.012248,-0.074283,-0.019569,0.024929,0.029395,0.025467,-0.051304,0.113979,0.016738,-0.033472,0.050791,-0.085194,-0.037256,-0.041244,-0.058357,-2e-06,-0.072947,-0.013409,-0.02812,0.014819,-0.049436,0.023148,-0.070166,-0.093913,0.089997,-0.052063,0.001594,-0.079834,0.063477,-0.013313,0.03907,0.026579,-0.069492,-0.056846,0.014142,-0.026639,0.065804,-0.085456,-0.002839,0.011329,-0.018997,-0.040734,0.00929,-0.051389,-0.006395,0.0146,-0.018499,-0.034604,-0.079554,-0.04052,-0.008249,-0.028924,-0.026084,0.052079,0.037968,0.024701,-0.07468,0.028172,-0.006657,-0.001767,-0.076934,0.02466,0.004315,0.045844,0.035053,-0.077623,0.078961,-0.002952,0.030665,0.023894,-0.001275,-0.039829,-0.011985,0.015933,-0.015175,0.020074,-0.033592,-0.00993,-0.136756,0.031365,-0.024224,-0.055563,-0.040864,-0.014752,0.13344,-0.015668,0.009425,-0.022253,-0.034212,-0.013651,0.046252,0.074513,0.047278,0.070475,-0.015253,0.114451,0.003544,-0.0238,0.052779,-0.122515,0.090396,-0.002579,0.008076,-0.006269,-0.014667,0.032719,-0.043339,0.037259,0.005322,-0.002664,-0.074801,0,0.056121,-0.026847,0.051115,0.108166,-0.006535,0.041685,0.022654,0.04442,-0.005892,0.028475,0.03175,0.000886,-0.066233,-0.074412,-0.051617,-0.125429,0.008854,0.031324,-0.025143,0.026549,0.040398,-0.09133,-0.052021,-0.10108,0.090819,0.015788,-0.029058,-0.056388,-0.043431,0.046811,0.056658,0.001098,-0.016603,-0.054896,-0.028491,-0.011623,0.099751,0.09645,0.042588,-0.035533,0.032664,0.077243,-0.052366,0.057828,-0.011445,-0.052318,0.062773,-0.055432,0.031205,-0.019193,0.031059,0.001095,0.00581,0.024587,0.003443,-0.049668,0.033998,-0.016734,-0.054431,-0.003858,0.033799,0.037253,-0.086979,0.015216]",188,1249
MEPC_2013_p005_c0005,MEPC_2013,Nomenclature Camerounaise des Métiers et Professions — 2013,"niveau international ou sous-régional, moyennant une contextualisation. En s’appuyant sur ces",AVANT PROPOS,"normes internationales, le Système National d’Information Statistique (SNIS), qui a adopté le
Cadre d'Evaluation de la Qualité des Données (CEQD) du FMI, a produit entre autres le
manuel des concepts et définitions utilisés pour la production des statistiques officielles au
Cameroun, le dictionnaire des enquêtes, les nomenclatures d’activités et de produits, etc.
La présente nomenclature des métiers, emplois et professions, est la première version officielle
de l’adaptation de la Classification Internationale Type des Professions (CITP) pour le
Cameroun. Elle s’inspire de la CITP 2010 publiée par l’Organisation Internationale du Travail
(OIT). Plusieurs regroupements des acteurs du monde du travail ont été nécessaires pour
obtenir ce résultat.
A cet effet, nous témoignons notre profonde gratitude à l’endroit des administrations
sectorielles membres du SNIS et à l’endroit des bailleurs de fonds notamment la Fondation
pour le Renforcement des Capacités en Afrique (ACBF) à travers le Projet de Renforcement des
Capacités en Gestion Economique et Financière du Cameroun (CAMERCAP), l’Union
Européenne (UE) à travers le volet statistique du Programme d’Appui à la Réforme des Finance
Publiques (PARFIP-SSN) et le Programme des Nations Unies pour le Développement (PNUD).
L’Institut National de la Statistique
Page 3
I. INTRODUCTION
La Nomenclature des métiers, emplois et professions est conçue pour donner une description
statistique ou procéder à une analyse du marché du travail et de la structure économique et
sociale. Elle facilite également la répartition d’emplois et de personnes entre groupes.
Au niveau international, la Classification Internationale Type des Professions (CITP) est placée
sous la responsabilité du Bureau International du Travail (BIT) et fait partie de la famille
internationale des classifications économiques et sociales.
En termes de structure, la première génération de CITP comprenait neuf « grands groupes » de
professions, qui constituaient, l'ossature de la classification. Cette première version de la CITP
(CITP-58) avait été adoptée en 1957 par la Neuvième Conférence Internationale des
Statisticiens du Travail. La CITP-58 a été remplacée par la CITP-68, adoptée par la onzième
Conférence Internationale des Statisticiens du Travail en 1966. La troisième version, la CITP-
88, a été adoptée par la quatorzième Conférence Internationale des Statisticiens du Travail en",5,structural,"[-0.046463,0.06201,-0.052268,-0.032511,0.033102,0.010076,-0.00032,0.056572,0.068631,0.057389,-0.041955,-0.035499,0.01827,0.065009,-0.100372,0.005256,-0.017667,-0.010037,-0.002397,-0.036083,-0.022214,0.10623,0.054349,-0.020927,0.032662,-0.011514,-0.044308,-0.036691,-0.015089,0.110237,-0.082668,0.020907,0.006906,-0.00974,-0.004954,-0.116376,0.060587,0.064569,-0.027635,0.015607,0.00179,-0.047263,0.038007,0.051817,-0.000144,0.107694,0.042445,0.072442,-0.101809,0.040308,-0.091008,-0.054355,0.061286,0.006533,0.119967,-0.031078,0.023082,-0.009759,-0.161414,0.01201,-0.073153,-0.005899,-0.037861,-0.016956,0.103427,0.04223,0.01666,0.042454,-0.047557,-0.02348,-0.077857,0.001729,0.010447,0.034736,-0.052564,-0.026566,-0.071042,0.007713,0.052345,-0.018693,0.026694,-0.01206,-0.021145,0.024177,0.040536,-0.006259,-0.041362,0.042402,0.059698,-0.059807,-0.051496,-0.028467,0.037347,0.036191,0.034657,-0.074545,-0.012404,0.012125,-0.006464,0.073325,0.005524,-0.004127,-0.028414,0.025305,-0.047668,0.016208,-0.0062,-0.018544,-0.016275,0.05023,0.004978,0.025971,-0.054632,-0.036252,-0.017778,-0.059842,-0.038333,0.122143,-0.027633,-0.005952,-0.074921,-0.032528,-0.076051,0.074089,0.0291,0.061481,-0.043358,0,0.050266,0.017718,0.06986,0.040341,-0.082247,-0.017579,-0.046667,0.001395,0.04346,0.016096,-0.027021,0.067845,-0.051475,-0.04802,0.059433,0.084579,0.008122,0.012998,-0.00228,0.051576,0.084203,0.011061,0.026559,0.016405,0.059497,0.037442,-0.035722,-0.082605,-0.037315,-0.00966,0.019824,-0.069816,0.029206,-0.019107,0.019658,-0.081931,-0.006196,0.071333,-0.041302,0.007884,0.03363,-0.041142,-0.011403,-0.020292,-0.00349,-0.00225,-0.053878,-0.048979,0.08632,-0.013256,0.027618,-0.069329,-0.02299,0.010575,0.067357,-0.038539,-0.044355,-0.004661,-0.054595,-0.040297,-0.098752,0.013075,0.019021,0.009915,0.022587,0.042901,-0.015327,0.009417,0.083526,-0.029502,0.027589,0.078527,-0.031846,0.080051,0.025488,0.047985,0.041285,-0.044919,-0.036089,-0.006363,0.105242,-0.034642,-0.034933,-0.045398,0.063444,0.033617,-0.029031,0.074103,-0.000995,-0.047782,-0.042789,-0.068026,-0.04746,-0.003529,-0.081454,0,-0.098794,-0.025616,-0.048908,-0.003223,-0.051568,0.018037,-0.028171,0.008757,0.010781,-0.018942,-0.002618,-0.144679,-0.010016,0.031352,0.030807,0.015861,-0.096499,-0.075259,-0.091509,0.083383,0.026155,-0.049721,9.2e-05,-0.047761,-0.017607,0.002228,0.081794,-0.052808,0.03874,-0.034999,0.010177,-0.049006,-0.038826,0.008294,-0.064911,-0.033933,0.045944,0.031951,-0.013212,0.028427,-0.017303,0.080941,-0.040712,-0.008012,-0.11787,0.00795,-0.133944,-0.015525,-0.004136,-0.135656,0.093541,-0.043515,-0.002688,-0.02485,0.036384,-0.031068,0.020432,-0.034158,-0.064973,0.055218,-0.001096,-0.029945,-0.130119,0.039154,-0.021077,-0.059981,0.056674,0.050886,0.034033,-0.018303,0.006267,-0.035059,-0.002818,-0.078829,0.006829,0.057854,0.038996,0.053569,-0.005388,0.031046,-0.004685,-0.121548,0.021841,-0.030563,0.043804,0.015265,0.087123,0.015444,0.084024,0.057789,-0.01971,0.118844,-0.052592,-0.051301,-0.048314,0,0.022843,-0.062495,-0.051797,0.072347,-0.049276,0.023836,0.00874,0.03867,0.002883,0.040793,-0.024319,-0.005188,-0.097427,-0.111311,-0.021305,-0.063038,-0.004821,0.091014,0.045682,0.073696,0.026322,-0.024147,-0.07524,-0.084578,0.020457,-0.041337,-0.021633,-0.037728,0.075544,-0.013094,0.028956,0.047877,0.02095,-0.022515,-0.132446,-0.060581,0.100722,-0.013953,0.012624,-0.058103,0.027931,0.03634,-0.025615,0.005189,-0.028831,-0.020393,0.036531,0.000837,0.058617,0.011491,-0.052281,0.052264,-0.006713,0.05868,-0.021691,0.020142,0.10559,-0.017091,-0.069198,-0.013219,0.044974,-0.044053,-0.040152,0.049881]",365,2419
MEPC_2013_p006_c0006,MEPC_2013,Nomenclature Camerounaise des Métiers et Professions — 2013,1987. Plusieurs classifications nationales de professions se basent sur l'une des trois versions de,"niveau international ou sous-régional, moyennant une contextualisation. En s’appuyant sur ces","la CITP, selon la date à laquelle elles ont été développées. La CITP est aujourd’hui à sa
quatrième version. Sa dernière mise à jour appelée CITP 08 a été adoptée en décembre 2007,
remplaçant ainsi la CITP 88. La prise en compte des évolutions dans le monde du travail dans
la CITP n'a affecté ni les principes de base ni la structure de la classification de 1988, mais pris
en compte des améliorations considérables dans certains domaines.
Au niveau national, les premiers travaux d’élaboration d’une nomenclature des professions
adaptée au contexte camerounais (MEPC) s’est appuyée sur la base des conventions collectives
datant de 1960 à 1978. Elle a été conçue pour l’analyse de l’activité économique et surtout pour
l’emploi dans le cadre des plans quinquennaux. Cette classification mettait l’accent d’une part
sur le diplôme (formation qualifiante ou académique) du travailleur et d’autre part sur la
compétence de ce dernier dans la pratique de l’emploi exercé par secteur d’activité.
Cette version inadaptée à l’évolution du contexte socioéconomique, a été abandonnée au profit
du modèle français de la nomenclature des professions et des catégories socioprofessionnelles
de 1993 revue et améliorée en 2003. Lors des opérations statistiques telles que ECAM, EESI,
EDS, ESA, EBA, PETS, etc., l’on a souvent procédé à des mises à jour ou à des adaptations de
la CITP et des professions et catégories socioéconomiques (PCS) (modèle français) pour
disposer d’un document de nomenclatures des professions. Cette situation était susceptible de
rendre difficiles des comparaisons au niveau international ou d’une opération à l’autre ou
encore des informations venant des administrations sectorielles. C’est pour aplanir ces
difficultés que l’INS a élaboré la nomenclature des métiers, emplois et professions. Le présent
document est articulé autour de 5 points présentés ci-après :
Page 4
II. PRESENTATION DES NOMENCLATURES
Afin de garantir la comparabilité dans le temps, au niveau national et international des
statistiques produites sur les métiers, emplois et professions, la méthodologie d’élaboration de
la MEPC s’appuie essentiellement sur celle de la Classification Internationale Type des
Professions du BIT. Le modèle français (PCS) utilisé depuis plus d’un demi-siècle bien qu’il
permette d’étudier les milieux sociaux, de décrire les emplois tout en combinant le statut, le
métier et la qualification, fait l’objet de nombreuses critiques. Car si la Classification
Internationale Type des Professions (CITP) s’intéresse en premier lieu aux tâches accomplies
dans l’exercice d’une profession, cette logique est sensiblement différente de celle qui préside
en France, où la définition des professions et catégories socioprofessionnelles (PCS) s’appuie
non seulement sur le contenu des tâches mais aussi sur le clivage salarié/indépendant et sur le
statut public ou privé.
Tout comme la CITP, la MEPC se compose de deux éléments:
(cid:57) Le système de classification hiérarchique, qui fix",6,structural,"[-0.060089,-0.000604,-0.014595,0.005462,-0.038466,0.065309,-0.107328,0.06046,-0.029528,-0.020324,-0.056962,0.028892,-0.066384,0.046789,-0.083252,-0.003256,-0.040116,0.01546,0.042177,-0.078694,-0.087234,0.064711,-0.08546,-0.038599,0.021314,0.018345,0.035719,-0.070097,0.012133,0.122141,-0.073388,0.041861,-0.055343,0.032314,-0.036089,-0.065133,-0.026989,0.068205,-0.029684,-0.011392,-0.04795,-0.051148,0.003839,0.084471,0.040605,0.058279,0.021602,0.066175,-0.142109,-0.056265,-0.050056,-0.087434,0.0605,0.048086,0.029619,-0.086955,-0.004532,0.019887,-0.097272,0.012675,-0.046079,-0.000875,-0.002779,-0.032959,0.035538,-0.001691,0.08533,0.012231,0.011318,-0.048901,-0.025634,-0.009403,-0.019858,0.062063,-0.026843,0.055863,-0.064583,0.031194,0.009569,-0.095416,0.135248,0.025219,0.021355,-0.077659,-0.004202,0.018435,0.00414,0.020592,-0.00308,-0.05047,0.04593,-0.01499,0.05537,0.037585,0.036817,-0.047263,-0.092171,-0.035771,0.031671,0.018966,0.001744,-0.02106,-0.050045,0.008439,0.000491,0.003527,-0.052392,-0.0691,-0.042634,0.013559,-0.067952,0.022395,-0.096156,0.002667,0.025425,-0.019586,-0.051783,0.066606,0.07403,0.086624,-0.09334,0.047274,-0.12106,-0.006149,-0.03841,0.024328,-0.043783,0,-0.038213,0.038952,-0.007825,0.017599,-0.042907,-0.076138,0.049257,-0.02899,0.013763,-0.078057,-0.008504,0.046218,0.013478,-0.055327,-0.011162,0.021658,0.004784,0.050674,0.044586,0.0802,0.005608,0.076182,0.003812,-0.00337,-0.007524,0.058262,-0.047337,-0.072693,-0.018055,-0.000592,-0.004256,-0.005123,-0.040343,0.019611,0.048731,-0.038081,0.053753,-0.070581,-0.01086,-0.011559,0.038823,0.002898,0.048558,-0.000534,0.046272,-0.013003,-0.058422,-0.018176,0.046422,0.004392,-0.037795,0.001468,-0.000345,-0.011845,0.035925,-0.019374,-0.053856,0.076262,0.031451,-0.133627,-0.013151,0.086949,-0.004589,-0.034257,0.025182,-0.012304,-0.083924,-0.033451,0.027492,0.004637,0.014067,0.031348,0.006389,-0.005703,-0.015188,0.016711,-0.059986,-0.008401,-0.058082,0.041141,-0.038675,0.062343,-0.017863,-0.087357,0.095976,-0.014999,0.006522,0.124872,0.083296,-0.0072,-0.004087,-0.047019,0.0338,0.023189,0.002368,0,-0.030278,-0.022068,-0.047296,0.045531,0.049518,0.004049,-0.015252,-0.037775,-0.04854,-0.047473,0.092744,-0.073838,0.100337,0.048516,0.016846,-0.047677,-0.126205,-0.060416,-0.014783,0.035076,0.042574,-0.088466,-0.04704,0.042325,0.025709,-0.067565,0.077475,-0.044627,0.032948,-0.066512,0.009466,0.002163,-0.05338,0.067778,-0.085382,-0.018061,0.000218,-0.012145,0.03266,-0.021408,-0.049313,0.031487,-0.053888,0.03343,-0.030396,-0.06895,-0.06412,0.013451,0.046535,-0.131545,0.075428,0.040043,-0.04444,-0.07993,0.051978,0.016162,0.002683,-0.087258,-0.040947,0.054536,0.001426,-0.035007,-0.061136,0.028088,-0.034113,-0.070476,0.026447,0.070572,0.021522,-0.049679,0.048237,0.011771,-0.0315,-0.017886,0.002372,0.03423,0.077459,0.017788,0.027692,-0.038245,-0.04845,-0.089875,0.031015,0.10556,0.037353,0.022254,0.021754,0.002261,0.048468,-0.066878,0.075968,-0.000266,-0.084725,-0.051602,-0.023648,0,0.065561,-0.053009,-0.070672,0.059343,0.00227,-0.069583,-0.018526,-0.019668,-0.049149,0.133159,-0.04655,-0.029138,0.016869,-0.069795,-0.00995,0.006253,0.005767,0.050437,0.031512,0.08024,0.02868,-0.037346,-0.01299,-0.050644,0.042621,0.06987,-0.046277,-0.017563,0.005245,0.004858,0.005472,0.069975,-0.072639,-0.078867,-0.085232,-0.035932,0.120448,-0.009545,-0.016166,-0.075294,0.079034,-0.020292,0.011737,-0.020393,0.014408,-0.003746,0.111378,-0.011123,-0.022218,0.022894,-0.047584,0.056363,0.009129,-0.008804,0.086575,0.010282,0.028643,-0.128433,-0.041095,-0.018145,0.024054,-0.051954,0.0192,0.072029]",484,3000
MEPC_2013_p010_c0007,MEPC_2013,Nomenclature Camerounaise des Métiers et Professions — 2013,partie rendue obscure par la corrélation entre ces deux types de classifications et par la,1987. Plusieurs classifications nationales de professions se basent sur l'une des trois versions de,"terminologie utilisée.
II-2-2 Caractéristiques clés de la MEPC
Structure de la MEPC
La structure de la MEPC est définie de manière à permettre un classement systématique des
professions de l'ensemble de la population active. Cette structure est hiérarchisée et s'étage, en
ordre croissant sur trois niveaux :
(cid:57) Grands groupes ;
(cid:57) Sous-groupes ;
(cid:57) Groupes de base.
Dated’ado
Occasion Version Structure
ption",7,structural,"[0.007606,-0.017557,0.017797,0.036706,-0.000357,-0.125757,-0.072031,-0.003694,-0.020903,0.005343,-0.056818,0.002847,-0.048239,0.039538,-0.140904,0.001288,0.008602,-0.016134,0.102368,0.03794,-0.022891,0.011867,-0.080247,0.0045,-0.044191,0.019795,-0.04481,0.083245,-0.028874,0.026661,-0.061397,-0.015661,0.037063,0.07858,-0.024721,-0.058528,0.047951,0.041921,-0.059263,-0.034012,-0.000219,-0.050278,0.034803,0.112186,0.095018,0.06763,0.000785,0.014163,-0.052904,-0.004912,-0.073635,-0.060272,0.016946,0.077354,0.03995,0.006408,-0.015479,0.06184,-0.06915,0.031242,-0.004575,0.04195,-0.018118,-0.014174,0.021861,0.03511,0.041231,0.062106,0.075197,-0.044406,0.017774,-0.030335,-0.010108,-0.00072,0.066957,0.016853,-0.081034,-0.043307,0.061386,-0.039089,0.005153,-0.069055,-0.008513,-0.036337,-0.007407,0.023408,-0.002246,-0.024749,-0.022359,-0.040127,-0.004146,-0.049902,0.109678,-0.040135,-0.034979,-0.026556,0.063318,0.041289,0.029505,0.009505,-0.05475,-0.03973,-0.035327,-0.040582,-0.021682,-0.043674,-0.097055,-0.027744,0.029911,-0.005295,-0.033796,0.075674,-0.134299,-0.014442,0.044206,0.030743,0.024253,0.121439,0.078172,0.036736,-0.06197,0.020048,-0.080246,-0.082036,0.011966,0.017927,-0.061086,0,-0.083055,0.055287,-0.023852,0.094425,-0.034383,-0.070758,-0.022271,0.001426,0.04136,-0.020704,0.06117,0.008349,0.033039,-0.011165,0.01485,-0.011885,-0.003556,0.032481,0.025556,0.076273,-0.079984,0.129,0.025617,-0.010711,0.017392,-0.017564,-0.044371,-0.054101,0.0115,0.028359,0.069193,-0.004393,0.018239,0.032243,-0.000177,-0.061245,0.040224,-0.057861,0.087347,-0.044301,-0.058094,0.033732,0.10871,-0.123167,0.005383,-0.0443,0.041367,-0.01516,-0.039209,-0.012846,0.001619,-0.002317,0.092331,-0.013446,0.030096,-0.008621,0.005867,0.071812,0.046975,0.03063,-0.054364,0.084374,0.052069,0.033504,0.022836,-0.042192,-0.036481,-0.000231,0.047669,0.097505,0.045527,-0.015233,-0.006368,-0.024376,0.026438,0.02324,-0.012327,0.002312,-0.0597,-0.001917,-0.048252,0.071124,0.026155,-0.052178,0.03428,0.090877,-0.000524,-0.0022,0.03986,0.094305,-0.073993,0.001526,0.008468,0.044942,0.003005,-1e-06,-0.040238,0.019939,-0.051498,-0.013215,-0.035085,-0.043429,0.0302,-0.096088,0.040866,-0.0323,0.123917,-0.031446,-0.003331,0.032122,0.050392,-0.055244,-0.104309,0.005943,-0.028359,0.026542,0.076196,-0.030147,-0.009366,-0.014221,-0.023566,-0.031613,0.014281,-0.032938,0.121964,-0.080793,-0.017427,-0.009447,0.008575,-0.052746,-0.012247,-0.065348,-0.017164,-0.046014,0.015582,-0.032286,-0.019815,0.071302,-0.073217,-0.022104,-0.039206,-0.051956,0.035115,0.074,0.096504,-0.109085,-0.06267,-0.105058,-0.090691,0.026023,-0.024079,-0.012838,0.015082,-0.051683,-0.07664,0.047566,0.017885,-0.055794,-0.05464,0.030445,-0.003998,-0.008355,0.048835,-0.00965,-0.009852,-0.030806,0.111088,6.6e-05,-0.036678,-0.019128,-0.010671,-0.024327,0.00377,0.044381,0.021027,-0.076722,0.001567,-0.08134,0.034572,0.090365,-0.013084,-0.093025,0.022632,0.071152,-0.019758,-0.115609,0.046397,0.026559,-0.087804,-0.061597,-0.046164,0,0.053039,-0.083573,0.042882,0.034053,0.005721,-0.043891,-0.086121,0.062059,0.037375,0.146918,-0.053828,-0.025476,0.018703,-0.142739,-0.029937,0.064249,0.009777,0.034854,-0.021376,0.031775,0.023757,-0.119241,0.010823,-0.035893,-0.041368,0.008895,-0.021556,0.00467,-0.01738,0.040972,-0.009049,0.015078,0.006493,-0.055244,-0.007223,-0.046994,-0.000816,-0.01452,-0.000802,-0.051096,0.039915,-0.016371,-0.032399,0.092217,0.066358,-0.03558,0.000255,0.030281,-0.003061,-0.015219,0.011412,0.020162,0.036829,-0.036914,-0.017993,0.054282,0.075628,-0.084832,0.009602,-0.032103,0.132274,-0.021409,0.045021,-0.022535]",69,427
MEPC_2013_p010_c0008,MEPC_2013,Nomenclature Camerounaise des Métiers et Professions — 2013,CITP - OIT,partie rendue obscure par la corrélation entre ces deux types de classifications et par la,"Sous Groupe
Grand Sous Groupe
Grand- socio-
Groupe Groupe de base
Groupe professionnel
Code
(Nombre de 1 2 3 4 //
positions)
9ème Conférence
Internationale des CITP-58
1957 10 & 2 73 201 1345
Statisticiens du (1ère vers.)
Travail (CIST).
1966 11ème CIST CITP-68 10 83 284 1506
Nombre
1987 14ème (CIST) CITP-88 8 28 118 390 //
Réunion d’experts
tripartite des
2007 statistiques du travail CITP-08 10 42 143 435 //
sur la mise à jour de la
CITP
MEPC
Atelier de lancement
des travaux
MEPC
d’élaboration de la
2011 version Nombre 8 // 130 435 //
MEPC, réunissant
2011
tous les acteurs du
SNIS
Page 8
Pour être fidèle avec les conventions de la CITP08, un chiffre représente un grand groupe, deux
chiffres symbolisent un sous-groupe, et enfin quatre chiffres un groupe de base. La distinction
au sein d’un grand groupe et d’un sous-groupe se fait par la création d’une catégorie
correspondante en complétant avec un ou, deux zéros le code de cette catégorie.
Des références au niveau de compétences ne sont pas faites dans les définitions des deux
groupes intitulés respectivement Directeurs, cadres de direction et gérants, et Professions
militaires car d'autres aspects du type de travail ont été considérés comme étant plus importants
que le critère de similarité, à savoir respectivement les fonctions d'élaboration des politiques et
de gestion, et les devoirs militaires. Il s'ensuit qu'il y a des différences de niveau de compétences
considérables entre les emplois classés dans chacun de ces deux groupes.
Au niveau supérieur d'un grand groupe, une distinction est faite entre les professions qui sont
déterminées essentiellement selon le type d'activités (comme dans le grand groupe 1
""Agriculteurs et ouvriers de l’agriculture, de la pêche et des autres activités liées à la foret) et les
professions qui sont essentiellement déterminées pour l'utilisation d'outils, de machines et par
le type d'usines industrielles (comme dans le grand groupe 7 ""Artisans et ouvriers de l’industrie)
afin de tenir compte de la différence des compétences requises pour des professions.
Les professions qui sont axées sur des corps de métiers englobent des métiers qualifiés qui
servent directement à la production de biens ou de services, et dont les tâches requièrent une
compréhension et une expérience des ressources naturelles et des matières premières utilisées
pour obtenir le résultat recherché. Les travailleurs de ces emplois peuvent également utiliser des
outils et des machines de technologies plus avancées, à condition que cela ne change pas les
compétences de base et la compréhension requises pour ces emplois. Des machines et des outils
modernes peuvent être utilisés pour réduire l'effort physique et/ou le temps nécessaire pour
accomplir des tâches spécifiques, ou pour accroître la qualité des produits.
En revanche, les tâches d'emplois des professions qui sont axées sur l'utilisation d'outils, de
machines et des usines industrielles exigent essentiellement une compréhension des machines:
",8,structural,"[-0.058752,-0.017447,0.03508,0.087596,0.045123,0.002282,-0.041079,0.031402,0.037687,-0.00305,0.028298,0.055643,-0.006017,-0.026063,-0.076169,-0.047079,-0.013289,0.001744,0.008632,-0.006184,-0.106346,-0.024011,-0.039665,-0.0265,0.032024,0.032584,-0.02269,0.026959,-0.026891,0.105597,-0.070866,0.04408,-0.026047,0.065355,-0.039168,-0.023913,0.048751,-0.03795,0.017906,-0.018406,0.016436,-0.034756,0.050793,0.080692,0.034701,0.110498,-0.042568,0.038884,-0.177478,-0.021022,0.014029,0.031918,0.025184,0.08243,0.076468,-0.069942,-0.031729,-0.069639,-0.037977,0.037672,0.021805,0.019968,-0.003887,-0.041913,0.000797,0.009494,0.055299,0.056176,0.011175,-0.047223,-0.094918,0.057579,-0.09314,0.048763,-0.015537,0.094721,-0.073808,-0.041541,0.053799,-0.067052,0.053698,0.038811,0.025992,-0.048409,0.078439,-0.028634,0.050474,0.074775,-0.11363,-0.035858,0.008572,0.099323,0.038761,-0.054368,0.024407,-0.05535,-0.048585,0.005098,-0.002289,0.069967,-0.003403,0.034363,-0.049587,-0.049771,-0.077405,-0.040258,0.010641,0.017762,-0.007145,-0.038239,-0.121556,-0.066647,-0.038679,-0.062417,-0.013345,-0.013126,-0.045658,0.092131,0.075969,0.057007,-0.044093,-0.002836,-0.070137,0.111916,0.038609,0.027163,-0.052814,0,-0.058503,0.029383,0.038174,-0.013498,-0.065133,-0.035465,-0.016705,-0.06805,-0.033942,-0.005505,0.000383,-0.025272,0.027839,-0.046366,0.003316,0.071439,-0.055946,0.055891,-0.032537,-0.027325,0.036633,0.063292,0.017519,0.002643,-0.01923,-0.004058,-0.086416,-0.059521,-0.025436,0.00526,-0.011153,0.049983,-0.022781,0.016505,0.02146,-0.046193,0.070401,-0.079376,-0.026026,0.036612,-0.031181,0.008635,0.012858,-0.072838,0.02759,-0.038443,-0.06374,-0.05146,-0.008011,-0.021752,-0.013879,0.027002,0.026467,-0.021906,-0.068763,-0.0639,-0.017777,0.057232,0.047178,-0.030981,-0.023788,0.075904,-0.024593,-0.116566,0.040361,0.034888,-0.036618,0.04045,0.013934,0.041025,0.048967,0.024414,-0.037646,-0.00478,0.022354,0.00628,-0.027443,0.014354,-0.100268,0.018688,-0.025065,-0.032135,-0.00797,-0.051284,-0.012946,0.040172,0.034384,0.068849,-0.022257,-0.027157,0.051772,-0.0356,0.082485,0.041723,-0.014182,-3e-06,-0.03384,0.033701,-0.007782,-0.051757,-0.025995,0.003076,-0.023717,-0.139756,0.049447,-0.004669,0.107875,-0.077831,0.015496,-0.04568,0.080292,-0.032513,-0.130231,0.0511,0.02893,0.115676,0.051677,-0.062991,0.038762,0.034049,-0.001313,0.010896,0.094209,-0.049696,0.130363,-0.054165,0.020002,-0.008968,-0.080935,0.026149,-0.042372,-0.036842,-0.074156,-0.008557,0.04508,-0.015957,-0.008693,0.016966,-0.000582,0.030375,-0.042685,0.040447,0.077071,0.056783,0.012444,-0.05378,0.044052,0.076812,-0.020548,0.048843,0.038319,0.054607,-0.01405,-0.065552,-0.060312,0.024637,-0.025116,0.020364,-0.057818,0.019739,0.049562,-0.051315,0.043987,0.041215,0.030589,-0.014439,-0.029602,0.01139,-0.056402,-0.07199,0.099941,0.003672,-0.020499,0.081869,-0.040082,0.066711,-0.031097,-0.082542,-0.031391,0.009275,0.026069,-0.040038,-0.004859,0.061538,0.068782,-0.038693,-0.01272,0.047802,0.031961,-0.065398,-0.063004,-0,0.09335,-0.064547,-0.012173,0.030002,0.033175,0.027925,-0.055177,0.09041,-0.039579,0.114544,0.060269,-0.021988,0.023445,-0.17604,-0.058459,-0.053224,-0.022399,0.018749,0.059994,0.078403,-0.028113,-0.114926,-0.00305,-0.071624,-0.025003,0.024349,-0.010061,0.034591,-0.0516,-0.0195,0.023589,-0.043009,-0.038283,-0.007615,-0.000264,0.024636,0.06921,0.071108,-0.010041,-0.063434,0.065109,0.02101,-0.041006,0.061362,0.049993,0.036569,0.039548,-0.087531,-0.01959,0.008566,-0.024929,0.038478,-0.01985,0.08114,-0.028963,0.023344,0.027306,-0.049609,0.021053,-0.044988,0.037837,0.036639,-0.036603,0.03438]",492,3000
MEPC_2013_p013_c0009,MEPC_2013,Nomenclature Camerounaise des Métiers et Professions — 2013,DE LA PECHE ET DES AUTRES ACTIVITES LIEES A LA FORET,CITP - OIT,"11 Planteurs /cultivateurs et ouvriers des cultures 611, 631 et 633
1101 Exploitants agricoles 6114,6310
1102 Ouvriers agricoles 6114,6310
12 Eleveurs et ouvriers de l’élevage (sauf aquaculteurs) 612, 632 et 633
1201 Eleveurs de bovins 6121,6320
1202 Eleveurs de caprins et ovins 6129,6330
1203 Eleveurs de porcins 6129,6330
1204 Eleveurs de volailles et des oiseaux 6129,6330
1205 Autres éleveurs (apiculteurs, aviculteurs, aulacodiculteurs, etc.) 6122, 6123, 6129
1206 Bergers et autres ouvriers de l’élevage 6130
13 Pêcheurs et ouvriers de la pêche 622 et 634
1301 Pécheurs de la pêche artisanale 6222
1302 Pécheurs de la pêche industrielle 6223
1303 Aquaculteurs 6221
1304 Ouvriers de la pêche et de l’aquaculture 6221
14 Professions de forestage (bucherons, abatteurs, scieurs,
621
sylviculteurs)
1401 Exploitants forestiers 6210
Bucherons/abatteurs/scieurs, prospecteurs forestiers et autres
6210
ouvriers forestiers
Sylviculteurs 6210
Autres exploitants forestiers 6210
1402 Exploitant des produits forestiers non ligneux, les cueilleurs et
6210
assimilés
Charbonniers 6210
Exploitant de produits spéciaux (Ebène, gnectum (okok), écorce
6210
d’arbres, lianes,…) et assimilés
15 Professions fauniques 622, 634
1501 Chasseurs/collecteurs et assimilés (non compris cueilleurs de vin) 622
1502 guides de chasses, pisteurs,… 6221
1503 Taxidermiste ou empailleur 6221
1504 Autres professions fauniques non comprises ailleurs (Captureurs) 6340
Page 11
Code MEPC
Codes CITP
Libellé
Grand Sous Groupe
rev.4
Groupe Groupe de base
2 DIRIGEANTS, DIRECTEURS, CADRES DE DIRECTION ET
1
GERANTS
21 Membres de l'Exécutif, des corps législatifs, Directeurs
111
Généraux et Cadres Supérieurs de l'Administration Publique
2101 Membres de l'Exécutif 1111
Chef de l'Etat/Président de la République 1111
Chef du Gouvernement/Premier Ministre 1111
Ministres et assimilés (Secrétaires d'Etat, Gouverneurs, Recteurs
d'université d'Etat, Conseillers spéciaux à la Présidence,
1111
Ministres Chargés de Missions, Délégués du Gouvernement
auprès des communautés urbaines)
Secrétaires Généraux et assimilés (Secrétaires permanents,
Chargés de mission à la Primature, Inspecteurs Généraux des
1111
services des Ministères, Inspecteurs d'État), Conseillers
techniques à la Présidence
Préfets et assimilés (Conseillers techniques à la Présidence,
1111
Secrétaires Généraux des Régions, Adjoints préfectoraux)
Sous-Préfets et assimilés 1111
Maires et Conseillers municipaux 1111
Représentants diplomatiques (Hauts Commissaires,
1111
Ambassadeurs, Consuls, Ambassadeurs Itinérants…)
2102 Membres des Corps Législatifs (Parlement : Sénat, Assemblée
1111
Nationale)
Président du Sénat, Président de l'Assemblée Nationale 1111
Chefs de groupes parlementaires, Présidents des groupes
1111
sénatoriaux
Présidents de commissions spécialisées 1111
Questeurs 1111
Députés 1111
2103 Directeurs Généraux et Cadres Supérieurs de l'Administration
1112
Publique (y compris ceux des EPA)
Directeurs Généraux et assimilés (Directeurs Généraux,",9,structural,"[-0.033161,0.031811,0.000598,-0.004753,0.067532,0.024135,-0.018613,0.002224,0.029011,-0.040172,-0.000314,-0.035997,-0.01697,-0.067687,-0.090482,0.024651,-0.051772,0.038961,-0.001738,-0.010998,-0.030314,-0.067011,-0.026634,-0.033118,-0.007763,0.062351,-0.096516,0.03024,-0.03863,0.05992,-0.052843,-0.016495,0.009599,0.043982,-0.068436,-0.037661,-0.12251,-0.022519,-0.027806,-0.080898,0.125574,0.002584,0.05262,0.053193,-0.032957,0.01662,-0.078122,-0.014245,-0.093636,-0.020142,0.067458,0.021293,0.051864,-0.005348,0.021095,-0.128205,-0.091589,-0.089153,0.026715,0.02705,0.092256,0.042147,-0.038698,-0.083757,-0.037107,-0.09791,-0.00299,0.041866,-0.023036,0.018307,-0.003126,0.036879,-0.010038,-0.01051,-0.030093,0.118831,-0.085433,-0.10591,-0.026673,0.014935,0.00433,0.015721,-0.007764,-0.042814,0.043556,0.018189,0.110129,0.049124,0.054879,0.024894,0.011057,0.087324,-0.057714,-0.004946,0.076296,0.059629,-0.057618,-0.061567,-0.080091,0.011497,-0.03823,0.061246,-0.028427,-0.111396,-0.010249,-0.004806,-0.076975,0.006056,-0.036337,-0.089949,-0.051682,-0.022402,-0.001561,0.022712,0.073758,0.078707,-0.07086,-0.105112,0.025312,-0.010745,-0.051631,-0.072479,-0.078699,0.080765,-0.017891,0.084304,-0.00845,0,0.000911,-0.013999,0.013672,-0.015496,-0.001572,-0.046168,-0.023796,-0.020214,-0.008809,-0.067123,-0.050067,-0.034328,0.027859,-0.016412,-0.018015,-0.00613,0.040107,-0.027705,0.042231,-0.038778,0.027357,-0.059139,-0.12074,0.032564,-0.106824,0.025361,-0.003357,0.006706,-0.03186,-0.009193,0.071858,0.026973,-0.037121,0.001914,-0.006922,0.067499,0.060431,0.016403,0.002246,0.0015,-0.015346,0.027505,0.074064,0.06145,0.01176,-0.033322,-0.061007,0.042552,-0.032865,0.020356,-0.036661,0.061966,0.035234,0.025086,-0.009681,-0.024201,0.014909,0.049069,-0.044323,-0.000313,-0.032298,0.001087,-0.042285,0.029429,0.005645,0.039058,0.010761,-0.018155,-0.04605,0.072389,0.018197,0.02924,-0.029041,-0.1326,0.033648,0.024208,0.069914,-0.011186,-0.065084,0.093932,-0.009793,0.025344,-0.018434,-0.012024,-0.074798,-0.018817,-0.084203,0.052045,0.02443,0.013404,0.087474,-0.061254,0.064051,-0.014844,-0.11938,-1.3e-05,0.013128,-0.055904,0.0664,0.049233,0.096933,0.005241,-0.035735,-0.051142,0.030798,-0.043986,-0.044022,0.029898,0.038785,0.001018,0.085274,-0.02568,-0.053727,0.138187,0.00066,0.024054,-0.113588,0.056477,0.080427,0.051977,-0.019212,0.007268,0.014128,-0.0924,-0.05558,-0.022198,0.065081,-0.037493,-0.00663,0.049097,-0.076993,0.040518,0.020439,-0.028257,0.038001,0.029323,0.030821,-0.051235,0.007517,0.057381,-0.021794,0.031305,0.01432,0.050282,-0.015147,0.078894,0.044946,0.043935,-0.024681,0.002167,0.082444,0.01426,0.069663,-0.058462,-0.067334,0.000333,0.000573,0.011716,-0.099983,0.050912,-0.053418,0.032006,0.021545,0.087161,-0.056815,0.041471,-0.060262,0.053034,-0.135218,-0.063012,0.006077,0.00416,0.020592,0.008419,-0.002504,-0.049695,-0.045336,-0.023029,0.020543,0.018942,-0.026263,-0.05576,-0.064913,0.03063,0.062594,0.089308,-0.078798,-0.072533,0.025685,-0.072034,-0.023305,0,0.02992,0.036947,0.023061,0.064317,-0.011362,0.035508,0.039035,0.08844,0.030619,0.02069,-0.080088,0.070433,0.056234,-0.090823,-0.001123,-0.085834,0.07301,0.022712,-0.032509,0.051243,-0.09022,-0.013829,0.034262,-0.064743,-0.063041,-0.014134,-0.016016,-0.004979,-0.025614,-0.014534,0.063459,-0.049919,-0.07672,-0.065418,0.021559,0.057189,0.028928,-0.050882,-0.012966,0.0106,-0.051931,-0.004775,-0.09067,-0.016131,-0.036611,0.045606,-0.084847,-0.067845,0.005217,0.012181,0.027748,0.030128,0.016479,-0.015977,-0.057459,-0.003185,0.057006,-0.03417,0.086061,-0.029656,-0.018802,-0.013512,0.002401,0.015317]",425,3000
MEPC_2013_p015_c0010,MEPC_2013,Nomenclature Camerounaise des Métiers et Professions — 2013,2204 1114,2203 1114,"d’ONG et d'associations
Dirigeants et cadres supérieurs d'organismes spécialisés non",10,structural,"[-0.098272,-0.00877,-0.01307,-0.088194,-0.044329,0.052478,-0.013377,0.046628,0.006192,-0.039358,-0.001659,-0.077607,0.001268,0.031812,-0.081189,-0.041903,0.014488,0.036724,-0.128936,0.06104,-0.049742,0.012986,0.002531,-0.017731,-0.034499,0.014325,0.053605,-0.003168,0.051751,-0.002266,0.10288,0.009001,0.014874,-0.037136,0.082916,-0.00395,-0.012655,0.005084,0.030945,0.035941,0.014557,0.039191,0.107555,0.036508,-0.009005,0.007547,-0.049369,0.078173,-0.096514,0.007362,0.011031,0.010115,0.000417,0.026569,0.019007,-0.013588,0.056589,-0.010665,-0.064034,0.003614,0.097632,0.007335,0.071945,-0.070706,-0.113459,0.052465,0.012409,-0.009637,0.048913,0.021659,0.033382,0.072617,0.019212,0.025818,0.031245,0.017684,-0.000382,-0.010963,0.012677,-0.102965,0.02524,0.010366,0.026371,0.001598,0.082173,-0.007892,0.029775,0.01446,-0.073525,0.025704,-0.034273,0.012822,0.019467,-0.048363,-0.069799,0.031073,0.115033,-0.020721,0.106061,-0.011425,0.017312,0.052481,-0.063739,0.077993,-0.102196,0.009343,-0.08289,0.022498,0.043445,0.022543,0.030343,-0.069007,-0.043041,-0.017128,-0.090036,-0.134605,0.038134,-0.107677,0.031066,-0.081169,-0.012676,0.003482,0.018904,-0.018791,0.006164,0.090911,-0.064654,0,0.042632,-0.032879,-0.036788,-0.049604,-0.026044,-0.035585,-0.071638,0.008494,-0.000217,0.036088,-0.058211,0.014393,0.009596,0.002573,-0.065527,0.040292,0.089074,-0.053798,-0.003383,-0.001729,-0.044128,0.082922,-0.011398,0.099639,0.026325,0.04824,0.013868,-0.057521,0.023647,-0.011745,0.076411,-0.102394,-0.034417,0.044072,-0.023488,-0.006338,-0.019969,0.00121,0.127734,-0.037695,0.048419,-0.023424,0.062725,-0.062143,0.057785,0.016609,0.017845,-0.00721,0.032888,-0.02016,0.004049,-0.031635,0.001917,-0.012017,-0.057321,-0.096266,-0.071016,0.061483,-0.006601,-0.033414,0.053846,0.099626,-0.024765,0.006413,0.003733,-0.111472,0.095132,-0.088488,-0.003208,-0.008382,-0.023559,0.00803,-0.007064,-0.092389,0.016568,0.004791,0.009881,0.028285,-0.030409,0.056488,-0.091852,0.006695,-0.021932,-0.034034,-0.109687,-0.029219,-0.041097,0.008776,-0.020852,-0.001064,0.084947,0.023858,-0.068427,0.013452,0.010628,1e-06,-0.032001,0.080989,-0.025047,-0.000284,-0.066321,0.022443,-0.019362,0.047848,-0.045492,-0.061606,0.068217,0.05644,0.039922,-0.060589,0.021255,-0.000946,-0.063231,0.118596,-0.006375,-0.025369,0.003872,0.024971,-0.025797,0.012258,0.050695,-0.030706,-0.002869,0.009508,0.032162,0.009848,0.08439,-0.002051,-0.02406,0.093678,-0.014522,-0.052999,0.08128,0.064028,-0.023119,-0.060162,-0.012485,0.053896,-0.047206,0.130755,0.023308,-0.002194,-0.025821,-0.045123,0.01101,-0.040431,0.046452,-0.003589,0.10245,-0.005145,0.081192,0.083771,0.062206,-0.001473,-0.022087,0.020628,0.05821,0.014409,0.015618,0.115206,-0.011332,0.011639,-0.119872,-0.112071,0.046717,-0.030875,0.054077,-0.02569,-0.072809,-0.007145,-0.009015,-0.083047,0.008721,-0.033002,-0.032497,0.041337,0.007474,0.041399,0.108606,-0.012857,-0.01052,-0.050651,0.026954,0.088461,0.006784,-0.059366,0.015773,0.064359,-0.055702,-0.0592,0.062505,0,-0.011994,0.023153,-0.005086,-0.051935,0.01152,-0.06829,0.009562,0.061208,0.001141,0.074678,-0.014514,-0.036866,-0.078359,-0.015368,0.095379,-0.068662,0.020428,-0.002286,-0.041855,0.109503,-0.037516,0.024108,-0.075529,-0.102134,-0.087551,-0.056075,0.022332,-0.097908,-0.006155,-0.031859,0.019809,0.036107,-0.041859,-0.029707,-0.049024,0.033442,-0.047611,0.001296,-0.018617,-0.005813,-0.009085,0.002493,-0.069879,0.022848,-0.01296,-0.082438,-0.020054,-0.049508,0.015983,0.035259,-0.032938,0.023399,-0.015214,-0.05806,-0.143124,0.01649,0.011424,-0.006628,0.025057,0.027319,0.059262,0.040347,-0.023273,-0.017081]",13,84
MEPC_2013_p015_c0011,MEPC_2013,Nomenclature Camerounaise des Métiers et Professions — 2013,2205 1114,2204 1114,"classés ailleurs
23 Directeurs et Cadres de Direction des Grandes Entreprises 121, 112
2301 Présidents Directeurs Généraux, Directeurs Généraux, Directeurs
et Cadres de Direction des Affaires Générales (Administratives, 121
Financières ; Ressources Humaines)
Président directeur général, Directeur général, Administrateur,
1120
Gérant
Directeur des affaires générales 1213
Président du conseil d’administration 1213
Directeur à la présidence de la république 1213
Conseillers d’administration 1213
Directeur administratif et Cadres de Direction 1219
Directeur financier et Cadres de direction 1211
Directeurs et Cadres de Direction des ressources humaines 1212
Directeurs et Cadres de Direction des services de vente,",11,structural,"[-0.012633,-0.032922,0.077824,-0.062919,-0.05684,-0.019019,-0.124604,-0.068858,-0.006045,0.014915,-0.099132,0.070393,0.003405,-0.102201,-0.1066,-0.061256,-0.06616,-0.01485,-0.015286,0.016135,0.067029,0.068368,-0.119733,-0.042248,0.034193,0.02513,0.032021,0.02011,-0.042134,0.023818,-0.016327,-0.090495,-0.068966,-0.014778,-0.071478,0.079818,-0.032336,0.053058,-0.008111,-0.049036,0.068726,0.027955,0.079656,0.01908,0.037822,0.000562,-0.040992,-0.059572,0.053457,0.043126,0.014976,0.042483,0.028756,0.046639,-0.00303,-0.062128,-0.020621,-0.072006,0.021715,0.061326,0.007454,-0.019605,-0.020221,-0.116412,0.018588,-0.047863,0.053008,-0.044367,-0.021784,-0.00619,0.124703,-0.003604,0.019497,-0.031129,-0.092157,0.01778,0.021352,0.124614,0.011357,-0.010117,0.017902,0.02552,0.035035,-0.024232,-0.029356,-0.00069,0.005257,-0.030045,-0.004315,-0.029413,0.008118,-0.014094,0.066046,0.037764,-0.068576,0.033335,0.000442,0.025741,-0.024948,0.031952,0.091124,0.023501,-0.120472,-0.056147,-0.049008,0.064571,0.038069,0.032865,-0.044756,-0.095341,-0.059804,-0.005871,-0.031359,-0.039138,0.018598,-0.031057,-0.120536,-0.051698,-0.000135,-0.020759,-0.030972,0.000596,-0.023576,0.012758,-0.026179,0.025016,-0.106237,0,0.025533,-0.018588,0.038116,0.054042,-0.017625,0.004928,-0.007924,0.007356,0.016203,0.133425,0.019301,-0.023382,0.015271,-0.006106,-0.093938,-0.038564,0.039638,0.003958,-0.028591,-0.029922,-0.039745,0.035024,0.025599,0.014575,0.051555,0.119619,-0.057158,-0.064778,0.019792,0.033571,0.030455,-0.068175,-0.039436,0.014301,-0.049166,-0.000754,0.02979,0.026365,0.03556,0.002646,0.000175,0.004639,0.015596,0.012413,0.040765,0.086939,0.02802,0.020085,-0.002349,-0.007409,-0.02163,-0.01987,0.031121,-0.03135,-0.025997,-0.082393,0.034767,0.039586,-0.025228,-0.04785,-0.023483,0.045773,-0.051644,0.05428,-0.058526,0.04278,-0.004178,-0.04645,0.038288,-0.027079,0.013548,0.019229,0.051992,0.037193,-0.052612,-0.024936,0.062505,0.035396,-0.012272,0.076675,-0.122391,0.025069,0.039157,0.002966,0.026319,0.009526,0.005279,0.014532,0.066245,0.030845,-0.026223,0.019139,0.05497,0.013935,-0.038092,-9e-06,-0.007831,0.018108,-0.022981,-0.094106,-0.019404,0.055801,0.027396,-0.074263,-0.044254,-0.101331,0.048059,0.033566,0.037557,0.075657,0.007925,-0.0006,0.015894,-0.045011,-0.064294,-0.027904,-0.015844,0.071336,0.027001,0.08703,-0.04506,-0.045238,0.059683,-0.048409,0.027846,-0.007943,0.032242,-0.048307,-0.056853,0.15121,-0.038566,-0.017826,0.005664,0.03919,-0.052515,0.057269,0.032613,0.020088,0.061461,0.08398,-0.103978,-0.029046,-0.006963,-0.103197,-0.031762,-0.022565,0.010578,-0.019553,-0.02355,0.034477,0.04888,-0.052087,0.017318,0.040925,0.086845,0.105523,-0.030178,0.036322,0.036483,0.033584,-0.017697,0.085071,-0.086545,-0.048929,0.073884,-0.004531,-0.048608,-0.079195,-0.077476,0.052024,0.011051,0.066839,-0.021084,-0.002577,-0.08505,-0.008465,0.055744,-0.018215,-0.048117,0.001731,-0.014611,0.007496,0.063542,0.002576,0.05189,-0.042971,0.01379,-0.025933,0.093812,-0.119353,-0.064954,0,0.008073,0.032804,0.049174,0.04899,-0.063218,0.048432,-0.02251,0.01284,0.020386,0.017217,-0.000715,-0.0076,0.000567,-0.096087,-0.004796,-0.15831,-0.048054,0.069253,0.021473,0.045838,-0.079971,0.009258,-0.063264,-0.007667,0.060523,-0.028488,0.067035,0.003304,0.004304,0.034533,0.017282,0.039407,-0.102001,-0.087309,0.030413,0.091635,-0.020079,0.010531,-0.028295,-0.114937,-0.081059,0.056544,-0.044952,-0.026832,-0.045334,-0.029641,-0.001799,-0.106341,0.121784,-0.023443,-0.084234,0.074191,0.068718,0.00216,-0.004835,-0.001118,-0.014251,-0.023547,-0.0127,-0.016216,0.038263,-0.011467,-0.094677,-0.010955]",95,717
MEPC_2013_p015_c0012,MEPC_2013,Nomenclature Camerounaise des Métiers et Professions — 2013,2302 122,2205 1114,"commercialisation et développement
2303 Directeurs et Cadres de Direction, Agriculture, Pisciculture 1311
Directeurs et Cadres de Direction, Industrie Manufacturière,",12,structural,"[-0.049132,-0.09129,-0.057783,-0.105853,-0.094222,0.013378,-0.035781,-0.028202,-0.091249,-0.080847,-0.031042,-0.040944,0.010773,-0.049195,-0.076301,-0.156197,0.017922,-0.030008,0.07207,-0.070819,0.049053,0.06015,-0.12861,-0.064371,-0.048179,0.077414,-0.008547,-0.051868,0.025692,-0.059136,0.054306,-0.022197,-0.066393,-0.004592,-0.03102,0.045658,-0.048512,-0.015507,0.047955,-0.010348,0.019423,-0.041161,0.019178,0.026341,0.072892,0.00227,-0.009768,-0.05158,0.022746,0.027237,-0.02254,0.061661,0.023085,0.023821,-0.008695,-0.119951,0.039295,0.000231,-0.042815,0.083076,0.084191,-0.022846,0.047218,-0.070521,-0.025746,-0.033189,-0.05153,-0.035139,0.022198,0.019225,0.057336,0.033785,0.011716,-0.026377,-0.009756,0.040624,0.031959,-0.036012,-0.038262,0.001716,0.0079,0.044736,-0.0784,0.026115,0.024941,0.035863,-0.054925,0.013937,-0.031583,0.049129,0.00436,0.060248,0.000343,0.068847,-0.05054,0.040838,-0.028969,-0.026268,0.032413,-0.050095,0.002411,-0.003139,-0.050351,-0.09238,-0.147931,0.015666,-0.10822,0.031714,0.034849,-0.002001,-0.079543,0.002844,-0.117956,-0.051045,-0.038398,0.024666,0.012363,-0.076709,0.039112,-0.027623,-0.042468,0.014706,-0.054056,0.009624,-0.05183,0.017575,-0.01248,0,0.006318,0.018844,-0.019589,0.033596,-0.089579,0.008218,0.016501,0.027682,0.05061,0.000125,0.031691,-0.012123,-0.035996,0.051781,-0.089099,-0.087695,0.15044,-0.037474,0.000337,-0.008571,-0.005838,-0.023479,-0.05288,0.056178,0.115229,0.043049,0.049283,-0.079867,0.021534,0.022106,0.006665,-0.029866,0.016224,0.053518,-0.013277,-0.014264,-0.043193,0.006723,0.057466,0.086008,0.086006,0.004592,0.008519,0.037409,0.073824,0.0223,0.017948,0.10177,0.052093,-0.063773,-0.000268,0.053647,0.02669,-0.026423,0.016372,-0.017745,-0.02132,-0.00375,-0.042695,-0.037538,-0.031321,0.025975,0.018348,0.028297,-0.028719,-0.064343,0.06446,-0.003297,-0.034964,0.061996,-0.087756,-0.013437,0.063802,-0.020607,0.044418,0.010238,-0.059694,0.091185,0.021011,0.037951,-0.073127,0.047117,-0.050246,-0.039664,-0.015308,0.034741,-0.005562,0.092486,0.070762,0.006864,0.077537,0.023142,0.044841,0.044963,-0.036987,-3e-06,-0.016796,0.03665,-0.05497,0.021366,-0.025159,-0.078886,-0.00975,0.005794,-0.017797,0.051409,0.047542,0.013685,0.051133,-0.00812,-0.03969,0.00515,0.032697,0.114138,-0.030272,-0.05284,-0.002452,0.010321,0.010744,-0.086485,-0.072848,-0.028444,-0.032499,-0.039683,0.10826,0.05257,0.025911,-0.092182,-0.048853,0.137016,-0.080748,-0.046371,-0.027887,0.122077,0.029463,0.057903,0.029156,0.094082,-0.054374,0.095559,-0.05782,-0.029296,0.050152,-0.125878,0.039701,-0.032027,0.078377,0.050253,0.01315,-0.05301,0.060258,0.025177,0.079444,0.015982,-0.006353,0.056745,0.03143,0.043902,0.077173,0.053837,0.015697,0.095488,-0.00275,-0.076884,-0.009808,-0.023776,0.029922,0.013416,-0.02736,0.045537,-0.003641,-0.017207,-0.01911,0.062368,-0.037498,-0.051266,0.091671,-0.041459,0.049942,0.019298,-0.026858,0.034628,0.016235,0.050589,0.015999,-0.012553,-0.022163,0.05214,0.006655,-0.057206,0.019818,-0,-0.019933,0.053412,0.020376,0.029711,-0.023118,0.046156,0.106363,0.069718,0.009343,-0.032583,-0.118332,-0.053853,0.09366,0.018764,0.05281,-0.013802,0.055704,-0.003403,0.043877,0.085542,0.015839,0.016927,-0.029871,0.000866,-0.070165,0.023604,0.045541,-0.00949,-0.034224,-0.002861,-0.030483,-0.012732,-0.09346,-0.062378,-0.045506,0.040737,-0.00767,-0.019235,-0.009066,-0.061734,-0.085401,0.056845,-0.022597,0.026175,0.048752,-0.032379,-0.028652,-0.098099,0.01448,0.012995,-0.02836,0.013303,0.089584,-0.049173,0.001576,0.026109,-0.037385,-0.05352,-0.007653,-0.057338,-0.032958,-0.020297,-0.028487,-0.023023]",19,166
MEPC_2013_p015_c0013,MEPC_2013,Nomenclature Camerounaise des Métiers et Professions — 2013,2304 132,2302 122,"Mines et Distribution
Directeurs et Cadres de Direction des services spécialisés non
2305 1324, 133
compris ailleurs
24 Dirigeants et Gérants des petites entreprises 131, 142, 143
Dirigeants et Gérants des petites entreprises dans l'agriculture, la",13,structural,"[0.017075,0.001022,-0.039782,-0.132195,-0.058715,-0.036029,-0.049608,0.003426,-0.100482,-0.02121,-0.058089,-0.059273,0.115102,-0.016978,-0.116079,-0.017778,0.047681,-0.070241,-0.022041,-0.07729,-0.044324,0.003052,-0.091283,-0.031001,-0.018555,0.096613,-0.044447,-0.065757,-0.00194,-0.0383,0.028191,0.058764,-0.069904,-0.032971,-0.01245,0.045139,-0.040239,0.016863,0.080799,0.002222,-0.022748,0.063215,0.04838,0.059713,-0.025247,-0.008036,0.010664,-0.056461,0.02694,0.044958,0.057302,0.093598,0.028825,0.038287,0.031596,-0.162079,0.002883,-0.049704,-0.044522,0.078651,0.074786,-0.018164,-0.023544,-0.046342,-0.020432,-0.067886,0.001594,-0.034573,0.001675,-0.071133,0.067798,0.094521,0.069486,-0.001453,-0.013495,0.098859,0.089052,-0.008681,-0.058454,-0.033305,-0.015809,0.059173,0.005933,-0.050385,0.078168,-0.042419,-0.048014,0.035358,0.022368,0.005274,0.060035,0.022371,0.01787,0.03339,0.010545,0.047141,0.043444,-0.060787,0.013325,-0.014504,0.077296,0.028131,-0.111284,-0.062555,-0.089172,-0.026966,-0.132996,0.0493,-0.029624,-0.003936,-0.025183,-0.063261,-0.0348,-0.028323,-0.004829,-0.012695,-0.000115,-0.037821,0.02321,-0.005491,0.003486,0.049112,-0.065498,-0.045749,0.022361,0.054209,-0.014575,0,0.007726,0.024643,-0.016959,0.025606,-0.030386,-0.009917,-0.008495,0.040211,0.029627,0.070968,-0.05824,-0.000546,0.016857,0.007565,-0.085483,-0.040052,0.114179,-0.05357,0.012545,-0.015738,-0.047571,-0.045087,-0.094742,0.086461,0.035805,0.077141,0.045086,-0.07029,-0.016367,0.046579,0.011016,-0.005659,0.021883,0.035343,-0.001288,0.001386,-0.047255,0.017042,0.067553,-0.005364,0.05255,0.012459,0.002377,0.001909,0.070884,-0.024427,-0.034969,0.039322,0.015298,-0.065499,-0.046924,0.001292,-0.012118,-0.013134,0.029587,-0.019103,-0.016345,-0.022685,-0.008689,0.012192,0.001861,0.04376,-0.055251,0.053934,0.062322,-0.051027,0.089363,-0.055628,-0.063339,0.079769,-0.040155,-0.004321,0.046851,-0.022451,-0.00522,-0.051118,0.021013,0.079099,-0.012477,0.085378,-0.104387,-0.019708,-0.079821,-0.009635,-0.002267,0.0371,-0.006073,0.052572,0.032587,-0.035537,0.069635,-0.012013,-0.058883,-0.05559,0.002656,1e-06,-0.01617,0.11018,0.01078,-0.009888,0.018198,-0.071439,0.004555,0.032507,-0.040589,0.04179,0.014652,-0.002804,-0.06757,0.006172,-0.014967,0.029955,0.022773,0.103846,-0.032625,-0.031623,-0.07006,-0.006399,-0.05314,-0.008531,0.035292,-0.071415,-0.065118,-0.075061,0.044566,-0.01732,0.028127,-0.028544,-0.026028,0.02785,-0.047645,-0.106539,0.01849,0.101318,0.019404,0.044902,0.00701,0.099994,0.030206,0.094545,-0.072299,0.000857,0.054811,-0.108909,0.070006,0.022414,0.045675,0.04636,-0.012455,0.000829,0.003921,-0.060732,0.018853,0.063625,0.008094,0.0393,0.120013,0.049128,0.031234,0.074487,-0.028054,0.079504,-0.105573,-0.049531,0.00895,0.068609,-0.048365,-0.017794,-0.048755,-0.006904,-0.060259,-0.073955,-0.046081,0.062883,-0.031574,-0.000496,0.095561,0.00016,0.079484,-0.037817,0.014277,0.020923,0.057146,0.07484,-0.003156,-0.03578,-0.031512,0.017006,0.009468,-0.102715,-0.001981,0,-0.020596,-0.000469,-0.013333,0.023461,-0.046238,0.135247,0.08052,0.095522,-0.024436,0.014487,-0.049696,-0.036957,0.025502,-0.042642,-0.006831,-0.037616,0.02161,-0.015884,0.055607,0.071794,0.082134,0.033035,0.00138,-0.01378,-0.002009,0.054553,-0.010399,-0.066005,0.021364,0.007492,0.03786,-0.005633,-0.025076,-0.089701,-0.110827,0.05756,0.034198,-0.044381,-0.009507,-0.017262,-0.126327,0.026094,-0.047418,0.001359,-0.018661,-0.032674,-0.029472,-0.066744,0.05238,-0.033237,0.02234,-0.019075,0.112563,-0.030606,0.021286,0.068292,0.004113,-0.065174,0.03291,-0.022245,-0.009103,-0.041428,-0.060826,-0.051464]",37,248
MEPC_2013_p015_c0014,MEPC_2013,Nomenclature Camerounaise des Métiers et Professions — 2013,2401 131,2304 132,"chasse et la pêche
Dirigeants et Gérants des petites entreprises dans les industries",14,structural,"[-0.079322,0.005814,-0.03038,-0.104071,-0.083665,-0.016315,0.041246,0.026978,-0.039569,-0.080077,-0.072315,-0.065471,0.03805,-0.05128,-0.136371,-0.084045,0.05016,0.013468,0.013307,-0.004926,-0.02544,0.013551,-0.043529,0.036797,0.032143,0.061845,0.033194,0.014564,0.040054,-0.037468,-0.01561,0.002849,-0.01244,0.029296,0.080943,-0.003724,-0.007414,-0.000116,0.043129,-0.013294,-0.017777,0.074548,-0.017502,0.002741,0.005145,-0.030607,0.008728,0.022797,0.012502,0.07951,0.088929,0.088869,0.077532,0.083281,-0.012794,-0.115087,-0.050604,-0.025314,-0.045334,0.08771,0.107198,-0.032298,-0.015696,-0.038526,-0.068431,-0.026023,-0.00284,-0.107164,-0.043631,-0.027787,-0.004906,0.041976,0.026271,-0.06631,-0.03074,0.028031,-0.019182,-0.024188,-0.081687,-0.009971,0.060429,-0.046221,-0.046007,0.008888,0.116124,-0.087386,0.042768,0.01922,0.100061,-0.004427,0.028935,0.041561,0.043056,-0.005233,0.013663,0.060258,0.00812,-0.039285,0.122345,-0.003598,0.049158,0.001061,-0.061191,-0.014123,-0.123611,0.005426,-0.039825,0.01305,0.039727,-0.030216,-0.046671,-0.059187,0.022203,0.003048,-0.046709,-0.044895,0.012764,-0.051523,-0.035934,-0.039547,-0.023514,0.035768,-0.017252,-0.00285,-0.013602,0.056189,-0.020038,0,0.045948,0.018114,-0.037591,0.018211,-0.095862,0.027496,0.047843,0.064231,0.016122,0.076207,-0.005606,-0.017347,0.042913,-0.018896,-0.058206,0.008939,0.11396,-0.087354,0.051841,-0.030258,-0.021547,0.001778,-0.001858,0.086312,-0.032516,0.048061,0.028051,0.012775,0.009548,0.065673,0.053046,-0.023731,0.02101,0.028154,-0.036118,-0.000913,0.025131,0.012071,0.156467,-0.003131,0.014179,0.048496,0.10293,-0.054995,0.027536,0.054038,0.032623,0.087622,0.02251,-0.001132,-0.079345,-0.030745,-0.00303,-0.057875,0.016928,-0.07374,-0.065458,-0.012189,-0.085123,-0.011704,0.005813,0.11998,-0.02891,-0.024045,-0.030901,-0.039327,0.056762,-0.006155,-0.098572,0.025822,-0.068046,0.067186,0.089159,-0.037197,0.003075,0.000604,-0.032527,0.07522,-0.047851,0.127373,-0.103145,-0.007563,-0.060164,-0.011394,-0.034803,-0.003616,0.004025,0.052448,0.074047,0.010166,0.032208,0.057195,-0.0274,0.007799,-0.038547,2e-06,0.036513,0.046369,-0.028264,-0.04135,-0.009184,-0.026361,-0.007157,-0.009622,-0.008792,-0.000154,-0.01704,-0.023729,0.049886,0.010497,-0.039424,-0.008087,-0.032245,0.043274,-0.053546,-0.05261,0.003844,0.030396,0.015991,-0.004175,0.015889,-0.026654,0.019733,-0.025505,0.027719,0.048664,0.040278,-0.031518,-0.020192,0.036226,-0.100081,-0.075502,0.076304,0.048192,-0.003556,-0.032486,0.030594,0.040768,0.024161,0.070329,0.003536,-0.094885,0.087057,-0.144026,0.05323,-0.069098,0.056669,0.032059,0.048159,0.05799,0.045059,0.016903,-0.024944,0.011864,0.010766,0.018674,0.098228,0.069659,-0.007835,0.123967,-0.009314,0.085052,-0.131928,-0.134152,0.058014,0.007157,-0.011036,-0.048536,-0.045395,0.06091,-0.066085,0.030049,-0.046849,-0.050856,-0.041847,-0.003512,0.082229,0.019056,0.025997,-0.059943,-0.025281,0.00424,-0.015439,0.050785,-0.012268,-0.068974,-0.075656,0.018861,0.014795,-0.056405,0.016549,0,-0.013917,0.059157,-0.028839,0.049304,-0.084908,-0.033762,0.083134,0.063524,-0.044895,-0.025715,-0.039548,0.005517,0.057325,0.013601,-0.029359,-0.044302,-0.009216,-0.033605,0.035147,0.028776,0.132198,-0.017082,-0.00079,0.011025,-0.056392,-0.015372,-0.007753,-0.019198,-0.028482,-0.054939,-0.036745,-0.022637,0.028976,-0.099616,-0.070232,0.017256,-0.019035,0.021977,-0.013742,-0.004353,-0.036949,0.048489,-0.085006,-0.010082,-0.057781,-0.036007,0.018645,-0.10754,0.093308,0.026866,-0.006296,-0.006852,0.109072,0.019699,-0.034075,-0.035826,-0.033892,-0.040123,-0.018924,-0.00543,0.003196,-0.04361,-0.054783,-0.065457]",13,84
MEPC_2013_p015_c0015,MEPC_2013,Nomenclature Camerounaise des Métiers et Professions — 2013,2404 142,2403 1323,"gros et de détail
Dirigeants et Gérants des petites entreprises dans la restauration et",15,structural,"[0.005223,0.022484,-0.004097,-0.058668,-0.143842,0.003544,-0.007647,-0.040704,-0.002055,-0.106492,-0.051906,-0.0734,0.053037,-0.067749,-0.054932,-0.072656,0.127922,0.042892,-0.017199,0.028338,0.037847,0.034271,-0.049082,0.046192,0.020746,0.010731,-0.008297,0.012095,0.026949,-0.06896,0.027812,0.025469,-0.028955,-0.049079,0.00712,-0.008363,0.026824,-0.049296,0.074419,0.018294,-0.0226,0.026891,0.009474,0.063353,0.040438,0.013947,-0.061039,0.040393,-0.002682,0.055689,0.085401,0.085631,0.042133,-0.005099,0.038924,-0.082972,-0.002928,0.015943,-0.028463,0.084519,0.123615,-0.01678,0.006574,-0.029695,-0.068786,0.024926,-0.028747,-0.0758,-0.014714,-0.068229,0.022438,0.052233,0.069707,3.9e-05,-0.071472,0.006273,0.006796,-0.0901,-0.108828,0.022916,0.047551,-0.008774,-0.013664,0.053652,0.080177,-0.061462,-0.01193,0.031293,-0.025791,0.00391,0.018616,-0.012538,-0.026631,-0.051812,0.066698,0.071959,-0.024184,-0.084506,0.138038,-0.003507,0.042391,0.070914,-0.006696,0.029836,-0.120921,-0.023291,-0.079251,0.053897,-0.008087,-0.030902,-0.015181,-0.036147,0.004307,0.006928,-0.031735,-0.00454,0.047548,-0.055293,-0.006813,-0.063727,0.014879,0.07232,0.012288,-0.027974,-0.053832,0.043697,0.046199,0,0.015155,0.053402,-0.010498,-0.02559,0.011832,-0.005371,-0.03319,0.026883,-0.004715,0.051797,-0.006809,-0.045271,0.077157,-0.024846,0.033433,0.033331,0.096999,-0.027584,-0.006107,-0.066015,-0.008818,-0.01165,0.02423,0.036305,-0.078354,0.002472,0.062355,-0.031313,-0.053874,0.007708,0.044755,-0.014127,0.068034,-0.001004,0.032679,-0.037694,-0.005036,0.00785,0.108621,-0.021964,0.020818,0.110249,0.039691,0.056096,-0.015479,0.039025,-0.013845,0.086907,0.082792,0.033579,-0.05001,-0.005662,-0.051353,0.037009,-0.011621,-0.07,-0.059596,-0.015859,-0.077185,-0.097228,0.039459,0.100577,0.042254,-0.036773,-0.002695,-0.070712,0.026419,-0.046837,-0.023819,-0.08216,-0.02176,0.007553,0.084785,-0.058661,0.025655,-0.027784,-0.021482,-0.014744,0.016043,0.087913,-0.063535,0.051017,0.025625,-0.045059,-0.026659,-0.012895,-0.005057,0.048842,0.007638,0.033069,0.079455,0.047358,-0.036084,-0.071364,-0.038843,2e-06,0.061741,0.072933,-0.006769,-0.04838,-0.003792,-0.048821,-0.07829,0.009734,-0.022272,0.033107,0.006604,0.015093,0.115469,0.000794,-7e-05,0.016022,-0.022673,0.093138,-0.055084,-0.066536,-0.025481,0.005083,-0.009559,-0.035323,-0.01736,-0.016508,0.001381,-0.029349,-0.038076,-0.04097,0.04203,-0.099182,0.001785,0.052281,-0.025313,-0.051439,0.121343,0.114096,-0.043715,0.015657,0.002296,0.106588,0.04654,0.041421,0.010091,-0.045586,0.034933,-0.115827,0.042165,-0.088731,0.08423,-0.040091,0.009119,0.014121,0.026852,0.010051,-0.036913,0.035004,-0.037843,0.048405,0.051177,0.023949,0.034125,0.115618,0.025314,0.035461,-0.101317,-0.120922,-0.006237,-0.001662,-0.07491,-0.045609,-0.021692,0.077289,-0.056812,-0.041025,-0.043018,-0.037841,-0.055442,-0.035349,0.028116,0.021925,0.029293,-0.084101,-0.031449,-0.07911,0.023323,0.038313,-0.036999,-0.042512,-0.069867,0.078787,-0.004227,-0.091305,0.049857,0,0.014523,0.059351,-0.052562,0.022716,-0.05315,-0.027132,0.140789,0.07691,-0.016125,-0.033043,-0.038961,-0.015216,0.019824,-0.025717,-0.010884,-0.057479,0.010407,0.001954,0.021864,0.015705,0.123421,-0.008531,0.047825,-0.001138,-0.038384,-0.018762,-0.000157,0.022641,0.032327,-0.056313,0.023995,0.006931,0.018158,-0.097139,-0.112013,-0.007536,-0.115222,0.041094,-0.00925,0.014214,-0.055992,-0.034722,-0.072822,0.035531,0.033876,-0.056102,0.021235,-0.042107,0.033575,0.069628,-0.029142,-0.020204,0.099993,-0.015601,-0.036151,-0.019199,-0.018703,-0.013459,0.104773,0.021665,0.003351,0.000106,-0.057039,-0.056203]",14,87
MEPC_2013_p015_c0016,MEPC_2013,Nomenclature Camerounaise des Métiers et Professions — 2013,2405 141,2404 142,"l'hôtellerie
Page 13
Code MEPC
Codes CITP
Libellé
Grand Sous Groupe
rev.4
Groupe Groupe de base
Dirigeants et Gérants des petites entreprises dans les transports,",16,structural,"[-0.019509,0.015578,0.010116,-0.015592,-0.083205,-0.025597,0.042477,0.033789,0.006165,-0.014187,0.009529,0.000764,0.043181,0.003922,-0.119672,-0.033914,0.015193,0.002384,-0.033039,0.024721,-0.039189,-0.032877,-0.131059,-0.011169,-0.020477,0.012437,-0.038741,0.050355,0.051099,-0.0021,0.002622,0.013402,-0.070785,0.066637,0.039049,0.043132,-0.002593,-0.065762,-0.013177,0.020384,-0.026902,0.042972,0.050258,0.143983,0.067384,0.053056,-0.058012,0.077674,-0.03712,-0.021869,0.069144,0.139865,0.001769,0.008905,-0.041994,-0.111582,-0.016928,-0.007155,0.028003,0.090615,0.119655,0.047577,0.073305,-0.026211,-0.095271,0.080207,-0.029965,0.042511,0.010437,-0.105207,-0.012466,-0.010622,-0.052751,-0.024213,0.051568,0.035459,-0.096006,-0.057188,0.018752,0.007516,-0.02513,-0.095191,0.002527,0.017678,0.068286,-0.036863,0.046947,0.008503,-0.071386,0.04131,0.024026,0.043431,-0.019846,0.014492,-0.023074,0.015286,-0.058302,-0.071592,0.044781,0.009589,0.078043,0.071711,-0.067496,-0.002736,-0.105032,-0.066908,0.130323,0.043528,0.033747,-0.072088,-0.064996,0.014437,-0.036654,-0.076296,-0.003506,0.049399,0.003127,0.075197,0.080451,0.012102,-0.05928,0.009239,-0.010616,-0.063288,-0.075086,0.005899,0.045037,0,-0.095232,0.073732,-0.02719,0.018111,-0.038761,-0.001071,-0.014269,0.018183,-0.038789,-0.000422,0.02027,-0.069814,0.052672,-0.010732,-0.064704,0.003524,0.079069,-0.074347,0.062569,-0.033654,-0.016923,0.018205,0.045587,-0.00256,-0.014323,0.055581,-0.085623,-0.047315,0.035406,0.036404,-0.009562,0.006577,-0.044715,0.061381,0.002059,-0.006379,0.056901,-0.024708,0.04823,-0.017427,-0.058969,0.019077,-0.023162,-0.071868,0.053957,0.052062,-0.026597,0.031148,0.008441,0.0087,-0.063018,0.007667,-0.062389,-0.044814,0.007468,-0.08664,-0.008948,-0.018037,0.062164,0.01609,0.026235,0.040689,-0.038649,-0.056453,0.095691,-0.115792,0.031605,-0.072815,-0.015782,0.034219,0.017283,-0.017383,0.066917,-0.028853,-0.00908,0.00314,-0.032551,0.05459,-0.039207,0.027803,-0.038566,0.05062,0.034848,-0.046091,-0.016009,0.043378,0.026961,0.021449,0.088974,0.052059,0.042307,-0.04989,0.03525,-0.0202,-0.011107,-1e-06,0.012834,0.116137,-0.002706,-0.059301,-0.062314,-0.040814,0.028371,-0.031317,0.05145,0.041251,0.038641,-0.022083,0.054872,-0.036673,0.058842,0.004976,-0.062038,0.042432,0.014967,0.021265,-0.023354,0.014016,-0.008111,0.046284,0.037885,0.001818,0.009979,-0.000827,0.065015,-0.073173,0.057422,-0.047074,-0.022951,0.084771,-0.018589,-0.093898,0.102598,0.124369,-0.044434,0.005713,-0.010292,0.068269,-0.02827,0.02235,-0.012151,0.007115,0.046913,-0.085995,0.068819,-0.043632,0.052738,-0.078533,-0.008682,0.007653,-0.018446,0.067455,-0.015169,-0.021072,0.00773,-0.007698,0.045639,-0.076795,0.058026,0.049168,-0.034097,-0.035606,-0.033993,-0.061391,0.001684,-0.051909,-0.096234,-0.068854,-0.023353,0.034253,0.017774,-0.059589,0.039641,-0.001955,-0.063923,-0.029343,0.026808,-0.025871,-0.037727,-0.052184,0.023827,-0.103267,0.049039,0.029149,-0.021796,-0.089743,-0.03324,0.102544,-0.021501,-0.107435,-0.022253,-0,-0.003452,0.002753,-0.012013,0.046344,0.002634,-0.026317,0.027286,0.077583,-0.047502,0.115672,0.001992,-0.046898,0.002619,-0.09409,-0.083947,0.031782,-0.101739,-0.043941,0.100455,0.077071,0.058485,-0.034443,0.021072,-0.061273,-0.045396,-0.01969,0.031711,0.021818,-0.010183,-0.062038,0.031703,0.021097,0.010209,-0.110937,-0.108833,0.021282,0.000161,0.014445,0.010754,0.041676,0.06799,-0.01367,-0.034005,-0.008258,0.037577,-0.057398,0.016164,-0.05505,0.013928,0.069092,-0.024731,0.003871,0.057852,0.094799,0.0273,0.001092,-0.009379,-0.047075,0.070073,0.034458,-0.032227,0.085366,-0.037317,-0.090579]",27,162
MEPC_2013_p016_c0017,MEPC_2013,Nomenclature Camerounaise des Métiers et Professions — 2013,2406 1439,2405 141,"l'entreposage et les communications
Dirigeants et Gérants des petites entreprises d'intermédiation et de",17,structural,"[-0.020562,-0.062553,0.073175,-0.043989,-0.054637,0.014387,0.020715,0.048388,-0.037673,-0.072163,-0.029584,-0.017797,0.080869,-0.070658,-0.085853,-0.024608,-0.001278,0.013708,-0.055531,0.015379,-0.030916,0.052486,-0.092233,-0.00442,0.052139,0.047632,0.038215,0.000663,0.052839,-0.030875,0.038891,0.022684,-0.11276,0.032972,-0.040173,-0.01723,0.04397,0.004227,0.05397,-0.056236,0.012156,-0.013309,0.034162,0.010276,0.043802,-0.001275,-0.010787,0.091999,-0.031999,0.06616,0.036435,0.04597,0.084178,0.054525,-0.011915,-0.056967,0.039943,-0.03524,-0.076398,0.073069,0.074549,0.05316,-0.018656,0.012208,-0.046368,0.005824,0.093946,-0.031711,0.031618,-0.023171,0.037744,-0.001824,0.01838,-0.035207,-0.054013,0.016188,-0.056255,0.02283,-0.045617,0.03029,0.08506,-0.04775,-0.012612,0.029705,0.030148,-0.077408,0.02138,0.000777,0.008221,0.041747,0.007235,0.032862,0.033542,-0.016045,-0.006434,0.004099,-0.037558,-0.060763,0.046309,0.016456,0.00461,0.05813,-0.089882,0.002057,-0.065078,-0.029897,-0.009351,-0.025737,-0.014102,0.009127,0.030227,-0.119862,0.032471,-0.011829,-0.015719,-0.011562,0.044109,-0.024909,0.037295,-0.087186,-0.062318,0.05555,-0.066295,-0.021698,-0.043158,0.063384,-0.000692,0,-0.021552,0.004495,-0.036787,0.028722,-0.014303,0.073405,0.024841,0.019526,-0.017192,0.050775,-0.057478,-0.030309,0.09306,-0.010493,0.010505,0.00304,0.074492,0.029147,-0.00832,0.029258,0.018824,-0.025232,-0.006486,0.041566,-0.010973,0.065262,0.007058,-0.080938,0.030625,0.011913,-0.00861,0.017204,0.073496,0.029185,0.085689,-0.006878,0.031078,0.02234,0.117336,0.033533,0.063403,0.065453,0.063425,-0.004774,0.029708,0.017827,-0.031191,0.081638,0.022064,-0.06318,-0.028015,-0.036571,-0.07517,-0.020783,0.073257,-0.089075,-0.056071,-0.000703,-0.074263,0.017134,-0.026381,0.057319,-0.025962,-0.002583,0.050657,-0.149213,-0.000866,-0.018421,-0.015881,-0.032622,-0.05771,0.078232,0.116059,-0.045958,-0.046201,-0.049288,-0.071981,0.031199,-0.041256,0.137628,-0.051668,-0.004278,-0.004824,0.014493,0.019977,0.017329,-0.022556,0.060982,0.080629,0.025834,0.074566,0.047591,-0.07869,-0.031851,0.005455,2e-06,0.008488,0.091698,-0.04693,-0.027183,-0.02721,-0.040253,0.033411,0.037407,-0.015347,0.013655,-0.022088,0.006086,0.099827,0.028069,-0.041675,-0.028837,0.003152,0.035957,0.005934,-0.092745,-0.010312,-0.025715,0.029449,-0.00603,0.108973,-0.053641,0.028598,-0.050915,-0.0054,0.061439,0.040055,-0.003066,-0.008009,0.056688,-0.049681,0.007528,0.154512,0.056602,-0.060251,0.000977,-0.057911,0.154225,-0.040207,0.002898,0.005163,0.004748,-0.000314,-0.167988,-0.019897,-0.067189,0.098277,-0.050417,0.064913,0.041367,0.029015,-0.030942,-0.033442,0.037498,-0.006246,0.034546,0.07511,0.069919,-0.050876,0.02653,0.022114,0.065455,-0.096158,-0.065223,0.025889,-0.087889,-0.03142,-0.063116,-0.017283,0.004948,0.023686,-0.022222,-0.02016,0.015695,-0.102622,0.010831,0.056832,0.02192,-0.024501,-0.074982,-0.024102,0.007043,0.027194,0.07366,-0.093925,-0.109116,-0.090462,0.019529,-0.019129,-0.07051,0.082177,0,0.000717,0.067782,-0.07251,0.002814,-0.006679,-0.014993,0.026015,0.063645,-0.010162,-0.006587,-0.084011,-0.019595,0.033421,0.008247,-0.000114,-0.060511,-0.052708,-0.106365,-0.000955,0.073105,0.062217,-0.013081,-0.055937,-0.001564,-0.024871,-0.076288,0.01504,-0.02837,0.013821,-0.051793,-0.042904,-0.037084,-0.053041,-0.041312,-0.095574,0.053243,-0.073132,0.014375,0.050224,0.038506,-0.060127,0.010326,-0.071154,0.024415,0.056805,-0.084484,0.008859,-0.110799,0.067746,-0.031844,-0.038084,-0.041078,0.127964,0.020003,0.033369,-0.064635,-0.030664,0.017628,0.013359,0.058053,-0.04477,0.049234,-0.027826,-0.063376]",15,104
MEPC_2013_p016_c0018,MEPC_2013,Nomenclature Camerounaise des Métiers et Professions — 2013,2407 1439,2406 1439,"services aux entreprises
Dirigeants et Gérants des petites entreprises de services de soins",18,structural,"[-0.028677,-0.087675,0.004963,-0.09268,-0.098037,0.072095,-0.003673,0.051365,0.012252,-0.108736,-0.014701,0.017129,0.00968,-0.06361,-0.016504,-0.060767,0.072406,-0.001993,-0.044578,-0.004945,0.008909,0.053277,-0.134604,0.012435,-0.000367,-0.002,0.006383,-0.017514,0.055477,-0.059747,0.084778,0.051406,-0.065647,0.036045,-0.02292,-0.016171,0.018952,0.025084,0.01709,0.026861,-0.000285,-0.019856,-0.017851,-0.017664,0.074185,-0.021406,-0.010624,0.068837,0.025446,0.06537,0.004994,0.054861,0.074292,0.021638,-0.023574,-0.039577,0.051129,-0.034734,-0.092532,0.038301,0.074956,0.027467,0.017561,-0.016098,-0.015823,0.037526,0.006678,-0.053505,-0.005319,-0.062334,0.029178,-0.002798,0.043622,0.042229,-0.055562,0.0421,-0.04173,0.02812,-0.035538,-0.03247,0.062353,-0.026313,-0.055027,0.065998,0.016857,-0.06309,3.2e-05,0.031731,0.028209,0.044234,0.00822,0.0451,0.002275,-0.033244,-0.034125,0.020246,0.02091,-0.078267,0.056854,-0.020018,0.031029,0.053251,-0.049683,0.001303,-0.049647,-0.009273,-0.060198,-0.02954,0.092632,0.023942,0.023413,-0.116782,-0.022194,-0.028452,-0.031369,-0.042542,0.011888,0.002776,0.033669,-0.044386,-0.037551,0.088231,-0.057926,-0.015005,6.6e-05,0.091139,-0.009907,0,-0.036059,0.041084,0.044374,-0.046664,-0.038678,0.026874,0.067179,0.035892,-0.008013,0.107242,-0.065694,-0.032668,0.106481,-0.018919,0.041799,-0.019366,0.091236,-0.020328,-0.017563,0.009552,0.007966,0.016387,-0.014053,0.010239,0.011666,-0.001853,0.045778,0.009778,0.058564,-0.000302,0.090146,-0.044132,0.011968,0.082107,0.03961,-0.038172,-0.013247,0.031398,0.115358,0.002839,0.007338,0.064145,0.035216,0.024543,-0.018503,-0.021498,0.021203,0.103308,0.080603,-0.039075,-0.054354,-0.027362,-0.108855,0.086696,0.078872,-0.03067,-0.051128,-0.020366,-0.060014,-0.059247,0.007185,-0.009087,-0.053507,-0.021508,0.01872,-0.154604,0.053981,-0.058996,-0.044282,-0.028341,-0.053419,0.045106,0.149649,-0.059618,-0.081088,0.027603,-0.008987,0.015578,-0.009618,0.086194,-0.090379,0.031945,-0.038138,0.034595,0.033916,0.087383,-0.009593,0.05281,0.021025,0.053581,0.009748,0.026413,-0.069049,-0.031249,0.005101,-2e-06,-0.01553,0.040795,-0.027262,-0.048357,-0.010047,0.011755,0.019908,0.061827,-0.06905,-0.009543,-0.01271,0.073268,0.109698,0.009688,-0.046443,0.025134,-0.063447,0.122764,0.034263,-0.059194,-0.00582,0.059641,0.050853,0.052101,0.071902,-0.074219,0.013705,-0.039165,0.00767,0.013943,0.080017,-0.077356,-0.107832,0.015761,-0.04758,-0.049341,0.100873,0.054394,-0.039327,0.009698,-0.101531,0.080477,0.00106,-0.004819,0.005796,-0.07327,0.037359,-0.180171,0.020425,-0.051461,0.034996,-0.037943,0.048375,0.056612,0.005868,-0.031232,-0.034208,0.019352,-0.0259,-0.030002,0.097847,0.064291,-0.000338,0.012857,0.021533,0.035437,-0.074382,-0.061887,0.00644,-0.106829,-0.048215,-0.084194,-0.046243,0.073495,-0.064524,-0.057907,-0.048311,-0.037113,-0.048019,-0.019981,0.077256,-0.019463,0.003083,-0.098071,-0.061906,-0.03253,0.049387,0.080625,-0.009802,-0.040784,-0.123012,0.035685,-0.005391,-0.060123,0.035035,0,-0.021058,0.039364,0.00715,0.032157,-0.024379,-0.025346,0.047048,0.067967,-0.027384,-0.043866,-0.041807,-0.014202,-0.017489,-0.003452,-0.03016,-0.074365,-0.022614,-0.036139,0.055836,0.033554,0.048335,0.000867,-0.046799,-0.018482,-0.039292,-0.021358,0.004871,-0.012839,0.020164,-0.056822,0.018788,-0.015237,0.032275,-0.071986,-0.052185,0.020137,-0.096969,0.046704,0.063352,-0.00459,-0.077837,0.011435,-0.022805,0.053707,-0.014694,-0.071244,0.039696,-0.069653,0.098039,-0.054105,-0.029916,-0.056997,0.092654,0.031176,-0.00182,-0.000419,-0.038522,-0.005083,0.024477,0.066987,-0.041033,-0.015058,-0.037142,-0.057965]",13,91
MEPC_2013_p016_c0019,MEPC_2013,Nomenclature Camerounaise des Métiers et Professions — 2013,2408 1439,2407 1439,"personnels, de nettoyage et de services similaires
2409 Dirigeants et Gérants des Petites Entreprises non compris ailleurs 1439
3 PROFFESSIONS INTELLECTUELLES ET SCIENTIFIQUES 21 à 26
31 Spécialiste des sciences et techniques 21
Physiciens, chimistes et assimilés (sauf ingénieur de
3101 211 et 214
l’électrotechnique cf. 3104)
Chimistes 2113
Ingénieurs chimistes 2145
Physiciens et astronomes 2111
Météorologues 2112
Géologues et géophysiciens 2114
Ingénieurs mécaniciens 2144
Autres physiciens, chimistes et assimilés non classés ailleurs 2146, 2149
3102 Mathématiciens, actuaires, statisticiens et démographes 212
Mathématiciens 2120
Ingénieurs statisticiens, Démographes 2120
Actuaires 2120
Spécialistes des sciences de la vie, de la terre et assimilés (sauf
3103 213 ,214
spécialistes de la santé)
Biologistes, Botanistes, Ecologiste, Zoologistes 2131
Ingénieur des mines 2146
Géologues 2114
Ecologistes, spécialistes de protection et de gestion de
2133
l’environnement
Agronomes et assimilés 2132
Spécialistes des sciences de la vie, de la terre et assimilés non
2131, 2143
classés ailleurs
3104 Ingénieurs de l'électrotechnique et des télécommunications 215
Ingénieurs électriciens, électroniciens 2151 et 2152
Ingénieurs des télécommunications 2153
Architectes, urbanistes, géomètres, ingénieur de Génie civil et
3105 214, 216
assimilés
Ingénieur en génie civil / ponts et chaussées 2142
Ingénieur en génie rural (équipement rural, hydraulique, etc.) 2146, 2149
Architectes paysagiste, bâtiments 2161 et 2162
Urbanistes et ingénieurs de la circulation routière 2164
Cartographes, géomètres et spécialistes des systèmes
2165
d’information géographique
Page 14
Code MEPC
Codes CITP
Libellé
Grand Sous Groupe
rev.4
Groupe Groupe de base
3106 Autres personnels spécialistes des sciences et techniques 2149
32 Spécialistes de la santé 22
3201 Médecins et assimilés 221
Médecins Généralistes 2211
Médecins Spécialistes 2212
3202 Cadres infirmiers et sages-femmes 222
Infirmiers spécialistes (bloc opératoire, anesthésistes,
2221
accoucheurs, etc.)
Sages-femmes 2222
3203 Ingénieurs et techniciens médicaux-sanitaires 226
Ingénieurs et techniciens d'appareils électro médicaux 2269, 3211
Ingénieurs et techniciens de laboratoire médical 2269, 3212
Ingénieurs et assistants pharmaciens et préparateurs en
2269, 3213
pharmacie
Ingénieurs et techniciens de prothèses médicales et dentaires 2269, 3214
Autres spécialistes médicaux sanitaires 2269
Spécialistes des médecines traditionnelles et des médecines",19,structural,"[0.020143,-0.069725,0.038585,0.004585,0.006955,-0.056591,-0.039588,0.016407,-0.029781,0.068163,-0.043117,0.019035,0.071959,0.005721,-0.118603,0.055067,-0.102133,-0.029221,-0.035868,-0.034999,-0.067143,0.010373,-0.006514,-0.040156,0.016426,0.056958,-0.002465,-0.022838,-0.052911,0.022174,0.000184,-0.011321,-0.057926,0.041284,-0.082747,0.023943,-0.098233,0.085743,0.070773,-0.016701,-0.006928,-0.041452,0.068717,0.086795,0.062105,-0.020005,-0.108141,-0.05907,0.01137,0.011099,-0.018234,-0.005063,0.108957,0.05513,-0.003379,-0.060251,0.0529,-0.075015,-0.054901,0.040214,0.058679,0.014414,-0.042891,-0.111244,-0.030046,0.00602,0.013169,-0.028882,-0.006029,0.024869,0.071416,0.066251,-0.039478,0.063964,-0.015275,0.00051,-0.031034,0.03975,0.106292,-0.022632,0.062417,-0.075747,0.042866,-0.031411,0.033939,0.049763,0.01628,0.049426,0.016721,0.055906,0.019696,0.031534,0.036512,-0.002835,-0.057974,0.028769,-0.058246,-0.034586,-0.029335,0.04155,-0.010139,5.5e-05,-0.047052,0.024181,-0.044712,-0.028831,0.049553,-0.020197,0.017867,-0.034736,0.03365,0.021998,-0.00327,0.062518,0.023158,0.060897,-0.027644,0.046442,0.037801,0.063559,-0.052906,0.038325,-0.047907,0.036749,0.017715,0.092153,-0.114515,0,0.010975,0.119669,0.009258,0.033603,-0.026412,-0.007221,-0.04846,-0.000915,0.021323,0.02565,-0.066692,0.029483,0.081475,0.056541,0.005787,0.015674,0.05911,0.06549,-0.080306,-0.038977,0.031098,-0.105151,-0.062996,0.038305,-0.020136,0.03584,-0.027965,0.025503,0.050166,0.022502,-0.043202,0.012178,-0.021871,-0.008284,0.004566,-0.033261,0.024065,-0.04798,0.091433,0.024586,0.053369,0.128156,0.043282,0.012831,0.025247,0.021115,0.045961,0.048899,-0.028173,0.016987,-0.109323,0.007495,0.09714,0.029682,0.047299,-0.032244,-0.006066,-0.000461,0.063929,0.061722,-0.059764,0.058801,0.009057,-0.027653,0.02797,-0.056371,0.003807,-0.007674,0.01183,0.07079,-0.039351,0.042355,-0.021566,-0.080915,-0.054005,-0.096329,0.01666,0.001044,-0.065624,0.065315,-0.00702,0.034902,-0.041495,-0.044219,0.036286,-0.015705,-0.071632,0.014686,-0.027025,-0.050019,0.060981,-0.067947,0.012425,-0.068612,-0.181231,-1.3e-05,-0.05957,-0.006145,-0.014182,0.030701,0.05749,-0.037702,-0.019895,-0.030714,-0.003976,-0.072191,0.056279,0.033023,0.080119,-0.075794,0.020761,-0.057135,-0.090934,0.036691,-0.019308,-0.035544,-0.054678,0.017774,0.012221,-0.049839,0.033775,0.014789,0.007907,-0.02822,0.008523,0.049543,0.011024,-0.049933,-0.080586,0.015342,-0.054726,0.02131,0.135435,0.025929,0.010145,-0.036128,0.052344,0.080047,0.073343,0.004061,-0.012139,0.041381,0.039234,-0.024528,-0.034041,0.009888,0.006475,-0.028968,-0.017834,0.041253,0.049226,-0.111784,-0.055305,0.015553,-0.10172,-0.016233,-0.063592,0.005557,0.027272,0.115156,-0.083041,0.053581,-0.010999,0.139942,-0.053214,-0.038637,-0.060005,0.089291,-0.069029,-0.0071,0.030768,0.065213,-0.018237,0.000547,-0.067013,-0.082217,0.09485,-0.038006,-0.028667,-0.08511,0.017185,-0.060703,-0.028507,0.046151,-0.07122,-0.030843,-0.064586,-0.063249,0.019791,-0.058742,-0.00253,0,0.052467,0.056781,0.004487,-0.082973,1.2e-05,0.039493,-0.016726,0.032105,0.000738,-0.018281,-0.054548,0.06668,0.027113,-0.016632,0.048221,-0.081181,-0.021482,0.028043,-0.055465,0.054541,0.027515,0.03268,-0.023198,-0.00417,0.065942,0.00768,-0.023657,-0.042838,-0.068453,-0.072277,-0.024583,-0.035747,-0.032,-0.075899,0.049039,-0.019388,-0.018422,0.01665,0.040083,0.006579,-0.076412,0.020468,-0.124464,0.019144,-0.001208,-0.037013,-0.086192,-0.084168,0.086272,-0.028469,-0.02201,0.011284,-0.017784,-0.032495,-0.077622,0.072236,-0.05453,-0.067084,0.009295,-0.037487,0.023908,-0.088474,-0.006512,-0.049175]",341,2503
MEPC_2013_p017_c0020,MEPC_2013,Nomenclature Camerounaise des Métiers et Professions — 2013,3204 2230,2408 1439,"complémentaires
Naturopathes 2230
Herboristes 2230
Médecins traditionnels 2230
3205 Praticiens paramédicaux 2240
Aides-soignants 532
Ambulanciers, brancardiers 2240, 3258
Délégués médicaux 2240
Diététiciens 2265
Autres patriciens paramédicaux non compris ailleurs 2240
3206 Vétérinaires 2250
Vétérinaires praticiens 2250
Vétérinaires inspecteurs sanitaires 2250
Vétérinaires conseils 2250
3207 Autres spécialistes des professions de la santé 226
Dentistes 2261
Pharmaciens 2262
Spécialistes de la salubrité de l'environnement, de l'hygiène et de
2263
la santé au travail
Physiothérapeutes 2264
Diététiciens et spécialistes de la nutrition 2265
Audiologistes et orthophonistes 2266
Optométristes 2267
Epidémiologistes 2269
Page 15
Code MEPC
Codes CITP
Libellé
Grand Sous Groupe
rev.4
Groupe Groupe de base
Spécialistes de la santé de la reproduction 2269
Spécialistes de la santé non classés ailleurs 2269
33 Spécialistes de l’enseignement 23
Professeurs d'université et d'établissements d'enseignement",20,structural,"[0.017004,0.008445,-0.058623,-0.006144,-0.053216,-0.031155,-0.105489,0.053309,-0.027351,-0.046267,-0.105625,0.072821,-0.018373,-0.08431,-0.125277,0.030341,-0.038176,0.007599,0.033303,0.044932,-0.062262,0.040801,-0.015745,-0.018373,-0.042633,0.052891,-0.02901,0.000424,-0.058869,0.0876,-0.021571,-0.005571,0.027851,0.062825,-0.066065,0.02209,-0.074594,0.078796,-0.083373,0.010377,0.045794,-0.002719,0.023389,0.109743,0.015767,-0.012991,-0.156356,0.007572,0.047022,-0.004842,-0.046517,-0.048553,-0.017626,0.116847,-0.038431,-0.088571,-0.03194,-0.024549,-0.099029,0.031541,0.026977,0.057452,-0.026762,0.020111,-0.005283,0.046099,0.021511,0.048359,0.015224,-0.05677,0.000626,0.0249,0.15427,0.039382,-0.06092,-0.022331,0.028292,-0.013459,0.076316,-0.026227,-0.02672,-0.00753,0.016177,0.036806,-0.000937,0.046668,-0.006511,0.003593,0.022339,-0.012493,-0.008448,0.038832,-0.012815,-0.069356,-0.021286,0.016241,-0.018431,-0.092617,-0.060729,-0.016857,-0.057335,-0.058352,0.026315,-0.022474,-0.021431,0.058836,-0.003597,0.001057,-0.002326,-0.027541,0.025631,0.019671,0.028493,-0.03049,0.065895,0.07032,0.018868,0.005448,0.086006,0.095205,-0.065352,-0.024199,-0.060103,-0.03661,0.031411,0.098506,-0.030482,0,0.030417,0.104222,0.061179,-0.031405,-0.02703,-0.007387,0.029245,-0.048244,-0.021693,0.001309,-0.017683,-0.081999,0.1197,0.02143,-0.069113,-0.016787,-0.019245,0.061638,-0.087111,0.090767,-0.0003,-0.020972,-0.011501,0.019544,-0.067478,0.042055,-0.036641,0.039998,0.045099,-0.021435,-0.054531,-0.011331,-0.031077,-0.086482,-0.012675,-0.027303,0.055155,-0.038364,0.01029,-0.034962,0.033943,0.055977,0.030463,0.018596,0.03223,-0.083126,-0.030274,0.013795,0.001032,0.067684,-0.025925,0.009861,0.005041,-0.021058,-0.058853,-0.052829,-0.046168,0.032846,0.065499,0.060508,-0.00456,0.001828,0.041595,-0.041422,0.056904,-0.063479,0.012098,-0.071279,-0.022203,0.022901,-0.090395,0.032144,-0.014034,-0.046011,-0.026936,-0.003745,0.078509,-0.00491,-0.033073,0.036989,-0.028919,0.075043,-0.001073,0.05603,0.060966,-0.013916,-0.027155,0.015778,-0.073422,-0.065218,0.028686,-0.020919,0.046621,-0.072941,-0.065282,-1.3e-05,-0.022032,-0.035378,0.039002,-0.019993,0.024607,-0.031568,-0.017272,-0.036495,0.108655,0.004325,0.080385,0.061847,0.00068,-0.031133,-0.02328,0.024117,-0.108994,0.066763,-0.025357,-0.033292,-0.039677,0.061551,-0.025605,0.061356,-0.035278,0.041595,0.020757,0.011053,0.017951,-0.070641,0.102659,-0.05428,-0.089851,0.039669,-0.013661,0.043855,0.04641,-0.022143,-0.033489,-0.044072,0.086277,-0.040575,-0.074583,0.035952,-0.047067,-0.062661,0.066059,0.026896,0.044083,0.040353,-0.018434,-0.024753,-0.033367,0.088927,0.025727,-0.105286,-0.036804,-0.026932,-0.014604,-0.123265,-0.044407,-0.020252,-0.051067,0.064953,0.015895,-0.057171,0.05999,-0.007466,-0.032152,-0.007039,-0.121152,0.024311,-0.11374,-0.046718,0.000736,0.067528,0.081786,-0.06422,-0.060945,-0.01599,0.081359,-0.158707,0.031687,0.058228,-0.017643,-0.035061,-0.015008,0.042358,-0.000564,0.012939,-0.043974,-0.002643,0.026505,-0.083481,-0.030818,0,0.144543,-0.001489,-0.019908,0.029965,-0.077203,0.02331,-0.051672,0.0143,-0.048532,0.056084,0.020617,0.077056,-0.007926,-0.110434,0.062244,-0.078237,-0.07626,0.040262,-0.04133,0.002804,-0.084854,-0.086791,-0.017958,-0.024373,0.049177,-0.010621,0.029741,0.035458,-0.004266,-0.013928,0.030359,0.006115,-0.022755,-0.019206,0.051212,-0.061808,0.039495,0.065678,0.017543,-0.038146,-0.010477,0.012035,-0.055611,0.031319,-0.016732,-0.03476,-0.012392,-0.074884,0.072305,-0.090006,-0.040902,-0.008183,0.025426,-0.030363,-0.058315,0.076105,-0.030303,-0.035213,0.056578,-0.035661,-0.025272,-0.04249,-0.009763,-0.031636]",137,1001
MEPC_2013_p018_c0021,MEPC_2013,Nomenclature Camerounaise des Métiers et Professions — 2013,3301 2310,3204 2230,"supérieur
Assistant, Maître de conférences, Chargé de cours, Professeurs 2310
Directeur de recherches, Maître de recherches, Chargé de
2310
recherches
Autre spécialistes de ce groupe non classé ailleurs 2310
3302 Professeurs, enseignement secondaire technique et professionnel 2320
Professeur et répétiteur de l'enseignement secondaire technique 2320
Professeur d'éducation permanente et physique de l’enseignement
2320
technique
Autre emploi de ce groupe non classé ailleurs 2359
3303 Professeurs, enseignement secondaire général et normal 2330
Professeur et répétiteur de l'enseignement secondaire général 2330
Professeur d'éducation permanente et physique de l’enseignement
2330
général
Enseignant des écoles normales d’instituteurs 2330
Autre emploi de ce groupe non classé ailleurs 2330
3304 Autres spécialistes de l'enseignement 235
Inspecteur d'enseignement (primaire ou secondaire) 2351
Conseiller pédagogique, 2359
Spécialiste des méthodes d’enseignement 2351
Autre spécialiste de l'enseignement non classé ailleurs 2359
34 Spécialistes en administration et management d’entreprises 33, 24
3401 Spécialistes en finances 241
Cadres comptables 2411
Contrôleurs et auditeurs de gestion 3315
Fiscalistes et conseillers fiscaux 3315
Conseillers en finances et investissements 2412
Ingénieurs et Analystes financiers 2413
3402 Spécialistes des fonctions administratives 242
Analystes, gestion et organisation 2421
Spécialistes, administration et politiques/stratégie 2422
Spécialistes, ressources humaines et évolution de carrière 2423
Spécialistes de la formation du personnel 2424
Spécialistes des ventes, de la commercialisation et des relations",21,structural,"[-0.033809,-0.075825,0.011851,0.019018,-0.036397,-0.066663,-0.112298,-0.062995,0.020557,0.015942,-0.044087,0.081276,-0.017378,-0.056395,-0.154993,0.040529,-0.03229,-0.04496,0.015273,-0.05507,-0.017641,0.073743,-0.006768,-0.031973,-0.037067,0.018899,0.012974,-0.055873,-0.072719,-0.040927,-0.057103,-0.042789,-0.012872,0.058199,-0.04753,0.010705,-0.020135,0.068901,0.02657,-0.002368,-0.004617,0.009976,0.059655,0.06571,0.066671,-0.078735,-0.089387,-0.022511,0.012497,-0.025638,0.060776,-0.028121,0.113986,0.101178,-0.003013,0.030216,0.077474,0.042828,-0.05098,0.053631,-0.00114,0.046859,-0.063912,-0.05363,0.010939,-0.005582,0.04223,-0.00771,0.026514,0.016094,0.024786,0.072471,-0.001709,0.013489,0.12271,0.031944,-0.091833,0.074965,0.088963,0.01401,0.016691,-0.070446,0.047856,-0.043666,0.029885,-0.033769,-0.000899,-0.028827,-0.032998,0.007143,-0.005086,0.022198,0.00113,0.044681,0.009857,0.044019,0.023072,-0.046143,0.002579,-0.020775,-0.050007,-0.049795,-0.060163,0.041405,-0.081105,-0.011937,0.027461,-0.009108,0.020049,-0.01771,0.024744,-0.03176,-0.041373,0.018617,0.016626,0.07505,0.022083,0.021834,0.048766,0.032748,-0.048063,-0.00687,-0.08784,-0.112651,0.020105,0.120477,-0.102068,0,0.082693,0.150509,-0.001935,0.0032,-0.014469,-0.043926,0.021704,0.036158,0.039193,-0.005716,-0.048285,0.009979,0.119172,0.003071,-0.070981,-0.017885,0.046035,0.140225,-0.121299,0.060784,0.038032,0.0289,0.007343,0.011816,-0.064029,0.094483,-0.006124,0.004266,0.067273,0.029166,-0.033729,-0.066629,-0.058753,-0.039434,0.043804,0.041777,0.10177,0.021143,0.030186,0.003289,0.018232,0.021341,0.076933,-0.068148,-0.02593,-0.053598,-0.034631,-0.038369,-0.037758,0.008439,-0.058496,-0.020272,-0.008177,0.031091,0.105889,-0.062262,0.046601,0.050335,-0.001192,0.030881,-0.006558,0.099205,0.015449,0.057853,0.005194,-0.115868,-0.047654,0.045343,0.04845,0.011507,-0.033988,0.033839,0.043033,-0.046828,0.006969,-0.121569,-0.002577,-0.020623,0.003337,0.068996,-0.029362,-0.008574,-0.02095,-0.065195,-0.008941,-0.053694,-0.032197,0.099954,0.042087,0.005826,0.05528,0.017056,0.045351,0.019229,-0.07462,-1.2e-05,0.051194,0.060781,0.01886,-0.04383,0.000755,0.000339,0.009452,0.025207,0.027693,-0.126949,0.106096,-0.032472,-0.007798,-0.035742,-0.004346,-0.047566,-0.142181,-0.061814,0.002978,-0.012109,0.066002,-0.070045,0.063717,0.044046,-0.06805,-0.044849,-0.036312,-0.006594,0.027328,0.032261,0.042143,-0.064248,-0.049096,0.100884,-0.030482,0.010456,0.021424,0.096018,-0.002783,0.038971,0.050305,-0.031087,-0.010384,0.055178,0.063296,-0.030356,-0.003099,-0.025742,0.01586,0.002919,-0.068853,-0.026535,-0.05425,0.053601,0.03369,-0.063288,-0.038798,0.094587,-0.014525,0.053803,0.019303,0.049481,-0.068751,0.132707,0.008696,0.015826,-0.051308,0.067389,-0.027233,0.057383,-0.050937,-0.008417,0.01664,0.029613,0.003546,0.029866,-0.044511,-0.01126,-0.108701,0.029963,0.074925,-0.046385,0.023905,0.040082,-0.028151,-0.024401,0.006816,-0.015786,-0.002512,-0.050311,-0.036525,-0.054875,0.045372,-0.029949,-0.04214,0,0.021685,0.032026,-0.062364,0.010784,0.006892,-0.005971,-0.11102,0.082271,0.014333,-0.022353,-0.012542,0.031067,-0.012719,-0.079652,0.0458,-0.073223,-0.055007,-0.020895,0.000734,0.001343,-0.056917,-0.040997,-0.010061,-0.049715,0.026059,0.002262,0.015204,0.015658,-0.02795,-0.032189,-0.052362,-0.005005,-0.033964,-0.078779,0.013634,0.022345,-0.004012,0.016522,0.027797,0.001365,-0.013672,-0.050079,-0.076523,-0.040862,0.04419,-0.041828,-0.053077,-0.068228,0.117932,-0.045088,-0.104878,-0.024427,-0.017469,-0.003865,-0.040896,0.05763,-0.052831,-0.045261,-0.035761,-0.056613,-0.032797,-0.064361,-0.018101,-0.026122]",223,1651
MEPC_2013_p018_c0022,MEPC_2013,Nomenclature Camerounaise des Métiers et Professions — 2013,3403 243,3301 2310,"publiques
Spécialistes de la publicité et de la commercialisation 2431
Spécialistes des relations publiques 2432
Page 16
Code MEPC
Codes CITP
Libellé
Grand Sous Groupe
rev.4
Groupe Groupe de base
Spécialistes des ventes, secteurs médical et technique (à
2433
l'exception des TIC)
Spécialistes des ventes, technologies de l'information et des
2434
communications
3404 Spécialistes en gestion des projets 3315
Spécialistes en suivi et évaluation des projets 3315
3405 Autres spécialistes en administration des entreprises 3315
Spécialistes des technologies de l’information et des
35 25
communications (sauf télécommunications)
3501 Concepteurs et Analystes de logiciels et de multimédia 251
Analystes de systèmes 2511
Concepteurs de logiciels 2512
Concepteurs de sites Internet et de multimédia 2513
Programmeurs d'applications 2514
Concepteurs et analystes de logiciels, et concepteurs de
2519
multimédia non classés ailleurs
3502 Spécialistes des bases de données et des réseaux d'ordinateurs 252
Spécialistes des bases de données 2521
Administrateurs de systèmes 2522
Spécialistes des réseaux d'ordinateurs 2523
Spécialistes des bases de données et des réseaux d'ordinateurs non
2529
classés ailleurs
Autres spécialistes des technologies de l’information et des
3503 2529, 2519
communications
Spécialistes de la justice, des sciences sociales et de la
36 26
culture
3601 Juristes 261
Magistrat 2612
Administrateur de Greffe 2619
Avocat 2611
Notaire 2619
Huissier 2619
3602 Archivistes, bibliothécaires, documentalistes et assimilés 2622
3603 Spécialistes des sciences sociales et du clergé 263
Economistes 2631
Sociologues, anthropologues et assimilés 2632
Philosophes, historiens et spécialistes des sciences politiques 2633
Psychologues et parapsychologues 2634
Spécialistes du travail social 2635
Ministres des cultes 2636
3604 Auteurs, journalistes et linguistes 264
Auteurs et autres écrivains 2641
Page 17
Code MEPC
Codes CITP
Libellé
Grand Sous Groupe
rev.4
Groupe Groupe de base
Journalistes 2642
Traducteurs, interprètes et linguistes 2643
3605 Artistes créateurs et exécutants 265
Artistes plasticiens 2651
Compositeurs, musiciens et chanteurs 2652
Danseurs et chorégraphes 2653
Metteurs en scène de cinéma, de théâtre et d'autres spectacles 2654
Acteurs 2655
Annonceurs-présentateurs de radio, de télévision et autres médias 2656
Artistes créateurs et exécutants non compris ailleurs 2659
Spécialistes de l’animation et de l’orientation scolaire,
37 235
universitaire et professionnelle
3701 Conseillers d’orientation 2359
3702 Conseillers et animateurs de la jeunesse 2352
Autres spécialistes d’animation et de l’orientation 2359
38 Spécialistes de la logistique et de la messagerie
3801 Logisticien
3802 Spécialistes des services postaux",22,structural,"[0.041387,-0.040747,-0.027898,-0.056434,-0.047336,-0.107269,-0.003772,0.047722,0.068938,0.010756,-0.089546,0.095366,0.02067,-0.02656,-0.046567,0.069599,-0.067674,-0.070179,0.004107,-0.057967,-0.056367,0.016836,-0.091985,0.027408,-0.006584,0.003739,-0.023552,0.017498,-0.031113,0.037734,0.002397,-0.019556,0.041697,0.075034,-0.086809,0.022328,-0.054631,0.001536,-0.116324,-0.017173,-0.029279,-0.012534,0.055473,0.067227,0.098917,-0.021277,-0.079977,0.032635,-0.029302,-0.087944,-0.069137,-0.025767,0.013697,0.050818,0.015955,-0.110401,-0.01517,0.027899,-0.026329,0.070518,0.009243,0.022877,-0.027368,-0.000252,-0.030406,0.100989,0.006095,0.010452,0.042597,-0.055925,-0.01782,-0.01644,-0.001587,0.075419,0.005846,0.038022,-0.052222,0.006871,0.115658,0.03641,0.043816,-0.019264,0.009458,0.013804,0.02889,0.065355,0.021243,0.057504,-0.063684,0.009333,-2.3e-05,0.018719,0.059381,0.062924,0.013083,-0.038182,0.024948,-0.112976,-0.065091,0.001747,-0.046321,0.031438,-0.050177,-0.018118,-0.075662,-0.011208,0.03166,0.048806,-0.004698,-0.031118,-0.072923,0.010841,-0.105003,-0.08498,0.059242,0.090382,-0.000674,0.085899,0.070863,0.086203,-0.092464,-0.019352,-0.109289,-0.048866,0.01908,0.058679,-0.080501,0,-0.087496,0.152179,0.00378,0.107712,-0.007617,0.020418,0.052114,-0.033591,-0.01692,-0.024164,0.00223,0.018626,0.046634,-0.021771,-0.029032,0.020044,-0.051836,0.073997,-0.085792,-0.005707,-0.003956,-0.03001,-0.036536,0.001533,-0.018742,0.067035,-0.064305,-0.022274,0.083341,-0.000347,-0.108017,0.030127,-0.001431,-0.030016,0.062825,0.003074,0.022728,-0.074035,0.011137,0.093265,-0.046683,0.074848,-0.028534,-0.059519,0.009318,-0.039783,-0.039241,-0.068191,-0.024486,-0.027731,-0.019742,0.022427,0.029133,-0.052906,0.053286,-0.080255,0.013086,-0.058081,0.060703,0.094356,-0.050052,-0.033547,0.021803,0.00463,0.057266,-0.070562,-0.00659,-0.107347,0.011547,0.067013,0.028468,0.011093,0.040985,-0.080611,-0.068069,-0.042529,-0.035632,-0.009905,-0.050746,0.119518,0.072629,-0.014888,0.02641,-0.011029,0.069223,0.017657,-0.003237,0.007145,-0.063102,0.0929,-0.016382,0.031082,0.114812,0.013865,-0.04417,1e-06,-0.077977,0.067176,-0.025252,-0.035268,-0.056506,-0.05687,0.047675,-0.02052,0.058414,-0.049727,0.119866,-0.043073,-0.006734,0.000914,0.009667,-0.008381,-0.083658,-0.113739,-0.047497,0.059235,0.000671,-0.009434,-0.068562,0.023584,-0.070904,0.007741,0.037698,-0.012197,0.125195,-0.10168,0.04971,-0.035837,-0.026388,0.059544,0.031338,-0.004535,0.106617,0.053505,0.041897,-0.07336,0.077514,0.053513,-0.023864,-0.054086,-0.028723,0.003728,0.068831,-0.004018,0.069952,-0.026452,-0.036842,-0.122947,0.003755,0.059303,-0.022817,-0.050303,-0.047097,0.032598,-0.065026,-0.021572,0.000992,-0.019977,0.019724,-0.008781,-0.038931,0.027265,0.00055,-0.003117,-0.054334,-0.06998,-0.10259,-0.02048,-0.036335,-0.033999,0.029933,0.013483,-0.061788,0.049259,-0.071501,0.023707,0.045821,-0.001229,-0.03027,0.006012,0.038692,-0.017494,0.011068,0.008446,-0.034047,-0.060238,-0.024045,0.052745,0.002481,-0.068033,-0.044908,0,-0.011528,-0.095949,-0.010404,-0.04109,-0.024807,0.023101,-0.006579,0.016075,0.015876,0.096801,0.017376,-0.01567,-0.023859,-0.045728,0.03594,-0.045232,-0.061683,-0.05524,0.063521,0.050827,-0.003013,-0.053476,0.047441,-0.034497,0.040465,-0.039566,0.03364,0.05878,-0.026612,-0.020922,-0.017338,0.022052,0.041648,-0.030204,0.001768,-0.070622,0.118246,0.034763,-0.026286,-0.026178,0.075264,0.004199,-0.024303,0.009028,0.061919,-0.021417,0.009588,-0.068955,0.016444,-0.030875,-0.005354,0.039763,0.040902,0.005649,0.063622,-0.000817,0.010947,-0.000196,0.02172,0.043426,-0.008772,-0.010895,0.003648,-0.025258]",397,2752
MEPC_2013_p020_c0023,MEPC_2013,Nomenclature Camerounaise des Métiers et Professions — 2013,4 PROFESSIONS INTERMEDIAIRES 3,3403 243,"41 Professions intermédiaires des sciences et techniques 31
4101 Professions intermédiaires des sciences physiques et techniques 311
Techniciens des sciences chimiques et physiques 3111
Techniciens du génie civil 3112
Techniciens en électricité 3113
Techniciens en électronique 3114
Techniciens en construction mécanique 3115
Techniciens en chimie industrielle 3116
Techniciens en maintenance industrielle 3116
Techniciens en maintenance et réparation automobile 3119
Techniciens des mines, techniciens métallurgistes 3117
Dessinateurs industriels, Dessinateurs bâtiments et assimilés 3118
Techniciens de la statistique 3314
Techniciens des sciences physiques et techniques non classés
3119
ailleurs
4102 Contremaitres, mines, industries manufacturières et bâtiment 312
Superviseur/Contremaitres, mines 3121
Superviseur/Contremaitres, industries manufacturières 3122
Superviseur/Contremaitres, bâtiment 3123
4103 Conducteurs, techniciens et contrôleurs de processus industriels 313
Conducteurs d'installations de production d'énergie 3131
Page 18
Code MEPC
Codes CITP
Libellé
Grand Sous Groupe
rev.4
Groupe Groupe de base
Conducteurs d'installations de dispositifs de traitement de l'eau
3132
et d’incinération
Conducteurs d'installations de dispositifs de traitement chimique 3133
Conducteurs d'installations de raffinage de pétrole et de gaz
3134
naturel
Contrôleurs des processus industriels, métallurgie 3135
Techniciens, contrôle de processus industriels non classés ailleurs 3139
Techniciens et travailleurs assimilés des sciences de la vie, de la",23,structural,"[-0.018914,0.003453,0.039118,-0.028879,0.012341,-0.092496,0.008185,-0.057475,-0.090581,0.033168,-0.091689,-0.013564,0.113555,0.016858,-0.100749,0.036226,-0.069163,-0.018408,0.051755,-0.056587,0.008955,0.033143,0.03306,-0.012723,-0.021346,0.067851,0.010929,0.018867,-0.10732,-0.003776,-0.106518,0.011808,-0.066179,0.02795,-0.031479,-0.003796,-0.08481,0.110363,0.028495,-0.039152,-0.023169,-0.053077,0.059263,0.064254,0.018432,0.019717,-0.040583,-0.165382,0.034317,0.025911,-0.043248,0.013134,0.066661,0.052122,0.032753,-0.049274,0.082441,-0.027727,-0.049312,0.080216,0.050251,-0.039141,-0.039638,-0.074341,0.087046,-0.042263,0.001334,0.080753,-0.051196,0.038079,0.050627,0.008598,-0.00028,-0.001894,0.005417,-0.060339,0.006694,-0.012571,0.008019,-0.008882,-0.048715,-0.067292,-0.061252,-0.10296,-0.035868,0.081254,-0.017237,-0.020869,0.076387,0.031909,-0.008678,0.038107,0.023561,-0.007197,-0.034761,0.002196,0.023228,0.023902,-0.020103,0.016244,-0.023509,-0.017034,-0.03463,-0.036513,-0.036841,0.037379,-0.030532,0.024208,-0.023424,-0.057291,0.037451,-0.018889,-0.038213,0.047465,-0.008898,0.043251,0.004821,0.01709,0.05078,0.043114,-0.053611,-0.010863,-0.05619,-0.00591,0.030621,0.059583,-0.045582,0,0.002694,0.037216,-0.042902,0.036652,0.001313,-0.006766,-0.000102,0.042352,-0.004592,-0.041406,0.01112,0.069788,0.005023,-0.024569,-0.053569,0.025383,-0.061723,0.01407,-0.038386,0.008842,0.002638,-0.003415,-0.019429,0.032064,0.035022,-0.014292,-0.028912,-0.006078,0.032084,0.021612,0.007251,0.106805,-0.049161,0.007359,0.03558,0.017998,-0.000565,-0.008073,0.019491,0.010484,-0.029213,0.011,0.011801,-0.007615,-0.034117,-0.049936,0.031714,0.036527,-0.068084,0.057383,-0.057366,0.020592,0.134786,-0.075383,0.010585,-0.004927,0.006557,0.011547,0.019015,0.032671,-0.127921,0.064978,0.072828,0.036117,0.115305,-0.032848,0.021975,0.074436,0.085019,0.061301,-0.049211,-0.016287,-0.033765,-0.019552,0.021514,-0.012545,-0.047679,-0.033741,-0.070839,0.033678,-0.039657,0.004745,-0.010477,-0.085493,0.069849,-0.061451,-0.025509,-0.037801,0.052292,-0.078705,-0.015263,-0.034062,0.053692,0.032315,-0.092081,-1.8e-05,0.008983,-0.019551,0.055653,0.091505,0.047288,-0.06606,0.034632,-0.106001,-0.031334,0.034905,0.051879,0.031634,-0.047772,-0.080733,0.063566,-0.004759,-0.076617,-0.005093,-0.056104,0.020478,0.009221,0.016938,-0.063238,0.018985,-0.073067,0.005595,-0.081216,-0.057175,0.072268,0.005287,0.036788,-0.053462,-0.036812,0.021319,-0.033703,-0.001398,0.086633,-0.026168,0.00034,0.016803,0.063816,0.004675,-0.083532,0.048797,-0.049292,-0.056433,-0.019464,0.002004,-0.044698,0.034117,0.080404,-0.052958,-0.030811,-0.056033,0.087149,-0.116143,0.049116,-0.011286,-0.114067,0.058488,0.032345,-0.015112,0.037576,0.073319,-0.074002,-0.033183,0.047266,0.14003,-0.052737,0.025113,0.005323,0.112203,-0.088037,-0.118777,0.0583,0.042617,0.032924,0.017915,-0.078107,-0.01065,0.073192,-0.043762,0.039929,0.092082,-0.040143,0.002601,0.022325,0.073873,-0.019152,-0.058582,-0.041592,-0.017732,0.00781,-0.014938,-0.103686,0,0.015906,0.041872,-0.021089,-0.022901,-0.036885,0.046511,-0.030304,0.036652,0.000132,0.017877,-0.052262,-0.027014,0.106249,0.004215,0.080961,-0.119215,-0.025104,0.033136,-0.072977,0.015083,-0.010174,-0.041776,0.007191,0.064512,0.013728,0.014075,-0.048977,-0.06913,-0.020268,0.055712,-0.012049,-0.057524,-0.055462,-0.079531,0.100867,-0.027357,0.099049,-0.050694,-0.000758,-0.065001,-0.059449,-0.002974,-0.101318,0.036991,0.019,-0.086842,-0.052737,-0.093371,0.027305,-0.018787,-0.02906,0.00527,-0.078761,-0.072428,0.000683,0.048431,0.001707,-0.031543,-5e-05,-0.062064,0.076398,-0.04814,0.011113,-0.055528]",202,1553
MEPC_2013_p021_c0024,MEPC_2013,Nomenclature Camerounaise des Métiers et Professions — 2013,4104 314,4 PROFESSIONS INTERMEDIAIRES 3,"terre et assimilés
Techniciens des sciences de la vie et de la terre (à l'exception de
3141
la médecine)
Techniciens, agriculture, élevage et pisciculture 3142
Techniciens zoologistes 3142
Techniciens, sylviculture (y compris horticulture) et activités de
3143
forestage
Contrôleurs et techniciens des moyens de transport maritime et",24,structural,"[0.085034,-0.005817,0.030485,0.000966,-0.016522,-0.101682,0.001032,-0.007381,-0.113901,0.033536,-0.087422,-0.049326,0.070961,0.054997,-0.132939,0.019487,-0.117024,-0.006168,0.048801,-0.028611,-0.069768,0.055509,-0.025528,0.01775,-0.026754,-0.025701,0.003606,-0.042654,-0.056667,0.064612,-0.065033,-0.008601,-0.124928,0.073492,-0.050921,-0.038214,-0.073324,0.0298,-0.007504,0.055583,0.015765,-0.055631,0.080305,0.081684,-0.014726,0.002026,-0.044779,-0.145719,0.048259,0.033867,-0.068184,0.009247,-0.010579,0.071645,-8.5e-05,-0.113236,0.055224,-0.033477,-0.120104,0.079105,0.041644,0.029147,-0.00865,-0.061901,0.036962,0.020819,-0.004124,0.022486,-0.053903,0.018845,0.053917,0.016253,0.004416,0.043634,0.015064,-0.019047,-0.013249,0.049474,0.051907,-0.037808,0.096358,-0.040262,-0.055948,-0.052892,-0.006181,0.021183,-0.050518,0.064965,0.082619,0.041555,0.022697,-0.007859,0.011694,0.002595,-0.026113,0.050011,0.005662,0.000494,0.028462,-0.06673,-0.023739,-0.073666,-0.005876,0.001206,-0.048433,0.046653,-0.031477,-0.027763,-0.046581,-0.003129,0.030263,0.031981,-0.027777,0.098433,-0.0204,0.111036,0.000501,-0.031567,0.025622,-0.03497,-0.053941,-0.018047,-0.001267,-0.049865,0.075443,0.055636,-0.01003,0,-0.028361,0.035529,-0.035037,0.042932,0.046423,-0.036809,-0.018991,-0.049593,0.025349,-0.029936,-0.099764,0.041551,0.040909,0.006376,-0.06493,0.017217,-0.034983,0.007373,-0.042892,0.053406,-0.006758,-0.031298,-0.071592,0.089211,0.012571,0.037116,-0.091953,-0.023121,0.067901,0.020398,0.00969,-0.003126,-0.031104,-0.029104,0.080268,-0.017966,0.005992,-0.029105,0.063789,0.0093,0.025483,0.014534,0.112311,0.041378,0.035927,0.010147,0.009466,0.086246,-0.055882,0.044116,-0.075409,0.032222,0.040936,-0.0493,0.040686,-0.043616,0.034034,0.001769,-0.053341,0.046918,-0.02725,0.042996,0.059737,0.032258,0.124301,-0.048535,0.032926,0.065853,0.061386,0.056169,-0.033008,-0.029328,-0.032112,-0.029828,-0.041901,-0.029671,0.042003,-0.026334,-0.061633,0.045065,-0.078953,0.089023,-0.043111,0.005811,0.096399,0.003981,-0.041003,0.059562,0.069666,-0.01404,0.052181,-0.008635,0.013029,-0.05266,-0.077924,-0,-0.026593,0.016927,0.054187,0.03657,0.042598,-0.049858,0.068187,-0.035698,0.009359,0.030325,0.037347,0.028159,0.031768,-0.07127,0.048103,-0.104636,-0.090812,0.021876,-0.050542,-0.019386,0.006685,-0.04147,0.021128,0.074304,-0.055885,0.028737,-0.06602,0.002687,0.01403,-0.006314,0.076218,0.017264,0.017275,-0.01296,-0.040212,-0.001634,0.126882,0.005416,0.01639,-0.043106,0.031179,0.029547,-0.062708,0.047672,-0.047019,-0.012938,-0.010123,-0.032793,-0.006412,-0.006032,0.061366,-0.016226,0.001466,-0.046656,0.0774,-0.072119,-0.018221,-0.043837,-0.036881,-0.028538,0.070997,-0.00092,-0.049715,0.107626,-0.036759,0.024897,0.025459,0.102276,-0.076906,0.058219,0.00416,0.024925,-0.061665,-0.061674,0.046016,0.035516,-0.002001,0.052545,-0.014853,0.012691,0.083226,-0.094648,0.089886,0.029058,-0.023874,0.037778,-0.003604,0.065173,-0.046436,-0.089406,-0.040803,-0.070501,-0.056899,-0.060097,-0.054919,0,0.029179,0.086525,-0.042835,-0.036559,-0.095148,-0.040268,-0.063531,0.098635,0.003557,0.043641,-0.119056,0.0027,0.059884,0.047844,0.0571,-0.114298,-0.044474,0.038288,-0.048091,0.023649,0.004428,-0.02101,-0.056057,0.037799,0.005074,0.064436,-0.023408,-0.064088,0.012985,0.049861,-0.021947,-0.061612,-0.161961,-0.035385,0.034861,-0.025702,0.030819,-0.056884,0.008425,-0.03104,-0.010375,-0.001849,-0.062632,0.046908,0.00708,-0.029939,-0.059049,-0.063897,0.040986,-0.098384,0.01772,0.004519,0.015651,-0.039925,-0.037993,0.022058,0.040826,-0.028672,-0.005426,0.005701,-0.032868,-0.032923,0.013389,-0.022796]",48,333
MEPC_2013_p021_c0025,MEPC_2013,Nomenclature Camerounaise des Métiers et Professions — 2013,4105 315,4104 314,"aérien
Officiers mécaniciens de navires, avions et dispositifs héliportés 3151
Officiers de pont et pilotes 3152
Pilotes d'avions et assimilés 3153
Contrôleurs de la circulation aérienne et maritime 3154
Techniciens de la sécurité aérienne et maritime 3155
4106 Contrôleurs et techniciens des moyens de transport terrestre
Transports routiers : officiers assermentés de sécurité et de
prévention routière et assimilés
Transports ferroviaires : contrôleurs de régie et contrôleurs de
rails
42 Professions intermédiaires de la santé et de l’enseignement 32
4201 Techniciens de la médecine et de la pharmacie 321
Techniciens d'appareils électro-médicaux 3211
Techniciens de laboratoire médical 3212
Techniciens et assistants pharmaciens et préparateurs en
3213
pharmacie
Techniciens de prothèses médicales et dentaires 3214
Techniciens supérieurs de la santé
4202 Personnel infirmier, aide-soignant et sages-femmes 322
Personnel infirmier 3221
Sages-femmes 3222
Aides-soignants en institution 5321
Praticiens des médecines traditionnelles et des médecines",25,structural,"[-0.001023,-0.004525,0.024648,0.081548,0.055775,-0.046633,0.020314,0.063979,-0.03536,-0.050057,-0.089628,0.051685,0.082208,0.001567,-0.171383,0.046099,-0.001142,0.012063,0.025672,0.036081,-0.059217,0.083511,-0.073532,0.016801,-0.054672,0.087802,-0.016123,0.02432,-0.070252,0.022359,-0.076047,-0.043749,-0.091197,0.006735,-0.084818,0.034613,-0.084496,0.059717,-0.083719,-0.004831,0.065353,-0.05714,0.048404,0.12251,-0.016497,-0.031868,-0.035549,-0.051714,0.031354,0.09002,-0.010851,0.033802,-0.018801,0.066429,-0.010214,-0.10255,-0.002265,-0.032984,-0.09374,-0.012429,0.018244,0.081915,0.002347,-0.061118,-0.074108,0.022058,0.031185,-0.033916,-0.018104,-0.016972,0.042833,0.058243,0.010216,0.058717,-0.030489,-0.032086,-0.02951,-0.014932,0.060242,0.045499,0.028414,-0.042579,0.0003,0.000519,0.037096,0.033141,0.008286,0.016488,0.036475,0.101411,0.010978,0.054395,0.034946,-0.035671,-0.032375,0.002034,-0.014444,0.050329,-0.0558,-0.039132,-0.020712,0.007828,-0.102708,-0.012428,-0.029414,0.006503,0.093713,-0.090967,-0.078548,-0.081481,0.065145,0.037179,-0.042908,0.050101,0.061127,0.125488,-0.056779,-0.020547,0.046254,0.089149,-0.060873,-0.041191,0.027554,-0.059668,0.033489,0.081298,0.051788,0,-0.039824,0.056107,-0.015377,0.120465,0.010656,0.003247,0.015209,-0.035644,0.052237,0.002547,-0.083547,-0.024538,0.058833,-0.015034,-0.036095,-0.085332,-0.017037,-0.036513,0.010719,-0.05383,0.034675,-0.061976,-0.0553,-0.003333,-0.067087,0.076893,-0.074154,0.02931,0.10212,-0.002455,-0.054411,0.037161,-0.023621,-0.029073,0.005621,0.015471,-0.013315,-0.027383,-0.003114,-0.010763,0.017255,0.06842,-0.029105,0.013333,0.012591,-0.0121,-0.017677,0.011607,-0.040054,0.002985,-0.042215,-0.017997,0.029853,-0.049841,-0.035649,-0.097468,-0.011329,-0.007046,-0.094345,0.062551,-0.019763,0.04753,0.115548,-0.025236,0.11573,0.034007,0.021233,-0.032569,-0.024003,0.047684,0.00327,-0.043454,0.029733,-0.049438,0.025093,0.006032,0.038454,0.025732,-0.041815,0.007665,-0.02257,-0.006154,0.04498,0.029953,0.061506,-0.040104,-0.059366,0.043119,-0.008577,-0.008288,0.11888,-0.035627,0.02439,-0.084236,-0.125812,-4e-06,0.010804,-0.03651,0.087382,-0.000924,-0.015923,-0.043277,0.044005,-0.048259,0.057153,-0.039087,0.028774,0.0358,0.041164,-0.040933,0.072103,-0.024793,-0.081939,0.038281,-0.013708,-0.014379,-0.073323,-0.038295,0.080973,0.118301,-0.014377,0.035752,-0.003611,-0.020489,0.0549,-0.007888,0.041297,-0.016677,-0.001419,0.069468,-0.127553,0.034304,0.048047,0.048566,-0.017539,-0.086881,0.043872,-0.024207,-0.035158,0.089058,-0.044918,-0.024158,0.022106,-0.005283,0.019873,-0.025331,-0.009938,-0.00044,-0.063105,0.038085,0.016672,0.001736,-0.007499,-0.013642,0.01075,-0.066269,0.043277,0.080137,-0.057468,0.027094,-0.031711,0.003583,0.056867,0.073093,-0.065233,-0.023867,-0.056708,0.017388,0.006302,-0.011482,0.078373,-0.015408,0.063229,-0.048435,-0.069329,-0.01948,0.062329,-0.045899,-0.041298,-0.004853,-0.041392,-0.013046,-0.039314,0.083643,0.023584,-0.014327,-0.049092,-0.049613,-0.026246,-0.053126,-0.072632,0,0.044172,0.043395,0.063354,-0.019471,-0.123856,0.029702,-0.014871,0.088254,-0.036568,-0.004804,-0.051776,0.105309,0.042817,-0.02795,-0.008858,-0.083582,-0.071613,0.005056,-0.005748,0.017149,-0.04052,-0.095734,-0.038071,0.029122,0.059857,-0.002333,-0.020442,0.034388,0.036444,-0.050366,-0.0217,-0.053848,-0.054825,0.014691,0.058736,-0.025921,0.03431,0.02538,0.008743,-0.003225,-0.076688,-0.003679,-0.101056,0.017837,-0.012647,0.022173,-0.116865,-0.073385,0.050158,-0.059595,0.046548,-0.032597,0.00173,0.021404,-0.061532,0.055671,-0.053905,-0.028584,0.007279,-0.02237,-0.097886,-0.005573,-0.017108,-0.073228]",148,1052
MEPC_2013_p021_c0026,MEPC_2013,Nomenclature Camerounaise des Métiers et Professions — 2013,4203 3230,4105 315,"complémentaires
Tradipraticiens, marabouts, guérisseurs 3230
Praticiens des médecines traditionnelles, des médecines 3230
Page 19
Code MEPC
Codes CITP
Libellé
Grand Sous Groupe
rev.4
Groupe Groupe de base
complémentaires et assimilés
4204 Techniciens et assistants vétérinaires 3240
Techniciens en soins vétérinaires 3240
Assistants en soins vétérinaires et assimilés 3240
4205 Autres professions intermédiaires de la santé 325
Assistants et thérapeutes en médecine dentaire 3251
Techniciens de dossiers médicaux 3252
Agents de santé communautaire 3253
Opticiens 3254
Techniciens et assistants en physiothérapie 3255
Assistants médicaux 3256
Inspecteurs, salubrité de l'environnement et de la santé au
3257
travail, et assimilés
Ambulanciers, brancardiers 3258
Morguiers 3259
Professions intermédiaires de la santé non classées ailleurs 3259
Professions intermédiaires de l'enseignement primaire et pré-",26,structural,"[-0.018589,0.02832,0.010977,-0.021049,-0.047007,-0.064325,0.014629,0.050863,-0.007186,-0.026453,-0.069575,0.082765,0.007181,-0.046157,-0.156968,0.021423,-0.016288,-0.027701,0.084934,0.027298,-0.048479,0.062303,-0.066183,0.010685,-0.042637,0.028696,-0.048673,0.017703,-0.01926,0.090082,-0.092972,-0.030415,-0.020268,0.095426,-0.07633,0.032215,-0.06217,0.067921,-0.109366,0.0058,-0.010036,-0.006359,0.034059,0.173136,0.049723,0.03847,-0.117139,-0.05203,0.007153,-0.04363,-0.052426,0.035863,0.007158,0.107372,0.028094,-0.110038,0.032773,-0.027077,-0.073899,0.012265,0.022764,0.045225,0.032224,-0.062926,0.019988,0.055809,0.020729,0.040784,-0.01865,-0.054924,-0.028351,0.034957,0.065631,0.061396,-0.016557,0.046375,-0.019629,-0.01835,0.103245,-0.020455,0.00682,-0.021731,-0.012595,0.011458,0.016711,0.077973,-0.020301,0.006458,0.006787,0.002352,0.018367,0.03228,-0.007028,-0.072276,0.021294,0.005722,-0.004276,-0.112035,-0.070164,-0.0088,-0.032926,-0.046216,0.007078,-0.034881,-0.0705,0.046739,0.059921,-0.007554,-0.009188,-0.088902,0.019293,0.015396,-0.029459,-0.029089,0.016028,0.111964,-0.00974,0.054509,0.101242,0.102634,-0.074481,-0.033974,-0.071321,-0.028074,-0.019605,0.098416,0.005081,0,0.000301,0.136737,0.012352,0.006224,-0.02265,-0.042466,0.007854,-0.069184,-0.021798,-0.020635,-0.018164,-0.075669,0.096273,0.007032,-0.087019,0.000269,-0.030451,0.041514,-0.083214,0.046837,0.041611,-0.01939,-0.009096,-0.000837,-0.031854,0.06837,-0.122283,0.016654,0.074196,-0.00585,-0.086102,0.094025,-0.004584,-0.052184,0.016182,-0.011058,0.065677,-0.059871,0.027236,-0.028822,0.036557,0.086869,0.062151,-0.019584,0.079737,-0.076331,-0.014238,-0.008617,-0.042741,0.033045,-0.042257,0.048461,-0.007837,-0.085135,-0.052686,-0.029271,-0.016687,0.050205,0.071017,0.025721,0.032086,0.006901,0.064048,-0.042513,0.064274,-0.082177,0.005001,-0.047941,0.028895,0.071506,-0.0749,-0.03582,-0.03351,-0.033004,-0.050861,-0.042133,0.048392,0.030389,-0.037691,0.019739,0.038019,0.076567,-0.021506,0.02409,0.108899,-0.021052,-0.013927,-0.001754,-0.042091,-0.029032,0.033979,0.000972,0.084042,-0.037381,-0.092286,-1e-05,0.017073,-0.001447,0.026166,-0.032198,0.038108,-0.059825,-0.01232,-0.086119,0.077186,0.017799,0.117227,-0.000237,-0.045503,-0.028868,0.004514,0.008633,-0.108718,0.025397,0.008514,0.007551,0.013123,0.011046,0.033485,0.059094,-0.034061,0.027402,-0.000774,0.012242,0.040931,-0.086751,0.050311,-0.051253,-0.062082,0.05793,-0.031001,-0.000996,0.048578,0.01955,-0.014221,-0.052191,0.095187,-0.002318,-0.019808,0.059815,-0.039961,-0.067329,0.04543,0.018842,0.029669,0.029857,-0.01389,-0.030567,-0.044262,0.040529,-0.002095,-0.070169,7.9e-05,-0.037984,-0.034044,-0.053625,-0.015044,-0.040575,-0.044895,0.056423,0.033874,-0.035101,0.064906,0.030617,-0.031581,-0.051017,-0.053282,0.001338,-0.067743,-0.073084,0.06984,0.039822,0.043055,-0.012434,-0.05989,-0.043315,0.043562,-0.1229,-0.004494,0.063895,-0.032529,-0.024679,-0.028843,0.055405,-0.014191,-0.05666,-0.063844,-0.014914,0.054451,-0.103456,-0.078288,0,0.096486,0.020708,-0.021779,0.004423,-0.071649,-0.004264,-0.084036,0.036295,-0.06291,0.05185,-0.015182,0.032151,0.065973,-0.120344,0.065628,-0.016164,-0.120193,-0.003997,-0.013449,0.054575,-0.085508,-0.060489,-0.011266,-0.020205,0.008208,0.021888,0.002204,0.030155,-0.038173,0.021832,0.042064,0.007956,-0.051258,-0.012815,0.007003,-0.049188,0.039426,0.015323,0.012736,-0.085916,0.058378,0.018311,-0.03251,-0.011777,0.028874,-0.015827,-0.005319,-0.080883,0.025911,-0.043175,0.025983,-0.026013,0.049097,0.029567,-0.015235,0.023945,0.019137,-0.055432,0.087942,-0.043183,-0.012889,-0.029051,0.006924,-0.05059]",121,903
MEPC_2013_p022_c0027,MEPC_2013,Nomenclature Camerounaise des Métiers et Professions — 2013,4206 234,4203 3230,"primaire
Instituteurs et assimilés 2341
4207 Autres personnels d'enseignement, personnels d'éducation
Instituteurs vacataires 2342
Maîtres des parents 2342
Surveillants et aides-éducateurs des établissements
2342
d'enseignement
4208 Formation continue 235
Moniteurs de conduite, moniteurs d’autoécole 2352, 5165
Formateurs et animateurs de formation continue 2352
4209 Education sportive, sport professionnel 235
Moniteurs d’éducation physique sportive, maitres des sports
2359
homologués
4210 Documentation, patrimoine 441
Sous-bibliothécaires, cadres intermédiaires du patrimoine 4411, 4415
43 Professions intermédiaires finances et administration 33
4301 Professions intermédiaires de la finance et des mathématiques 331
Courtiers en valeurs et cambistes 3311
Responsables des prêts 3312
Professions intermédiaires de la comptabilité 3313
Professions intermédiaires de la statistique, des mathématiques
3314
et assimilées
Commissaires-priseurs et autres experts en évaluation 3315
4302 Agents de vente et d'achat, courtiers 332
Agents d'assurances 3321
Page 20
Code MEPC
Codes CITP
Libellé
Grand Sous Groupe
rev.4
Groupe Groupe de base
Représentants et techniciens commerciaux 3322
4303 Agents de services commerciaux 333
Agents concessionnaires 3331
Organisateurs de conférences et d'événements 3332
Agents d'emploi et de recrutement de main-d’œuvre 3333
Agents immobiliers 3334
Agents de services commerciaux non classés ailleurs 3339
4304 Secrétaires d'administration et secrétaires spécialisés 334
Superviseurs, travail de bureau 3341
Secrétaires, services juridiques 3342
Secrétaires d'administration et secrétaires exécutifs 3343
Secrétaires médicaux/ales 3344
4305 Professions intermédiaires de l'application de la loi et assimilées 335
Contrôleurs des régies financières et assimilés (douane, impôt et
3351, 3352
trésor)
Agents des services publics accordant des prestations sociales 3353
Agents des services publics accordant des permis et des licences 3354
Greffiers 3355
44 Professions intermédiaires des services juridiques, des services
34
sociaux et assimilés
Professions intermédiaires des services juridiques, des services",27,structural,"[0.015014,0.01674,-1.9e-05,-0.04016,0.028201,-0.0234,-0.068547,0.009625,0.012116,0.052639,-0.077524,0.100764,-0.082815,-0.084092,-0.091305,0.054416,-0.009522,0.03029,-0.018367,0.01343,0.010744,0.052545,-0.052277,0.008225,0.078587,0.122636,-0.002578,-0.015841,-0.158803,0.031727,-0.009716,-0.048619,0.006764,0.075915,-0.047951,0.016399,-0.031798,0.099549,0.00012,-0.05091,0.037207,-0.024378,0.091453,0.097864,0.03413,-0.011145,-0.124528,-0.025003,0.022375,0.062448,-0.0209,-0.030695,0.112237,0.019764,-0.003073,0.065687,0.021531,0.023591,-0.096757,0.037068,-0.007799,0.075243,-0.058449,-0.036733,0.050379,-0.024211,0.078564,0.045408,-0.04236,0.053732,0.079204,0.083448,-0.01833,-0.027871,0.001804,0.06601,-0.080937,0.05731,0.083933,-0.036715,0.023351,-0.038023,0.002244,-0.029093,-0.011694,-0.008195,0.045133,0.022076,0.076363,0.004873,-0.040083,-0.004551,0.009606,0.021964,-0.052798,0.03756,-0.002058,0.010694,-0.044886,0.005065,-0.002156,0.003712,-0.038591,0.007191,-0.054076,-0.0023,0.090417,0.053939,-0.018548,-0.075894,0.0492,-0.006488,0.068277,0.0119,0.03179,0.105468,-0.048635,0.061009,0.074941,0.085623,-0.049967,0.074608,-0.064434,0.012852,-0.03107,0.016645,-0.117453,0,-0.00678,0.040877,0.04261,0.034952,-0.07595,-0.053876,-0.012835,-0.009026,-0.029628,0.02289,-0.018495,0.023379,0.050952,-0.021666,0.012847,0.00135,-0.033447,0.099045,-0.031945,0.055475,0.070054,-0.02435,-0.040191,-0.036468,-0.082644,0.087952,-0.027384,-0.006014,0.046357,0.024643,0.009219,0.000739,-0.07693,-0.052141,0.025307,-0.062282,0.043788,-0.003104,-0.025755,-0.008779,0.022859,0.005833,0.056041,-0.018985,-0.078087,-0.012306,0.024312,0.007904,0.022156,0.045631,-0.09492,-0.080473,0.03669,-0.080036,-0.00806,-0.043026,-0.022068,-0.031861,-0.058901,-0.038912,-0.045471,0.058091,0.003908,-0.021497,-0.004274,0.02592,0.014152,-0.003311,0.101435,-0.014578,-0.050073,0.044105,-0.022021,-0.021361,0.003744,-0.023176,0.090076,-0.071228,-0.08863,0.055716,0.041051,-0.02627,0.003486,-0.063408,0.116329,-0.01236,-0.001964,-0.023081,0.026965,-0.044504,0.004891,-0.082529,0.004374,-0.010663,-0.091383,-1.4e-05,0.034121,-0.042147,0.049107,0.022573,0.091023,0.006581,0.018975,-0.084209,0.035033,-0.037816,0.057124,-0.016911,-0.008768,0.013785,0.030554,-0.048848,-0.111141,-0.077354,-0.03259,-0.060455,-0.004095,-0.000929,0.062734,0.036548,-0.034904,-0.020771,-0.016384,-0.045122,5.5e-05,0.085865,0.083689,-0.010373,-0.043241,0.045244,-0.064025,0.0123,0.017609,-0.012321,-0.084628,0.003243,0.052785,-0.004516,-0.007673,0.006111,-0.003569,-0.033168,0.019577,0.031209,0.039065,0.0791,-0.001955,-0.016061,-0.041559,0.08204,0.088212,-0.084941,0.004036,-0.00289,-0.055431,-0.0266,-0.038083,0.01398,-0.062761,0.067532,0.003898,-0.065905,-0.037423,0.066571,-0.090345,0.035496,-0.067727,-0.016369,-0.049117,-0.059288,0.050046,0.1202,0.064199,0.045677,-0.035695,0.075875,0.077837,-0.054053,0.007078,0.010449,-0.001469,-0.046043,-0.034039,0.042145,-0.00904,0.025627,0.000161,-0.020614,0.097848,-0.063074,-0.089751,0,0.006111,0.014239,-0.068798,0.029603,-0.067044,0.017334,-0.031024,-0.008844,0.012282,0.019267,-0.000805,0.035561,-0.008562,-0.115614,-0.016218,-0.126737,-0.118898,-0.045928,-0.029369,0.030028,-0.01088,-0.063246,-0.051325,-0.011178,0.045525,-0.010291,0.00483,-0.019062,0.003996,0.033661,0.018275,0.010754,0.025209,-0.136216,0.01635,-0.013883,0.053517,0.049965,0.035648,-0.042017,-0.0378,-0.091284,-0.037192,-0.020177,0.032031,-0.021454,-0.009829,-0.038732,0.099653,-0.049988,-0.105896,-0.034713,-0.015,-0.106496,0.007881,0.027927,-0.012259,-0.04245,-0.017509,-0.084819,0.079638,-0.081643,-0.002566,-0.001946]",292,2141
MEPC_2013_p023_c0028,MEPC_2013,Nomenclature Camerounaise des Métiers et Professions — 2013,4401 341,4206 234,"sociaux et des religions
Professions juridiques intermédiaires et assimilées (commis de
3411
greffe et autres professions juridiques intermédiaires)
Professions intermédiaires du travail social (assistantes sociales,
3412
agents communautaires)
Professions intermédiaires des religions (catéchistes, moniteurs de
3413
culte)
Travailleurs du secteur des sports et des activités de remise en",28,structural,"[0.029296,-0.010002,-0.074236,-0.040448,-0.006276,-0.012213,-0.009149,-0.03296,0.043531,-0.072245,-0.095301,0.064155,-0.050387,-0.050975,-0.032205,-0.008293,-0.044574,0.064175,0.004772,-0.030165,-0.016304,0.00921,-0.084762,0.011116,0.032875,0.020162,0.064317,-0.046192,-0.026647,0.012272,-0.043177,-0.068484,-0.068274,0.062309,-0.075648,0.031285,0.017744,0.06214,0.033787,-0.048631,0.052816,0.009499,0.007232,0.028247,-0.01441,0.005935,-0.066098,0.003223,-0.061629,-0.002538,-0.032054,-0.013671,0.075527,0.106578,0.001489,-0.076205,0.074879,0.028235,-0.075932,0.077271,0.058654,0.066891,0.022651,0.036307,0.008519,-0.036483,0.093576,-0.002315,-0.044161,-0.090221,0.020518,0.039562,0.030015,-0.082516,-0.050038,0.032993,-0.11035,-0.02624,0.027465,0.019155,0.007802,-0.064165,-0.054431,0.017228,0.024039,-0.008909,-0.005809,0.056704,0.058805,0.028044,0.021806,0.052409,0.018511,0.009334,-0.064303,0.091873,0.00673,-0.065808,0.036906,0.015292,-0.098577,-0.030154,0.027094,0.060809,0.006144,0.043297,-0.034627,0.033726,-0.059621,0.051649,-0.017407,6e-06,-0.052888,0.052648,0.059208,0.091404,0.036366,0.044396,-0.021423,-0.1146,-0.093833,0.017929,-0.065186,-0.012573,0.099247,0.044,-0.045043,0,0.017471,-0.012547,-0.012495,0.007143,-0.008363,0.020262,0.029466,-0.00594,-0.016964,0.005601,-0.082019,0.032494,0.08911,-0.056092,-0.091024,0.00313,-0.026794,-0.013035,-0.007352,0.026895,0.086672,-0.031187,-0.071782,0.092007,-0.020541,0.098762,0.01933,-0.089391,0.078566,0.065274,-0.001346,-0.063202,-0.011018,-0.043832,0.112682,0.025007,0.049545,-0.023113,0.078601,-0.04584,0.033206,0.025201,0.125973,-0.025721,-0.058722,0.022809,-0.000129,0.020376,0.019278,0.085908,-0.08724,-0.002839,0.064758,-0.070079,0.026367,-0.111152,-0.024886,0.055385,-0.091339,-0.008268,-0.002497,0.057641,-0.013483,-0.012141,0.053206,-0.074637,-0.00032,0.021522,0.078469,-0.026162,-0.019342,0.088206,0.008967,0.038232,-0.029514,-0.060338,0.039542,-0.050078,-0.034068,0.099255,0.000684,0.057854,-0.066879,-0.061067,0.055363,0.018958,-0.056595,0.024529,0.023091,-0.015683,0.102128,0.017009,0.067995,0.005502,-0.082029,-4e-06,0.054584,-0.061485,0.019783,-0.025635,0.059089,-0.012386,0.037335,0.0429,-0.022081,0.002507,-0.00579,-0.05649,0.035309,0.004036,-0.065943,-0.049069,-0.05811,0.001233,-0.048813,-0.061614,0.063251,0.008078,0.097207,-0.001121,0.007193,-0.031499,0.031395,0.021585,-0.015056,-0.009259,0.079644,0.014143,-0.024557,-0.043567,-0.073828,-0.031132,0.096159,0.081303,-0.017459,-0.071847,0.021259,0.018976,-0.068703,0.04811,0.00657,-0.020364,0.017055,-0.000813,0.057172,-0.05917,-0.022944,-0.06804,-0.006773,0.032549,0.108349,-0.036063,-0.033704,-0.02781,-0.10122,0.013291,0.054635,0.060619,-0.070804,0.098074,0.083726,0.002736,-0.045659,-0.000986,-0.003665,0.039678,0.016236,-0.028806,-0.00729,0.002429,0.03207,0.051806,-0.024975,0.030527,-0.000458,0.015192,0.159451,-0.029999,-0.018128,0.02102,-0.000395,-0.044235,0.032387,0.145682,-0.03656,-0.041618,-0.065291,-0.000446,0.104405,-0.0665,0.000392,0,0.039523,0.044328,0.009358,0.005926,-0.089579,0.041342,-0.017994,-0.036772,-0.009561,-0.012299,-0.094172,0.003132,0.019865,0.021273,-0.007354,-0.091311,-0.071937,-0.057163,0.033642,0.070138,0.03397,-0.107722,-0.021244,0.003172,0.033408,-0.01569,-0.070198,-0.015514,-0.017828,0.038468,-0.056209,0.002701,-0.075298,-0.087583,-0.022053,-0.008435,-0.112571,-0.004616,-0.0033,-0.055349,-0.003902,-0.060272,0.009925,-0.028409,0.069686,-0.01854,-0.039067,-0.070797,0.0689,-0.015846,-0.0633,-0.042246,0.056365,-0.057161,-0.056093,-0.015686,0.044818,0.017957,0.009021,-0.070875,0.034703,-0.039507,0.0007,-0.024893]",48,389
MEPC_2013_p023_c0029,MEPC_2013,Nomenclature Camerounaise des Métiers et Professions — 2013,4402 342,4401 341,"forme
Athlètes et sportifs de compétition 3421
Entraîneurs sportifs et arbitres de sport 3422
Instructeurs et animateurs de programmes, loisirs et activités de
3423
remise en forme
Professions intermédiaires de la culture, de la création artistique et",29,structural,"[-0.051128,0.01389,-0.008781,-0.09109,-0.026406,0.006821,-0.033568,0.001523,-0.002683,0.026768,-0.098365,-0.016766,-0.014783,-0.022295,-0.045797,-0.003079,-0.018001,0.021788,0.073913,-0.007571,0.07172,-0.008741,-0.057098,0.028638,-0.050151,0.062389,0.007982,0.042637,-0.039813,-0.017218,-0.025416,-0.096798,0.030768,0.066212,-0.073711,0.084833,-0.05369,0.082266,-0.054462,0.016063,0.049092,-0.032346,-0.01556,0.069273,0.033498,0.060901,0.002115,0.032399,-0.080777,0.042437,-0.072916,0.011734,0.061127,-0.043328,0.099868,-0.064717,0.047151,0.044083,-0.094144,0.052293,0.087777,0.06183,-0.001654,-0.014944,-0.071357,-0.024974,0.05896,0.06762,0.006794,-0.047693,0.08633,0.024767,0.046043,-0.030893,0.022575,0.098276,-0.043175,0.027208,-0.018224,0.058884,0.026926,-0.075754,0.006764,-0.019889,0.023359,-0.025852,0.036562,-0.022947,0.074224,0.037167,-0.103404,0.011449,0.028476,0.051828,0.00336,0.099481,-0.02509,-0.000851,0.036774,-0.021681,-0.00852,0.000953,0.01536,0.042776,-0.042648,0.01343,0.00356,-0.025021,-0.005576,0.096157,0.079836,-0.028569,-0.095295,0.036624,0.065105,0.120437,-0.03107,0.015038,-0.037465,-0.037923,-0.03736,-0.017357,-0.020601,-0.073024,-0.013818,-0.023064,-0.031739,0,-0.057155,0.001009,0.009647,0.063703,-0.065297,-0.097285,0.02145,0.016351,0.041799,-0.025537,-0.102173,0.020897,0.137243,0.029227,-0.019176,-0.001682,-0.038807,0.000918,-0.005091,0.093342,0.097825,0.026862,-0.025481,0.007212,-0.011093,0.03378,0.031876,-0.0884,0.002611,0.024083,0.040435,-0.138211,-0.039619,-0.065982,0.051653,-0.077632,0.038283,0.013188,0.063385,0.008719,0.066786,-0.035131,0.035114,-0.044973,-0.057306,-0.007484,0.081598,0.006249,0.062879,0.011948,-0.049964,0.01034,0.058337,-0.072024,0.015805,-0.030018,-0.062561,-0.032063,-0.094034,-0.071891,-0.00426,0.106333,0.0496,0.014069,-0.022326,-0.101395,0.022496,-0.003814,0.047303,-0.05937,-0.046152,-0.038117,-0.035686,-0.071116,-0.044633,-0.031823,0.064911,-0.015528,-3.9e-05,0.052678,-0.012006,0.008013,-0.062968,-0.050047,0.036776,0.024559,-0.047818,-0.035396,0.073884,0.061913,0.002116,-0.025065,-0.029139,0.00661,-0.00604,1e-06,0.03555,0.021593,0.058242,-0.0202,0.098588,0.033804,0.064749,0.073022,0.002472,0.08045,0.006832,-0.040127,-0.000306,-0.047105,-0.027521,-0.072836,-0.090861,0.062834,-0.083168,-0.070114,0.075329,0.017459,0.043721,-0.098407,-0.05424,0.031129,0.059908,0.044631,0.044732,0.040461,0.06337,-0.005908,-0.007422,0.021291,-0.073825,0.052357,0.10412,0.006989,-0.040991,-0.042208,0.024751,0.023152,-0.057185,0.098068,-0.00182,-0.02076,0.007851,-0.055069,0.001845,-0.109134,0.007925,-0.032264,-0.054799,0.002433,0.063796,-0.040966,-0.030881,0.010347,-0.017411,-0.014369,0.028433,0.048156,-0.08487,0.071874,0.049401,-0.051911,-0.038459,0.0305,-0.105994,0.004168,-0.03857,-0.001836,-0.072444,0.02834,-0.06772,0.060012,-0.039503,0.101472,-0.001021,-0.001365,0.106442,-0.044345,-0.00888,0.034388,0.031572,0.018827,0.001981,0.134552,-0.023604,0.003924,0.056554,0.060531,-4.2e-05,-0.050138,-0.015099,0,-0.019442,0.058141,0.02799,0.034625,-0.125487,0.04812,-0.029357,0.028398,0.034659,-0.052849,-0.014663,-0.028835,0.036135,0.001755,0.032104,-0.052508,-0.099103,0.052504,-0.020841,0.079264,0.012705,-0.078191,-0.070179,-0.018412,-0.054372,-0.074384,-0.041488,-0.021805,-0.076858,-0.005503,-0.019708,0.049382,0.021515,-0.089934,0.000508,-0.027137,-0.034137,-0.018856,-0.077136,-0.068548,-0.071709,0.041565,0.00126,0.029313,0.049547,-0.023512,-0.046487,-0.091151,-0.024447,-0.042283,-0.091082,-0.018114,0.042204,-0.018435,-0.043338,0.04133,-0.060271,-0.020474,0.01599,-0.028001,0.017243,-0.027712,0.029513,-0.008843]",37,251
MEPC_2013_p023_c0030,MEPC_2013,Nomenclature Camerounaise des Métiers et Professions — 2013,4403 343,4402 342,"des activités culinaires
Photographes 3431
Décorateurs et designers d'intérieurs 3432
Techniciens de galeries d'art, de musées et de bibliothèques 3433
Chefs cuisiniers 3434
Autres professions intermédiaires de la culture et de la création
3435
artistique
45 Techniciens de l’information et des communications 35
Page 21
Code MEPC
Codes CITP
Libellé
Grand Sous Groupe
rev.4
Groupe Groupe de base
4501 Techniciens, opérations et soutien aux utilisateurs des technologies
351
de l'information et des communications
Techniciens des technologies de l'information et des
3511
communications, opérations
Techniciens des technologies de l'information et des
3512
communications, soutien aux utilisateurs
Techniciens, réseaux et systèmes d'ordinateurs 3513
Techniciens de l'Internet 3514
4502 Techniciens des télécommunications et de la radio diffusion 352
Techniciens de radiotélévision et d'enregistrement audio-visuel 3521
Techniciens de télécommunications 3522
46 Autres personnels opérationnels de la douane et des eaux et
forêts
4601 Personnel de rang de la douane
Brigadiers de douanes
Commis de douanes
Contrôleur adjoint de douanes
Préposé de douanes
4602
Personnel de rang des eaux et forêts
Brigadiers des eaux et forêts (éco-gardes)",30,structural,"[-0.012167,-0.046106,-0.034392,-0.060553,-0.058106,-0.122196,-0.019153,0.00627,-0.025411,-0.031558,-0.051825,0.043896,0.11715,-0.099187,-0.134622,0.003949,-0.025863,-0.073995,0.059309,-0.07163,0.007811,0.026872,-0.020949,-0.020011,0.068264,0.077629,0.038489,0.053781,-0.059699,0.009064,-0.032286,0.05255,0.032652,0.066136,-0.079469,0.006235,-0.026813,0.021607,-0.049818,-0.046215,-0.056941,0.004734,0.019049,0.147418,0.005121,0.036877,-0.0944,-0.034883,-0.128151,0.003576,-0.024912,-0.001702,0.057788,-0.000526,0.030989,-0.101627,0.002662,0.046812,0.01305,0.043536,0.059988,-0.04323,-0.024016,-0.04819,0.021254,0.061689,0.041128,0.009538,-0.028934,-0.078535,0.024248,0.012779,0.056303,0.012376,0.032371,0.027451,0.014198,-0.026065,0.035215,-0.00351,0.075397,-0.015393,-0.003968,-0.012406,0.030102,0.064058,-0.02542,0.035645,-0.036435,-0.050379,-0.081476,0.04594,0.035024,0.018574,-0.031571,-0.011868,0.024787,-0.051814,-0.011783,0.005396,-0.03093,0.012479,-0.072211,-0.031121,-0.085739,-0.014433,-0.005237,0.087789,-0.061672,-0.074077,-0.040154,0.010662,-0.133255,-0.032956,0.08619,0.022609,-0.023757,0.119271,0.094877,-0.012016,-0.110697,-0.023413,-0.111988,-0.033467,-0.046719,0.033808,-0.025329,0,-0.04371,0.179904,-0.099189,0.113529,-0.000747,-0.014517,-0.02512,0.023402,-0.016225,-0.015231,0.038351,0.017466,0.014092,-0.067797,-0.001916,0.035289,0.008738,0.03918,-0.042086,-0.016885,-0.009828,0.025962,0.022373,-0.010568,0.071986,0.053353,-0.10806,-0.047816,0.026208,-8.7e-05,-0.06055,-0.001606,0.058853,-0.044685,0.042091,0.019153,0.039436,-0.051529,0.028344,0.06202,-0.031057,0.104625,-0.021153,-0.076021,-0.006382,-0.038265,0.022048,-0.009264,-0.008167,0.013867,-0.023779,0.053649,0.044962,0.006456,0.086017,-0.072482,0.018859,-0.046484,0.073543,0.056479,-0.04084,0.01719,0.029588,-0.010319,0.114444,-0.014399,0.013472,0.057317,0.041625,0.078749,0.003108,-0.059445,-0.017344,-0.059945,-0.036306,0.052638,-0.052262,0.002466,-0.074078,0.095442,-0.026385,0.029174,-0.027696,-0.052359,0.091916,0.064447,0.014067,-0.016372,0.003318,0.087705,6.5e-05,-0.021817,0.081539,-0.012431,-0.078039,-3e-06,-0.037696,0.03686,-0.003455,0.001286,-0.073999,-0.099555,-0.029529,-0.032738,-0.02745,-0.005206,0.122054,-0.043209,-0.016769,-0.085583,0.035734,-0.015141,-0.023584,-0.011223,-0.047249,0.007419,0.024595,-0.020493,-0.083445,0.029134,-0.091925,0.041106,-0.020872,-0.022706,0.10543,-0.023592,0.001468,-0.059502,0.015647,0.092404,0.073994,0.055173,0.084506,0.055029,0.020109,-0.03588,0.05333,0.137043,-0.037952,0.057166,-0.051436,-0.019713,0.031102,0.015493,-0.031124,-0.050415,0.073888,-0.094467,0.023463,-0.048561,0.009551,-0.004662,0.008096,0.010694,0.008439,-0.013715,0.036394,-0.081936,-0.002455,-0.029532,-0.048335,-0.014581,0.058755,0.100551,-0.007442,-0.035178,-0.049993,-0.003001,-0.095825,-0.070973,0.001627,0.001232,-0.052884,0.069207,-0.070193,0.016256,0.031956,0.048692,-0.003739,-0.000337,0.050386,0.030136,0.013308,0.029322,-0.057498,-0.112702,-0.004018,0.024137,0.027419,-0.054616,-0.036055,0,0.002266,0.003105,-0.011399,-0.059836,0.001445,-0.001856,0.032095,-0.012428,0.035561,0.049453,-0.02823,-0.034382,0.042432,-0.023178,0.040341,-0.038587,-0.049387,-0.037514,0.017828,0.079317,-0.030404,-0.068264,0.017852,0.009883,0.003559,-0.035904,0.021224,0.003796,0.009925,0.033081,-0.064123,-0.015655,-0.044203,-0.01787,0.0378,-0.109539,0.053186,-0.015697,-0.013522,-0.02665,0.050267,0.018312,-0.075655,0.088676,0.002558,-0.019845,0.019034,-0.101154,-0.019094,-0.03222,-0.061935,0.061518,-0.009963,8.6e-05,-0.014431,-0.017526,-0.011982,0.000177,0.022132,-0.040464,-0.025735,0.007937,-0.025978,-0.096195]",184,1236
MEPC_2013_p024_c0031,MEPC_2013,Nomenclature Camerounaise des Métiers et Professions — 2013,5 EMPLOYES DE TYPE ADMINISTRATIF 4,4403 343,"51 Employés de bureau 41
5101 Employés de bureau, fonctions générales 4110
Employés de bureau, fonctions générales 4110
5102 Secrétaires (fonctions générales) 4120
Secrétaires (fonctions générales) 4120
5103 Opérateurs sur clavier 413
Dactylographes 4131
Opérateurs de traitement de texte 4131
Opérateurs de saisie 4132
52 Employés de réception, guichetiers et assimilés 42
5201 Guichetiers, encaisseurs et assimilés 421
Guichetiers de banque et assimilés 4211
Croupiers et assimilés dans le secteur des jeux de hasard 4212
Prêteurs sur gages et bailleurs de fonds 4213
Encaisseurs et assimilés 4214
5202 Employés chargés d'informer la clientèle/usagers 422
informateurs et employés d'agence de voyages 4221
Employés de centre d'appel 4222
Téléphonistes-standardistes 4223
Page 22
Code MEPC
Codes CITP
Libellé
Grand Sous Groupe
rev.4
Groupe Groupe de base
Réceptionnistes, hôtellerie 4234
Employés, service d'information 4225
Réceptionnistes et assimilés 4226
Intervieweurs, enquêteurs d’études 4227
Employés chargés d'informer la clientèle non classés ailleurs 4229
53 Employés des services comptables et d'approvisionnement 43
5301 Employés des services comptables et financiers 431
Aides-comptables et teneurs de livres 4311
Employés de services financiers 4312
Commis et agents de paie/caissiers 4313
5302 Employés d'approvisionnement et de classification spatio-
4312
temporelle
5303 Employés du service de transports 4323
Employés du service de manutention
Employés du service des stocks 4321
Employés du service d'ordonnancement de la production 4322
5304 Manœuvres des transports et de l’entreposage 933
Conducteurs de véhicules à bras et à pédales 9331
Conducteurs de véhicules et de machines à traction animale 9332
Manutentionnaires 9333
Garnisseurs de rayons 9334
54 Autres employés de type administratif 44
5401 Autres employés de type administratif 441
Employés de bibliothèque et médiathèque 4411
Employés de service du courrier 4412
Rédacteurs publics et assimilés 4414
Classeurs-archivistes, codeurs et assimilés 4415
Employés, service du personnel 4416
Employés administratifs non classés ailleurs (gardiens,
4419
techniciens de surfaces, jardiniers, personnel d’astreinte, etc.)
6 PERSONNEL DES SERVICES DIRECTS AUX PARTICULIERS,
5
COMMERÇANTS ET VENDEURS
61 Personnels des services directs aux particuliers 51
6101 Agents d'accompagnement et assimilés 511
Agents d'accueil 5111
Guides 5113
6102 Cuisiniers, aides de cuisine et assimilés 5120
Cuisinier 5120
Assistant de fabrication de l’alimentation 5120
Restaurateur rapide 5120
Aide de cuisine 5120
6103 Serveurs et barmen 513
Page 23
Code MEPC
Codes CITP
Libellé
Grand Sous Groupe
rev.4
Groupe Groupe de base
Serveurs 5131
Barmen 5132
6104 Coiffeurs, esthéticiens et assimilés 514
Coiffeurs 5141
Esthéticiens et assimilés 5142
6105 Gouvernantes et concierges 515
Gouvernantes 5152
Concierges 5153
6106 Gardes d'enfants et aides-enseignants 531
Gardes d'enfants 5311
Aides-enseignants 5312
6107 Aides-personnes âgées
6108 Aides ",31,structural,"[-0.048224,-0.051147,-0.023006,0.010159,-0.011496,-0.061145,-0.039365,-0.03481,-0.009894,0.042436,-0.060695,0.089855,-0.01403,-0.087064,-0.091309,0.040878,-0.052611,0.006881,0.052095,-0.059177,-0.010474,-0.00882,-0.027867,-0.024756,-0.052092,-0.041486,-0.04307,0.005724,-0.149901,0.033442,-0.071003,0.023615,0.020136,0.04317,-0.020162,0.011037,-0.053458,0.106467,0.010703,-0.02471,-0.042005,0.001495,0.03613,0.083588,-0.049107,-0.037252,-0.10676,0.055911,-0.020501,-0.036653,0.007235,0.006554,-0.008461,0.010991,-0.031892,-0.119665,-0.022519,-0.044498,-0.034614,0.087808,0.02461,0.060812,-0.127735,-0.00947,-0.02055,0.108452,0.006061,-0.037671,-0.003021,-0.020446,-0.000126,-0.041129,-0.000382,-0.007023,-0.020123,-0.001676,-0.088231,-0.009555,0.100209,-0.084209,0.000149,-0.015807,0.025282,0.069011,0.012035,0.027734,0.014939,-0.049601,0.097268,-0.009703,0.026248,0.002605,-0.033003,-0.039276,-0.085429,-0.063725,0.028354,0.061347,-0.14074,0.01011,-0.038334,-0.078373,-0.023082,-0.036264,-0.008189,-0.003148,0.101236,0.039284,-0.061473,-0.094994,-0.016002,0.029719,-0.018194,-0.056759,0.056236,0.012023,-0.098424,0.099102,0.03514,0.074002,-0.065365,0.048519,-0.06397,0.014584,-0.028496,0.076359,-0.037182,0,-0.034855,0.178728,0.020131,0.087172,-0.028318,0.036456,0.003171,-0.001434,-0.003591,0.109967,0.010746,0.01316,0.038585,-0.066432,0.043277,-0.003297,0.020073,0.048624,-0.070687,0.01583,0.078206,0.029871,-0.018796,-0.033991,0.027991,0.081801,-0.044963,-0.018116,0.013623,0.047837,-0.065162,-0.03309,0.003973,-0.015963,0.069343,0.009887,0.081747,-0.057771,0.028793,0.009596,-0.042121,0.013309,0.025216,-0.051305,-0.021291,-0.008809,0.024696,0.044466,0.003989,0.089475,-0.023227,-0.015255,0.042582,0.064857,0.066335,-0.005891,0.040805,-0.032248,0.139965,0.091487,-0.008865,0.022412,-0.017568,-0.042425,0.039788,-0.01744,0.016275,-0.067755,0.059854,0.061496,-0.012049,0.066011,0.008859,-0.031135,-0.00681,0.008546,0.05783,-0.019043,-0.060055,0.0473,-0.013196,-0.037805,0.070041,0.02727,0.091205,0.025283,0.032365,-0.003001,0.018157,0.076891,-0.012914,-0.099207,0.057037,-0.009808,-0.116978,-1.3e-05,-0.056122,-0.065149,0.040639,-0.043666,-0.038907,-0.006262,-0.06078,-0.077847,0.050192,-0.028891,0.021557,0.038914,0.010423,-0.037724,0.074757,-0.012595,-0.072457,-0.030794,-0.037022,0.013273,-0.038695,-0.01391,-0.046781,0.032988,0.055887,0.056731,0.031216,-0.013004,0.06175,0.009835,-0.028282,-0.040158,-0.017403,0.052409,-0.049965,-0.010549,0.084729,0.07268,-0.036612,-0.013209,-0.02136,0.038293,0.019436,-0.012016,-0.101641,-0.021752,-0.005439,0.035676,-0.012918,0.038771,0.000824,-0.078205,-0.087486,0.018813,-0.077088,-0.065339,-0.001548,-0.008442,-0.044638,-0.030163,-0.02492,-0.045513,0.015725,0.052754,0.077181,-0.03854,0.001792,0.028681,-0.058582,0.009975,-0.064845,-0.1091,-0.07547,-0.049787,0.055843,0.037409,-0.020081,-0.03583,-0.104796,0.090779,0.079627,-0.109246,0.010497,0.048227,-0.023527,-0.040095,0.002937,0.018427,0.019571,0.027364,0.024335,-0.099264,0.043833,-0.035468,-0.004475,0,0.044084,0.008399,-0.020826,-0.019625,0.009494,0.0066,-0.056288,-0.019573,-0.017029,0.026916,0.140036,0.011472,-0.01447,-0.074994,0.07007,-0.09461,-0.052635,-0.012808,-0.022959,0.034328,-0.075011,-0.005285,-0.056966,-0.044551,0.012885,-0.060469,-0.013341,-0.018792,-0.001681,0.042125,-0.023206,0.040035,0.023983,-0.031458,-0.018488,0.019792,-0.021001,0.021775,0.009089,0.043246,-0.022352,0.017077,-0.06137,0.052507,-0.033318,-0.025081,0.030039,-0.120643,0.094533,-0.071869,-0.055418,0.072214,0.027781,0.051524,-0.014292,0.029677,0.006556,-0.061375,-0.022456,-0.04576,-0.045863,-0.040618,0.031899,-0.072389]",443,3000
MEPC_2013_p026_c0032,MEPC_2013,Nomenclature Camerounaise des Métiers et Professions — 2013,6109 912,5 EMPLOYES DE TYPE ADMINISTRATIF 4,"manuels
Laveurs et repasseurs de linge à la main 9121
Laveurs de véhicules 9122
Laveurs de vitres 9123
Autres nettoyeurs 9129
6110 Autres personnels des services directs aux particuliers 516
Astrologues, diseurs de bonne aventure et assimilés 5161
Personnel de compagnie et valets de chambre 5162
Agents de pompes funèbres et embaumeurs 5163
Toiletteurs et gardiens d'animaux 5164
Personnels d’assistance à domicile et assimilés non classés
516
ailleurs
Travailleurs des petits métiers des rues et assimilés
Personnel des services directs aux particuliers, non classé ailleurs 5169
62 Commerçants et vendeurs 52
6201 Vendeurs sur les marchés et vendeurs ambulants de comestibles 521
Bayam sellam 5211
Autres vendeurs à l'étal et sur les marchés 5211
Vendeurs ambulants de comestibles 5212
6202 Commerçants, vendeurs en magasin 522
Boutiquiers 5221
Commerçants en magasins 5221
Superviseurs en magasins 5222
Vendeurs en magasin 5223
6203 Commerçants sur Call box des produits de téléphonie 523
6204 Autres vendeurs et autres professions auxiliaires à la vente 524
Mannequins et autres modèles 5241
Démonstrateurs en magasin 5242
Vendeurs au porte à porte 5243
Télévendeurs 5244
Pompistes 5245
Page 24
Code MEPC
Codes CITP
Libellé
Grand Sous Groupe
rev.4
Groupe Groupe de base
Commis au comptoir dans la restauration rapide 5246
Vendeurs ambulants 5243
Vendeurs non classés ailleurs 5249
63 Personnels civils de protection et de sécurité privée
6301 Vigiles et agents de sécurité privée
6302 Autres personnels civils de protection et de sécurité privée
64 Conducteurs de machines et d'installations fixes 81
6401 Conducteurs d'installations d'exploitation minière et d'extraction
des minéraux 811
Conducteurs d'installations de mine 8111
Conducteurs d'installations de préparation des minerais et de la
roche 8112
Foreurs, sondeurs de puits et assimilés 8113
Conducteurs de machines à fabriquer du ciment, de la pierre et
d'autres produits minéraux 8114
6402 Conducteurs d'installations de transformation et de traitement
superficiel des métaux 812
Conducteurs d'installations de transformation et de traitement
des métaux 8121
Conducteurs d'installations de traitement superficiel des métaux 8122
6403 Conducteurs d'installations et de machines pour la fabrication des
produits chimiques et photographiques 813
Conducteurs d'installations et de machines de traitement
chimique 8131
Conducteurs de machines pour la fabrication des produits
photographiques 8132
6404 Conducteurs de machines pour la fabrication de produits en
caoutchouc, en matières plastiques et en papeterie 814
Conducteurs de machines pour la fabrication des produits en
caoutchouc 8141
Conducteurs de machines pour la fabrication de produits en
matières plastiques 8142
Conducteurs de machines de papeterie 8143
6405 Conducteurs de machines pour la fabrication de produits textiles
et d'articles en fourrure et en cuir 815
Conducteurs de machines à préparer les fibres, à filer et à
bobiner 8151
Conducteurs de métiers mécaniques à ",32,structural,"[-0.009013,-0.060902,0.040466,-0.011911,-0.025377,-0.003802,-0.08505,-0.049435,-0.038439,-0.105735,-0.094521,0.119345,-0.065115,-0.101846,-0.101904,-0.015707,-0.052836,0.009552,0.059584,0.026989,0.004206,0.09302,-0.03343,-0.060209,-0.009797,0.029152,-0.014915,-0.016858,-0.032185,0.036127,-0.001541,-0.013275,-0.014699,0.091762,0.006549,0.005728,0.031925,0.106939,-0.03574,-0.057833,0.05925,0.000189,0.102745,0.092062,0.013305,0.002033,-0.039793,-0.034046,-0.041218,-0.014082,-0.041452,-0.02904,0.10103,0.093234,-0.035849,-0.046793,0.035745,-0.058142,-0.089655,0.019353,-0.021209,0.079038,-0.095636,-0.05848,-0.004536,0.031357,0.005351,-0.073289,-0.044874,-0.039312,0.023317,0.068517,0.034815,0.02031,-0.115183,0.032609,-0.038156,0.010492,0.080264,-0.050243,0.03138,-0.034787,-0.000575,0.043735,-0.042687,-0.048231,-0.008829,0.023549,0.064467,0.026126,-0.000936,-0.039133,0.084415,-0.057993,-0.022925,0.029422,-0.002459,0.04914,-0.079725,0.062971,-0.025265,0.03066,-0.049175,-0.046788,0.025382,0.030915,0.049397,0.033909,-0.107957,-0.096983,0.028847,-0.024462,0.018194,-0.029557,0.079952,-0.061646,-0.058872,0.03129,-0.001842,0.093426,-0.055579,0.01748,-0.046588,0.027893,0.044102,0.066407,-0.013356,0,4.6e-05,0.114754,0.006947,0.0705,0.044431,-0.00674,-0.014497,-0.006908,0.01895,0.070959,0.014678,-0.02856,0.022378,-0.015613,-0.044513,-0.009806,-0.005185,0.1141,-0.099953,0.02055,0.019578,0.056183,-0.033331,-0.000841,-0.023349,0.105282,-0.020489,-0.000743,0.043977,0.045026,-0.061329,-0.005159,-0.019592,-0.034372,0.047446,0.019016,-0.015994,-0.055906,0.059102,-0.072135,-0.019408,0.015687,0.015224,-0.037906,-0.070777,-0.04322,0.054923,0.047705,0.047195,0.090148,-0.063328,-0.09632,0.033738,0.068851,0.014285,-0.142537,0.067048,0.002553,0.009726,-0.029697,-0.016949,0.062347,-0.018167,0.000691,0.018218,-0.094141,-0.002356,-0.026462,0.043119,-0.002769,0.00974,0.010008,0.018787,-0.018495,-0.06612,-0.010418,0.099274,-0.015791,-0.049968,0.080373,-0.047691,-0.02258,0.018065,0.012079,0.112903,-0.016334,0.020561,0.088343,-0.014386,0.039432,0.013477,-0.012453,-0.045947,0.001502,-0.133456,-1.5e-05,-0.064466,-0.022339,-0.023515,0.013449,-0.034239,-0.031422,-0.035159,-0.053082,0.009568,-0.090734,-0.012048,-0.004878,0.086081,-0.03522,0.057073,-0.101289,-0.055521,-0.029332,0.012732,-0.02405,-0.083802,0.00143,0.014467,0.092885,-0.021775,0.010857,0.054074,-0.007299,0.002782,-0.014758,0.006061,-0.047689,-0.082731,0.109893,-0.075888,0.021126,0.069077,0.057686,-0.001193,-0.008205,0.067442,-0.016751,0.034529,0.013776,-0.038246,-0.061681,0.044734,-0.021009,-0.022945,-0.00159,-0.039743,0.010932,-0.045947,0.10174,0.025864,-0.069064,-0.037583,-0.05001,-0.026813,-0.009757,-0.019578,0.052348,-0.052929,0.042371,0.033423,-0.120206,-0.0381,0.032624,-0.057433,-0.015686,-0.037427,-0.037528,-0.074492,-0.006686,0.047431,0.000679,0.019633,-0.028089,-0.045323,-0.056048,0.037252,-0.104316,0.016485,0.022371,-0.030687,0.015457,0.01051,0.078128,0.014761,0.008137,0.005475,-0.073832,0.0233,-0.036553,-0.083246,0,-0.005059,-0.001447,-0.005728,-0.035613,-0.068482,0.0077,-0.022385,0.082847,-0.034304,0.027035,0.11075,0.00739,0.024758,-0.114736,-0.00106,-0.076427,-0.065714,-0.024392,-0.041303,0.063009,-0.008389,-0.074315,0.014895,0.013859,0.009614,0.02815,-0.047349,0.064028,0.000154,-0.016076,0.038672,0.034134,-0.10525,-0.069882,0.002786,0.011028,0.02855,0.018814,0.060813,-0.046853,-0.008648,0.026978,-0.082211,0.029265,-0.037674,0.021268,-0.054219,-0.096651,0.072252,-0.078144,-0.073081,0.064341,-0.015541,0.039966,-0.055941,-0.036154,0.025007,-0.054916,0.028335,0.011175,0.021967,0.012452,-0.07873,-0.058887]",456,3000
MEPC_2013_p029_c0033,MEPC_2013,Nomenclature Camerounaise des Métiers et Professions — 2013,7106 7318,6109 912,"de chaussure/sac)
Artisans et ouvriers de l’alimentation, des boissons et du tabac (y.c.",33,structural,"[-0.032192,-0.039345,-0.072548,0.054861,-0.067906,0.00891,0.046519,-0.003762,-0.067302,-0.04337,-0.021565,-0.033046,0.024542,-0.059722,-0.111286,-0.029555,-0.009606,0.028372,-0.028744,0.040136,-0.045786,-0.065891,-0.01126,0.028372,0.037962,0.037638,0.012404,0.00454,-0.00041,-0.056984,0.039861,-0.024223,0.041187,0.057618,0.005595,-0.066016,-0.041563,-0.055195,0.057433,0.028503,0.001889,0.024874,-0.037457,0.052809,0.04071,0.054357,-0.013836,0.019668,-0.051059,0.036909,0.02233,0.122237,-0.030878,0.041826,-0.055453,-0.030747,-0.034921,-0.069555,0.029668,0.010534,0.013498,-0.006218,-0.000779,-0.044015,-0.119643,-0.045878,-0.046722,-0.03849,-0.005381,-0.025387,0.058806,0.070417,-0.031893,0.040632,-0.016227,0.026493,-0.030413,-0.122066,-0.095035,-0.053535,0.050914,-0.032676,-0.00645,0.099962,-0.01422,0.026293,0.071099,0.043203,0.072214,-0.065928,0.048998,0.080327,-0.037904,-0.100847,-0.030426,0.029851,0.110771,0.034931,0.032371,0.007701,0.043312,-0.010433,0.057125,0.000889,-0.044403,0.027171,-0.04768,0.040304,0.002064,-0.062087,0.035991,-0.010493,0.007613,-0.012893,-0.019596,0.037624,0.085789,-0.046921,-0.034356,-0.010853,-0.013319,0.025403,0.067522,-0.003503,-0.088807,-0.000702,0.043692,0,-0.05669,-0.042603,-0.004351,-0.050257,0.027512,-0.107582,-0.035142,0.025026,0.018826,0.010231,-0.014516,0.009757,-0.011634,-0.002189,-0.075511,0.057275,0.117047,-0.080973,-0.01891,-0.013338,-0.044883,-0.011899,0.006982,0.072454,-0.034587,0.002745,0.05706,0.063512,-0.04998,-0.01233,0.097043,-0.023552,0.06918,-0.01208,-0.018329,-0.001304,-0.005746,0.002063,0.087235,-0.014131,0.087001,0.028066,0.091495,0.011804,-0.056979,0.016101,0.117538,0.046894,0.064749,-0.01932,-0.001454,0.067619,-0.027761,0.047721,-0.000398,-0.014836,0.006058,-0.050183,0.024663,0.0139,-0.023771,0.090288,-0.111895,-0.060962,-0.071167,-0.050464,0.013732,0.054241,0.00371,-0.057862,-0.050819,-0.07433,0.032596,-0.129788,-0.009018,0.070533,-0.02137,0.034436,-0.01247,0.077245,-0.032738,0.075255,-0.107781,0.017097,-0.067885,0.069563,-0.007055,0.014721,0.005912,0.034226,-0.040017,0.063005,-0.001596,-0.111854,-0.032187,2e-06,-0.035929,-0.029504,-0.035634,0.090445,0.020345,0.030783,-0.02997,0.009405,0.014768,-0.033613,-0.012495,0.010738,0.090496,-0.102811,0.045706,0.074432,-0.052475,0.118222,-0.062138,-0.00011,0.009035,0.036903,0.052865,-0.082612,-0.067844,-0.002387,0.064151,-0.01322,0.083065,0.044126,0.015324,-0.160865,0.053872,0.003483,-0.008406,-0.072975,0.080527,0.092347,-0.040842,-0.041346,0.003846,-0.05312,0.001951,0.032878,0.031891,-0.053728,-0.031912,-0.043134,-0.000732,0.022238,0.108795,-0.001964,-0.03809,0.055552,0.000901,0.056016,-0.006901,0.055289,-0.012511,0.007243,-0.051911,0.034623,0.014971,0.045747,0.076062,0.061148,-0.07319,-0.043536,-0.01885,-0.055475,0.003861,-0.011388,0.017201,0.015412,0.002817,-0.003346,0.002339,-0.005436,-0.012971,0.078235,0.003465,0.07138,0.042476,-0.076939,-0.002157,-0.024591,-0.037075,0.006323,-0.022774,-0.038585,-0.014395,-0.008377,-0.010573,-0.091215,-0.00403,0,-0.112687,-0.001852,-0.001896,0.055804,0.073802,-0.043745,0.108828,-0.008684,-0.035404,0.036175,0.001816,0.083125,0.007215,0.033538,-0.03026,-0.031967,-0.034803,0.00451,0.028348,0.009563,0.068736,0.009296,0.044921,-0.023217,-0.091037,-0.025436,-0.076081,-0.073529,-0.101967,-0.005211,0.03862,0.01046,0.012827,-0.085856,0.070631,-0.070393,-0.055282,-0.042779,-0.086336,0.004382,0.032774,0.044854,-0.035673,0.019386,0.01984,-0.0081,-0.033598,0.017827,0.006146,0.116933,0.063701,-0.058346,0.081768,-0.101371,-0.081591,-0.072791,0.063373,-0.051276,0.060562,0.026689,0.031693,-0.005008,0.044667,-0.018894]",16,88
MEPC_2013_p029_c0034,MEPC_2013,Nomenclature Camerounaise des Métiers et Professions — 2013,7107 7319,7106 7318,"cueilleurs de vin)
7108 Métiers de creusage (creuseurs de puits, fosses…) 7319
72 Métiers du bâtiment et assimiles 711
7201 Maçons 7112
7202 Charpentiers 7115
7203 Tôliers (poseurs de tôles et de tuiles) 7121
7204 Peintres en bâtiment 7131
7205 Ferrailleurs
7206 Marbrier/Carriers 7113
7207 Vitrier 7125
7208 Carreleur 7122
7209 Fendeurs de pierre/ Tailleurs de pierre 7119
7210 Plombiers en bâtiment 7126
7211 Staffeurs/Plâtrier 7123
7212 Métiers du bâtiment et assimilés non classés ailleurs 7119
73 Métiers de la métallurgie et de la construction mécanique 721
7301 Soudeur/cuviste 7212
7302 Mouleur fondeur 7211
7303 Tôlier - Chaudronnier 7213
7304 Monteur de charpentes métalliques 7214
7305 Forgerons /outilleurs 7221, 7222
7306 Mécaniciens/ réparateurs des machines et d’engins 723
74 Métiers de l’imprimerie et de l’édition 732
7401 Relieurs 7323
7402 Compositeurs typographes (Monteurs) 7321
7403 Stéréotypeurs 7321
7404 Imprimeurs 7322
7405 Graveurs 7316
7406 Sérigraphes 7321
Métiers de l’électricité, de la mécanique et de
75 74
l’électrotechnique
7501 Mécaniciens et ajusteurs d’appareils électriques 7412
7502 Mécaniciens et ajusteurs d’appareils électroniques
Monteurs et réparateurs d’installations télégraphiques et",34,structural,"[-0.018311,0.05792,-0.027415,0.119218,-0.039041,-0.005524,-0.019316,0.003308,-0.075463,-0.047082,-0.129847,-0.000875,0.051965,-0.027432,-0.114993,-0.046345,0.002889,-0.003065,0.060257,0.048812,-0.026821,-0.001057,-0.02179,-0.02447,0.013794,0.069613,-0.09333,0.090448,-0.050347,0.009426,-0.084202,0.013964,-0.004924,0.037695,0.017451,-0.039956,-0.094808,0.095115,-0.002593,-0.080505,0.016863,0.030856,0.108118,0.044112,-0.022592,-0.028491,-0.071182,-0.009832,-0.024299,-0.000512,0.004223,0.039448,-0.00503,0.06856,0.03736,-0.06143,-0.102639,-0.101915,0.055715,0.016325,0.076057,0.007147,-0.056563,-0.045486,-0.045466,-0.081587,0.014652,-0.04953,-0.024273,0.048623,0.083711,0.104616,-0.032441,-0.021112,0.033007,0.066221,0.04399,-0.030924,-0.050391,-0.032857,-0.08613,-0.035158,0.079082,-0.051375,0.016038,0.077739,0.072208,0.056598,0.020893,-0.022879,0.040526,0.08912,-0.04628,-0.038547,-0.034262,0.040095,-0.018885,0.100323,-0.06099,-0.003672,0.007378,0.042683,-0.016849,-0.070927,0.000286,0.041517,-0.030414,0.067497,-0.021954,-0.071098,0.023209,0.023241,0.106921,-0.004218,0.017043,-0.04032,-0.045266,-0.047315,0.066122,0.101925,-0.013049,0.003147,-0.038936,-0.016258,-0.036579,0.000644,0.03498,0,-0.012606,0.040765,0.04413,-0.071566,-0.008672,-0.123427,-0.041549,0.029198,0.051333,0.000783,0.00165,-0.006507,0.020039,-0.057963,0.005214,-0.032115,-0.022228,-0.004077,-0.091988,-0.02403,-0.05099,-0.009721,-0.035285,0.050923,-0.036328,0.004486,0.037376,-0.016922,-0.089263,0.011145,-0.002331,0.017712,0.027652,-0.025934,-0.010814,-0.00132,-0.001661,-0.045477,-0.081627,-0.005445,0.033664,-0.029573,-0.057942,0.07377,-0.051391,-0.032732,0.030462,0.030899,-0.058288,-0.026225,-0.045915,0.045527,0.031326,0.017615,-0.071415,0.037524,0.036839,-0.055395,0.069585,0.064066,-0.05798,0.067372,0.02626,0.042798,0.02685,-0.031827,-0.007252,0.011739,-0.047416,0.0063,0.032386,-0.062543,-0.030925,-0.150737,-0.010917,0.018868,0.072176,-0.04375,0.004039,0.044544,-0.032989,-0.027061,-0.044511,-0.072135,0.02084,-0.05241,-0.049402,-0.041085,0.047575,-0.01982,-0.037649,-0.083017,-0.012743,-0.121437,-0.104887,-1e-05,-0.032802,-0.035584,0.10676,0.083825,-0.006671,-0.018786,-0.042743,-0.011678,0.007414,-0.081998,0.004269,0.029628,0.05344,-0.065411,0.078803,0.050439,-0.048584,4.7e-05,-0.071622,0.010182,-0.076048,0.006712,-0.031926,0.080639,-0.040992,0.033948,-0.078235,-0.083477,0.036606,0.039876,0.068039,-0.051349,-0.007552,0.076047,-0.084082,0.025396,0.073552,0.061707,0.061959,-0.038479,0.107702,-0.034834,0.003579,0.054223,0.006883,-0.034869,0.058397,0.045629,0.059055,0.074851,0.01022,0.068884,-0.068948,0.015392,0.034568,-0.021268,-0.046062,-0.080002,0.026551,0.019663,-0.003466,0.003607,0.004325,0.071917,0.016164,-0.07524,-0.012159,0.047193,-0.102782,0.036976,-0.071743,0.073689,-0.055909,-0.029285,0.049121,0.042843,0.095702,-0.020025,-0.099148,0.000713,0.051212,-0.015329,0.04555,0.078875,-0.006511,-0.042867,-0.048713,-0.022452,0.017154,-0.024728,-0.036812,-0.022963,0.016767,-0.10193,-0.089124,0,0.01804,0.008738,0.017432,-0.072732,0.030164,0.005768,0.047571,0.033092,-0.037425,-0.010275,0.023343,-0.007494,0.07215,-0.050431,-0.031612,-0.057679,0.034704,-0.0038,0.000131,0.031926,-0.012614,-0.057393,0.142337,-0.004415,-0.047632,0.014913,-0.048788,-0.00621,-0.034655,-0.002901,0.031502,0.010229,0.023509,-0.042626,0.084484,-0.024086,0.049373,0.054131,-0.035376,-0.046744,-0.0543,0.007687,-0.086449,0.026761,-0.026891,0.009805,-0.075686,0.003307,0.021678,-0.033531,-0.027482,0.002798,0.012182,-0.046515,-0.046298,0.01414,0.020269,-0.027731,0.110312,-0.102581,0.053974,-0.057944,0.03691,-0.000599]",186,1232
MEPC_2013_p029_c0035,MEPC_2013,Nomenclature Camerounaise des Métiers et Professions — 2013,7503 7422,7107 7319,"téléphoniques
7504 Monteurs et réparateurs de lignes électriques 7413
76 Métiers de l’industrie de l’alimentation 751
7601 Boulangers / Pâtissiers 7512
7602 Confiseurs 7512
7603 Charcutiers 7512
7604 Laitiers 7513
7605 Poissonniers 7511
7606 Bouchers 7511
Page 27
Code MEPC
Codes CITP
Libellé
Grand Sous Groupe
rev.4
Groupe Groupe de base
77 Métiers et ouvriers de l’industrie du bois 752
7701 Menuisiers 7522
7702 Ebénistes 7522
78 Ouvriers de l’industrie de l’habillement et autres métiers de
753
l’industrie
7801 Couturiers 753
7802 Brodeurs 7531
7803 Tailleurs 7533
7804 Chapeliers 7531
7805 Artisans et ouvriers de la chaussure et assimilés 7536
7806 Teinturiers 7533",35,structural,"[-0.052197,-9.4e-05,-0.07998,0.013686,-0.033549,-0.13336,0.023538,0.031129,-0.029006,-0.050722,0.011504,0.077168,-0.001839,-0.063625,-0.137451,0.041917,0.037824,-0.036327,0.043013,-0.016519,-0.052395,-0.019514,-0.114054,0.014401,-0.02555,0.062079,-0.060892,0.103812,-0.050584,0.015275,-0.062973,-0.022213,0.022244,0.055758,0.015238,-0.001048,-0.05298,0.018314,-0.037474,-0.060988,0.040616,-0.02465,0.061817,0.136042,0.04679,0.061252,-0.091164,0.009964,-0.052379,-0.085868,0.004866,0.071596,0.004239,0.009865,0.009202,-0.076848,-0.053538,-0.05539,0.037104,0.028545,0.021027,0.066762,-0.006254,-0.058406,-0.043157,-0.001544,0.012515,0.022434,-0.024899,-0.097268,0.00878,0.015577,-0.071537,-0.052908,0.032918,0.083824,-0.04888,-0.096393,0.035048,0.008765,-0.005655,-0.039229,-0.007987,-0.01228,0.020407,0.057673,0.053244,0.035957,0.02358,-0.042487,0.057965,0.061751,-0.039589,-0.024132,-0.043644,0.023513,-0.002824,-0.0164,-0.06853,0.02755,-0.015357,-0.016105,-0.056669,-0.023617,-0.086374,-0.074593,0.058704,0.114765,0.053383,-0.117788,0.003907,0.007316,0.04146,-0.035636,0.049946,0.063283,-0.026343,0.04677,0.054829,0.073115,-0.015548,0.02941,-0.045829,-0.008609,-0.043244,0.052943,0.035486,0,-0.051317,0.09763,0.035406,-0.042803,-0.020996,-0.055399,0.000775,-0.037122,0.034178,0.01491,0.060936,-0.056403,0.029617,-0.036045,-0.000133,-0.020179,-0.021282,0.020662,-0.005242,0.010319,-0.009639,0.015498,-0.020815,-0.006863,-0.006648,0.096497,-0.068456,-0.038979,-0.026759,0.019065,0.057568,0.085408,-0.044071,0.006282,-0.073141,0.054422,-0.024931,-0.092136,-0.038216,-0.016789,-0.060021,0.062515,-6.7e-05,-0.044843,0.019263,-0.044063,0.017176,0.027315,-0.079345,0.014283,-0.036511,0.057171,0.059561,-0.012893,-0.040735,-0.003149,0.03713,-0.010641,0.154389,0.062939,-0.05836,0.01246,-0.032888,-0.052168,0.061543,-0.035802,0.00306,-0.013078,-0.000241,0.059949,0.039755,-0.101363,0.008555,-0.128758,-0.005696,0.000115,-0.016252,-0.003826,-0.045563,-0.048032,0.03235,0.006719,0.034668,-0.036868,0.033967,0.023523,-0.013033,0.036843,0.024507,-0.012027,-0.071456,-0.056436,0.067886,-0.050965,-0.049628,-4e-06,0.002132,0.006844,0.042745,-0.00636,0.005358,-0.05147,0.002692,-0.076275,0.078002,0.006242,0.041981,-0.000629,-0.020148,-0.041718,0.10731,0.048127,-0.128093,0.052863,-0.016957,-0.002591,-0.070708,0.015808,0.015453,0.07431,-0.061332,0.02257,-0.04087,-0.059619,0.121278,-0.070013,-0.004621,-0.043114,-0.02682,0.109109,-0.044901,-0.02782,0.065702,0.062767,0.034963,-0.094607,0.052348,0.010963,0.010866,0.023826,-0.07572,0.033863,0.096547,-0.000984,0.081995,0.037911,-0.044025,0.002028,-0.075178,0.055017,-0.004004,0.005826,0.067582,-0.007123,-0.068667,-0.10016,-0.032378,-0.023884,0.032544,0.029455,0.025218,0.011498,0.063251,0.037503,0.021971,-0.064047,-0.094091,0.026888,-0.030492,-0.091171,0.059596,0.024359,-0.011424,0.000872,-0.03177,-0.009264,0.010149,-0.096069,-0.001302,0.051931,0.03935,-0.121169,-0.022957,0.054561,0.038141,-0.055856,-0.028406,0.01924,0.077624,-0.090317,-0.074745,0,0.028011,-0.045393,0.026649,0.064817,0.011429,0.039001,0.035547,0.096039,-0.056656,0.068543,0.056956,-0.02219,0.0298,-0.086686,-0.03508,-0.044102,-0.035088,-0.055686,0.017548,0.030229,-0.071457,-0.039983,0.054861,-0.029966,-0.071377,-0.036572,0.010572,0.047318,-0.051615,0.020101,0.013602,0.015687,0.022672,-0.037659,0.036718,-0.056982,0.034922,0.041541,-0.006225,-0.061845,-0.003003,-0.027835,-0.069465,0.000794,0.054298,0.040398,-0.082734,-0.053425,0.046463,0.033774,0.038258,-0.017134,0.057995,-0.015558,0.000517,0.021701,0.039865,-0.057139,0.120946,-0.08605,0.035419,-0.02368,0.048324,-0.066452]",109,672
MEPC_2013_p030_c0036,MEPC_2013,Nomenclature Camerounaise des Métiers et Professions — 2013,8 FORCES DE DEFENSE ET DE SECURITE ETPERSONNEL DE,7503 7422,"0, 3,5
L’ADMINISTRATION PENITENCIAIRE
81 Personnel de la sécurité nationale 111, 335, 541
8101 Commissaire de Police 1112
Commissaire Divisionnaire
Commissaire de Police Principal
Commissaire de Police
8102 Officier de Police 3355
Officier de Police Principal (3ème grade)
Officier de Police 2ème grade
Officier de Police 1er grade
8103 Inspecteur de Police 3355
Inspecteur de Police Principal (3ème grade)
Inspecteur de Police 2ème grade
Inspecteur de Police 1er grade
8104 Gardien de la Paix 5412
Gardien de la Paix Principal
Gardien la Paix 2ème grade
Gardien de la Paix 1er grade
82 Personnel de la gendarmerie et des armées 011, 021, 031
8201 Officiers généraux 0110
Général d’armée (Amiral)
Général de corps d’armée (Vice amiral d’escadre)
Général de division (Vice amiral)
Général de brigade (Contre amiral)
8202 Officiers supérieurs 0110
Colonel (Capitaine de vaisseau)
Lieutenant colonel (Capitaine de frégate)
Commandant (Chef de bataillon, Capitaine de corvette, Chef
d’escadron)
Page 28
Code MEPC
Codes CITP
Libellé
Grand Sous Groupe
rev.4
Groupe Groupe de base
8203 Officiers subalternes
0110
Capitaines (Lieutenant de vaisseaux)
Lieutenant (Enseigne de vaisseaux de 1ère classe)
Sous-lieutenant (enseigne de vaisseaux de 2e classe)
8204 Sous officiers 0210
Adjudant chef major (Maître principal major)
Adjudant chef (Maître principal)
Adjudant (premier maître)
Maréchal de logis chef (Maître, Sergent chef)
Maréchal de logis (Sergent, second maître)
8205 Militaire du rang 0310
Gendarme major (Caporal chef, quartier maître de 1ère classe)
Gendarme (Caporal, quartier maître de 2e classe)
83 Personnel de l’administration pénitentiaire 111, 541
8301 Cadres des généraux 1112
Général sénior de Prison, Général de Prison
8302 Cadre des administrateurs de Prison 1112
Administrateur Principal de prison
Administrateur de Prison
8303 Intendant de Prison
Super Intendant de Prison
Intendant Principal de Prison
Intendant de Prison
8304 Gardien chef de Prison 5413
Gardien chef Principal
Gardien chef major
Gardien chef
8305 Gardien de Prison 5413
Gardien Principal de Prison
Gardien Major de Prison
Gardien de Prison
Page 29
V. NOTES EXPLICATIVES
1 AGRICULTEURS ET OUVRIERS DE L’AGRICULTURE DE L’ELEVAGE, DE LA",36,structural,"[-0.036547,0.02512,0.000257,-0.030422,0.060294,0.011462,-0.108439,-0.031198,0.008209,-0.004027,0.039597,-0.021953,-0.004612,-0.033784,-0.018097,-0.064934,0.008669,0.024178,0.005883,0.011664,0.014785,0.000276,0.105754,0.000994,-0.097477,0.074444,-0.007892,-0.046123,-0.075109,0.059689,-0.051566,-0.033487,-0.038398,0.061653,-0.061996,-0.046987,0.090058,0.029698,0.028371,0.083802,0.023818,-0.028968,0.028273,0.01716,0.033845,0.049813,-0.053771,-0.006777,0.041703,-0.06518,0.017877,-0.016015,-0.001509,0.013788,-0.006904,-0.055626,0.04224,0.01165,0.028774,0.052579,0.003443,0.092911,-0.035826,-0.018437,0.026606,-0.076562,0.02469,-0.03511,0.024355,0.062544,0.026421,0.070193,0.042759,-0.011905,-0.088392,0.066987,-0.036604,0.048712,0.037604,-0.082856,0.022535,-0.065039,0.011155,0.039446,0.008916,-0.04701,-0.011776,0.017073,-0.008725,0.012992,0.050368,0.060128,0.036266,0.056688,-0.001056,0.029079,-0.016809,0.031455,-0.076895,-0.014953,0.02984,-0.070106,-0.12507,-0.02267,-0.014044,0.018547,0.024202,-0.011361,-0.064877,-0.079469,0.084497,-0.022362,-0.002055,-0.019114,0.043037,0.053837,-0.054316,0.074879,-0.031547,0.070689,0.006001,-0.042752,-0.119764,0.039608,0.058448,0.016193,0.008197,0,0.029782,0.05473,-0.027185,-0.012847,-0.027542,-0.015606,0.050175,-0.018632,0.02774,0.081008,-0.058285,0.026296,0.026251,-0.079485,-0.01889,0.075167,-0.061901,0.024988,-0.032527,-0.007153,0.029668,-0.019727,-0.014222,0.009484,0.02211,0.057378,-0.052059,0.047783,-0.009455,-0.021945,-0.013255,-0.030724,-0.001286,0.001647,0.077273,-0.025019,0.097534,-0.006646,-0.005521,0.00798,0.036496,-0.041089,0.01953,0.00102,-0.046767,-0.066299,-0.094896,-0.041385,-0.046266,-0.032525,0.0254,-0.040034,-0.011892,0.073091,-0.078866,0.02118,-0.014837,0.057744,0.019697,-0.010245,-0.004298,0.08536,-0.014663,-0.052632,0.035029,-0.001447,-0.047958,0.084503,0.032044,-0.073646,-0.068475,0.102398,-0.004912,0.053517,-0.026274,-0.032539,0.033962,0.040328,-0.04662,0.034599,-0.086838,-0.004191,-0.04806,-0.018998,0.082082,-0.01671,0.03017,-0.002208,-0.026193,-0.027962,0.015968,-0.089805,0.045026,0.044394,-0.104951,-1.3e-05,-0.001646,-0.020389,-0.023871,-0.012625,-0.019354,-0.009173,-0.015571,-0.072464,-0.005496,-0.028456,0.001236,-0.019853,0.042058,-0.030977,0.04969,-0.03463,-0.114575,0.090158,-0.066253,0.017468,0.031178,-0.025273,0.052337,0.068482,0.005804,0.014133,0.021899,-0.037079,0.04128,0.077747,0.085815,-0.193663,-0.031217,0.024079,-0.039068,0.018232,0.028985,-0.033,-0.014814,0.090055,-0.039902,0.044015,0.059813,0.037799,-0.063239,0.000154,0.044567,0.07137,-0.11456,0.022295,0.012569,0.068921,-0.078672,0.057251,0.020169,-0.007147,-0.022611,0.030657,-0.037213,0.024682,0.014396,0.065917,-0.094759,0.050909,0.042145,0.036834,-0.107972,0.09961,-0.034589,0.053371,-0.085039,-0.018446,-0.030703,-0.020113,-0.012135,-0.00811,-0.005773,0.028022,0.006726,0.060109,0.065023,-0.082655,0.005949,0.095491,-0.066581,0.012873,0.080257,0.060955,0.099229,-0.023459,0.044133,-0.088799,0.135096,-0.008357,0.043076,0,0.040097,0.020903,0.012893,0.038288,-0.00295,-0.026085,-0.063623,-0.049123,-0.073172,-0.070842,0.044086,0.011153,-0.022932,-0.140126,-0.045784,-0.11984,0.01072,-0.01661,0.007054,-0.002958,-0.101237,-0.122172,-0.069117,0.053873,0.065401,0.06037,-0.050939,-0.057726,-0.020772,0.045029,-0.008863,-0.027479,-0.012309,0.020511,0.049916,-0.013726,-0.020896,0.05643,0.056924,-0.059737,-0.049987,-0.092342,-0.021339,0.030806,-0.02381,0.00565,0.008004,-0.156324,0.104593,-0.081825,0.01205,-0.015672,-0.093581,0.035208,-0.066236,0.028086,-0.013884,0.0172,-0.079093,-0.033045,0.003455,-0.000445,-0.003948,-0.005436]",340,2219
MEPC_2013_p032_c0037,MEPC_2013,Nomenclature Camerounaise des Métiers et Professions — 2013,PECHE ET DES AUTRES ACTIVITES LIEES A LA FORET,8 FORCES DE DEFENSE ET DE SECURITE ETPERSONNEL DE,"Le grand groupe 1 rassemble les personnes dont l’activité principale est l’agriculture, l’élevage, la
pêche et les activités liées à la forêt, destinée à la consommation ou à la commercialisation. Ces
personnes ne sont pas forcément nanties d’une qualification initiale dans le domaine de
l’agriculture, de la pêche et des activités liées à la forêt, mais elles peuvent avoir reçu une formation
sur le tas le cas échéant. En sont exclus, les cueilleurs de vin qu’on retrouve plutôt au grand groupe
7, les cadres et agents de maîtrise des entreprises agro-industrielles.
Ce grand groupe comprend les sous-groupes ci-après:
• 11 Planteurs/cultivateurs et ouvriers des cultures ;
• 12 Eleveurs et ouvriers de l’élevage (sauf aquaculteurs) ;
• 13 Pêcheurs et ouvriers de la pêche ;
• 14 Professions de forestage (bucherons, abatteurs, scieurs, sylviculteurs) ;
• 15 Professions fauniques.
11 Planteurs / cultivateurs et ouvriers des cultures
Font partie de ce sous-groupe, les exploitants et les ouvriers agricoles. A la périphérie, on retrouve
les investisseurs agricoles. En sont exclus, les propriétaires des terres entièrement mises en location,
les personnels de services financiers de prêt agricoles, les cadres et dirigeants d’entreprises agro-
industrielles et alimentaires et, le personnel des organismes d’appui.
Ce sous-groupe comprend les groupes de base ci-après :
• 1101 Exploitants agricoles ;
• 1102 Ouvriers agricoles.
1101 Exploitants agricoles
Les travailleurs classés dans ce groupe de base gèrent, pour leur propre compte ou en association,
des exploitations agricoles pour la culture du sol, en vue d'obtenir diverses sortes de produits.
Leur tâche consiste à : déterminer le genre et la quantité des cultures, acheter les semences, les
engrais, les machines agricoles, les animaux, le fourrage et les autres approvisionnements ; diriger
et surveiller, ou exécuter eux-mêmes, divers travaux agricoles consistant, par exemple, à préparer la
terre, à semer, cultiver et récolter les produits, à maintenir en bon état les bâtiments, les machines
et le matériel agricoles ; vendre les produits de l'exploitation; tenir des états concernant la
production, les ventes, les recettes, les dépenses et d'autres données; engager et congédier les
ouvriers.
Page 30
1102 Ouvriers agricoles
Les travailleurs de ce groupe de base accomplissent divers travaux qu'exige la culture des produits
du sol et l'élevage d'animaux. Leur tâche consiste à : labourer et fertiliser la terre ; semer les
graines ; planter les arbres fruitiers ; cultiver les produits du sol et exécuter les autres travaux que
comportent les cultures de plein champ, les cultures fruitières et autres cultures ; participer aux
travaux de récolte des produits ; nourrir le bétail et la volaille ; traire les vaches ; tondre les
moutons et exécuter d'autres travaux d'élevage; utiliser des machines et équipements agricoles
divers, y compris des machines à traction animale et mécanique; entretenir et réparer les
bâtiments, les ",37,structural,"[-0.043416,-0.041521,0.043162,-0.04679,0.08708,0.037746,0.041425,-0.027811,-0.014898,0.00082,0.061132,-0.076512,-0.036377,-0.027705,-0.039519,-0.033921,-0.068684,0.039927,-0.039782,-0.027503,-0.026974,-0.133801,-0.006127,0.032178,-0.058777,0.013662,0.004793,0.008661,-0.014508,0.029692,-0.079746,-0.007539,0.130455,0.115665,-0.015136,0.071291,-0.010597,-0.02096,-0.065287,-0.05116,0.06186,-0.048473,0.032152,-0.065745,-0.023082,0.059807,0.109434,-0.030652,-0.049735,-0.085868,0.09456,-0.022577,0.036701,0.027475,0.025186,-0.082185,-0.010252,-0.113774,-0.004831,0.020119,0.046032,-0.02882,-0.085807,-0.057219,-0.038295,-0.043774,0.055921,0.04087,-0.095665,0.023338,0.089606,-0.03471,-0.006731,-0.003153,-0.077243,0.10722,-0.030439,-0.095481,0.029031,-0.063355,0.044768,-0.009337,0.022222,-0.07832,-0.016803,-0.025969,0.086713,-0.001945,0.165168,0.025746,-0.046097,0.04929,-0.002934,0.057177,0.103127,0.044829,-0.052645,-0.081234,-0.019331,0.02421,0.012589,0.040006,-0.041091,0.021208,-0.007927,-0.001093,-0.143124,0.032988,-0.09837,-0.004866,-0.056411,0.024599,0.004111,0.026899,-0.028793,-0.030665,-0.062546,-0.070873,-0.011816,-0.059637,0.025769,0.039084,-0.026914,0.078368,0.087145,0.023911,-0.033398,0,0.005965,-0.042256,-0.02139,-0.068023,-0.045932,0.013664,0.007442,0.016151,0.017313,0.0151,-0.05647,-0.0441,0.051376,-0.046698,-0.059623,0.004941,-0.024205,-0.060223,0.040272,0.016198,-0.070395,0.021381,-0.073233,0.006817,-0.126826,0.01294,0.001905,-0.019031,-0.038891,-0.003779,0.026639,-0.091983,-0.050551,0.057985,0.010083,-0.003093,0.043397,0.017048,0.067008,-0.011477,0.000777,0.02625,0.079398,0.032057,0.034786,-0.006563,-0.066353,0.043362,-0.036549,0.102182,0.028485,0.007652,-0.012082,-0.07011,-0.042791,-0.082456,-0.054398,0.05862,-0.126803,-0.060434,0.002571,0.015855,-0.016937,0.006254,-0.056531,0.016133,-0.017998,0.044209,-0.011469,0.042579,0.035924,0.020044,-2.2e-05,-0.01871,0.029876,0.023503,0.069646,0.022193,-0.11236,0.049732,-0.079124,-0.015152,-0.076463,0.030398,-0.118664,0.057596,-0.035855,-0.026756,0.032441,-0.016988,-0.032624,-0.032081,0.058155,0.050903,-0.054666,-5e-06,0.01134,0.022481,0.036402,0.034716,0.059907,-0.023602,-0.048695,-0.058737,-0.054491,-0.018938,-0.072899,0.033228,0.090527,-0.018098,0.014228,-0.016257,-0.024136,0.067226,0.024152,0.022473,-0.013063,0.082605,0.015475,0.071369,0.012241,-0.044235,0.015176,-0.004831,-0.022774,0.03731,0.118407,-0.035383,-0.006257,0.050959,-0.047705,-0.007503,0.048141,-0.016511,-0.012036,0.001936,-0.011316,0.040983,-0.008403,0.048604,-0.04689,0.059533,0.086578,0.003255,-0.01281,0.097519,-0.036054,-0.003121,0.009913,-0.064702,0.004482,-0.007755,0.041753,-0.047963,-0.069762,0.038775,0.057784,-0.003071,-0.052271,-0.018684,-0.040677,0.06899,0.001803,0.07226,-0.029098,0.016723,-0.006509,-0.015543,-0.08555,-0.023857,-0.019054,0.076454,0.03382,-0.001753,-0.019789,-0.047298,0.002119,-0.002211,-0.006373,0.027972,-0.026342,0.038874,0.028469,0.057369,0.064979,0.068815,-0.019397,-0.09264,0.090389,-0.049621,-0.09508,0,0.042521,0.013693,-0.022451,-0.001017,-0.005638,-0.072543,-0.070823,0.004406,0.106348,0.022264,-0.038227,0.045416,0.001846,-0.020249,-0.044902,-0.065661,-0.014647,-0.048934,-0.055557,0.053254,-0.034235,-0.076379,-0.102202,-0.017871,-0.016447,0.010359,-0.067477,-0.053277,-0.05273,0.021248,0.059223,0.031864,-0.047315,-0.063157,0.010344,0.038562,-0.006438,0.000271,-0.02156,0.014766,-0.041252,-0.056032,-0.007997,-0.020124,-0.028226,0.025025,-0.092896,-0.130674,0.099143,0.024854,0.055832,0.038175,0.033673,0.062549,-0.016914,-0.047101,-0.004888,0.010784,0.134092,-0.018326,-0.017352,-0.027216,-0.022874,-0.043746]",462,3000
MEPC_2013_p035_c0038,MEPC_2013,Nomenclature Camerounaise des Métiers et Professions — 2013,1401 : Exploitants forestiers,PECHE ET DES AUTRES ACTIVITES LIEES A LA FORET,"Les personnes classées dans ce groupe de base sont les bûcherons, les abatteurs, les sylviculteurs et
aménagistes, les exploitants de produits forestiers non ligneux.
Les bûcherons
Les bûcherons abattent les arbres, les scient en billes et s'acquittent d'autres travaux de
bucheronnage.
Les abatteurs
Les abatteurs abattent les arbres et les scient en billes, en se servant d’une cognée et d’une scie à
main ou d’une scie mécanique.
Les sylviculteurs
Les sylviculteurs accomplissent les divers travaux que comporte la culture d’arbres pour les fruits,
leurs feuilles ou leur sève, notamment en multipliant et en cultivant les arbres fruitiers, les théiers,
les arbres à caoutchouc, en taillant et en greffant les arbres fruitiers, en saignant les arbres à
caoutchouc.",38,structural,"[0.022718,0.038162,-0.032369,0.002649,0.050279,-0.022632,0.045574,0.004719,-0.096681,0.070282,-0.043355,-0.025227,0.038017,-0.005323,-0.14452,0.110308,-0.076847,-0.011233,0.022618,0.051385,-0.048824,-0.003359,-0.08249,0.077062,-0.015351,0.024142,-0.04109,-0.021664,0.026136,-0.035783,-0.028382,-0.049269,0.118304,0.073373,-0.000403,-0.064178,0.008252,-0.097792,0.025202,-0.019941,0.03349,-0.013761,0.018671,0.050502,-0.107763,-0.016124,-0.007407,0.006083,-0.007277,-0.019602,0.072481,-0.012564,0.010535,0.020278,0.038008,-0.069722,0.01317,-0.031618,0.000997,0.038363,0.096453,-0.036436,-0.058581,-0.029041,-0.023631,-0.067614,0.020269,0.027701,-0.039435,-0.026987,0.035865,0.030658,-0.068287,0.003707,0.088994,0.087192,-0.069073,-0.053726,0.023307,-0.107571,-0.002099,-0.094127,0.001364,-0.04453,0.035791,-0.02916,0.038657,0.020338,0.116863,0.021557,-0.016652,-0.053303,0.057639,0.029254,0.048852,0.085171,0.050158,-0.079303,-0.01027,0.024277,-0.063893,0.040829,0.070724,0.028368,-0.021085,-0.032404,-0.118075,-0.017067,-0.020117,-0.077187,-0.004184,-0.035648,0.060565,0.08199,0.070486,-0.048325,0.06675,-0.04845,-0.007538,0.019598,0.036075,-0.00826,-0.050488,-0.019337,0.026077,0.091906,-0.008886,0,0.021904,0.018548,-0.067238,0.009586,-0.045293,-0.065155,0.012385,0.013528,0.016604,-0.016906,-0.041359,-0.019784,0.0153,-0.029699,-0.026355,-0.002475,-0.057818,-0.034112,-0.004274,0.065414,-0.126277,0.064064,-0.09269,-0.022993,-0.141356,0.027644,0.031604,-0.028539,-0.028772,0.007562,0.065017,0.014296,-0.043096,0.039,-0.001394,-0.023255,0.10042,-0.010651,0.07502,-0.033383,0.018515,0.070047,0.041508,-0.024372,0.061319,0.012039,0.025023,0.068612,-0.078454,0.075481,-0.085847,0.089262,-0.018379,-0.074588,-0.011077,-0.031115,-0.006997,0.062033,-0.04848,0.038112,0.045249,0.022022,0.111291,0.057564,-0.011698,-0.10012,0.028038,-0.014104,-0.023355,0.067966,0.015954,0.037322,-0.069763,-0.113143,-0.016628,-0.010091,0.095823,0.054032,-0.123072,-0.001314,-0.052511,-0.061002,-0.05452,-0.026636,-0.095025,0.035541,-0.003314,-0.070994,0.025165,-0.023738,-0.017955,-0.011511,0.075611,-0.054842,-0.09515,-1e-06,-0.059842,-0.029199,0.039185,0.025812,-0.000274,0.024362,-0.094494,-0.064566,-0.079905,-0.015962,-0.013001,0.056049,0.055853,-0.059425,0.047549,-0.081483,-0.040002,0.008049,-0.078514,-0.022246,-0.049697,0.089969,-0.017705,0.053662,-0.025376,0.010673,-0.041459,-0.047416,0.017294,0.045503,0.086079,-0.023178,0.058149,0.030488,-0.126564,-0.026486,0.11106,-0.050561,0.051139,-0.060842,0.023664,0.024602,-0.04028,-0.052447,-0.026038,0.01858,0.047961,-0.042904,0.068632,0.042709,0.026057,0.046281,-0.0183,0.010888,-0.032474,-0.034012,0.042959,-0.034933,0.005007,0.051371,-0.094301,0.08127,-0.026372,0.031344,-0.067586,-0.042598,-0.08704,-0.030521,0.007822,0.041254,-0.055618,0.006219,-0.008835,0.068675,0.03677,0.084259,-0.008097,-0.068435,-0.039653,-0.067207,-0.073959,0.007309,0.031306,0.01376,0.03929,-0.077314,-0.02796,0.006793,0.035221,0.030912,-0.032304,0.023011,0.007262,-0.007851,-0.004452,0,0.021394,-0.004001,-0.044398,0.049073,0.006659,0.020731,-0.040421,0.09087,0.013625,0.033137,-0.027892,0.025909,0.051117,0.049168,-0.023704,-0.058571,0.041929,-0.073003,-0.039147,0.073664,0.009688,0.006675,0.018375,-0.043539,-0.040717,-0.003642,-0.054115,0.004184,-0.016763,-0.055573,0.049134,0.078471,-0.058998,-0.031164,-0.010595,0.062946,0.00768,0.074561,-0.04287,0.026717,-0.001058,-0.0179,-0.073138,-0.036519,-0.002687,0.017007,-0.092751,0.005833,0.044281,0.016299,0.04809,-0.010872,0.07146,-0.037765,0.025956,-0.044552,0.019207,0.019885,0.092458,-0.015268,0.060927,0.002989,-0.064932,-0.043805]",123,767
MEPC_2013_p035_c0039,MEPC_2013,Nomenclature Camerounaise des Métiers et Professions — 2013,1402 : Les exploitants de produits forestiers non ligneux (non compris cueilleurs de vin),1401 : Exploitants forestiers,"Il s’agit des personnes qui ramassent, cueillent et coupent les parties de plantes autres que le bois
en forêt. Ce sont par exemple les exploitants de feuilles (gnectum africanum couramment appelé
okok,…), les écorces (prunus africanum, yohimbe, etc.), les lianes (le rotin, etc.), les
amandes/graines (irvingia gabonensis couramment appelé mango ou mangue sauvage,
ricendendron heleutii corament appelé djansan …), etc.
Les charbonniers
Ils sont des vendeurs, des livreurs de charbon ou des fabricants de charbon de bois
15 Exploitants fauniques
Page 33
Ce sous groupe rassemble les travailleurs qui prélèvent des animaux vivants ou morts, qui
escortent les chasseurs/collecteurs ou qui reconstituent les animaux morts. Ils exercent dans le
cadre de l’entretien des réserves et les parcs nationaux et le repeuplement en gibier.
Ce sous-groupe est fait de groupes de base suivants:
• 1501: Chasseurs/collecteurs et assimilés (non compris cueilleurs de vin)
• 1502: Guides de chasse
• 1503: Taxidermistes ou empailleurs
• 1504 : Captureurs",39,structural,"[0.011384,0.041459,-0.053622,-0.009159,0.082995,-0.014278,0.007175,0.025344,-0.105374,0.044108,-0.05172,-0.018751,0.008542,-0.064638,-0.058311,0.060223,0.030507,-0.061092,0.007801,0.009232,-0.041981,-0.051862,-0.044248,0.034112,-0.036164,0.09971,-0.071203,0.017877,0.020563,-0.031445,-0.036175,0.005447,0.045246,0.05067,-0.021729,-0.062778,-0.06479,-0.08284,0.02153,-0.044128,0.082983,-0.009288,-0.009361,0.059962,-0.058601,-0.022904,-0.005077,0.022321,-0.033763,0.010599,0.072908,-0.009943,0.031391,0.015419,0.010456,-0.042449,0.023224,-0.052326,0.013593,0.033456,0.097033,-0.043175,-0.114582,-0.021598,-0.008807,-0.129668,0.039919,-0.001363,-0.021998,-0.029446,0.026791,0.072549,-0.012739,-0.014701,0.015201,0.105876,-0.035372,-0.047693,0.03299,-0.086781,0.031451,-0.027657,0.054406,-0.041188,0.016703,-0.051032,0.02531,0.026671,0.121683,-0.005432,-0.010685,0.009586,0.071515,0.056479,0.00495,0.087577,0.075454,-0.074837,-0.086026,-0.019457,-0.056952,-0.000614,0.04195,-0.065026,0.005493,-0.003618,-0.090228,0.024327,0.05004,-0.064344,-0.001255,0.013604,0.092223,0.026849,0.06693,-0.061848,0.053395,-0.086033,-0.009606,0.022382,0.055272,-0.022427,-0.029825,-0.029922,-0.004479,0.0229,-0.044255,0,0.079243,-0.017145,-0.0377,0.000726,-0.018863,-0.055302,0.001901,-0.042931,0.054304,-0.009615,-0.080965,-0.106443,-0.058971,0.006136,-0.016314,0.017498,-0.00117,-0.067307,0.060502,0.050425,-0.122889,0.046411,-0.093383,0.026614,-0.074324,0.077053,0.059679,-0.070777,-0.036606,0.020788,0.089541,-0.030979,-0.041371,0.061867,-0.038465,0.008345,0.006215,-0.015887,0.040985,0.004717,0.056134,0.067822,0.056636,0.013234,0.013524,-0.042681,0.01733,0.051729,-0.048564,0.104992,-0.056302,0.05664,-0.042867,-0.013096,-0.047043,0.014652,0.006308,0.004735,0.017292,0.073711,0.033898,0.024301,0.040911,0.01305,-0.033085,-0.041792,0.008376,-0.045931,-0.0995,0.089531,-0.003014,0.031454,-0.02355,-0.091855,0.008997,-0.016813,0.083755,-0.005602,-0.069405,0.038784,-0.044191,-0.049402,-0.049131,0.020457,-0.128329,-0.019064,-0.065728,-0.053862,0.007993,-0.026928,0.005992,0.008924,0.092607,-0.081687,-0.063441,-5e-06,0.001517,-0.045233,0.028433,0.067724,0.014772,-0.000356,-0.120669,-0.069293,-0.040361,-0.053009,-0.006698,0.123744,0.09892,-0.017191,0.042007,-0.048563,-0.036594,0.059839,-0.047475,-0.047772,-0.044617,0.077235,0.034865,0.022721,-0.013028,-0.029061,0.000967,-0.067429,0.022007,0.058838,0.080723,-0.008901,0.038955,0.013694,-0.11222,-0.082568,0.090885,-0.113681,0.051051,-0.03581,0.074406,0.018664,0.016236,-0.021115,-0.02982,0.012395,0.069961,-0.08057,0.067532,0.054175,0.059503,0.046297,-0.070504,0.043932,-0.039506,-0.073332,0.009422,0.011112,0.054839,0.003477,-0.086799,0.096359,-0.043907,0.029501,-0.030736,0.02459,-0.088511,-0.011313,0.033856,0.066377,-0.064572,0.032133,-0.039706,0.055584,-0.004199,0.057462,0.015441,-0.069962,-0.011167,-0.111235,-0.014304,0.044812,0.08743,-0.005269,0.033914,-0.056846,-0.063353,0.026631,-0.002471,0.050485,-0.056451,-0.029571,0.005647,0.023508,0.030288,0,-0.009888,0.024651,-0.025386,0.036916,-0.023538,0.019913,-0.011926,0.084579,0.074391,-0.034457,-0.032778,0.05967,0.051556,-0.002185,-0.023511,-0.066272,0.059995,-0.024574,-0.059969,0.043629,-0.003734,0.007699,0.01836,-0.030062,-0.030734,-0.016141,-0.046063,-0.034091,0.022445,-0.094508,0.061236,0.087178,-0.00609,-0.053716,-0.019257,0.021648,0.034119,0.029521,0.010435,-0.016895,-0.085691,-0.031267,-0.079904,-0.072607,-0.056365,0.006627,-0.038584,-0.032903,-0.006444,-0.034619,0.049815,0.023825,0.069958,0.009936,0.034522,-0.002147,0.01208,0.013124,0.098961,-0.067689,0.033705,-0.028624,-0.041847,-0.070943]",156,1038
MEPC_2013_p036_c0040,MEPC_2013,Nomenclature Camerounaise des Métiers et Professions — 2013,1501 : Chasseurs/collecteurs et assimilés,1402 : Les exploitants de produits forestiers non ligneux (non compris cueilleurs de vin),"Ce sont des personnes qui ont une autorisation ou un permis de chasse pour chasser, collecter des
dépouilles des animaux.",40,structural,"[-0.053431,0.03654,-0.105108,-0.058813,0.080152,-0.04546,0.103612,0.020263,-0.082483,0.015289,-0.018306,-0.046528,0.046132,0.001722,-0.12776,0.064997,-0.057585,-0.001079,0.049584,-0.025899,-0.110778,-0.099266,-0.046834,0.058727,0.025916,-0.01184,-0.032132,-0.042477,-0.028253,-0.038129,-0.033618,-0.087813,0.057139,0.046886,-0.000581,-0.034639,-0.061726,-0.062,-0.004845,-0.003427,0.028422,0.018029,-0.026528,0.038141,-0.02709,0.037281,-0.025992,0.068255,-0.006321,0.023339,0.077141,0.063816,-0.000358,-0.006022,-0.072912,-0.099693,-0.008203,-0.067473,-0.01036,-0.000363,0.10685,-0.009948,-0.103322,-0.01639,-0.017195,-0.085188,0.006339,-0.013117,-0.0571,0.00435,-0.006467,0.035464,-0.003382,0.002703,0.074946,0.091775,-0.084471,-0.031463,-0.054775,-0.127909,-0.016001,-0.016553,0.017551,-0.025952,-0.000196,-0.022468,0.065502,0.058766,0.12402,-0.010193,-0.043922,-0.016101,0.068661,0.042573,-0.044355,0.112757,-0.016621,-0.025916,0.002915,-0.011781,0.005457,0.012767,0.051747,-0.036719,-0.039351,0.028816,-0.091306,0.009244,0.040914,-0.025953,-0.013851,0.006074,0.087412,0.015059,0.01791,0.000752,0.044645,-0.064098,0.001416,-0.015583,0.072555,-0.008638,-0.021637,-0.010421,0.035196,0.032391,0.040266,0,0.035532,-0.013236,-0.03174,0.059016,-0.056677,-0.061242,-0.020995,-0.00754,-0.00668,0.007165,-0.065628,-0.020271,-0.045661,-0.018331,-0.075257,0.009005,0.084885,-0.106103,0.067851,0.044528,-0.106095,0.069759,-0.044131,0.080297,-0.060349,0.06757,0.065126,-0.004714,-0.027829,0.036992,0.047864,-0.045517,0.010379,0.116501,-0.015204,0.058387,0.078535,-0.016882,0.097468,0.002575,0.020184,0.040714,0.081501,-0.036182,0.020936,-0.02015,0.02461,0.047407,-0.090711,0.064164,-0.11205,0.056311,-0.070485,-0.028295,-0.054081,-0.009108,-0.071037,0.068675,0.019566,0.023261,0.054932,0.08484,-0.006288,0.02156,-0.040211,-0.05991,0.090351,-0.024356,-0.069008,0.088198,-0.05548,0.053654,-0.003183,-0.016487,0.003053,0.030149,0.086327,0.031479,-0.057037,0.033608,-0.126762,-0.048441,-0.016507,0.02966,-0.090581,0.004299,-0.054106,0.014726,0.029135,-0.022133,0.025722,0.010233,0.046718,-0.031131,0.01142,-4e-06,0.010239,-0.024469,0.043354,-0.009262,-0.006618,0.012032,-0.053588,-0.018013,-0.024263,0.016481,-0.082329,0.026258,0.056752,-0.059373,0.019068,-0.034682,-0.007247,-0.005683,-0.102688,0.015764,-0.004703,0.105202,0.039352,0.02677,-0.034051,-0.004845,0.028037,-0.005739,2.4e-05,0.032251,0.026192,-0.055243,0.058312,-0.072875,-0.082244,-0.110136,0.083794,0.051216,0.034052,-0.016074,0.020355,0.01032,-0.008954,-0.020159,0.019113,-0.072459,-0.045927,-0.115315,0.093368,-0.03178,0.032734,0.060105,0.055372,0.037847,-0.029247,-0.0188,0.026639,0.020001,0.109626,0.0524,-0.105639,0.107501,0.002898,0.037949,0.001522,-0.013411,-0.144245,-0.048729,0.02801,0.097411,0.061885,-0.062358,-0.02917,0.03281,-0.044095,0.05574,-0.002382,-0.007368,0.021811,0.004546,0.005753,0.029569,0.070311,0.012211,0.006021,-0.093878,-0.003352,-0.00171,-0.014482,-0.000274,0.033835,-0.003605,0.060293,0.011749,0.029828,0,-0.061987,0.052339,-0.044968,0.06041,-0.020678,-0.039232,0.02481,0.107809,-0.014369,-0.051293,0.010736,0.019659,0.052019,0.025105,-0.008774,-0.014076,0.045365,0.012473,-0.035013,0.056219,0.066051,0.006774,-0.00778,-0.079869,-0.099982,0.015166,-0.004692,-0.080891,-0.032463,-0.036219,-0.025907,0.058464,-0.022579,-0.061016,0.020869,0.0915,-0.022943,0.018128,-0.03625,-0.034679,0.009808,-0.009979,-0.029831,-0.054157,-0.033333,-0.004056,-0.054288,-0.045558,0.035901,0.018571,0.040546,-0.024031,0.06268,-0.037219,0.011325,-0.028335,0.04426,-0.059087,0.042852,-0.085539,0.000558,-0.057062,-0.020732,-0.018288]",20,121
MEPC_2013_p036_c0041,MEPC_2013,Nomenclature Camerounaise des Métiers et Professions — 2013,1502 : Guide de chasse,1501 : Chasseurs/collecteurs et assimilés,"Ce sont des chasseurs professionnels détenteurs de permis de chasse sportive et qui exercent pour
des organismes professionnels ou spécialisés dans le domaine de l’éco-tourisme, ou de la recherche
de trophées des animaux (ivoire, plumes, cornes, queue, etc.).",41,structural,"[-0.015961,0.062554,-0.023527,-0.041972,0.001896,-0.076293,0.087895,-0.074888,-0.063229,0.002874,-0.045464,-0.093517,-0.020403,0.020843,-0.086689,0.015487,-0.001195,-0.029439,0.063321,0.002091,-0.048756,-0.089309,-0.075849,0.066329,-0.005917,0.014402,-0.018207,0.008043,-0.08132,-0.000765,-0.052135,-0.074844,-0.008335,0.048714,0.030921,0.039475,-0.016249,-0.129226,3.2e-05,0.013857,0.040023,0.040517,0.009285,0.053488,0.04882,0.033863,-0.026976,0.033254,0.036538,0.060252,0.075323,0.055061,0.002888,-0.004861,-0.041669,-0.06684,-0.097354,-0.052587,-0.043794,-0.063659,0.103742,-0.051316,-0.073741,0.017951,-0.054948,-0.117046,-0.04496,-0.025084,-0.014321,-0.035861,-0.076354,-0.003885,0.04211,-0.029482,0.013608,0.033067,-0.123249,0.004803,-0.075663,-0.102249,-0.002424,-0.04903,0.09815,-0.029729,0.007666,-0.022245,0.107329,-0.045151,0.04136,0.020803,-0.054314,-0.021535,0.074609,-0.002128,-0.059283,0.094703,-0.049063,-0.019803,0.081807,-0.008025,0.047657,0.013857,0.07709,0.008315,-0.050572,0.03095,-0.000878,-0.001991,0.016719,-0.034815,-0.096677,0.077487,0.108342,-0.004556,0.008676,0.051499,0.013761,-0.027834,0.027701,0.028405,0.017474,-0.022374,-0.00054,-0.014944,0.019679,-0.001373,0.022543,0,-0.044683,0.007733,-0.032275,0.081235,-0.032273,-0.031796,-0.051427,-0.009723,-0.018099,-0.028706,0.055901,-0.021979,0.014919,-0.025409,-0.074761,0.009304,0.089822,-0.082433,0.0295,-0.028359,-0.024271,0.041045,0.019577,0.056884,-0.011824,0.073866,0.025617,-0.009292,0.010653,0.047537,0.042961,-0.038236,0.010593,-0.026297,-0.015463,0.059771,0.12444,-0.016656,0.081947,-0.051848,-0.067439,-0.058674,0.044524,-0.015908,-0.038932,0.036025,0.112942,0.003184,0.007549,0.09315,-0.098218,-0.062485,-0.019548,-0.068212,-0.037874,-0.045349,-0.017896,-0.0119,-0.066296,-0.056225,0.099508,0.121912,-0.050377,-0.050931,-0.031625,-0.033534,0.029824,0.019283,-0.044328,0.056954,-0.070689,0.063098,-0.033932,-0.001264,0.011321,0.029025,0.069665,-0.053193,-0.005334,0.045327,-0.142676,-0.046368,-0.038677,-0.047872,-0.097395,-0.011713,0.020029,0.045164,0.033192,-0.004741,-0.046287,0.050619,0.038821,0.003364,-0.044114,3e-06,0.111164,-0.04493,0.017387,-0.019997,0.029444,4.3e-05,-0.02836,-0.01401,0.053611,0.010435,-0.122904,0.032206,0.072799,-0.050737,0.072735,-0.037259,-0.003062,-0.044053,-0.084971,0.011518,-0.061466,0.100635,0.059271,-0.010446,-0.094972,0.051183,0.038812,-0.034262,-0.005426,-0.039158,-0.034052,-0.079041,0.070893,-0.018203,-0.057808,-0.011732,0.050025,0.061051,-0.013856,-0.012334,0.096598,-0.007053,-0.013448,0.023209,0.012459,-0.03494,-0.056866,-0.03614,0.026616,-0.069717,0.063625,0.002747,0.020373,0.028849,0.066499,0.027192,-0.049913,-0.023622,0.022033,0.007225,-0.070234,0.053448,-0.024318,0.117287,0.0001,0.0075,-0.179289,-0.059653,-0.00698,0.145572,-0.074528,-0.024012,-0.083405,0.016511,-0.042441,0.030714,0.012652,0.016805,0.09773,0.027805,-0.002914,0.023721,0.050872,-0.014437,0.060145,-0.057686,-0.022292,-0.037509,-0.034238,0.035698,0.075737,-0.059826,0.070397,-0.03884,-0.022017,0,-0.03223,0.041788,-0.012233,0.034069,-0.041512,-0.026534,0.037983,0.045898,0.037026,0.067992,-0.004404,0.040093,0.084325,0.061545,-0.026806,0.037981,0.016203,0.007193,0.007924,0.05759,0.002227,-0.029946,-0.0016,-0.044501,-0.017327,0.071732,-0.04306,-0.076973,-0.025188,-0.018178,-0.047535,0.022658,-0.041106,-0.057246,0.004244,0.026475,-0.045166,0.027369,-0.02583,-0.02974,0.049077,0.06378,-0.013765,-0.014394,-0.017516,0.039178,0.059833,-0.030452,-0.010644,0.006489,-0.012642,-0.050928,0.022417,-0.004536,-0.055837,-0.031445,0.046363,-0.064138,0.034652,-0.03693,0.025816,-0.02652,-0.05582,-0.01515]",40,259
MEPC_2013_p036_c0042,MEPC_2013,Nomenclature Camerounaise des Métiers et Professions — 2013,1503 : Taxidermistes ou empailleurs,1502 : Guide de chasse,"La taxidermie est l'art de donner l'apparence du vivant à des animaux morts. Le métier
correspondant est celui de taxidermiste ou empailleur. Il peut intervenir dans la mesure des butins
de chasse tel que le trophée (ivoire, plumes, cornes, queue, etc.).",42,structural,"[-0.072659,0.049048,-0.068773,-0.025457,-0.062805,-0.085031,0.047872,-0.018002,-0.063415,-0.023161,0.008957,-0.018455,0.04272,-0.049256,-0.121544,0.077258,0.044046,-0.028495,0.064136,-0.030937,-0.05034,-0.07426,-0.090749,0.015168,0.076943,0.022145,-0.116542,0.028823,-0.020518,0.028904,-0.013319,-0.056857,-0.04359,-0.065207,0.026196,-0.058911,-0.006659,-0.043789,0.033089,0.010049,0.077381,0.038649,-0.033288,0.04554,-0.030632,-0.086467,-0.062782,0.009495,0.020376,0.017444,0.017875,0.029879,0.019378,-0.002039,-0.009623,-0.156935,0.003039,0.011539,-0.023276,-0.02871,0.016061,0.0186,-0.05833,-0.042632,-0.005504,-0.096164,-0.002657,-0.184773,-0.018642,0.011701,-0.147742,-0.022359,0.0845,-0.047006,-0.056549,-0.008553,-0.049082,0.030516,-0.060231,-0.112739,-0.038255,-0.040853,0.075523,-0.01558,-0.034222,-0.030832,0.015225,0.008267,0.042801,0.025433,-0.015868,5.3e-05,0.010288,0.033555,-0.016282,0.044448,-0.017656,-0.019685,0.055089,-0.011733,-0.024317,0.044307,0.016969,-0.017128,0.01394,0.011139,-0.029107,-0.05156,-0.01169,-0.044709,-0.038814,0.028614,0.092173,0.021409,0.010976,-0.005769,-0.007579,-0.015353,0.067751,0.037511,0.014679,-0.040673,0.023435,-0.039784,0.069163,-0.003047,0.127912,0,0.031106,0.021894,0.036599,0.069218,0.006841,-0.045103,-0.047021,0.082248,0.07095,-0.004208,-0.056736,-0.032092,-0.045657,0.056352,-0.047267,0.021453,0.040366,-0.099357,-0.019765,-0.039816,-0.06345,-0.028618,-0.012013,0.063987,-0.057029,0.10682,0.013401,-0.009863,-0.022186,0.071508,0.03403,0.047669,0.016097,-0.022887,-0.073914,0.053475,0.023033,0.043459,-0.017459,0.002693,0.005485,-0.002788,0.055089,-0.04814,-0.028197,0.08191,0.049033,-0.01201,0.003218,0.017679,-0.061791,-0.043205,-0.044075,-0.030296,-0.10498,-0.004021,-0.056884,-0.023559,-0.017276,-0.010363,0.021828,0.003188,0.081747,-0.029962,-0.009048,-0.028905,0.023641,-0.012102,-0.041771,0.07435,-0.026459,0.019504,0.027865,0.007866,0.035833,0.015303,0.044035,-0.039014,-0.03939,-0.034448,-0.121314,-0.052358,-0.041649,-0.103714,0.037567,-0.038224,0.008861,0.083494,0.026229,-0.000296,-0.086411,0.057609,0.028357,-0.031796,-0.012983,1e-06,0.12643,0.014193,-0.007929,-0.001835,-0.010985,0.022889,-0.027361,0.057758,0.037768,0.091231,-0.039281,0.015828,0.082441,0.011745,0.056412,-0.013047,-0.041649,-0.029644,-0.087509,0.019447,-0.074124,-0.032066,0.012719,0.034624,-0.063099,0.016588,0.007479,-0.047484,-0.076796,-0.004432,-0.039616,-0.073588,0.106878,0.013583,-0.085862,0.006005,0.10261,0.02892,-0.021923,-0.045104,0.078473,0.046902,0.01969,0.008823,0.041908,-0.06405,-0.092078,-0.049463,0.030497,-0.038185,0.091692,0.024465,0.0531,0.107779,0.008774,0.084939,-0.023372,-0.018433,0.044154,0.026873,-0.093535,0.024541,-0.012863,0.073192,0.014105,-0.048623,-0.054632,-0.084366,0.045123,0.069473,-0.004054,-0.018582,-0.019314,0.08114,-0.010132,0.060972,0.068628,-0.00224,0.055916,-0.067389,0.032245,-0.000863,0.054274,0.015257,-0.040844,-0.018944,0.028055,-0.028881,0.056044,-0.047556,0.058224,0.037257,0.014707,-0.06194,0.027439,0,0.021477,0.059744,0.002716,0.058459,-0.031362,0.006001,0.053623,0.12414,-0.080515,-0.007019,0.07416,0.040752,0.055306,0.046727,-0.018179,0.034704,0.006252,-0.048506,0.006719,0.085468,-0.003215,-0.033618,0.025919,-0.025818,-0.010461,0.04299,-0.056681,-0.02168,-0.010556,-0.032303,0.005749,0.063829,-0.047204,-0.061861,-0.090772,-0.022427,-0.001672,-0.058422,-0.033643,0.017993,0.099342,-0.046319,-0.057095,-0.112693,0.057988,0.034642,-0.030609,0.003947,-0.083992,0.106166,0.012952,-0.034833,0.024649,0.016421,-0.006419,-0.124686,-0.014541,-0.01671,0.058635,-0.037527,0.075307,0.076925,-0.025387,-0.050574]",43,254
MEPC_2013_p036_c0043,MEPC_2013,Nomenclature Camerounaise des Métiers et Professions — 2013,1504 : Autres professions fauniques non comprises ailleurs (Captureurs),1503 : Taxidermistes ou empailleurs,"Ce sont des personnes qui attrapent les animaux sauvages vivants à des fins diverses (vente,
cirques/exhibition, recherches, …).
Page 34
2 DIRIGEANTS, DIRECTEURS, CADRES DE DIRECTION ET GERANTS
Ce grand groupe comprend les travailleurs qui, en tant que membres élus ou désignés de la haute
administration, des régions, des collectivités locales ou des chefferies traditionnelles, ont
essentiellement pour fonctions de décider de la politique gouvernementale ou de participer à son
élaboration, de préparer et de modifier les lois, décrets et dispositions réglementaires; il comprend
aussi les travailleurs qui, en tant que cadres supérieurs de l'administration publique, organisent et
dirigent l'interprétation et l'application de la politique gouvernementale, ainsi que ceux qui, en
tant que directeurs et administrateurs, prévoient, organisent, coordonnent et dirigent les activités
d'entreprises ou d'organisations publiques ou privées, ou d'un ou de plusieurs départements de ces
entreprises ou organisations . Ces travailleurs sont classés dans les sous-groupes ci-après :
• 21 Membres de l'Exécutif, des corps législatifs, Directeurs Généraux et Cadres supérieurs
de l'Administration Publique ;
• 22 Dirigeants des organisations spécialisées ;
• 23 Directeurs et Cadres de Direction des grandes entreprises ;
• 24 Dirigeants et Gérants des petites entreprises.
21 Membres de l'Exécutif, des corps législatifs, Directeurs Généraux et Cadres
supérieurs de l'Administration Publique
Les travailleurs appartenant à ce sous-groupe décident de la politique gouvernementale ou
participent à son élaboration, la mettent en œuvre, préparent, modifient ou abrogent les lois,
décrets et autres dispositions réglementaires, votent les lois, et dirigent l'administration des
ministères en vue d'appliquer la politique du gouvernement et les lois, décrets et autres
dispositions réglementaires. Ils sont élus ou désignés et exercent leurs fonctions dans les
gouvernements nationaux, dans les régions ou les collectivités locales, ou bien dans des
organisations intergouvernementales. Ils sont classés dans les groupes de base ci-après:
• 2101 Membres de l'Exécutif ;
• 2102 Membres des Corps Législatifs (Parlement, Sénat, Assemblée Nationale) ;
• 2103 Directeurs Généraux et Cadres supérieurs de l'Administration Publique (y compris
ceux des EPA) ;
• 2104 Chefs traditionnels.
2101 Membres de l'Exécutif
Ce groupe de base comprend les travailleurs qui, en tant que membres élus ou désignés de la haute
administration, des régions, ou des collectivités locales, ont essentiellement pour fonctions de
décider de la politique gouvernementale, de participer à son élaboration ou à sa mise en œuvre, de
préparer et de modifier les lois, décrets et dispositions réglementaires; dans le cadre de la
Constitution qui détermine leurs pouvoirs et leur sphère de compétence. Ce groupe de base
rassemble les fonctions ci-après :
• Chef de l'Etat/Président de la République ;
Page 35
• Chef du Gouvernement ;
• Ministres",43,structural,"[-0.014924,0.002373,-0.050474,-0.087519,0.020522,-0.020564,-0.050336,-0.086501,-0.106422,0.000325,-0.082174,-0.014963,-0.010778,-0.021832,-0.058266,0.014938,-0.059646,-0.035715,0.021612,-0.071203,-0.109713,-0.062835,-0.09783,0.067209,-0.017563,0.028506,-0.003652,-0.121332,-0.012537,0.057053,-0.094023,-0.064301,0.034409,0.067902,-0.039888,-0.02464,0.010162,0.032259,0.018337,-0.02124,0.077306,-0.010984,0.036187,0.049222,0.040573,0.027579,-0.046708,-0.054546,0.01206,-0.006967,0.041515,-0.041083,0.061093,0.039222,-0.053442,-0.082764,-0.029058,-0.047491,-0.107966,0.033839,0.00557,0.001835,-0.135274,-0.036938,-0.011995,-0.027156,0.01727,-0.053848,-0.044754,0.022975,-0.003312,-0.029595,0.019559,-0.006642,0.050395,-0.020055,-0.083536,0.053514,0.007648,-0.043127,0.050083,-0.05044,-0.010481,0.000362,-0.043527,-0.003879,-0.057173,-0.009457,0.056484,0.032546,-0.010243,0.010505,0.053808,0.025615,0.027561,0.085969,0.07042,-0.002757,0.064126,0.01059,-0.063693,-0.008259,0.084636,-0.025925,-0.040871,-0.012715,-0.009255,-0.055876,-0.074241,-0.036677,-0.038165,0.021855,0.024201,-0.000234,0.0449,0.004778,-0.001433,-0.000107,0.000789,0.037998,-0.03645,0.056976,0.00973,-0.001638,0.141273,-0.021581,-0.031966,0,0.003709,0.110461,-0.006082,0.060966,-0.009342,-0.021494,0.052202,-0.011189,0.064547,0.006466,-0.026584,0.063936,0.035648,0.03889,-0.013286,0.032733,-0.022063,0.006232,-0.06799,0.01451,-0.006266,0.014375,-0.070414,0.0606,-0.065912,0.112684,0.019958,-0.006593,-0.033098,0.059063,0.037647,0.061882,0.023179,0.010948,-0.00815,0.061646,0.039062,-0.03597,0.107235,0.002867,-0.054175,-0.02067,0.114138,0.01348,-0.01144,0.035662,0.047353,0.014733,-0.027465,0.123797,-0.027481,-0.058659,0.007469,0.041707,0.000715,-0.074827,-0.04705,0.112436,-0.01049,-0.118106,0.002763,0.116779,0.007445,0.124596,-0.005873,-0.005693,-0.020919,-0.030621,0.07252,0.044591,0.016934,0.038498,-0.031194,-0.011706,-0.00257,0.014507,0.067982,-0.087013,-0.071303,0.030587,-0.15092,0.038144,0.023201,-0.062132,0.066202,-0.009547,0.029795,0.04439,0.093923,0.007724,-0.040443,-0.066875,0.144025,0.046771,-0.075711,-4e-06,0.095053,-0.034305,0.025136,0.003738,0.052599,0.025873,0.042046,-0.036558,0.05271,-0.010808,0.003094,-0.050557,0.031113,0.025923,0.029031,-0.019283,-0.058683,-0.090008,-0.062748,-0.020725,0.020044,-0.042688,0.001476,0.108895,-0.092738,-0.007756,0.013868,-0.08024,-0.023216,-0.035027,-0.018036,-0.079175,-0.031895,-0.020585,-0.093491,-0.052345,0.059698,0.080446,-0.008733,-0.020303,0.066011,-0.015302,0.024249,0.032573,-0.035138,-0.061002,-0.004701,-0.072661,0.013781,-0.104293,0.022863,-0.059438,0.001794,0.047516,0.065597,-0.017089,0.032826,-0.053042,-0.054578,0.04515,-0.040057,-0.02293,0.013554,0.090188,0.003433,-0.048662,-0.020532,0.029939,0.033803,0.068185,-0.041268,-0.0491,-0.077055,0.040518,-0.025832,0.068827,0.045224,0.011379,0.010671,-0.023582,0.044213,-0.062114,-0.026336,-0.00442,-0.002141,0.021754,-0.005724,0.04798,0.025494,-0.020282,0.032997,0.007889,0.048691,-0.04398,0.042511,0,0.06312,0.086903,-0.075054,0.058731,-0.128246,-0.043639,-0.045054,-0.004561,-0.023233,0.006854,0.013877,-0.065565,-0.006686,-0.066319,0.036579,-0.090733,-0.043802,0.017966,-0.038194,-0.020927,0.01733,-0.031078,-0.029941,-0.063894,-0.0186,0.117695,-0.017475,-0.008036,-0.05952,0.051963,-0.003543,0.069016,-0.076184,-0.048547,-0.047739,-0.072693,0.035557,-0.024424,0.009779,-0.038178,0.008526,-0.014351,-0.089969,-0.085184,0.001182,-0.016272,0.017036,-0.032307,0.060647,0.01753,-0.028181,-0.006507,0.004138,0.014785,0.054647,0.002032,0.025426,-0.055041,0.044297,-0.088369,0.014759,-0.090009,-0.064299,0.069425]",436,3000
MEPC_2013_p038_c0044,MEPC_2013,Nomenclature Camerounaise des Métiers et Professions — 2013,sous-groupe 51.,1504 : Autres professions fauniques non comprises ailleurs (Captureurs),"Les fonctions de ce groupe de base sont :
Page 36
• Directeurs Généraux et assimilés (Directeurs Généraux, Directeurs Généraux Adjoints, Directeurs d'EPA dotés
d'un Comité de Direction ou d'un Conseil d'Administration) ;
• Conseillers Techniques des ministères ;
• Inspecteurs de Service ;
• Directeurs et assimilés ;
• Sous-directeurs et assimilés ;
• Chefs de Services et assimilés ;
• Chefs de Bureau de l'Administration Publique.
2104 Chefs traditionnels
Les chefs traditionnels et les chefs de village s'acquittent de toutes sortes de fonctions et de tâches
législatives, administratives et cérémonielles, issues tant d'une longue tradition que de la
répartition des pouvoirs et des responsabilités entre les chefs de village et les autorités locales,
régionales et nationales.
Les tâches accomplies consistent d'ordinaire à: répartir entre les ménages de la communauté, le
droit d'utilisation des terres et d'autres ressources appartenant à la commune; recueillir et
distribuer les excédents de production de la communauté ou du village; régler les différends entre
les membres de la communauté ou du village; châtier les membres de la communauté ou du village
qui violent les règles établies et la coutume; célébrer les cérémonies à l'occasion des naissances, des
mariages, des décès, des moissons et d'autres festivités traditionnelles; représenter la communauté
ou le village aux conseils locaux ou régionaux; à se charger d'informer la communauté ou le village
des décrets et dispositions réglementaires du gouvernement.
Les professions de ce groupe de base sont :
• Chef de premier degré ;
• Chef de deuxième degré ;
• Chef de troisième degré ;
• Autre détenteur d'autorité traditionnelle non compris ailleurs.
22 Dirigeants et cadres supérieurs des organisations spécialisées
Les dirigeants et les cadres supérieurs d'organisations spécialisées définissent et formulent la
politique de ces organisations (parti politique, organisation professionnelle des travailleurs, une
organisation professionnelle des employeurs, association professionnelle ou industrielle, d’une
organisation humanitaire, d’une association sportive, etc.), dont ils dirigent la mise en application,
représentent cette organisation et agissent en son nom.
Les tâches accomplies consistent d'ordinaire à: définir et formuler la politique, les statuts et le
règlement interne de l'organisation; entreprendre des négociations pour le compte de
l'organisation, de ses membres et des groupements à finalités particulières qui lui sont rattachés;
servir les intérêts de l'organisation, de ses membres et des groupements à finalités particulières qui
lui sont rattachés devant le parlement, les pouvoirs publics ou l'opinion; à prévoir, organiser et
Page 37
diriger les organes chargés d'appliquer la politique, les statuts et le règlement interne de
l'organisation.
Ce sous-groupe rassemble les groupes de base ci-après :
• 2201 Dirigeants et cadres supérieurs de parti politique ;
• 2202 Dirigeants et cadres supérieurs d",44,structural,"[0.017406,0.022835,0.017896,-0.019172,0.0101,-0.0602,-0.102973,-0.144231,-0.061386,0.006255,-0.04493,0.016925,-0.025599,-0.033822,-0.02711,-0.099034,-0.060991,-0.030781,-0.026091,-0.068406,-0.083103,-0.0057,-0.05664,-0.025611,0.001698,5.6e-05,-0.06032,-0.041403,-0.023069,0.047792,-0.142609,-0.115629,0.063936,0.061341,-0.040064,-0.011383,0.011486,-0.025854,-0.045186,-0.022629,0.032532,0.00254,0.016456,0.082559,0.00297,0.092934,-0.085359,0.03339,-0.075691,-0.014476,0.044439,-0.035553,0.065091,0.122344,-0.017478,-0.004616,-0.031978,-0.1027,-0.033217,-0.040496,0.010943,0.025135,-0.100905,0.016913,0.016951,-0.017423,0.083934,0.020708,0.021351,-0.033384,0.038263,-0.033413,0.075887,0.023888,0.053849,0.003806,-0.112265,0.032373,0.082095,-0.092588,0.041724,-0.039181,-0.001296,0.034996,-0.032554,-0.044035,0.063771,-0.085819,0.027205,0.000922,-0.0586,0.045517,0.003439,-0.03339,0.012829,0.03333,0.069323,0.059263,-0.072985,0.029677,0.002009,0.007321,-0.036159,-0.082243,-0.030275,-0.019824,0.061552,-0.021145,-0.06281,-0.067594,-0.042397,0.087012,-0.028008,-0.056312,0.040415,-0.067523,0.031556,0.025051,0.043502,-0.030833,-0.002933,0.01664,-0.056044,0.075973,0.089646,0.12618,-0.099419,0,0.050945,0.095348,-0.011152,0.02924,-0.005965,-0.041044,0.003551,0.024859,-0.045527,0.05256,0.034098,-0.057313,0.052747,-0.046954,0.018645,-0.005962,0.040952,0.023451,-0.003921,0.016703,-0.019177,0.068832,-0.047909,-0.018506,-0.053601,0.052681,-0.020804,-0.005359,-0.023579,0.034581,0.048529,-0.055709,-0.008245,-0.003692,-0.043955,-0.02017,0.110509,-0.037743,0.060751,-0.022459,-0.040337,0.016489,0.020911,-0.047302,0.025234,0.023684,-0.007837,-0.01717,0.018593,0.088402,0.003044,-0.05612,0.037773,-0.009631,0.008274,-0.048827,0.010979,0.083615,0.048191,-0.089376,0.008515,0.087128,-0.021451,0.091189,-5.9e-05,0.01039,0.031748,0.029154,0.073199,0.015955,-0.050418,0.014293,-0.047388,0.009662,-0.010422,0.004653,0.113026,-0.102186,-0.046368,0.003171,-0.015872,0.015342,-0.026542,0.008045,-0.035403,0.008839,-0.002317,0.046737,0.041191,0.028336,-0.015676,-0.033702,0.134931,0.055433,-0.025701,0,0.10201,-0.035947,-0.03964,0.002925,0.043693,-0.00463,-0.052054,-0.099427,0.084776,-0.042568,-0.019483,-0.03103,-0.021206,0.006324,-0.012821,0.014785,-0.082596,-0.097119,0.00982,0.001134,-0.021937,0.002301,0.113548,0.100103,-0.037381,0.055635,-0.013083,-0.002501,0.003543,-0.030454,0.018745,-0.061511,-0.020999,0.056649,-0.114544,-0.00724,0.033547,0.053949,-0.004615,0.024988,0.012408,0.004282,0.005333,0.020592,0.003147,-0.036741,0.115287,-0.069941,-0.067367,0.010304,-0.040332,-0.080696,-0.070519,0.007041,0.043579,0.019723,0.041008,-0.01788,0.004687,0.016902,0.010338,-0.00644,-0.005241,0.073213,0.005706,0.016402,0.007892,0.036025,0.028747,0.095814,-0.054794,-0.108597,-0.040321,0.041642,-0.029065,0.064862,0.070166,0.004596,-0.105213,0.021258,-0.020108,-0.062888,-0.105945,0.057668,0.004224,-0.001063,0.04577,0.085088,0.002745,0.0365,0.019272,-0.067463,0.092394,-0.060163,0.001531,0,0.083046,0.062431,-0.081042,0.071137,-0.031001,-0.067834,-0.023255,-0.049073,0.035431,0.033154,0.020108,0.020442,0.000342,-0.079566,-0.005356,-0.050308,-0.090587,0.011404,-0.061129,0.006839,-0.036455,-0.046682,-0.069075,-0.070556,-0.03949,0.020621,-0.008965,-0.003578,-0.058846,0.001651,-0.042662,0.057935,-0.036214,0.008005,0.047766,0.048885,-0.012872,0.047047,0.055541,-0.046439,-0.009141,0.021222,-0.036929,0.006897,-0.044912,0.020376,0.029244,0.028951,0.071916,0.000369,0.011395,0.032678,0.027077,0.044724,0.000507,0.064011,-0.004327,-0.023126,0.079266,-0.09688,0.020585,-0.067037,-0.144228,-0.019578]",439,3000
MEPC_2013_p045_c0045,MEPC_2013,Nomenclature Camerounaise des Métiers et Professions — 2013,"sous-groupe 24. Par exemple, il conviendrait de classer ici les chefs de petites entreprises exerçant",sous-groupe 51.,"des activités éducatives, sanitaires ou encore récréatives, culturelles ou sportives qui, pour leur
propre compte ou pour le compte du propriétaire, en planifient, dirigent et coordonnent les
activités. Leurs tâches consistent à: planifier et mettre en œuvre la politique de l'entreprise; établir
des prévisions budgétaires; négocier avec les fournisseurs, les clients et d'autres organismes;
planifier et contrôler l'utilisation des ressources et à recruter le personnel; diriger le travail
quotidien; le cas échéant, à faire rapport au propriétaire.
Page 43",45,structural,"[0.00427,0.060715,-0.003331,0.009136,0.015873,0.052159,-0.0494,-0.06363,-0.025013,0.052992,0.025952,0.006385,-0.0198,-0.069644,0.007044,-0.101634,-0.047195,-0.034554,-0.040049,-0.081712,-0.038688,-0.064591,-0.036317,0.021072,-0.002638,0.050176,-0.02334,0.004513,-0.025517,0.060778,-0.04978,-0.057723,0.067896,0.02018,-0.037121,-0.004166,-0.059924,-0.060527,-0.052234,0.038823,0.035523,0.013096,-0.028782,0.104403,0.023669,0.092463,-0.035277,0.074394,-0.068068,-0.035855,0.032025,-0.05838,0.039496,0.051595,0.02677,-0.037846,-0.051254,-0.082506,-0.007503,-0.081421,0.070324,-0.03144,-0.076543,-0.007855,-0.03932,0.035482,0.121763,0.055225,0.006444,-0.021245,0.053156,0.006238,0.074367,-0.042231,0.018084,0.041713,-0.026114,-0.089236,0.029766,-0.059888,0.027278,-0.04775,-0.024294,-0.001131,0.009981,-0.084954,0.092558,-0.09338,0.119615,0.023533,-0.132763,0.040217,-0.058672,-0.041636,-0.048887,0.042224,-0.038122,0.016835,-0.038531,0.048532,-0.016754,0.039398,-0.028566,-0.048361,-0.034328,-0.069793,0.058985,0.039733,-0.04575,-0.045135,-0.071971,0.027472,0.000537,-0.035965,0.069505,-0.085702,0.001063,0.006215,-0.012589,-0.040203,-0.005446,0.031748,0.009536,0.049538,0.002764,0.07464,-0.107729,0,0.008836,-0.015689,-0.011241,0.05762,0.041279,-0.028361,0.011243,0.062342,-0.071379,0.018851,0.06186,-0.102155,0.069831,0.047192,0.047286,-0.025353,-0.018363,0.019947,0.003886,-0.010692,-0.076539,0.099076,-0.009514,-0.093839,-0.092167,0.009178,-0.011012,-0.002349,-0.014782,0.014804,0.054092,-0.060924,-0.065316,0.05533,-0.063284,-0.016916,0.046246,0.010738,0.080464,-0.033727,-0.028074,0.039906,0.022033,-0.034378,0.017836,0.032703,-0.009958,-0.024214,-0.02798,0.037493,0.006427,-0.046701,0.026244,-0.077144,0.00502,-0.048871,-0.03888,0.081329,-0.015275,-0.103056,0.020943,0.098479,-0.000966,0.010969,0.008586,0.059273,0.022661,-0.050569,0.063329,0.018842,-0.000793,0.028176,-0.020706,0.002722,-0.005198,0.006962,0.05405,-0.038147,-0.0875,0.006428,0.050343,-0.036864,-0.010392,0.030721,-0.094158,0.031678,0.007628,0.046027,0.065775,0.062733,-0.04826,-0.082814,0.088966,0.038025,-0.04344,-6e-06,0.090692,0.001327,-0.059411,0.015952,0.082841,-0.01924,-0.133462,-0.092593,0.018396,-0.027022,-0.013927,0.005837,0.028882,0.003651,0.022417,0.004967,-0.026119,-0.087522,0.050836,-0.075822,0.001306,-0.002339,0.073137,0.090526,-0.024253,0.002486,0.005495,0.042983,-0.033222,0.001527,0.033681,-0.064623,0.000641,0.04655,-0.08798,0.066686,0.002993,0.018522,-0.018483,0.034704,0.001488,-0.028257,-0.013715,0.072138,0.004366,0.00021,0.175817,-0.056868,-0.025191,0.101933,-0.036397,-0.101771,-0.091023,-0.026875,0.009906,-0.015484,-0.008436,-0.063729,0.026148,-0.010388,0.018285,-0.019629,-0.026582,0.021329,-0.04498,-0.001748,-0.001079,-0.029831,0.06648,0.073486,-0.04127,-0.017442,-0.045298,0.011507,-0.025881,0.043351,0.04286,0.092982,-0.068087,0.01328,-0.027227,-0.038586,-0.06264,0.046364,0.044118,-0.00986,0.028331,0.076981,-0.021892,0.087399,0.024332,-0.034595,0.113865,-0.062902,-0.071613,0,0.092706,0.024796,0.011506,0.078666,-0.037144,-0.046592,0.007388,-0.027544,0.065284,0.100982,0.031941,0.017428,0.035725,-0.02532,-0.057571,-0.055296,-0.058027,0.029948,-0.069261,-0.007671,0.012628,-0.084214,-0.041287,-0.069579,0.029081,-0.004864,-0.022742,-0.051498,-0.069383,0.007213,-0.024503,0.03517,-0.044095,0.00828,0.071289,0.012085,-0.030733,0.076881,0.064517,0.033222,-0.010578,0.015892,-0.059528,0.038033,-0.040049,0.002482,-0.047072,-0.002991,0.035546,0.044804,-0.00092,0.046815,0.003363,0.070317,-0.026092,0.022985,-0.011614,0.013508,0.079945,-0.059612,-0.004099,0.037952,-0.194885,-0.033856]",82,559
MEPC_2013_p046_c0046,MEPC_2013,Nomenclature Camerounaise des Métiers et Professions — 2013,3 PROFESSIONS INTELLECTUELLES ET SCIENTIFIQUES,"sous-groupe 24. Par exemple, il conviendrait de classer ici les chefs de petites entreprises exerçant","Les travailleurs appartenant à ce grand groupe font de la recherche et appliquent les connaissances
scientifiques pour résoudre des problèmes divers d'ordre technique, économique, social et
industriel, et ils remplissent d'autres fonctions relevant des professions scientifiques, techniques,
libérales, artistiques et assimilées, dans des domaines tels que les sciences physico-chimiques et les
sciences naturelles, les sciences de l'ingénieur, le droit, la médecine, la religion, l'enseignement, la
littérature, les arts, les divertissements et les sports.
Ils sont classés dans les sous-groupes ci-après:
• 31 Spécialistes des sciences et techniques ;
• 32 Spécialistes de la santé ;
• 33 Spécialistes de l’enseignement ;
• 34 Spécialistes en administration et management d’entreprises ;
• 35 Spécialistes des technologies de l’information et des communications (sauf
télécommunications cf. 31) ;
• 36 Spécialistes de la justice, des sciences sociales et de la culture ;
• 37 Spécialistes de l’animation et de l’orientation scolaire, universitaire et professionnelle ;
• 38 Spécialistes de la logistique et de la messagerie.
31 Spécialistes des sciences et techniques
Les spécialistes des sciences et techniques effectuent des recherches sur des théories, des concepts
et des procédés, les améliorent ou en mettent au point de nouveaux, ou mettent en pratique des
connaissances scientifiques touchant la physique, l'astronomie, la météorologie, la chimie, la
géophysique, la géologie, la mathématique, la statistique, l'informatique, l'architecture, l'ingénierie
et la technologie.
Ils sont classés dans les groupes de base ci-après :
• 3101 Physiciens, chimistes et assimilés (sauf ingénieur de l’électrotechnique cf. 3104);
• 3102 Mathématiciens, actuaires, statisticiens et démographes ;
• 3103 Spécialistes des sciences de la vie, de la terre et assimilés (sauf spécialistes de la santé) ;
• 3104 Ingénieurs de l'électrotechnique et des télécommunications ;
• 3105 Architectes, urbanistes, géomètres, ingénieur de Génie civil et assimilés;
• 3106 Autres personnels spécialistes des sciences et techniques.
3101 Physiciens, chimistes et assimilés (sauf ingénieurs de l’électrotechnique cf. 3104)
Les physiciens, les chimistes et les spécialistes assimilés effectuent des recherches sur des concepts,
des théories et des procédés, les améliorent ou en mettent au point de nouveaux, ou mettent en
pratique des connaissances scientifiques touchant la physique, la météorologie, la chimie, la
géologie et la géophysique.
Page 44
Les tâches accomplies consistent d'ordinaire à: enrichir les connaissances scientifiques par la
recherche et l'expérimentation en mécanique, en thermodynamique, en optique, en acoustique, en
électricité, en magnétisme, en électronique, en diverses branches de la chimie ainsi qu'en ce qui
concerne les conditions atmosphériques ou les caractéristiques physiques de la terre, et à mettre en
pratique ces connaissances ou à donner des avis dans des domaines tels que les i",46,structural,"[-0.011566,-0.020832,-0.038775,-0.000638,0.026889,-0.063798,-0.068751,-0.045857,-0.031382,0.028951,-0.112902,0.024157,-0.033177,0.003647,-0.092895,0.033859,-0.108702,0.074185,-0.04742,-0.038402,-0.029047,0.002392,0.087158,0.006337,-0.010069,0.009157,-0.010704,-0.053146,-0.117568,0.081698,-0.018335,-0.016287,-0.030825,0.022995,-0.061683,-0.040224,-0.058291,0.097627,-0.001117,0.073927,-0.000443,-0.048145,0.042367,0.026894,0.019209,0.000528,-0.06253,-0.0857,0.068551,-0.023489,-0.022856,-0.088255,0.001922,0.08968,0.024077,-0.030382,0.047192,0.029763,-0.118401,0.006408,0.055182,0.028774,-0.08862,-0.044461,0.003115,0.013058,0.01357,0.015154,-0.089274,0.04305,0.056376,0.035371,0.036993,0.013548,0.058363,0.003565,-0.028078,0.015248,0.060037,-0.032674,0.074037,-0.09066,-0.037872,-0.018317,-0.044686,-0.026537,-0.077161,-0.010727,-0.003201,0.052923,0.009413,-0.02138,0.013948,0.0082,0.027577,0.028035,0.049686,-0.01931,0.01383,0.005738,-0.052696,-0.016965,0.038704,0.040324,0.015192,0.019338,-0.032095,-0.032661,-0.047781,0.026409,0.005575,0.073762,-0.021023,0.058395,0.00158,0.161038,0.029503,0.060928,0.026339,0.026169,-0.090157,-0.008356,0.03751,-0.042444,0.106384,0.076042,-0.039923,0,-0.033639,0.069933,-0.047733,0.05226,-0.059327,-0.041944,-0.041764,-0.053257,0.012021,-0.021874,0.015203,0.017633,0.112362,0.004924,-0.028303,0.063372,-0.02952,0.020503,-0.070365,-0.014116,0.036467,0.002966,-0.04038,0.019847,-0.08695,0.019939,-0.023145,-0.031357,0.019625,0.025507,-0.002552,0.049937,-0.047717,-0.010604,0.044182,-0.012887,0.047472,-0.047755,0.059648,0.01729,0.066545,-0.009968,0.055198,-0.040927,0.021525,0.04338,-0.013481,-0.032929,-0.013096,0.075737,-0.045883,0.017417,0.086079,-0.015457,0.087468,-0.037177,-0.04213,0.067264,-0.020343,-0.050992,-0.039794,0.104449,0.022257,0.019962,0.041473,0.008287,-0.04326,0.044238,0.033799,0.065312,-0.068411,0.043074,-0.009868,-0.010335,-0.040455,0.004989,-0.010319,-0.048453,-0.083725,0.026336,0.012071,0.045453,-0.011826,-0.038083,0.011907,0.027911,-0.046196,0.033248,0.021419,-0.049606,-0.033446,-0.053311,0.075548,0.000826,-0.087747,1e-06,-0.054436,-0.041527,-0.004042,0.033724,0.09537,0.007302,-0.031371,-0.066717,-0.030488,-0.056412,0.03673,-0.026084,0.004703,-0.083641,0.044822,-0.059561,-0.172201,-0.063197,-0.067022,0.036169,0.063579,-0.057941,-0.007263,0.009253,-0.052718,0.035631,0.017542,-0.027891,-0.004123,0.012514,0.039733,-0.013558,0.043656,-0.035224,-0.025194,0.067675,0.072833,-0.022559,0.068467,-0.002496,0.019987,0.042692,0.016015,-0.003391,-0.015487,-0.004661,0.00167,0.049794,0.035685,0.010302,0.021,-0.087657,-0.052213,0.003649,0.088379,-0.075457,-0.010782,-0.046518,-0.082533,0.0886,0.00793,0.004423,0.003527,0.124077,-0.047494,0.029394,0.022337,0.122314,-0.017659,0.030196,0.002983,0.054272,0.008593,-0.022645,0.075326,0.100778,-0.009915,0.081442,-0.077246,0.058858,0.08107,-0.086587,-0.016874,0.053132,0.007212,0.012402,-0.030024,0.030083,-0.048298,-0.15267,0.036737,-0.051464,-0.021586,-0.055739,-0.004995,0,0.114271,-0.021984,-0.052413,0.01043,-0.088548,0.012871,-0.10991,-0.009106,-0.021602,0.067418,-0.047159,0.004838,-0.006235,-0.017321,0.049799,-0.153544,-0.049746,0.063274,-0.043037,-0.044158,0.080385,-0.041043,0.010541,-0.063346,0.059079,0.060633,-0.046652,-0.111089,-0.046546,0.052638,-0.001125,-0.005733,-0.034881,-0.006324,0.054437,-0.076567,0.046457,-0.017044,-0.037903,0.076589,0.020285,0.04541,-0.097678,0.012974,0.002787,-0.058407,0.03294,-0.005433,0.061063,0.048818,-0.024008,-0.018101,0.016881,-0.040626,-0.067465,0.092501,-0.009194,-0.012759,-0.052053,-0.036642,0.055134,-0.080812,-0.016632,0.023167]",428,3000
MEPC_2013_p047_c0047,MEPC_2013,Nomenclature Camerounaise des Métiers et Professions — 2013,domaines.,3 PROFESSIONS INTELLECTUELLES ET SCIENTIFIQUES,"Météorologues
Les Météorologues effectuent des recherches sur des concepts, des théories et des procédés qui se
rapportent à la composition, à la structure et à la dynamique de l'atmosphère, les améliorent ou en
mettent au point de nouveaux, et préparent des prévisions météorologiques détaillées ou à long
terme utilisées dans l'aviation, la navigation, l'agriculture, et dans d'autres secteurs d'activité, ainsi
que pour l'information du public en général;
Page 45
Géologues et géophysiciens
Les géologues et géophysiciens effectuent des recherches sur des concepts, des théories et des
procédés, les améliorent ou en mettent au point de nouveaux, ou appliquent des connaissances
scientifiques de géologie et de géophysique dans des domaines tels que l'exploitation du pétrole,
du gaz et d'autres ressources minérales, la conservation des eaux, le génie civil, les
télécommunications et la navigation.
Ingénieurs mécaniciens
Les ingénieurs en mécanique ou ingénieurs mécaniciens assurent la conception d'un assemblage
mécanique ainsi que le suivi de sa réalisation. Ils se chargent de fabriquer un prototype et de
développer de nouveaux produits pour l'entreprise, le plus souvent au sein d'un bureau d'études.
Ils gèrent aussi la production de ce produit à toutes les étapes. Responsables de la fabrication, ils
conseillent l'entreprise et la clientèle et évaluent les risques et les techniques utilisés pour son
élaboration. Enfin, ils supervisent l'installation et la pénétration du produit sur le marché, ainsi
que sa maintenance.
Autres physiciens, chimistes et assimilés non classés ailleurs
Les travailleurs classés ici font de la recherche et mettent au point des applications pratiques dans
des domaines des sciences physico-chimiques qui ne sont pas compris dans les professions listées
ci-dessus, à l’exemple des ingénieurs métallurgiques
3102 Mathématiciens, actuaires, statisticiens et démographes
Les travailleurs appartenant à ce groupe de base effectuent des recherches dans les domaines des
mathématiques fondamentales et appliquées, des sciences statistiques.
Les spécialistes de ce groupe de base sont :
• Mathématiciens ;
• Ingénieurs statisticiens, démographes ;
• Actuaires.
Mathématiciens
Les mathématiciens effectuent des recherches dans le domaine des mathématiques fondamentales
pour faire progresser la connaissance des mathématiques et pour développer et améliorer les
techniques mathématiques. Ils donnent des avis sur les applications pratiques des principes et
techniques mathématiques pour résoudre des problèmes qui se posent en matière de recherche
scientifique, de technique industrielle, de logistique, d'utilisation des ordinateurs et dans d'autres",47,structural,"[-0.013882,-0.056738,0.018136,0.008948,0.03129,-0.077764,-0.047011,-0.069001,0.014672,0.007544,-0.129079,0.016393,0.010628,-0.004903,0.03572,0.021663,-0.065078,0.011434,-0.009114,-0.000595,0.054736,0.030881,-0.022099,0.023809,0.025046,0.055738,0.008049,0.021715,-0.052349,0.083194,-0.02663,-0.005544,-0.00399,0.001665,0.00782,0.023724,-0.04602,0.088134,-0.055246,-0.002642,0.043595,-0.076073,0.076383,0.046014,-0.015702,0.043878,-0.023145,-0.036528,0.013618,-0.020467,-0.017186,-0.085651,-0.038814,0.0272,-0.041086,0.057162,0.015123,0.021343,-0.061402,-0.073914,-0.028685,0.021024,-0.089087,6.4e-05,0.084311,-0.025367,0.022037,0.030824,-0.045347,0.063148,0.047735,0.06809,0.047797,-0.033246,0.078705,-0.018872,-0.025336,-0.026712,-0.048373,-0.087471,0.107396,-0.024084,0.053687,-0.002005,-0.098597,0.009953,-0.047695,-0.016864,0.001241,-0.00121,-0.032725,-0.096857,0.074664,0.050364,0.005594,0.057008,0.043931,-0.040346,0.014682,-0.008381,0.004858,0.018305,0.007525,0.002001,0.039711,-0.023866,-0.09543,0.032462,-0.093932,0.038437,-0.030345,0.007865,-0.012494,0.001319,0.039263,0.03839,0.015945,-0.042459,-0.05401,-0.059841,-0.092265,0.032819,0.030032,-0.060691,0.065445,-0.042438,0.001102,0,0.060158,0.059688,-0.08366,0.056789,-0.024961,0.081236,-0.051091,-0.026494,0.044152,0.01789,-0.011214,0.072448,0.066703,0.001293,-0.004035,0.100084,-0.03384,0.026929,0.003354,0.053505,-0.02804,0.058031,-0.074088,0.058,-0.047785,0.050756,-0.000928,-0.037987,-0.097063,-0.012402,0.030294,0.036996,-0.072178,0.016658,0.079891,-0.01175,0.035755,-0.04432,-0.005648,-0.027387,-0.022363,-0.058529,0.005434,-0.046507,0.011738,0.030291,0.029359,0.003775,-0.053154,0.053914,0.010528,0.028136,0.092743,0.000244,0.054207,-0.011896,-0.056645,0.029584,-0.021696,-0.076294,-0.013059,0.054892,0.040081,0.058765,0.039636,-0.010412,-0.061281,-0.025652,0.005088,0.042004,0.019628,0.075166,-0.020621,0.077228,-0.046348,0.001938,0.009399,-0.089103,-0.071052,0.080607,-0.013884,-0.051738,0.007165,-0.046655,-0.01153,-0.021401,0.032381,-0.009631,0.016602,-0.040848,-0.073119,-0.030384,0.041296,-0.023384,-0.061183,1e-06,-0.040023,-0.046838,-0.01323,0.062676,-0.001248,0.008151,-0.031491,-0.015075,-0.069482,-0.042794,-0.023319,0.057998,0.052392,-0.092445,0.072829,-0.059053,-0.041423,-0.114245,-0.11231,0.006383,0.034456,-0.035913,-0.122568,0.010594,-0.084787,0.018692,0.050425,-0.078898,-0.057285,0.062666,0.015685,0.055099,-0.00112,-0.047356,-0.015353,0.025645,0.098783,-0.066625,0.000465,-0.065543,-0.012641,0.074475,0.025537,-0.005801,-0.018394,0.013294,-0.003507,0.045285,0.107986,-0.000544,-0.010682,-0.118874,0.016478,-0.018624,0.080457,-0.104496,0.014176,-0.042115,0.038825,0.067005,-0.017172,0.031509,-0.005674,0.146302,-0.062989,-0.030228,-0.008131,0.091531,0.011403,0.099832,-0.00883,0.034476,-0.021261,-0.040837,0.054135,0.069623,0.052746,0.117338,-0.054779,-0.03143,0.078013,-0.025264,0.040531,0.086111,0.040347,0.046054,-0.017623,0.02668,-0.038284,-0.097267,0.052273,-0.000324,-0.112935,-0.002379,-0.042319,0,0.049389,0.004858,-0.012836,0.015129,-0.134449,0.018192,0.023174,0.00781,-0.01511,0.080209,-0.037334,0.008467,-0.052698,0.03227,0.031568,-0.147008,0.025207,0.007838,-0.069228,-0.026819,0.050016,-0.005752,-0.030954,-0.126554,0.087488,0.078949,-0.013931,-0.085026,-0.050401,0.002226,-0.032521,0.058154,-0.055323,-0.041543,0.02001,-0.126567,0.115263,0.03303,-0.045089,-0.038081,-0.024222,0.024433,-0.036834,-0.002803,0.022795,-0.057473,0.041399,0.021816,0.005668,0.021638,-0.096414,-0.00757,0.010468,-0.036293,0.008356,0.015467,-0.010969,-0.011309,-0.046639,-0.065104,0.00566,-0.054471,-0.092173,0.000806]",393,2687
MEPC_2013_p048_c0048,MEPC_2013,Nomenclature Camerounaise des Métiers et Professions — 2013,domaines. Ils effectuent des analyses logiques de problèmes de direction et élaborent des modèles,domaines.,"mathématiques pour la programmation et la résolution de ces problèmes par un ordinateur.
Ingénieurs statisticiens, démographes
Les Ingénieurs statisticiens et les démographes effectuent des recherches sur les bases
mathématiques de la statistique et de la démographie. Ils renouvellent et améliorent la
méthodologie statistique, donnent des avis sur les applications pratiques des méthodes statistiques,
préparent et effectuent des enquêtes statistiques, évaluent, mettent en ordre, analysent et
Page 46
interprètent les données numériques obtenues par des enquêtes spéciales ou provenant d'autres
sources.
Actuaires
Ils appliquent leurs connaissances des mathématiques, des statistiques et des questions financières
à l'élaboration et à la gestion de régimes de pensions et de systèmes d'assurance-vie, d'assurance-
santé, d'assurance sociale et d'assurance-accidents.
3103 Spécialistes des sciences de la vie, de la terre et assimilés (sauf spécialistes de la santé)
Les spécialistes des sciences de la vie et de la terre effectuent des recherches sur des concepts, des
théories et des procédés, les améliorent ou en mettent au point de nouveaux, ou appliquent des
connaissances scientifiques en des disciplines telles que la biologie, la microbiologie, la botanique,
la zoologie, l'écologie, l'anatomie, la bactériologie, la biochimie, la physiologie, la cytologie, la
génétique, l'agronomie, la pathologie ou la pharmacologie.
Les tâches accomplies consistent d'ordinaire: à effectuer des recherches et à acquérir des
connaissances scientifiques par l'étude de la vie humaine, animale et végétale dans toutes ses
manifestations, y compris d'organes, de tissus, de cellules et de micro-organismes particuliers, et
par l'étude des effets que peuvent avoir sur eux des facteurs liés au milieu, des médicaments ou
d'autres substances; à donner des avis sur des sujets tels que l'agriculture, l'industrie
pharmaceutique et d'autres industries, ou la médecine, ou à y appliquer leurs connaissances; à
préparer des communications scientifiques et des rapports.
Les professions de ce groupe de base sont :
• Biologistes, Botanistes, Ecologiste, zoologistes ;
• Ingénieurs des mines ;
• Géologues ;
• Ecologistes, spécialistes de protection et de gestion de l’environnement;
• Agronomes et assimilés ;
• Spécialistes des sciences de la vie, de la terre et assimilés non classés ailleurs.
Biologistes, Botanistes, Ecologistes, zoologistes
Ils effectuent des recherches sur des concepts, des théories et des procédés, les améliorent ou en
mettent au point de nouveaux, et appliquent des connaissances scientifiques en biologie,
microbiologie, bactériologie, cytologie, immunologie, génétique, botanique, zoologie et écologie,
en particulier dans les domaines de la médecine et de l'agriculture. Leurs tâches consistent à:
effectuer, dans leur spécialité propre, des recherches sur des concepts, des théories et des procédés,
à les améliorer ou à en mettre au point de nouveaux; procéder à des expériences da",48,structural,"[-0.100494,-0.005843,-0.055313,0.021646,0.032843,-0.079247,-0.095261,0.077889,0.021369,0.091177,-0.037223,0.088369,0.114584,0.029184,0.005625,0.039447,-0.065495,0.045964,-0.024109,-0.033111,-0.012517,0.029301,-0.046191,-0.019705,0.040648,-0.071244,0.069623,-0.046578,-0.070721,0.044292,-0.0788,-0.024263,0.003759,-0.038242,-0.064647,-0.038293,0.010233,-0.033906,0.006602,-0.003273,-0.037469,-0.035915,0.093084,0.018032,-0.013196,-0.01928,-0.012263,0.049367,-0.057364,0.045712,-0.039313,-0.093141,0.014296,0.004979,-0.01998,-0.007718,0.050696,-0.039565,-0.033568,0.027411,-0.019325,0.019763,-0.137644,-0.051861,0.027912,-0.012051,0.053991,0.099677,-0.095679,0.083319,-0.065952,-0.003385,-0.103687,-0.002529,0.072212,0.034976,-0.024628,0.027166,0.095175,-0.052223,0.026827,-0.105984,0.019233,0.046441,0.045409,0.00599,-0.045566,0.049021,0.063445,-0.038496,-0.015893,-0.051617,0.027202,0.093424,0.020173,0.009942,-0.031869,0.024521,-0.02476,0.026221,-0.046367,0.045185,0.002912,-0.032783,0.056963,-0.018533,0.067324,0.025726,-0.016368,-0.083405,0.044614,-0.067346,0.005998,0.041253,0.03563,-0.099562,-0.022507,0.00991,-0.035079,-0.043842,-0.072075,0.02826,-0.020713,-0.001583,0.076066,0.068447,-0.096708,0,0.013007,0.080042,0.00462,0.040868,-0.037489,0.048023,-0.041259,-0.013646,0.002788,0.054032,-0.01082,0.047159,-0.000893,-0.027924,0.076362,0.037032,0.041217,0.04045,-0.034456,0.056253,0.046994,-0.025249,-0.014952,-0.035519,0.012231,0.126329,-0.052231,-0.053516,-0.086527,0.016957,-0.005903,0.070699,-0.007498,0.03626,0.021917,-0.055893,0.090301,0.006557,-0.032326,0.030049,-0.049431,0.026316,-0.01408,-0.000949,-0.032513,0.012292,-0.065107,0.006573,0.081074,-0.039514,-0.049363,-0.010067,0.006869,-0.039447,-0.009167,0.01862,-0.094863,0.004572,-0.025726,0.00896,-0.012612,0.050558,0.046486,-0.050882,0.010339,0.036712,-0.077649,-0.026203,0.055061,0.022723,-0.01104,0.07932,-0.010382,0.088304,0.07656,-0.028032,0.012204,-0.033638,-0.101432,-0.02767,0.009319,-0.026208,-0.019705,-0.053491,0.050548,0.022107,-0.038467,0.088107,-0.048387,-0.10224,-0.011299,0.02956,0.014762,0.018135,-0.005617,-3e-06,-0.123763,0.047398,-0.075093,0.008129,-0.043968,-0.018012,0.022468,-0.059586,0.12142,-0.103472,-0.004812,0.01132,-0.027074,0.040834,0.028662,-0.010691,-0.092,-0.139477,-0.078722,-0.001806,-0.019317,-0.049197,-0.053835,-0.042504,0.052292,-0.025667,0.018845,-0.025099,-0.023322,-0.04745,0.005858,-0.062304,-0.001564,-0.02411,-0.048064,-0.025841,0.026778,0.037472,0.06464,-0.025586,0.011828,-0.03747,0.005129,-0.016355,0.030138,0.05147,-0.055725,0.039239,0.070497,-0.059127,0.007736,-0.007558,0.068277,0.018655,-0.013807,-0.083781,-0.028978,0.019291,-0.008947,0.080525,-0.099984,0.058622,-0.002938,0.052547,-0.065827,0.012985,-0.04033,0.010463,0.039963,-0.001539,-0.003339,0.002211,-0.032304,0.084149,0.033697,0.050896,0.01189,0.049667,-0.063902,0.00751,0.048646,-0.003315,-0.034989,-0.105112,0.01073,-0.039772,0.078613,0.009138,0.001051,-0.085608,-0.042533,0.051046,-0.019535,-0.049835,-0.076259,0,0.015999,-0.000623,0.052094,0.025174,-0.022307,0.094525,-0.023615,0.034015,-0.017621,0.015194,-0.026975,0.110639,-0.072435,-0.019451,-0.090729,-0.076262,0.068988,0.076119,-0.01907,-0.04577,-0.003998,-0.038393,0.024743,-0.100725,0.079313,-0.036093,0.005774,-0.041669,0.032468,0.013891,0.033369,0.011389,0.097433,-0.021806,0.003105,0.006653,0.155198,0.067197,0.052811,-0.079649,-0.031202,0.068143,-0.069351,-0.037238,0.042973,-0.033916,0.082166,-0.005724,0.04998,-0.005831,-0.101775,0.02905,-0.055296,-0.00975,0.024271,0.058797,-0.019727,-0.110393,-0.060881,-0.027484,0.040258,0.026167,-0.03989,0.005053]",439,3000
MEPC_2013_p078_c0049,MEPC_2013,Nomenclature Camerounaise des Métiers et Professions — 2013,4 PROFESSIONS INTERMEDIAIRES,domaines. Ils effectuent des analyses logiques de problèmes de direction et élaborent des modèles,"Les membres des professions intermédiaires s'acquittent pour l'essentiel de tâches de caractère
technique et apparentées en rapport avec la recherche et avec l'application de concepts, de
principes, de méthodes et de procédés scientifiques ou artistiques et avec des règlements officiels
ou professionnels, et dispensent un enseignement d'un niveau déterminé.
Les tâches des membres des professions intermédiaires consistent d'ordinaire à entreprendre et
exécuter des travaux de caractère technique en rapport avec la recherche et avec l'application de
concepts, de méthodes et de procédés ressortissant aux sciences physiques y compris l'ingénierie et
la technologie, aux sciences de la vie y compris la profession médicale, ainsi qu'aux sciences
sociales et aux humanités. Les tâches accomplies consistent également à: instruire des enfants aux
degrés primaire et pré-primaire de l'enseignement; pourvoir à la prestation de services techniques
divers en relation avec le commerce, les finances, l'administration y compris en ce qui concerne
l'exécution d'un certain nombre de lois et règlements nationaux, et avec le travail social; exercer
des activités artistiques et sportives de divertissement; remplir certaines fonctions à caractère
religieux.
Les membres des professions intermédiaires peuvent recevoir des directives de la part de cadres
supérieurs de l'administration publique, de cadres de direction ou de spécialistes des professions
intellectuelles et scientifiques.
Les professions de ce grand groupe sont classées dans les sous groupes ci après :
• 41 Professions intermédiaires des sciences et techniques ;
• 42 Professions intermédiaires de la santé et de l’enseignement ;
• 43 Professions intermédiaires des finances et l’administration ;
• 44 Professions intermédiaires des services juridiques, des services sociaux et assimilés ;
• 45 Techniciens de l’information et des communications ;
• 46 Personnel de la douane (active).
41 Professions intermédiaires des sciences et techniques
Page 76
Les travailleurs classés dans ce sous-groupe s'acquittent de tâches à caractère technique en rapport
avec la recherche et avec l'application de concepts et de procédés ressortissant aux sciences
physiques de même qu'à l'informatique et à l'ingénierie, ou actionnent et vérifient des matériels
techniques, pilotent des avions, gouvernent des navires, et examinent les caractéristiques de
sécurité des fabrications, des procédés ou des produits.
Les tâches accomplies par les travailleurs de ce sous-groupe consistent d'ordinaire à: entreprendre
et exécuter des travaux de caractère technique ressortissant aux sciences physiques, ainsi qu'à
l'informatique et à l'ingénierie; actionner et vérifier des appareils et systèmes optiques,
électroniques et apparentés; à piloter des avions et à gouverner des navires; procéder à des
inspections pour établir la conformité avec les normes et procédures de sécurité applicables aux
constructions, aux matériels, aux procédés de fabrication et aux p",49,structural,"[0.043067,-0.012286,0.046576,-0.00682,-0.010305,-0.10124,-0.034876,0.024465,-0.023235,-0.019733,-0.110677,0.033153,-0.018,0.06243,-0.095559,0.018618,-0.072752,0.024705,-0.034731,-0.002471,-0.057932,0.002962,-0.025452,0.004623,-0.080426,-0.06023,0.072009,-0.032547,-0.053452,0.026157,-0.009369,-0.032373,-0.085481,0.037158,-0.147948,-0.035625,-0.04696,0.092748,0.039754,0.019927,0.009401,-0.056068,0.051635,0.000242,0.060233,-0.017044,0.023852,-0.034242,-0.001102,-9.4e-05,-0.072963,-0.072714,0.010507,0.098047,-0.034503,-0.023981,0.045985,-0.019477,-0.090557,0.077871,-0.01032,0.008272,-0.051936,-0.009308,0.026775,-0.022807,0.052949,0.088633,-0.040523,0.02437,0.069264,-0.043732,0.024232,0.01338,0.062662,-0.069699,-0.008642,0.031053,0.003444,0.007707,0.051292,-0.030585,-0.023788,-0.079491,-0.039613,0.00055,-0.034231,0.003723,0.054512,-0.001163,0.005888,-0.032636,0.035018,-0.046999,-0.011412,0.026362,0.023573,0.006036,-0.022465,-0.04696,-0.101431,-0.042834,0.001074,0.002167,0.050741,0.048711,-0.023727,0.007923,-0.030508,-0.020676,-0.016413,0.065366,-0.059115,0.073521,0.03332,0.102123,-0.011213,0.025629,0.046469,-0.03768,-0.132093,0.004049,-0.011284,-0.083036,0.04579,0.050064,-0.035695,0,-0.005844,-0.002464,-0.002954,0.059518,0.015589,-0.044178,-0.008083,-0.037345,0.025246,-0.037997,-0.006653,0.015361,0.052576,-0.005281,-0.076301,0.083394,-0.044886,0.042514,-0.06314,0.083433,-0.053349,0.008317,-0.059129,0.044791,-0.071498,0.100016,-0.000176,-0.065421,0.047996,0.02366,-0.037819,0.08345,-0.005924,-0.010698,0.067034,0.018267,0.06578,0.012161,0.071395,0.01914,-0.014998,-0.039841,0.077206,-0.020571,-0.011201,-0.026258,-0.040843,-0.019498,-0.045919,0.087015,0.012184,0.021934,0.094298,-0.019724,0.069019,-0.028335,-0.055904,0.046247,-0.034938,0.012926,-0.047866,0.079118,0.038197,0.074703,0.112718,-0.023864,-0.026221,-0.038636,0.067265,0.007946,-0.116145,0.049703,0.009846,-0.008973,-0.015885,-0.019445,-0.055157,-0.067291,-0.038526,0.086066,-0.021423,0.069005,0.011044,-0.022273,0.094974,-0.057276,-0.016871,0.020038,0.053704,-0.014331,-0.06999,0.043796,0.046919,0.074926,0.03998,-4e-06,-0.000875,-0.068896,-0.040639,0.085088,0.053383,-0.003936,0.126009,-0.086898,0.028381,-0.009886,0.015197,-0.004695,-0.054408,-0.01694,0.048484,-0.02323,-0.123606,-0.040756,-0.048153,-0.010983,0.043889,-0.070792,-0.028055,-0.005758,-0.060403,-0.010764,0.02373,-0.031042,-0.04031,-0.038507,0.020537,-0.029664,0.070645,-0.044809,-0.045283,0.045992,0.00028,-0.056914,0.052807,-0.005866,-0.007427,0.012895,-0.081788,-0.011293,-0.051625,-0.057672,-0.107457,-0.009062,0.07601,-0.036653,0.035744,-0.077462,-0.027371,-0.049232,0.018164,-0.103138,-0.008099,-0.046826,-0.079939,0.072586,-9e-06,-0.00116,0.036787,0.041383,-0.041681,0.004214,0.049101,0.077536,-0.04362,0.00035,0.079314,0.022007,0.021091,-0.04535,0.09707,0.061578,-0.00611,-0.003347,-0.094926,-0.022263,0.013622,-0.113355,-0.001218,0.048518,-0.055944,0.05472,0.011133,0.040934,-0.06112,-0.139992,0.01921,-0.015187,-0.053623,-0.040675,-0.039204,0,0.026135,-0.002218,-0.010195,0.017499,-0.079785,0.041617,-0.081274,0.009628,-0.003054,0.080021,-0.094223,-0.000898,0.017701,0.033124,0.041884,-0.120934,-0.038031,-0.004734,-0.065518,-0.03235,0.050816,-0.099186,-0.002511,-0.022828,0.058891,0.03842,-0.019447,-0.054384,-0.051274,0.083763,0.012501,0.003163,-0.000159,-0.017426,0.025676,-0.046441,0.115547,-0.063202,-0.056416,-0.038451,0.024444,0.003553,-0.058949,-0.060361,0.044977,-0.055643,0.093519,0.012962,0.037749,0.057781,-0.076249,0.035156,-0.040564,-0.066017,0.034185,0.057352,0.078045,-0.044779,-0.053979,-0.048564,0.087191,-0.015781,0.020378,0.000766]",442,3000
MEPC_2013_p079_c0050,MEPC_2013,Nomenclature Camerounaise des Métiers et Professions — 2013,domaine des sciences physiques et techniques.,4 PROFESSIONS INTERMEDIAIRES,"Les tâches accomplies par les travailleurs de ce groupe de base consistent d'ordinaire à:
entreprendre et exécuter des travaux de caractère technique ressortissant aux sciences physiques,
ainsi qu'à l'ingénierie; actionner et vérifier des appareils et systèmes optiques, électroniques et
apparentés; à procéder à des inspections pour établir la conformité avec les normes et procédures
de sécurité applicables aux constructions, aux matériels, aux procédés de fabrication et aux
produits. Ils peuvent recevoir des directives de la part de cadres supérieurs de l'administration
publique, de cadres de direction ou de spécialistes des Professions intellectuelles et scientifiques.
Les travailleurs de ce sous-groupe sont classés dans les groupes de base ci-après :
• Techniciens des sciences chimiques et physiques ;
• Techniciens du génie civil ;
• Techniciens en électricité ;
• Techniciens en électronique ;
• Techniciens en construction mécanique ;
Page 77
• Techniciens en chimie industrielle ;
• Techniciens en maintenance industrielle
• Techniciens en maintenance et réparation automobile ;
• Techniciens des mines, techniciens métallurgistes.
Techniciens des sciences chimiques et physiques
Ces travailleurs accomplissent, généralement sous la direction et la surveillance de spécialistes des
sciences physico-chimiques, des tâches auxiliaires de caractère technique en relation avec les
travaux de recherche effectués dans le domaine des sciences physico-chimiques et avec la mise au
point d'applications pratiques de ces sciences sur le plan industriel, médical, militaire et autre.
Leurs tâches consistent à: préparer des matières et des appareils destinés à des expériences, des
essais et des analyses; aider, ou a procéder eux-mêmes sous surveillance, à des expériences, des
essais et des analyses dans des domaines tels que la physique, la chimie, la géologie, la géophysique,
la météorologie et 1'astronomie; utiliser leur connaissance des principes scientifiques pour
proposer des solutions aux problèmes d'application qu'ils rencontrent; à effectuer des relevés, à
prendre des notes, à faire des calculs, à établir des diagrammes et des graphiques, et a rédiger des
rapports.
Techniciens du génie civil
Ces travailleurs accomplissent, généralement sous la direction et la surveillance d'ingénieurs du
génie civil, d'architectes de construction ou de géomètres, des tâches de caractère technique en vue
d'aider à la préparation et à l'exécution de travaux du bâtiment et du génie civil, y compris
l'érection de nouvelles constructions, ainsi que la réparation et 1'entretien de bâtiments et
ouvrages existants.
Leurs tâches consistent à: évaluer les quantités et les coûts de matériaux de construction et de
main-d’œuvre nécessaires pour l'exécution de travaux de construction et à préparer des devis
quantitatifs; accomplir des tâches à caractère technique en vue d'aider à l'exécution de levés
topographiques et à l'établissement de rapports sur les levés effectués; représenter les a",50,structural,"[-0.022576,0.004107,0.060576,0.001928,-0.009472,-0.105126,-0.091322,-0.028038,-0.027114,0.059259,-0.037604,0.029264,0.025313,0.036209,-0.162203,-0.012772,-0.11652,0.012292,0.000704,-0.014501,-0.045706,-0.014741,0.023118,-0.024468,-0.019543,0.008739,0.018994,0.002425,-0.089301,0.034621,-0.034014,-0.045249,-0.080926,0.00293,-0.067886,-0.031528,-0.007654,0.01341,0.028154,0.018606,-0.003546,-0.036347,0.049865,0.100511,0.071306,0.052828,0.070689,-0.110824,-0.026459,0.041509,0.005172,-0.055757,0.065886,0.042694,-0.025436,0.083975,0.070537,0.023646,-0.029289,0.023271,0.034675,0.030126,-0.132801,-0.074238,-0.0054,-0.006083,0.059403,0.030112,0.002186,0.046236,0.028425,0.000776,0.029999,0.033691,0.047359,-0.008322,-0.03733,0.021743,0.05842,0.026343,0.01264,-0.094751,-0.030553,-0.043819,-0.005694,0.049199,0.001695,-0.003725,0.010475,-0.018938,0.030195,-0.000834,0.020114,-0.029072,0.002722,-0.027123,0.026753,-0.007252,0.043452,-0.012737,-0.023872,0.010919,-0.007157,0.0362,0.031865,0.013861,-0.002624,0.000502,0.041882,-0.02639,0.010045,0.057621,-0.005489,0.059278,0.030439,0.024407,-0.037967,0.020973,0.01293,-0.073738,-0.067994,-0.040076,0.027682,-0.017635,0.049154,0.083653,-0.039749,0,0.04471,0.094698,-0.021676,0.022575,-0.021972,-0.014226,-0.044326,-0.008548,-0.002884,-0.037565,0.018227,0.027659,0.032594,-0.023641,-0.007798,0.032459,0.042648,0.039139,-0.071788,0.016743,-0.011873,-0.03447,-0.015062,0.029038,-0.051851,0.051297,-0.040748,0.009848,-0.061401,0.000445,-0.003267,0.055296,-0.046352,-0.031832,0.05704,-0.042577,0.066077,0.002843,0.048962,-0.030434,0.041486,0.03039,0.046029,0.012313,0.026231,0.037648,-0.028614,0.092216,0.013443,0.019014,-0.043369,-0.000776,0.15422,-0.022083,0.059952,-0.034644,-0.006299,0.009143,-0.014199,0.00374,-0.021642,0.131538,0.05305,0.057508,-0.003581,-0.050273,-0.066961,-0.010717,0.083042,0.035463,-0.105337,0.080503,-0.010514,-0.004921,-0.004019,0.009642,-0.054187,-0.020378,-0.061137,0.002202,-0.036751,0.065042,-0.002447,-0.077238,0.035433,-0.038386,-0.057939,0.076018,0.03601,-0.069603,-0.045462,-0.037502,0.066578,0.024694,-0.017764,-3e-06,-0.022764,-0.048057,-0.021901,0.119347,0.039609,-0.036087,0.05607,-0.095746,0.026606,-0.065621,0.029716,-0.010716,-0.028421,-0.051721,0.089408,0.019432,-0.194833,-0.124073,-0.023935,-0.000673,0.029143,-0.09314,-0.036553,0.007554,0.029247,0.024882,0.020834,-0.047655,-0.034588,-0.030536,0.022343,-0.067501,0.049737,0.050952,0.000569,-0.000378,0.121129,0.008227,0.065964,0.002805,0.017916,0.120868,-0.023094,0.014888,-0.010365,-0.00605,-0.001723,0.045566,-0.038913,0.000593,0.019274,-0.045838,0.00737,-0.08113,0.099427,-0.016024,-0.038372,0.033549,-0.082981,0.059382,-0.004332,-0.112957,0.049747,0.125083,-0.122845,0.055842,0.066343,0.144787,-0.000969,-0.028052,-0.035789,0.061448,0.024067,-0.044087,0.08508,0.063505,0.034912,-0.055841,-0.090074,0.021748,-0.023888,-0.042981,-0.038238,-0.004554,-0.017241,0.032904,0.005084,0.010031,-0.059255,-0.136447,0.015038,-0.093404,0.008372,-0.078192,-0.040945,0,0.054888,-0.022949,-0.016783,-0.029486,-0.051921,0.01978,-0.030942,-0.002883,0.011534,0.015256,-0.078602,0.044221,-0.024792,-0.011659,0.070246,-0.068516,-0.012999,0.061883,-0.123563,-0.009957,0.039057,-0.051752,0.013804,-0.012953,0.035087,0.025239,-0.0504,-0.041158,-0.03095,0.027621,0.005783,-0.018801,0.010215,-0.032891,0.070372,-0.049806,0.068786,0.017999,-0.002796,-0.007534,-0.036106,-0.060007,-0.123209,0.032428,-0.036137,-0.070564,0.029089,-0.015433,0.045908,0.057386,-0.031478,0.038393,-0.033152,-0.064953,-0.066939,0.105998,0.001836,-0.083908,-0.085087,-0.073839,0.075784,-0.042639,0.001933,-0.059252]",442,3000
MEPC_2013_p083_c0051,MEPC_2013,Nomenclature Camerounaise des Métiers et Professions — 2013,groupe de base est composé de :,domaine des sciences physiques et techniques.,"• Superviseurs/contremaîtres des mines
• Superviseurs/contremaîtres des industries manufacturières
• Superviseurs/contremaîtres en bâtiment
Superviseurs/contremaîtres des mines
Ils organisent,répartissent et coordonnent les diverses tâches relatives à un projet lié aux recherches
minières. Ils contrôlent les différentes phases des projets miniers et planifient les stocks et
l'utilisation des matériaux, préparent les plannings du personnel et l'équipement nécessaire à la
réalisation du projet.
Superviseurs/contremaîtres des industries manufacturières
Ils organisent,répartissent et coordonnent les diverses tâches relatives à la production dans
l’industrie manufacturière. Ils planifient les stocks et l'utilisation des matériaux, préparent les
plannings du personnel et l'équipement nécessaire aux différentes étapes de production.
Superviseurs/contremaitres, bâtiment
Le contremaître du bâtiment et du génie civil organise, répartit et coordonne les diverses tâches
relatives à un projet de construction ou de rénovation. Il réalise des projets de construction,
planifie les stocks et l'utilisation des matériaux, prépare les plannings du personnel et l'équipement
nécessaire à la réalisation du chantier.
4103 Conducteurs, techniciens et contrôleurs de processus industriels
Un conducteur de travaux planifie, organise, contrôle l’aménagement et la mise en œuvre des
travaux. Ses activités varient selon la taille du chantier et le domaine. Il est responsable du budget
et des normes définies par le concepteur. Il est également responsable de la qualité des travaux
effectués, de la tenue des délais et du respect des budgets. Il contrôle les étapes du chantier, depuis
l’étude du dossier jusqu’à la réception des travaux. Son travail est assimilable à celui d’un contrôle,
mais ce dernier se situe à une étape des travaux.
Page 81
Les professions de ce groupe de base sont :
• Conducteurs d'installations de dispositifs de traitement de l'eau et d’incinération ;
• Conducteurs d'installations de dispositifs de traitement chimique ;
• Conducteurs d'installations de raffinage de pétrole et de gaz naturel ;
• Contrôleurs des processus industriels, métallurgie ;
• Techniciens, contrôle de processus industriels non classés ailleurs.
Conducteursd'installations de dispositifs de traitement de l'eau et d’incinération.
Le conducteur d'installation de dispositifs de traitement de l’eau suit et approvisionne un
équipement de traitement d’eau automatisé (machine, ligne, robot, automate), coordonne
l’installation mécanique ou l'assemblage d'éléments structurels, en respectant les impératifs de
production (délai, qualité) et les règles de sécurité. C’est un travail similaire que fait le conducteur
d’installation de dispositifs d’incinération, mais dans le domaine de la combustion ou de la
crémation.
Conducteurs d'installations de dispositifs de traitement chimique
Le conducteur d'installation de dispositifs de traitement chimique suit et approvisionne un
équipement de traitement des m",51,structural,"[-0.006513,-0.029869,0.015143,0.028423,0.10564,-0.034215,-0.044525,-0.007026,-0.045349,0.041648,-0.030139,-0.013853,0.003814,0.027012,-0.083618,0.029157,-0.065865,-0.033523,0.041444,-0.047144,0.010612,-0.079451,-0.03681,-0.029781,-0.078871,0.095521,-0.00689,0.066492,-0.074759,-0.017697,-0.006864,0.02313,0.065854,-0.038953,-0.007201,0.050645,-0.039275,-0.017586,-0.002247,-0.000543,0.04628,0.071823,0.033263,0.069023,-0.006979,0.096298,0.022604,-0.050859,-0.044998,-0.012743,0.065395,-0.074922,0.068931,0.035383,0.013204,0.078091,0.046082,-0.036997,-0.007757,-0.016674,0.034693,-0.03466,-0.057032,-0.101094,0.021718,-0.066996,0.090741,0.067767,-0.038481,0.023324,0.093403,0.027806,-0.01575,0.016461,-0.01031,0.059859,-0.024341,-0.08263,0.045999,-0.058868,-0.068374,-0.025693,-0.001482,-0.049697,-0.020169,-0.015952,0.071776,-8.4e-05,0.033265,0.023637,-0.085664,0.035589,-0.012394,-0.009588,-0.032783,-0.03049,0.02628,0.072669,-0.007619,0.001318,0.060974,-0.015468,-0.019556,-0.026331,-0.057724,-0.010016,-0.078384,0.040495,0.044107,-0.036262,-0.020934,0.058548,-0.049018,0.002696,0.001663,-0.048549,0.015973,-0.040884,-0.017454,-0.035294,0.02857,-0.04354,0.031284,-0.001004,0.022151,0.062169,-0.026448,0,0.029121,0.002245,-0.036352,-0.031172,0.009338,-0.007957,-0.046079,0.078454,-0.055809,0.004873,-0.033705,-0.00905,0.010066,-0.037212,0.003054,-0.11558,0.037781,0.055286,-0.064889,0.028478,-0.101668,0.083132,-0.112517,-0.007918,-0.000816,0.048885,-0.004491,-0.052258,-0.085087,-0.00347,0.01041,0.065129,-0.105621,0.075324,-0.017834,0.000557,0.017257,0.004544,0.020546,-0.042394,-0.005641,-0.027015,0.004041,-0.054706,0.035206,-0.014103,-0.040867,0.007936,-0.037997,-0.000506,-0.034211,-0.000699,0.116248,-0.067023,0.036734,0.046244,-0.01119,0.01732,0.075581,0.014359,-0.01642,0.052166,-0.06023,0.125983,0.027488,0.005213,0.039603,-0.047153,0.105633,0.07451,-0.056331,0.064265,0.050047,0.02561,-0.036691,0.066714,0.046376,0.022961,-0.169695,0.022317,-0.006887,0.003857,-0.046869,-0.119204,-0.050443,-0.022829,-0.046798,0.04515,-0.020561,0.009751,-0.074187,-0.060348,0.057657,0.108227,7.1e-05,-5e-06,0.052575,-0.004831,0.05926,-0.064393,0.034348,-0.000538,0.00442,-0.150457,-0.052531,-0.045537,-0.037233,-0.022423,-0.051652,-0.015302,-0.06428,-0.015215,-0.06085,-0.099471,0.053319,-0.032437,-0.063533,0.045155,-0.014181,0.034469,0.030103,-0.044112,-0.051622,0.001056,0.065733,0.042232,0.022647,-0.101937,0.059787,0.004092,-0.038843,-0.006359,-0.004812,0.021097,0.077106,0.06028,-0.012914,0.077458,-0.022032,0.039357,-0.003636,0.04039,0.023285,-0.010291,-0.072471,0.047498,-0.054814,-0.005472,-0.148714,-0.129929,0.025653,-0.046873,0.022296,-0.052661,-0.098011,0.005613,0.002014,-0.021805,0.016123,0.05802,-0.16479,0.047162,-0.039745,0.035803,0.031521,0.075353,-0.076041,0.052806,0.027041,0.046986,0.02437,-0.0225,-0.033932,0.039398,-0.021342,-0.042558,0.011442,-0.081436,0.025899,-0.010654,0.034021,0.032079,-0.035619,0.089104,-0.007859,-0.037598,-0.008087,-0.092961,0.026856,-0.020455,-0.119487,0,0.069219,-0.01345,0.126999,-0.0192,0.015019,-0.044322,0.048957,0.0084,0.096404,0.044284,-0.08507,-0.019355,-0.030494,-0.073174,0.033345,0.052132,-0.004127,0.017018,-0.005535,-0.007456,0.006815,-0.045095,-0.047397,0.026194,-0.00596,-0.049451,-0.033957,-0.027417,-0.098274,0.016949,0.023704,0.061434,-0.043172,0.052715,0.063426,-0.001592,0.056942,0.034581,0.03844,-0.005291,-0.016505,0.036649,-0.097087,-0.00878,-0.030694,0.022032,-0.021442,-0.048586,6.6e-05,0.004787,0.033092,0.031726,-0.018697,0.007885,0.015696,0.139306,0.009234,-0.082479,-0.000914,-0.051469,0.008899,0.025782,0.043385,-0.082688]",433,3000
MEPC_2013_p093_c0052,MEPC_2013,Nomenclature Camerounaise des Métiers et Professions — 2013,groupe de base 3205 : praticiens paramédicaux.,groupe de base est composé de :,"• Professions intermédiaires de la santé non classées ailleurs.
4206 Professions intermédiaires de l'enseignement primaire et pré-primaire
Les travailleurs classés dans ce groupe de base enseignent dans des établissements d'enseignement
primaire ou organisent des activités éducatives individuelles et collectives dans des jardins
d'enfants ou des écoles maternelles, à l'intention d'enfants qui sont d'un âge inférieur a celui de la
scolarité primaire, en vue de favoriser leur développement physique, mental et social.
Leurs tâches consistent à enseigner la lecture, l'écriture, l'arithmétique et d'autres sujets
d'éducation élémentaire à des enfants dans des écoles primaires, dans d'autres établissements
d'enseignement primaire et ailleurs.
4207 Autres personnels d'enseignement, personnels d'éducation
• Instituteurs vacataires
Ils enseignent dans des établissements scolaires primaires publics, ils sont formés pour
l’enseignement mais n’ont pas un statut de temporaire dans l’établissement. Les instituteurs
vacataires sont recrutés par le responsable de l’école ou l’association des parents d’élèves et payés
par ces derniers. Ils ne sont pas reconnus par l’état car n’ont aucun contrat avec celui-ci.
• Maîtres des parents
Ils enseignent de manière bénévole dans des établissements scolaires primaires publics …
A compléter
• Surveillants et aides-éducateurs des établissements d'enseignement
Au sein d'un établissement scolaire, ils accomplissent de nombreuses missions d'encadrement et
d'animation. Ils travaillent toujours de concert avec les enseignants et les autres personnels, ils
peuvent se voir confier des tâches différentes selon l'établissement.
L'essence de leur fonction est de concourir à la surveillance des élèves, durant les interclasses, en
étude, mais aussi à l'entrée et à la sortie de l'établissement. Sorties scolaires, activités culturelles,
sportives ou artistiques, expositions mais aussi intégration des enfants handicapés, ateliers
d'informatique et foyer socio-éducatif : ils animent et encadrent ces différentes actions.
Leurs compétences sont également parfois sollicitées afin de faciliter ou de développer l'utilisation
des nouvelles technologies. Ces acteurs de l'éduction peuvent encore renforcer les équipes des
bibliothèques ou des centres de documentation, tant au niveau de l'accueil que de la gestion des
fonds documentaires ou de la préparation d'animations thématiques.
Page 91
Ils sont aussi des acteurs de proximité essentielle dans la vie d'un établissement scolaire. Ils
constituent un relais entre les élèves et les différents intervenants d'un établissement : enseignants,
parents d’élèves, assistantes sociales, infirmières, conseillers d'orientation et psychologues.
4208 Formation continue
• Moniteurs de conduite, moniteurs d’autoécole
Les moniteurs de conduite ou d'auto-école enseignent à des adolescents ou à des adultes la
conduite d'un véhicule à moteur. L'activité a pour objectif de faire de tous les apprenants des
conducteurs cap",52,structural,"[-0.013533,-0.005276,-0.034371,-0.034292,0.052212,-0.006452,-0.075604,-0.019994,-0.078701,0.039825,-0.033499,0.097888,-0.039767,-0.040483,-0.044635,0.036003,-0.118204,0.012497,-0.021372,0.023206,-0.032851,0.002028,-0.054844,0.044663,0.007937,0.045331,0.054619,-0.043385,-0.053625,0.083811,-0.045033,-0.050762,0.034035,0.033786,-0.023446,0.034751,0.000477,0.044504,-0.085009,0.021803,0.023608,-0.001544,-0.004329,0.10173,0.034362,-0.029688,-0.013575,-0.034737,-0.054696,-0.020348,0.022749,-0.094713,0.033346,0.065948,-0.090352,-0.020542,0.010836,0.008403,-0.080269,0.014008,-0.036883,-0.003083,-0.00789,-0.031085,-0.0081,0.002791,0.161475,0.0264,-0.033643,0.032933,0.022237,0.033455,0.099303,0.094294,-0.030787,-0.011167,-0.01076,-0.010437,0.047944,-0.073328,0.015499,-0.07129,-0.053523,0.016885,0.053387,-0.000805,0.033447,-0.026406,-0.002909,0.022976,-0.013629,-0.009559,-0.011843,-0.003072,0.003093,0.098514,-0.033401,-0.041105,0.000469,-0.039869,-0.082279,-0.037259,0.036023,0.041924,0.005483,0.035267,-0.006588,0.005206,-0.101691,-0.031202,-0.05503,-0.023188,-0.044674,0.037235,0.035672,-0.004577,0.036529,-0.03134,0.036081,-0.074097,-0.041328,-0.008031,-0.002685,-0.01006,-0.015794,0.059124,-0.052878,0,0.06435,0.076806,0.001291,-0.002694,-0.063519,-0.003371,0.031226,-0.006899,-0.016855,0.00267,-0.036901,-0.026814,0.162727,-0.006788,-0.059016,0.006394,-0.063897,0.080344,-0.071733,0.03845,-0.030329,0.047516,-0.118931,-0.000916,-0.093358,0.116557,0.022199,-0.039977,0.02898,0.006931,0.027661,0.016133,-0.079658,-0.059553,0.093206,0.008554,0.126445,0.057724,0.028065,-0.031097,0.088982,0.002123,0.132572,0.021116,0.010308,0.0311,-0.058365,-0.04509,0.037169,0.01903,-0.050029,-0.017268,0.046899,-0.078469,0.031967,-0.083013,0.018564,0.1512,-0.063851,-0.072832,0.033023,0.048514,0.051252,0.021289,0.034802,-0.060344,-0.024507,-0.035022,0.070107,-0.035603,-0.04143,0.085043,-0.020373,0.046675,-0.028651,-0.000646,0.068843,0.041658,-0.118916,0.011232,-0.056958,-0.05737,-0.047648,-0.043603,0.052621,-0.019758,-0.015603,0.034588,-0.034212,0.013603,0.079479,-0.007832,0.070016,0.076335,-0.082902,-1e-06,0.057276,0.050706,0.0048,0.013419,0.026039,0.041722,0.01829,-0.008705,0.001847,-0.015799,0.0685,-0.033437,0.056389,0.011436,-0.004228,-0.087661,-0.11289,-0.061552,-0.015647,-0.061333,0.048724,0.024189,-0.023388,0.10408,0.052432,0.015988,-0.016084,0.023939,-0.02189,-0.015503,0.077766,0.00566,-0.005461,0.021244,-0.076097,-0.008975,0.021315,0.046656,-0.012135,0.006309,-0.011252,0.030644,-0.102755,0.038534,-0.02972,-0.008276,0.100215,0.028943,0.006175,0.044443,-0.004794,-0.047836,-0.03745,0.017048,0.103839,-0.112151,-0.08051,-0.06693,-0.066337,0.003754,0.089311,0.016618,-0.023837,0.039469,-0.053881,-0.023569,-0.00199,0.067369,-0.071636,0.047934,-0.066416,-0.032069,0.005758,0.006528,0.003962,0.043565,0.046751,0.036766,-0.033409,-0.02426,0.029233,-0.126663,-0.049969,0.038894,-0.037496,0.007684,0.030973,0.068985,0.037568,-0.034931,-0.033448,-0.038666,-0.009697,0.004405,-0.049731,0,0.127502,0.110847,-0.076389,0.040746,-0.032995,-0.002425,-0.025011,0.055688,0.038262,0.051823,-0.095658,0.028656,0.033051,-0.050432,0.014097,-0.086962,-0.104202,-0.031396,-0.011897,0.039353,0.042563,-0.101722,-0.053527,-0.042007,0.035928,0.036682,0.018475,-0.053283,-0.029872,-0.004374,-0.027821,0.057368,-0.113547,-0.021105,-0.015697,0.032023,-0.006011,0.042715,-0.03117,0.026998,0.043156,-0.122174,-0.033859,-0.034397,0.008809,-0.031881,-0.01346,-0.029378,0.08279,0.001864,-0.061409,0.010444,-0.010105,-0.043516,-0.022854,0.027758,0.005359,-0.00393,-0.0179,-0.060723,0.044649,-0.021706,-0.017972,0.027056]",449,3000
MEPC_2013_p094_c0053,MEPC_2013,Nomenclature Camerounaise des Métiers et Professions — 2013,3304 : Autres spécialistes de l’enseignement.,groupe de base 3205 : praticiens paramédicaux.,"4209 Education sportive, sport professionnel
• Moniteurs d’éducation physique et sportive, maitres des sports homologués
Ils forment, perfectionnent ou entraînent à une discipline sportive (individuelle ou d'équipe) des
publics différents (enfants, adultes, personnes du 3ème âge...). Selon l'objectif de la structure
employeuse (loisirs, maintien en forme, éducation sportive...) et le niveau des publics concernés, ils
initient, suivent, conseillent, encadrent ou entraînent des individus ou des équipes, en vue du
développement et de l'amélioration de leurs compétences et de leurs performances. Ils peuvent être
spécialisés selon des champs d'intervention (apprentissages adaptés, insertion par la pratique
sportive, guide, entraînement) ou des pratiquants différents (débutants, haut niveau...). En outre,
ils animent ou encadrent, dans certains cas, une équipe de travail. Ils peuvent participer à des
actions de formation et assurer la gestion administrative et financière d'une petite structure.
4210 Documentation, patrimoine
Sous-bibliothécaires, cadres intermédiaires du patrimoine
Les sous-bibliothécaires sont le personnel technique des bibliothèques; ils sont chargés des travaux
techniques courants sous les ordres des bibliothécaires principaux ou des conservateurs.
Page 92
Les cadres intermédiaires du patrimoine sont chargés de recueillir, d'organiser ou de traiter une
documentation complexe pour la rendre accessible aux utilisateurs, de participer à la conservation
et à l'archivage de documents, d'intervenir dans la préservation et la protection du patrimoine.
43 Professions intermédiaires des finances et de l’administration
Les travailleurs classés dans ce sous-groupe achètent et vendent des effets financiers, placent des
polices d'assurance, achètent et vendent des biens immobiliers, des services se rapportant aux
voyages et d'autres services commerciaux, opèrent sur le marché des changes, représentent des
grossistes ou agissent en tant qu'acheteurs pour le compte d'organisations, ou encore estiment la
valeur d'objets, de biens immobiliers et d'autres biens, ou dirigent des ventes aux enchères.
Leurs tâches consistent d'ordinaire à: analyser les tendances sur les marchés des valeurs, des
changes, des matières premières et des biens immobiliers, et à acheter ou vendre pour le compte de
clients ou pour leur propre compte; à donner des conseils sur l'étendue de la couverture des
éventualités assurées et à placer des polices d'assurance; enregistrer dans les règles des transferts
d'effets financiers et de propriété de biens immobiliers; organiser des services de voyage, à
renseigner sur ces derniers et à vendre des titres de voyage organisé; vendre des marchandises en
gros ou des installations et matériels techniques pour le compte de producteurs ou d'importateurs;
à acheter des marchandises ou des services pour le compte d'organisations; estimer la valeur
d'objets, de biens immobiliers ou d'autres propriétés, ou à les vendre aux enchères. Ces travai",53,structural,"[0.038101,0.013305,-0.040149,-0.078236,-0.029734,0.04668,-0.050848,0.004791,-0.081573,0.07665,-0.034972,0.081756,-0.025123,-0.012092,-0.048226,0.08067,-0.065871,0.017343,-0.036416,0.018714,-0.033566,0.02348,0.019341,0.073675,-0.013583,0.046341,0.037222,0.002691,-0.10993,0.005299,-0.010006,-0.084789,-0.015179,0.056267,-0.03308,0.02203,-0.052818,0.023382,-0.094237,0.012087,0.013131,-0.007322,-0.012777,0.125185,0.073291,-0.019483,-0.01922,-0.016744,-0.0006,-0.006527,-0.034497,-0.04089,0.108392,0.005532,0.012167,-0.021443,-0.018944,0.048513,-0.084727,0.021303,0.032537,0.037103,-0.075937,-0.023957,-0.075613,-0.021784,0.086485,0.020207,-0.000207,0.033664,0.061197,0.080991,0.071899,0.041235,-0.003728,0.056737,-0.025957,0.025604,0.024409,-0.047233,0.03686,-0.074298,0.019987,-0.02801,0.055042,-0.013103,0.031572,-0.050907,0.054073,0.043334,-0.08253,-4.4e-05,0.017797,0.015256,-0.06022,0.114814,-0.073477,-0.05517,-0.028842,0.029721,0.002964,0.002572,0.011462,0.122724,-0.035112,0.03234,0.033455,0.05122,-0.045964,-0.012608,-0.005984,-0.043972,-0.023084,0.010653,0.037921,0.060901,-0.048573,-0.017788,0.001349,-0.00239,-0.018065,0.00168,-0.012339,-0.041083,0.018327,0.07146,-0.06043,0,0.035582,0.02451,0.04409,0.046882,-0.070536,-0.042823,0.011314,-0.028565,0.040432,-0.042975,-0.050402,0.021754,0.145242,0.006677,0.016602,0.011187,-0.066708,0.119538,-0.031148,0.104976,0.065917,0.013688,-0.074332,0.001047,-0.086938,0.084287,0.084783,-0.033659,0.022841,0.013034,0.024454,-0.079489,-0.119373,-0.11914,0.101171,-0.03322,0.093422,0.016265,0.098086,-0.00824,0.064408,-0.047878,0.076213,-0.042758,-0.064836,0.022807,0.022878,0.006526,0.008141,-0.028608,-0.033705,-0.053985,0.080848,-0.119882,0.079458,-0.065802,0.007221,0.05825,-0.051023,-0.06715,0.009204,0.054085,0.047258,0.03539,0.008263,-0.039395,-0.03497,-0.040166,0.063187,-0.040056,-0.048932,0.079153,-0.039166,-0.024112,-0.027365,-0.036519,0.032233,-0.022175,-0.117578,0.079455,-0.018264,-0.031804,-0.043697,-0.034024,0.035478,-0.016179,-0.021972,0.021054,0.083886,0.025847,0.048021,-0.032136,0.001584,0.081164,-0.074528,0,-0.013653,0.085724,0.02258,-0.011923,0.080236,0.03616,0.006111,0.037269,0.004706,-0.018425,0.027892,-0.046264,0.042996,-0.030688,-0.027112,-0.03994,-0.170324,-0.04558,-0.059442,-0.034633,0.000651,0.023074,-0.006531,0.05038,0.046538,0.009927,0.007087,0.020013,0.014769,0.022009,0.074338,-0.047287,-0.000299,0.017003,-0.064859,-0.022261,0.103184,0.011389,-0.009249,0.006436,0.012309,0.022775,-0.030505,0.033679,0.001246,0.030225,0.027932,-0.041622,-0.043925,0.034799,0.009436,-0.04844,-0.06487,0.008321,0.102976,-0.101222,-0.065894,-0.012665,-0.05632,0.006476,-0.002867,0.029224,-0.038307,0.091861,0.008912,-0.005066,-0.074521,0.043486,-0.107381,0.007632,-0.103855,-0.001214,0.00201,0.030981,0.024652,0.096933,0.027933,0.042452,-0.029289,0.057324,0.062591,-0.084352,0.017377,-0.014509,-0.014733,0.013238,0.047967,0.065307,0.004626,-0.029738,0.063821,-0.010153,0.019514,-0.028733,-0.023404,0,0.023782,0.054202,-0.068673,0.057829,-0.083588,0.051406,-0.000674,0.01015,0.048038,-0.011223,-0.013373,0.004592,0.026962,-0.051144,-0.011615,-0.106749,-0.085038,0.025887,-0.046371,0.078238,0.028292,-0.068713,-0.056045,0.002474,0.025846,-0.032391,-0.046066,-0.080581,-0.002874,-0.033597,-0.002036,0.009824,-0.017134,-0.069886,-0.042769,0.013666,0.025437,0.048891,-0.034802,0.04443,-0.059681,-0.072618,-0.010558,-0.025231,0.005115,-0.059091,-0.050357,-0.07383,0.028147,-0.018809,-0.130131,-0.007615,0.012051,-0.085868,-0.02283,0.093717,-0.02321,-0.016286,-0.091307,-0.050583,-0.017644,-0.067034,-0.039927,0.052753]",446,3000
MEPC_2013_p097_c0054,MEPC_2013,Nomenclature Camerounaise des Métiers et Professions — 2013,parties. Ils suivent l’évolution de la situation personnelle ou professionnelle des clients afin,3304 : Autres spécialistes de l’enseignement.,"d’adapter en conséquence telle ou telle clause des contrats. En cas de sinistre, ils procèdent au
versement des indemnités prévues dans les contrats. Ils exercent un métier de bureau, donc le plus
souvent sédentaire, mais il leur arrive d’aller sur le terrain, « en clientèle ».
• Représentants et techniciens commerciaux
Les représentants commerciaux visitent la clientèle afin de lui vendre les produits/services
proposés par leur entreprise. L’aspect conseil dans ce métier est également. important. Ils doivent
faire valoir le rapport qualité/prix de leurs offres commerciales. Ils sont la force de frappe de leur
entreprise.
Les techniciens commerciaux sont chargés de débusquer les clients et les fournisseurs, les suivent
pas à pas, les surveillent, les entretiennent à partir d’une prospection méthodique. Ils sont
responsables d’une zone géographique, ils sont aguerris à la négociation et à la vente, ils partent à
la rencontre de nouveaux clients ou de nouveaux fournisseurs pour leur entreprise. Une fois le
contact établi, ils analysent leurs besoins et leur proposent des solutions techniques adaptées. Ils
sont les intermédiaires entre le client (ou le fournisseur) et les services internes de leur entreprise.
Ils vendent soit des produits standardisés, soit des produits réalisés sur mesure. Ils sont capables
d’expliquer concrètement et précisément le fonctionnement des produits qu’ils proposent aux
clients.
• Acheteurs
Ils recherchent, choisissent et achètent toutes sortes de produits destinés à la consommation. Ils
négocient avec les fournisseurs pour obtenir les meilleurs prix.
4303 Agents de services commerciaux
• Agents concessionnaires
Page 95
Les agents concessionnaires réparent et entretiennent les véhicules d’une marque spécialisée. Ils
vendent aussi les véhicules neufs et d'occasions, dans des halls d'exposition ou des lieux bien
aménagés. Ils font également dans la carrosserie de toute marque, le remplacement de pare-brises
et la recharge de climatisation.
• Organisateurs de conférences et d'événements
Les organisateurs de conférences ou d'évènements assurent l'organisation technique et
administrative des conférences, congrès, séminaires, tournées de spectacles ou de formation,
festivals, en fonction des orientations fournies par le client en terme de date, de lieu, de nombre
de participants, de durée, de coût, de confort. Ils peuvent exercer au sein d'une entreprise de
communication pour un ou plusieurs clients ou en interne au sein d'une entreprise
• Agents d'emploi et de recrutement de main-d’œuvre
Ils s'occupent de l'embauche de nouveaux employés pour le compte d'une entreprise qui recrute ou
pour une agence d'emploi. Ils participent à la définition avec la direction de l'entreprise ou de
l’agence des besoins humains, réalisent et diffusent des annonces d'emploi sur divers supports
(sites internet, journaux, petites annonces…) ou au sein de l'entreprise. Ils réceptionnent les CV et
les analysent en fonction des besoins. Ils font passer",54,structural,"[-0.080501,0.057397,0.048354,-0.062641,0.010447,0.086013,0.074984,0.028315,0.029952,0.038003,-0.060572,0.035192,0.06234,0.00157,0.010126,0.080202,-0.033025,0.045891,0.04045,0.034689,-0.121761,-0.036217,-0.085409,0.096174,-0.029956,-0.008231,0.078834,-0.042409,-0.141869,0.030385,-0.084828,0.069643,0.006336,0.047729,-0.042148,-0.064227,-0.127702,0.011126,0.037123,0.002591,0.058448,-0.050325,0.003501,0.0601,0.034248,-0.063067,0.109477,0.055075,-0.039831,-0.001214,-0.071743,-0.062928,-0.010482,-0.007629,-0.035926,-0.056626,0.008473,-0.025713,-0.097404,0.076211,0.036934,-0.019397,-0.132081,-0.021861,0.085548,0.091729,0.062583,0.025833,-0.088249,0.038974,0.042409,0.015622,-0.025282,0.011508,-0.024281,-0.002855,0.022645,0.06683,0.121316,-0.038426,-0.036363,-0.07115,-0.0574,-0.051134,-0.036868,-0.059954,-0.023783,-0.035697,0.098639,0.001404,-0.050672,0.019128,0.043883,-0.047996,0.067211,0.039443,-0.028722,-0.050395,0.045419,0.029883,-0.011601,0.017181,0.049399,0.074464,-0.019692,-0.056029,0.008746,0.014366,-0.042257,0.004862,0.027465,-0.031132,0.063461,-0.026479,-0.012638,-0.009283,0.011838,0.09971,0.060974,-0.000535,-0.019382,0.094664,-0.039442,0.033004,-0.043826,0.110924,-0.05438,0,0.027151,0.027291,-0.021389,0.096718,-0.064684,0.040209,0.014714,-0.013679,-0.052472,0.062868,-0.057852,0.062192,0.074689,0.026413,-0.093342,-0.034344,-0.070791,0.052515,-0.042004,0.026244,-0.039465,-0.011169,-0.019537,0.066887,-0.119457,0.011305,-0.010764,-0.00245,-0.002228,-0.00607,0.017676,-0.035885,0.07488,0.042146,0.038608,0.008659,-0.033946,0.00028,0.082843,0.027349,-0.045678,0.022924,0.03205,-0.019923,-0.064653,-0.035043,-0.029304,-0.002304,-0.028731,0.022024,-0.056257,0.023134,0.028534,0.000235,0.05802,-0.072208,0.025465,-0.035044,-0.068535,-0.058542,-0.04879,0.043023,0.073849,-0.050522,0.040612,-0.00415,-0.038098,-0.08137,0.006351,0.004605,0.050727,0.088345,0.083289,-0.002084,-0.058862,-0.002056,-0.072696,0.010191,-0.093902,-0.000289,-0.072235,-0.010302,0.077342,0.05119,0.003769,0.062528,0.04726,-0.01827,0.013122,0.049431,0.062817,-0.01781,0.03643,0.039485,0.071744,-1e-05,-0.10596,-0.024946,-0.053464,0.010848,-0.023941,-0.038742,0.008001,-0.01294,0.016507,-0.043029,0.023047,0.002716,0.051838,-0.044046,0.022229,0.01297,-0.076153,-0.072842,0.037848,-0.030463,0.105512,0.025866,-0.010652,0.019028,0.048325,-0.067342,0.026502,-0.040502,0.028504,-0.021859,-0.006848,-0.003327,-0.026913,-0.029703,-0.000142,-0.033617,0.031084,0.037852,0.008695,-0.026445,0.007001,-0.007597,-0.03333,0.080321,-0.004398,-0.100074,0.045153,-0.090486,0.093205,0.057801,-0.039669,-0.063226,0.000269,-0.018455,-0.04772,-0.091121,0.025309,-0.013483,0.009166,0.009785,0.021399,-0.022923,-0.007821,0.015217,-0.028045,0.013722,-0.071255,0.081376,0.089338,-0.001576,-0.0158,-0.121817,-0.035579,-0.098287,0.051546,0.082916,-0.011882,0.052768,-0.045694,-0.01231,0.005408,-0.02088,0.038719,0.007999,-0.049771,-0.054053,0.027023,0.015167,-0.065376,-0.002962,-0.041515,-0.053742,-0.069819,-0.080378,-0.048578,0,-0.025746,0.000827,-0.087362,0.029992,-0.010054,-0.026595,-0.014888,0.047046,0.039918,0.012334,0.00858,0.047248,-0.015389,0.000888,0.032469,-0.033503,-0.063995,0.030017,-0.072808,0.047014,-0.018158,0.034753,-0.033262,-0.094085,0.046903,0.043868,-0.045691,-0.005007,0.024704,0.016328,-0.029084,-0.011126,-0.007555,-0.085681,-0.016854,0.018689,0.033458,0.084681,0.032583,0.010947,-0.068947,-0.069423,-0.114888,0.058116,-0.023511,-0.10579,-0.016875,-0.014441,0.03836,0.00189,-0.129221,0.038134,0.024792,-0.071571,0.017052,0.037812,0.092393,0.002079,-0.00405,0.006253,-0.078071,0.041684,-0.028135,-0.059962]",464,3000
MEPC_2013_p104_c0055,MEPC_2013,Nomenclature Camerounaise des Métiers et Professions — 2013,5 EMPLOYES DE TYPE ADMINISTRATIF,parties. Ils suivent l’évolution de la situation personnelle ou professionnelle des clients afin,"Les employés de type administratif enregistrent, ordonnent, stockent, les informations relatives
aux tâches dont ils s'acquittent, et exécutent des travaux de bureau divers, notamment en rapport
avec les opérations de caisse, l'organisation de voyages, les demandes de renseignements et la prise
de rendez-vous.
Les tâches accomplies par les employés de type administratif consistent d'ordinaire à :
sténographier, dactylographier et transcrire sur des machines de traitement de texte ou à utiliser
d'autres machines de bureau; entrer des données sur console d'ordinateur; s'acquitter de travaux de
secrétariat; faire des calculs et en enregistrer les résultats; tenir un registre des stocks, de la
production et des transports (passagers et marchandises); faire du travail de bureau dans les
bibliothèques; classer des documents; s'acquitter de travaux administratifs relevant du service du
courrier; préparer et collationner des manuscrits avant impression; écrire pour le compte de
personnes illettrées; faire des opérations de caisse; prendre des dispositions en vue de voyages;
Page 102
répondre aux demandes de renseignements de clients et prendre des rendez-vous; assurer le service
d'une centrale téléphonique.
Les professions de ce grand groupe sont classées dans les sous-groupes ci-après :
• 51 Employés de bureau ;
• 52 Employés de réception, guichetiers et assimilés ;
• 53 Employés des services comptables et d'approvisionnement ;
• 54 Autres employés de type administratif.
51 Employés de bureau
Les employés de bureau enregistrent, ordonnent, stockent et rappellent les informations relatives
aux tâches dont ils s'acquittent et traitent des données numériques (financières, statistiques et
autres).
Les tâches accomplies par les travailleurs de ce sous groupe consistent d'ordinaire à: sténographier
et dactylographier; utiliser diverses machines pour le traitement de texte, la saisie des données, le
calcul ou la comptabilité ainsi que d'autres machines de bureau; s'acquitter de travaux de
secrétariat; enregistrer et traiter des données comptables, statistiques, actuarielles ou financières et
d'autres données numériques; tenir un registre de calendriers de production, de fluctuations des
stocks et de livraisons, ainsi que des aspects d'exploitation du transport des voyageurs ou des
marchandises et de la coordination des horaires des convois de l'une et de l'autre catégorie; faire
du travail de bureau dans les bibliothèques; classer des documents; s'acquitter de travaux
administratifs relevant du service du courrier; préparer et collationner des manuscrits avant
impression; écrire pour le compte de personnes illettrées; s'acquitter de toutes sortes de travaux de
bureau à caractère général. Le cas échéant, la surveillance d'autres travailleurs fait partie de ces
tâches.
• 5101 Employés de bureau, fonctions générales ;
• 5102 Secrétaires (fonctions générales) ;
• 5103 Opérateurs sur clavier.
5101 Employés de bureau, fonctions générales
Ce groupe de base comprend l",55,structural,"[-0.006109,-0.074776,0.03249,0.020923,-0.00053,0.010895,-0.008563,-0.062915,-0.058371,0.026431,-0.038245,0.079236,-0.053863,-0.022784,-0.089565,0.041187,-0.081014,0.000947,0.091661,-0.032889,-0.048776,-0.067025,-0.049024,-0.002368,-0.035212,-0.067836,-0.034337,-0.036903,-0.029256,0.00849,-0.083569,-0.024289,0.00458,0.046833,-0.031111,0.008196,-0.04786,0.09941,0.003251,-0.007932,0.028768,-0.017442,0.028025,0.04351,0.001292,-0.017755,0.004534,0.032181,-0.118248,-0.039563,-0.002023,-0.073657,0.021656,-0.012239,-0.082181,-0.045492,0.030584,-0.011333,-0.050294,0.04519,-0.069312,-0.025096,-0.1693,-0.025648,0.005859,0.150086,0.059079,-0.000811,-0.001466,-0.010581,0.001808,-0.049516,-0.006505,0.018896,-0.051451,-0.047602,-0.019291,0.018125,0.111741,0.00297,-0.030634,-0.036765,-0.026984,0.067968,-0.003122,-0.051901,-0.053603,-0.074859,0.107682,0.01816,-0.013976,-0.011305,0.10764,-0.039347,0.001063,-0.007903,0.054731,0.076717,-0.025527,0.005239,-0.025691,0.015901,-0.020152,0.058475,0.004328,0.001565,-0.005276,-0.024601,-0.045157,-0.056498,-0.025641,0.032464,-0.019238,-0.094036,-0.022177,-0.053666,-0.160977,0.055841,-0.033099,0.008618,-0.138308,-0.003254,-0.034233,-0.025984,0.064689,0.092721,0.012864,0,0.008059,0.081523,-0.004343,0.105312,0.023668,0.064009,-0.054345,0.005685,0.017625,0.023154,0.035859,-0.024046,-0.004992,-0.024034,-0.015655,-0.027909,0.025122,0.046239,-0.11141,0.079626,0.01448,0.085499,-0.060826,0.0067,0.015897,0.068752,0.01891,-0.005802,-0.021927,0.026624,-0.026206,-0.051954,-0.053009,0.007073,0.095769,-0.025322,0.058497,0.009625,0.109346,-0.053575,-0.012131,0.012308,0.106508,0.012355,-0.043221,0.039784,0.073872,0.034204,0.021899,0.100344,-0.031252,-0.008618,0.063525,0.06655,0.13098,0.016024,0.051078,-0.021914,0.002289,-0.015806,0.016669,0.043074,0.05514,0.01438,0.049217,-0.001011,-0.075883,-0.104088,0.138421,0.00201,0.009983,0.100707,-0.010781,0.045436,-0.037356,0.113024,0.037326,-0.009678,-0.11824,0.004343,-0.120864,-0.024773,0.053515,0.054352,0.103668,0.013997,0.027148,-0.008624,0.109388,0.043978,-0.026779,-0.043347,0.010184,0.066776,-0.039994,-0,-0.050959,-0.080759,-0.049621,-0.040126,0.004007,0.01814,-0.015031,-0.04226,0.086599,0.008574,-0.016816,0.014155,0.01805,-0.024605,0.014986,-0.014002,-0.064376,-0.069671,-0.002413,0.00222,-0.025395,-0.080299,-0.01558,0.057326,0.091118,0.03876,0.074122,-0.059109,-0.010159,-0.041205,-0.048307,-0.042755,0.013611,0.029471,-0.016176,-0.03869,0.034572,0.040799,-0.017425,0.018903,-0.03944,0.054281,-0.011552,-0.038415,-0.048842,-0.020885,-0.084239,-0.009658,-0.00258,-0.014899,-0.026186,-0.073227,-0.081101,0.004082,-0.050159,-0.084533,0.00437,-0.001028,-0.019096,0.031199,-0.04454,-0.063832,0.046755,0.01713,-0.034659,-0.060619,-0.038907,-0.027366,-0.049865,0.019272,-0.000171,-0.006669,0.017322,-0.022893,0.038776,-0.015245,-0.004213,0.017101,-0.014102,-0.030046,-0.012917,-0.025724,0.034695,0.019039,-0.093794,0.062994,0.0506,0.033131,-0.010342,0.049144,0.062663,-0.122356,0.019768,0.001928,-0.073719,0,-0.003722,-0.00047,-0.033542,-0.041877,-0.01463,-0.021378,-0.03964,-0.045403,0.012098,0.016963,0.084368,0.028385,-0.011987,0.002666,0.067428,-0.071623,-0.031427,-0.048225,-0.059464,0.026286,-0.036709,-0.039227,-0.051192,0.01835,0.077015,-0.003953,0.018727,0.002661,6e-06,0.081491,-0.054889,0.110719,-0.040927,-0.064758,-0.009561,0.044474,0.037153,-0.045214,0.00564,0.027793,-0.059002,-0.015063,-0.070909,0.033614,0.034906,-0.034711,0.093597,-0.043463,0.040294,-0.031923,-0.108367,0.075974,0.025994,0.016064,0.008598,-0.015921,0.097802,-0.094253,-0.036371,-0.008633,-0.01103,-0.002027,0.034144,-0.061227]",442,3000
MEPC_2013_p121_c0056,MEPC_2013,Nomenclature Camerounaise des Métiers et Professions — 2013,63. Personnel des services de protection et de sécurité,5 EMPLOYES DE TYPE ADMINISTRATIF,"6301 Vigiles et agents de sécurité privée
Il convient de classer ici ceux qui, dans les bâtiments et dans d'autres enceintes, préviennent
l'intrusion illégale, le vol, les actes de vandalisme et de violence. Ils recourent parfois à la force
pour prévenir de tels actes et appréhendent ceux qui s'en rendent coupables. En pareil cas, leurs
tâches consisteraient à faire des rondes dans des bâtiments et d'autres enceintes pour prévenir les
vols, les actes de violence, les infractions aux règlements ou d'autres actes délictueux, au besoin, à
Page 119
user du droit de recourir à la force et à appréhender les contrevenants, à exercer les fonctions de
garde du corps.
64 Conducteurs de machines et d’installations fixes
Les conducteurs d'installations et de matériels fixes et les travailleurs assimilés servent et
surveillent, sur place ou par télécommande, des installations et des matériels pour l'exploitation
minière ou pour la transformation des métaux, des minéraux, du verre, de la céramique, du bois,
du papier ou des produits chimiques, des installations de traitement des eaux, de production
d'énergie électrique, ou d'autres installations, et conduisent des procédés industriels d'assemblage
ou de montage automatique ou semi automatique, ainsi que des robots industriels.
Le travail à exécuter exige des intéressés qu'ils possèdent l'expérience et la compréhension des
installations industrielles à servir et à surveiller et, bien souvent, qu'ils soient capables de s'adapter
à l'allure que la machine impose aux opérations, ainsi qu'aux perfectionnements apportés aux
machines et aux matériels.
Les professions de ce sous-groupe sont classées dans le seul groupe de base ci-après :",56,structural,"[-0.061555,0.020958,-0.009438,-0.033777,0.016768,0.062049,-0.009943,-0.023173,-0.00706,0.097648,0.043229,0.029481,-0.005616,-0.079482,0.000426,-0.0035,-0.017648,-0.004874,-0.03629,0.040077,-0.050812,-0.033001,0.005413,-0.019909,-0.028157,0.054813,-0.012525,0.003383,-0.055167,0.056302,-0.076719,-0.057438,-0.032025,0.083342,0.041669,-0.025265,0.062077,-0.0204,0.022519,-0.044367,0.011564,-0.047938,0.025534,0.053167,-0.049316,0.025294,0.012603,0.053091,-0.044361,-0.108053,0.035746,0.041735,0.034183,0.085292,-0.079032,-0.051353,0.087361,0.053899,0.003033,0.030876,0.001811,0.064299,-0.090882,-0.003272,-0.07376,-0.004056,0.030708,-0.029931,0.083537,0.0083,0.00388,0.041147,0.116804,-0.023434,-0.005697,0.049918,-0.087892,0.000511,0.07132,-0.072721,0.060111,-0.065583,0.012226,0.057072,0.037696,-0.035501,-0.021887,0.011193,0.067673,-0.016018,0.05827,0.096347,0.108996,-0.04042,-0.009891,0.014165,0.025943,0.052571,-0.051649,0.027125,-0.025511,-0.056347,-0.055531,-0.003183,0.044569,-0.018072,-0.007804,-0.050254,-0.100009,-0.078366,0.052222,0.027126,0.021183,-0.004115,0.06479,-0.036136,-0.07552,0.057925,0.040195,0.042069,0.066336,0.030657,-0.029404,0.029761,0.037641,0.086077,0.004133,0,0.019906,0.082129,-0.069232,-0.055482,-0.01797,-0.017434,-0.029118,-0.045017,0.042774,0.0632,0.004473,-0.069115,0.129964,-0.070324,-0.040895,-0.005369,-0.043872,0.012101,-0.079483,-0.010636,-0.035563,0.019113,0.019141,0.06655,-0.097747,0.014325,-0.02768,-0.00718,0.013767,0.017025,-0.03363,0.069658,0.072471,0.001825,0.064057,0.034944,0.100175,-0.031491,0.006407,-0.067695,0.019569,0.072895,0.046369,-0.007869,0.007625,-0.048544,-0.056533,-0.069262,-0.035924,0.008007,-0.063314,-0.027483,0.0033,-0.003658,-0.052186,-0.025263,0.014411,0.071162,-0.000798,0.049597,-0.021848,0.06797,0.065038,0.016414,0.024788,-0.109874,-0.018424,0.024313,-0.046103,0.031405,-0.054246,0.109298,-0.005932,0.005525,-0.113046,-0.020676,0.138658,0.052164,-0.104835,-0.040176,-0.100149,-0.071532,-0.016989,-0.003319,0.064078,-0.026557,-0.071081,-0.002598,0.036666,-0.01697,0.05647,-0.086779,0.052881,0.043103,-0.163426,-1e-06,-0.017154,-0.05863,-0.038357,0.040259,0.013666,0.040319,-0.082019,-0.024228,-0.045249,-0.088126,-0.03186,-0.033511,0.060361,0.021817,0.037096,-0.003858,-0.044315,-0.030455,-0.017483,0.038957,0.015227,0.001407,0.048584,0.06203,0.014602,0.02393,0.007363,-0.010481,0.040063,0.020048,0.040698,-0.08087,-0.036835,0.067862,-0.059575,0.002687,0.167028,-0.01017,-0.003336,-0.02471,-0.047386,0.082764,0.000681,-0.023857,-0.078392,0.021885,-0.029207,0.029294,-0.053353,0.001348,-0.074153,-0.044448,-0.03979,0.023754,0.023995,-0.036137,-0.008164,-0.04344,-0.029861,0.001324,-0.052697,-0.004875,-0.085533,0.015445,0.072687,0.020617,-0.063747,0.014605,0.000833,-0.032066,0.03097,-0.041202,-0.045332,-0.009389,-0.00675,-0.038935,0.031045,0.003824,-0.072601,0.008267,0.023422,-0.052714,-0.104875,0.069202,-0.026652,0.056599,0.112602,0.013507,0.027677,-0.00743,-0.005443,-0.125446,0.048522,-0.017461,0.002568,0,0.053814,-0.01101,-0.059123,0.016651,-0.003101,0.029143,-0.056504,-0.019425,-0.044105,-0.018929,0.12309,0.002203,0.046318,-0.044179,-0.078133,-0.073861,-0.053167,-0.022762,-0.059711,0.052267,-0.041194,-0.06787,-0.00173,0.014271,0.077773,0.075847,-0.052671,-0.030365,-0.048187,0.014482,-0.115353,0.024243,0.031657,-0.040289,-0.010227,0.059571,0.021768,-0.035057,0.036722,0.00109,-0.026212,-0.050357,-0.048357,0.026919,0.008461,-0.051603,-0.038126,-0.088699,0.09165,-0.059476,-0.010561,0.033929,0.04116,0.09626,0.009439,0.061404,0.083081,0.018207,0.011744,0.00945,0.027771,-0.006483,-0.027135,-0.090263]",274,1694
MEPC_2013_p122_c0057,MEPC_2013,Nomenclature Camerounaise des Métiers et Professions — 2013,06400 : Conducteurs de machines-outils,63. Personnel des services de protection et de sécurité,"Les tâches accomplies par les travailleurs de ce groupe de base consistent d'ordinaire à conduire et
surveiller des installations industrielles pour l'exploitation minière ou pour la transformation des
métaux, des minéraux, du verre, de la céramique, du bois, du papier ou des produits chimiques,
ou des installations de traitement des eaux, de production d'énergie électrique ou d'autres
installations, à conduire et surveiller des chaînes de montage automatiques ou semi
automatiques ainsi que des robots industriels. Le cas échéant, la surveillance d’autres travailleurs
fait partie de ces tâches. Leurs tâches comprennent :
• La conduite et la surveillance des machines et des matériels servant à creuser des saignées
horizontales ou verticales dans le front de taille des mines ou des carrières, ou servant à
forer des trous au front dans les mines ou les carrières pour le tir à l'explosif ;
• La conduite et la surveillance des machines et matériels d’installations de transformation et
de traitement superficiel des métaux conduisent et surveillent les fours servant à fondre les
minerais, les convertisseurs et les fours à affiner les métaux, des fours pour fondre et
réchauffer des métaux et manœuvrent des équipements servant à couler le métal, ou
conduisent et surveillent des trains de laminage pour laminer les métaux ;
• La conduite et la surveillance des machines et matériels servant à transformer des produits
chimiques par broyage, chauffage, mélange, distillation ou filtration pour en obtenir le
pétrole, les produits pétroliers ou encore des produits possédant certaines propriétés
particulières (détergents, produits cosmétiques, produits pharmaceutiques, allumettes,
munitions et explosifs…) ;
• La conduite et la surveillance des machines et matériels servant à fabriquer des films et des
papiers photographiques et des machines à développer les négatifs et à tirer des épreuves de
photographies ;
Page 120
• La conduite et la surveillance des machines et matériels servant à malaxer et mélanger du
caoutchouc et des matières à base de caoutchouc, à fabriquer divers composants et produits
à partir du caoutchouc naturel ou synthétique (par exemple des chaussures moulées, des
articles ménagers, des matériaux isolants, des accessoires industriels ou des pneumatiques
pour les bicyclettes, les automobiles, les tracteurs, les avions et d'autres véhicules), à
mélanger des composés chimiques pour produire des matières plastiques, à fabriquer divers
composants et produits en matières plastiques, à fabriquer des boîtes, des enveloppes, des
sacs, des sachets et d'autres articles en papier, en papier cartonné, en carton, en cellophane
et en matières similaires ;
• La conduite et la surveillance des machines et matériels servant à préparer les fibres et les
filés, ou les cuirs et les peaux, et des machines pour la fabrication ou le nettoyage à sec des
textiles ou des articles en fourrure et en cuir ;
• La conduite et la surveillance des machines et matériels servant à t",57,structural,"[-0.012209,0.026695,0.024793,-0.004183,0.04698,-0.031295,-0.045596,0.030103,-0.176971,-0.022701,0.021583,0.024876,0.130128,-0.033911,-0.092211,0.105154,0.007711,-0.048843,0.035231,-0.014868,-0.074803,-0.062149,-0.035868,0.003737,-0.038247,0.077598,0.049559,0.015456,-0.081394,0.022111,-0.102921,-0.041823,-0.095179,0.074476,0.04872,0.012464,0.048941,0.002252,-0.035557,-0.086923,0.073804,-0.050752,0.071276,0.036048,-0.012878,0.1197,0.04773,-0.057315,0.026552,-0.030902,0.0031,0.003974,0.100135,0.049645,-0.017052,-0.036148,0.038187,-0.082839,0.041578,0.032469,0.021829,-0.003171,-0.084385,-0.018017,0.00761,-0.072672,0.039714,-0.011335,-0.045301,0.043084,0.004322,0.049489,0.02852,0.074352,-0.000199,0.063543,-0.054644,-0.064049,0.043433,-0.073017,-0.010218,-0.047953,-0.014224,0.018858,-0.03304,0.042611,0.014263,0.000107,0.03165,-0.045212,0.024368,-0.019964,-0.022671,-0.042597,-0.014487,0.025425,-0.026801,0.10466,-0.009698,0.003489,0.062608,-0.03774,-0.02705,0.018796,0.054486,-0.000329,-0.051058,0.036627,-0.077428,-0.082647,0.062724,-0.020831,0.021378,0.030148,0.072409,-0.02526,-0.124223,0.01574,-0.010102,0.062291,-0.024453,0.005554,0.028992,-0.000251,0.074596,0.103033,0.054894,0,0.064351,0.055614,0.009369,-0.068903,0.047996,-0.017296,0.003754,0.073796,0.028019,0.049768,-0.099541,0.011573,-0.024269,-0.032763,0.015849,-0.033231,0.056262,-0.01101,-0.074192,0.018015,-0.046163,0.027202,0.002119,0.035028,-0.030527,0.08723,-0.047688,0.01058,-0.045099,0.060967,-0.027014,0.111753,0.03301,0.044964,-0.038289,0.023484,-0.056708,-0.040753,-0.064294,-0.063185,0.007716,0.004788,-0.028358,-0.080533,-0.081724,-0.068867,0.069808,-0.035111,-0.026803,-0.012638,-0.062354,0.042018,0.037807,-0.081962,0.048972,-0.038794,0.072918,-0.009825,0.013805,0.039437,-0.034883,0.081461,0.012886,0.086903,0.018283,-0.06846,0.082892,0.017102,-0.001493,0.082421,-0.049945,-0.041822,-0.010656,-0.026615,0.008547,0.00422,0.028455,-0.012017,-0.147937,-0.057975,-0.091193,-0.05319,-0.057687,-0.033125,0.042082,0.00052,-0.025771,0.039878,-0.056812,0.021518,0.010366,-0.067386,0.023008,0.068215,-0.102558,-1e-06,0.033972,0.063194,0.070351,0.000255,-0.022202,-0.008986,0.018927,-0.008655,-0.043329,0.0324,-0.02222,-0.006844,0.036095,-0.020309,0.052569,-0.019285,-0.063611,-0.053079,0.025433,-0.073325,-0.023861,0.091895,-0.01821,0.003259,0.019306,0.020898,-0.0378,-0.035304,-0.021372,0.010826,-0.055076,-0.01233,0.078613,0.053588,-0.066977,-0.043024,0.072546,0.029279,0.044834,-0.078971,0.030832,0.079618,-0.043774,0.043226,-0.077832,-0.024931,-0.045121,-0.017125,0.001285,0.019429,-0.03547,0.018814,-0.074641,-0.057656,-0.027736,-0.038539,-0.039151,0.046362,-0.086213,0.042087,-0.064887,-0.089866,0.01959,0.025162,-0.058876,0.056906,0.039319,0.142486,-0.01679,0.0208,-0.018344,0.100649,-0.03025,-0.020591,-0.042769,-0.012211,-0.062036,0.004658,-0.008904,0.053051,-0.036514,-0.036072,-0.032481,0.07915,-0.00254,-0.015508,-0.001161,0.028612,-0.013163,-0.044004,-0.012898,-0.052555,0.009749,0.021702,-0.089463,0,0.062947,-0.001291,0.006669,-0.028549,0.025466,-0.01422,-0.023683,0.13363,-0.04659,-0.021228,0.030667,-0.017608,0.020763,-0.044496,-0.05345,-0.051181,-0.050746,-0.051586,-0.063125,0.028068,0.028768,-0.098716,0.016193,0.107139,0.000555,0.041631,-0.092057,0.016897,-0.025978,0.068208,-0.072548,-0.026501,-0.046738,0.001872,0.054265,-0.008637,-9.7e-05,-0.036003,-0.001389,-0.046274,0.032812,-0.056339,-0.085848,0.002383,-0.040384,0.02287,-0.04227,-0.110081,-0.004395,0.019029,-0.003151,0.026588,0.04494,0.059435,-0.012743,0.007861,0.009988,-0.136768,-0.004207,0.008536,0.042827,0.088773,0.019181,-0.077481]",459,3000
MEPC_2013_p138_c0058,MEPC_2013,Nomenclature Camerounaise des Métiers et Professions — 2013,partie de ces tâches.,06400 : Conducteurs de machines-outils,"Les professions de ce sous-groupe sont classées dans les groupes de base ci-après :
• 7501 Mécaniciens et ajusteurs d’appareils électriques ;
• 7502 Mécaniciens et ajusteurs d’appareils électroniques ;
• 7503 Monteurs et réparateurs d’installations télégraphiques et téléphoniques ;
• 7504 Monteurs et réparateurs de lignes électriques.
7501 Mécaniciens et ajusteurs d’appareils électriques
Les mécaniciens et les ajusteurs d'appareils électriques montent, règlent, installent et réparent des
machines et autres appareils et matériels électriques dans des bâtiments, des usines, des ateliers et
en d'autres lieux.
Leurs tâches consistent: à monter, régler et réparer diverses sortes de machines et de moteurs
électriques, des dynamos, des tableaux de commutation et de distribution, des appareils de
commande, des instruments ou les composants électriques d'ascenseurs et de matériels connexes; à
ajuster, régler et réparer la partie électrique d'appareils ménagers, de machines industrielles et
d'autres appareils, ainsi que les équipements électriques d'avions, de navires et de véhicules; à
inspecter et essayer des appareillages électriques.
7502 Mécaniciens et ajusteurs d’appareils électroniques
Page 136
Les travailleurs classés dans ce groupe de base entretiennent et réparent des appareils de radio et
de télévision, des enregistreurs à bande, des magnétoscopes et d'autres matériels d'enregistrement
et de transmission du son et de l'image ; ajustent, règlent et entretiennent des matériels
informatiques ainsi que des équipements pour l'enregistrement et la transmission du son et de
l'image, les télécommunications et d'autres équipements électroniques dans des bâtiments, des
usines, des ateliers et en d'autres lieux.
Leurs tâches consistent: à ajuster et régler des matériels informatiques, des appareils pour
l'enregistrement et la transmission du son et de l'image, des installations de radars, les composants
électroniques d'instruments de musique, d'appareils médicaux, d'équipements industriels et de
systèmes de signalisation; à inspecter et essayer des appareillages électroniques finis ; à examiner les
appareils de radio ou de télévision, les enregistreurs à bande, les magnétoscopes et d'autres
matériels d'enregistrement et de transmission du son et de l'image, à remplacer les pièces
défectueuses et effectuer les réglages et réparations nécessaires.
7503 Monteurs et réparateurs d’installations télégraphiques et téléphoniques
Les monteurs et les réparateurs d'installations télégraphiques et téléphoniques montent,
entretiennent et réparent des installations téléphoniques et télégraphiques dans un central ou sur
les lieux d'utilisation. Leurs tâches consistent: à installer, entretenir et réparer des installations
téléphoniques et télégraphiques dans un central ou sur les lieux d'utilisation.
7504 Monteurs et réparateurs de lignes électriques
Les monteurs et les réparateurs de lignes électriques installent et réparent des lignes électriques et
raccordent des câble",58,structural,"[-0.034783,0.043439,0.057033,0.010919,0.012987,-0.143744,0.030608,-0.003792,-0.086398,-0.062899,-0.039624,-0.010354,0.050272,-0.026175,-0.165443,0.031693,0.014283,-0.047111,0.070506,0.021505,-0.050559,-0.031628,-0.021831,-0.023796,-0.018067,0.058104,-0.007017,0.113781,-0.027739,-0.034076,-0.075072,-0.042576,-0.123343,0.025344,0.019764,0.050633,0.023789,-0.002666,-0.039488,-0.057162,0.062262,-0.068233,0.079985,0.094634,0.037286,0.098151,0.055529,-0.054882,-0.037766,-0.02517,0.020367,-0.03487,0.042932,0.067931,0.03949,-0.009102,0.007671,0.02638,-0.045314,-0.057161,0.055737,0.00333,-0.080726,-0.000502,-0.028868,0.01908,0.07171,-0.00462,-0.018589,-0.005608,0.002023,0.020655,0.044099,0.061053,-0.007856,0.115658,0.001868,-0.031313,0.05963,-0.055358,-0.088919,-0.091991,-0.019374,-0.003827,0.04863,0.096383,0.063022,-0.052632,0.081225,0.033787,0.079786,0.035997,0.014101,-0.032344,-0.023966,0.011343,0.048129,0.110313,-0.047414,0.04852,-0.034164,0.056559,-0.044586,-0.020552,0.022585,0.000884,-0.079066,-0.004418,-0.040846,-0.122244,0.013237,0.037989,-0.014712,0.005676,0.027787,-0.017058,-0.01698,0.020109,0.095543,0.093129,-0.07016,-0.030148,-0.085013,-0.015114,0.023345,0.056919,-0.012087,0,0.007558,0.104145,0.023936,-0.041753,0.016049,-0.071057,-0.035221,0.015466,-0.047541,0.001174,-0.059928,0.015205,0.033441,-0.012454,-0.010071,-0.017708,0.024977,-0.010899,-0.081064,-0.080211,-0.043422,0.055947,0.013909,0.029444,-0.10943,0.158152,0.034319,-0.028226,-0.051706,0.039215,-0.028966,0.079474,-0.009682,0.009278,-0.032498,0.051816,0.034003,-0.062006,0.040287,-0.010377,0.022216,0.022356,0.042864,-0.035547,-0.030771,-0.059237,0.036135,-0.006395,0.045016,0.012705,-0.007409,-0.031212,0.091451,-0.048462,-0.041944,-0.062472,0.009812,0.014557,0.024465,0.018539,-0.085402,0.051495,0.070707,0.068744,0.034647,0.001471,0.004311,-0.080759,-0.000833,0.055942,-0.030015,-0.065096,0.057192,-0.034729,0.040785,0.031774,0.036086,-0.025585,-0.066134,-0.043064,-0.031402,-0.060386,-0.068437,-0.125784,0.050095,-0.038079,0.011528,-0.043329,-0.000243,0.058168,0.004572,0.000932,0.035048,-0.022182,-0.181162,-5e-06,0.025281,0.027521,-0.003486,0.064334,-0.010728,-0.022598,0.005929,-0.02529,0.006558,-0.045917,0.01275,-0.024729,0.028394,-0.046933,0.024102,-0.032455,-0.074132,-0.007396,0.060982,-0.034854,0.025819,0.059847,0.000634,0.068283,-0.001981,0.004194,-0.058787,-0.036198,0.053872,-0.02805,0.010089,-0.037875,0.06118,0.061171,-0.037843,0.023386,0.078604,0.072787,0.058966,-0.020752,0.032112,0.032621,-0.046674,0.086563,-0.044712,-0.002867,-0.032809,0.049111,0.00827,0.065731,-0.000811,-0.066987,-0.018067,0.017977,0.013024,0.048009,0.006265,-0.025529,-0.063409,0.0814,-0.06229,-0.054997,0.068566,-0.055679,0.02311,-0.004481,0.037093,0.003671,-0.006586,0.01134,0.021812,0.049181,-0.017446,-0.096784,-0.006248,-0.029515,0.054782,0.018523,-0.066169,-0.101329,-0.019706,0.012366,0.041514,0.053742,-0.021039,0.000314,0.025087,0.045566,-0.002342,-0.081694,0.018821,0.034295,0.052935,0.010923,-0.040313,0,0.083859,-0.028733,-0.042604,0.002115,-0.000735,0.023383,-0.009909,0.073905,-0.051335,0.003326,0.063527,-0.021815,0.050249,-0.091663,-0.031631,-0.00174,-0.105586,-0.053238,-0.116191,0.024598,-0.012228,-0.079021,0.009525,-0.012917,0.0334,0.02878,-0.086105,0.052605,-0.068735,-0.010335,-0.037427,-0.021364,0.057643,0.006981,0.061824,-0.010979,-0.041389,0.017458,0.056432,-0.002242,-0.002177,-0.067899,-0.084761,0.022952,-0.062753,-0.06121,-0.079937,-0.048,-0.016464,0.102684,0.061634,0.005538,-0.038836,-0.059671,-0.04455,0.018959,-0.024609,-0.054894,0.062437,-0.058317,0.096694,0.024226,-0.054884,-0.089096]",433,3000
MEPC_2013_p143_c0059,MEPC_2013,Nomenclature Camerounaise des Métiers et Professions — 2013,8 FORCES DE DEFENSE ET DE SECURITE ET PERSONNEL DE,partie de ces tâches.,"L’ADMINISTRATION PENITENCIAIRE
Les forces armées se composent des personnes qui, volontairement ou par obligation, servent
normalement dans les différentes armées ainsi que dans les services auxiliaires, et qui ne jouissent
pas de la liberté d'accepter un emploi civil. En font partie les membres permanents de l'armée de
terre, de la marine, de l'aviation ou d'autres armées ou services, ainsi que les personnes recrutées
par conscription, pour une période réglementaire, afin d'acquérir une formation militaire ou
d'accomplir un autre service. En sont exclus les personnes ayant un emploi civil dans les
établissements publics s'occupant de questions de défense; la police (sauf la police militaire) ; les
douaniers, les gardes-frontière et les membres d'autres services civils armés; les personnes
temporairement rappelées pour accomplir une brève période réglementaire d'instruction ou
d'exercice militaire; les réservistes qui ne sont pas en service actif. Il n'a pas été fait recours à la
référence à un niveau de compétences pour délimiter le champ de ce grand groupe.
Les professions de ce grand groupe sont classées dans les sous-groupes ci-après :
• Personnel de la sécurité nationale ;
• Personnel de la gendarmerie et des armées ;
• Personnel de l’administration pénitentiaire.
81 Personnel de la sécurité nationale
Les travailleurs classés dans ce sous-groupe sont ceux qui exercent comme forces de maintien de
l’ordre dans le corps de la police. Ce sous-groupe comprend les groupes de bases suivants :
• Commissaires de police ;
• Officiers de police ;
Page 141
• Inspecteurs de police ;
• Gardiens de la paix.
8101 Commissaire de police
Haut cadre de la police. Ce groupe de base comprend : less commissaires divisionnaires, les
commissaires de police principaux et less commissaires de police.
8102 Officiers de police
Un officier de police assure de façon générale le poste de commandement dans le maintien de
l’ordre. Il est sous les ordres directs d’un commissaire de police. On distingue l’officier de police
principal (3e grade), l’officier de police de 2e grade et l’officier de police de premier grade.
8103 Inspecteurs de police
L’inspecteur de police est celui qui mène les investigations, les enquêtes sur le terrain et les
interrogatoires. Ce groupe de base comprend : l’inspecteur de police principal (3e grade),
l’inspecteur de police 2e grade et l’inspecteur de police 1er grade.
8104 Gardiens de la paix
C’est le grade le plus bas de la police : il comprend le gardien de la paix principal, le gardien de la
paix de 2e grade et le gardien de la paix 1e grade.
82 Personnel de la gendarmerie et des armées
Ce sous-groupe comprend :
• Officiers généraux ;
• Officiers supérieurs ;
• Officiers subalternes ;
• Sous officiers ;
• Militaires du rang.
8201 Officiers généraux
• Généraux d’armée (Amiral) ;
• Généraux de corps d’armée (Vice amiral d’escadre) ;
• Généraux de division (Vice amiral) ;
• Généraux de brigade (Contre amiral).
8202 Officiers supérieurs
• Colonels ",59,structural,"[-0.04197,0.001691,0.042863,-0.015658,0.012403,0.037058,-0.011947,-0.062606,0.050777,0.045315,0.057866,-0.026567,0.053571,-0.02946,0.011547,-0.030867,-0.005943,-0.006201,-0.024143,0.08853,-0.070534,-0.022803,0.016331,0.041223,-0.03756,-0.002367,0.025096,0.015322,-0.075919,0.007556,-0.00389,-0.073703,-0.014645,0.088254,0.003361,-0.023718,0.061531,-0.002205,-0.014065,0.044888,-0.020233,-0.053883,0.106648,-0.020433,-0.01252,-0.01173,0.035466,-0.028678,0.039004,-0.022776,0.066656,-0.040462,-0.01128,0.03737,-0.024225,-0.061163,0.042687,-0.021824,0.020549,0.013053,-0.081554,0.055518,-0.022992,-0.004308,-0.030146,-0.040287,0.066551,-0.006028,0.026557,0.02013,0.064679,0.096986,0.062582,-0.024062,-0.017287,0.067501,-0.014169,0.050905,0.074318,-0.096527,0.018692,-0.020577,-0.012453,0.028073,0.01618,-0.05579,-0.015448,-0.025812,0.03856,0.072623,0.00937,0.062488,0.090983,-0.032131,0.052096,0.022448,0.058529,-0.028406,-0.094517,0.00041,0.066027,-0.094149,-0.026058,-0.006122,0.039716,0.038345,0.018844,-0.101926,-0.129904,-0.112974,0.080627,-0.015777,-0.073677,0.007634,0.01588,0.004523,-0.046676,-0.009164,0.026853,0.056177,-0.042904,-0.026766,-0.021787,0.009906,0.021155,0.065653,0.019652,0,0.04101,-0.051309,-0.043399,-0.022819,0.004557,-0.063959,-0.049442,-0.028551,0.0373,0.034015,-0.051895,0.054821,0.104468,0.006889,-0.003881,0.045712,-0.033761,0.033374,-0.032133,0.044726,-0.007822,0.008305,-0.034087,-0.009609,-0.028762,0.002316,-0.027468,0.056082,-0.061298,-0.016641,-0.078097,0.00105,0.002517,-0.011348,0.101715,-0.066889,0.102561,0.024641,-0.035688,-0.080229,0.080667,0.010192,-0.005527,0.004647,0.092434,-0.052175,-0.082153,-0.050667,-0.081081,0.043864,-0.00468,-0.013782,-0.026252,-0.003011,-0.08415,-0.060985,-0.073882,0.076131,-0.020798,0.010364,-0.012623,0.004281,0.069,0.027995,0.047582,-0.03723,-0.093616,0.070841,0.011229,-0.064658,-0.015273,0.023836,0.070534,0.027102,-0.043847,0.003427,0.069911,0.003078,-0.118671,0.014476,-0.086456,-0.01924,-0.003151,0.08325,0.064844,-0.000277,-0.019348,-0.066076,-0.016787,-0.02692,-0.066422,-0.079477,0.028165,0.026268,-0.082209,-2e-06,-0.007178,0.03834,-0.0389,-0.044724,-0.005523,-0.00896,0.005977,0.026162,-0.036468,-0.007232,-0.037251,-0.037562,0.012595,0.006303,0.016893,0.011635,-0.072044,-0.007175,0.025774,-0.002739,0.026426,-0.037746,0.132254,0.047573,0.058167,-0.006086,0.023396,0.027867,-0.071059,0.100824,0.141363,-0.098419,0.041734,0.00268,-0.04251,-0.055887,0.059007,0.026332,0.034937,0.066454,-0.026431,-0.022746,0.024801,-0.017385,-0.071588,-0.007558,-0.052442,-0.051629,-0.068411,0.008556,-0.083013,-0.064981,-0.058241,0.024748,0.027684,-0.056048,-0.031303,0.054583,0.076863,0.054658,0.00333,0.052099,-0.027376,-0.00228,-0.004058,0.044169,-0.050698,-0.001753,-0.102464,0.06524,0.043209,-0.026135,0.029439,0.052151,0.059898,0.033672,0.062243,-0.07192,-0.037192,0.002397,-0.045864,-0.129563,-0.090941,0.070907,-0.123941,0.015046,0.137946,0.004447,0.048196,0.001902,0.056328,-0.110543,0.035838,-0.019183,-0.012501,0,0.075554,0.024127,-0.034397,0.085614,-0.068887,-0.015217,-0.027265,-0.080357,0.022975,-0.030766,0.065388,0.030148,-0.028106,-0.090007,-0.086088,-0.039839,-0.06627,-0.105521,-0.060848,-0.016327,-0.042885,-0.065411,-0.028894,0.030468,0.068873,0.134993,-0.066246,-0.058915,-0.035467,0.039491,0.045361,0.024817,-0.043166,-0.036526,0.002401,0.035828,0.026992,-0.05645,-0.005681,-0.040378,-0.066584,-0.049562,0.016188,-0.069049,0.054987,0.008871,-0.028218,-0.070541,0.044971,-0.050221,0.031848,0.00835,-0.032864,0.116009,-0.03876,0.019929,0.094874,0.000816,-0.000775,0.013152,0.038489,0.011779,-0.02154,-0.019357]",480,3000
MEPC_2013_p146_c0060,MEPC_2013,Nomenclature Camerounaise des Métiers et Professions — 2013,15. DJEUKWI Vicky Laure Cadre,14. KAMGUE Max Cadre,"Equipe d’Experts ayant pris part aux travaux de conception et d’élaboration
N° Structure Nom et prénoms",60,structural,"[-0.055314,0.061515,0.041857,-0.044202,-0.109041,0.040284,0.030685,0.123581,0.013661,0.023943,0.004325,-0.002324,-0.016324,-0.023507,-0.018501,0.005864,-0.023307,0.035963,-0.061811,0.011378,-0.097061,-0.144282,-0.069681,-0.036729,0.092302,0.114733,0.03236,0.00667,0.054557,0.005367,0.082154,-0.013859,0.053852,-0.042647,0.072668,-0.044506,-0.107556,-0.026525,0.07068,0.005057,-0.053777,-0.033454,-0.083132,-0.008382,0.077848,0.060392,-0.010314,0.020755,-0.036073,0.004946,-0.154735,-0.061915,0.026956,0.013628,0.031511,-0.096218,-0.04752,-0.049242,-0.007484,-0.10528,-0.029416,0.059202,-0.10446,0.007089,-0.016716,-0.078229,0.076825,0.007065,0.046941,0.08793,0.005036,0.066766,0.03801,0.034996,0.006217,0.000223,0.005509,0.049671,0.018755,-0.106952,-0.046367,0.010404,0.025525,-0.024114,-0.06103,0.008546,0.012132,0.075446,-0.012884,0.013448,-0.023331,-0.066512,-0.002873,0.061182,-0.027308,0.050527,-0.031022,-0.060458,0.084847,0.034314,-0.014585,0.043409,0.060725,0.094643,-0.058614,-0.058013,-0.091315,-0.053981,0.059319,-0.043944,-0.021595,-0.034614,-0.010386,-0.071782,0.016136,-0.048717,0.065851,-0.010011,0.041786,-0.000649,0.004428,0.033219,0.045891,-0.01495,-0.061296,-0.039803,0.018286,0,-0.039263,-0.04075,0.096025,0.004279,0.003425,-0.052219,0.014494,-0.004184,0.048459,-0.051747,-0.021632,-0.124935,0.001304,-0.039599,0.003039,0.063422,-0.041717,-0.043725,-0.064392,0.050717,-0.060234,-0.056618,0.00935,0.037342,-0.00976,-0.011662,0.069244,-0.005225,-0.061881,0.021564,0.025976,-0.069511,-0.082357,0.071547,0.003938,-0.02622,0.083306,-0.017189,0.051678,-0.041661,0.083471,-0.055039,0.090122,-0.001609,0.021281,0.110561,-0.014232,0.008479,0.000344,0.023608,-0.032743,0.05323,-0.075674,-0.033036,-0.021323,0.071217,-0.06638,0.032661,-0.019987,0.019684,-0.012871,0.037468,0.007994,0.022752,-0.07551,-0.033192,-0.011933,-0.038685,0.078402,-0.026506,-0.029601,0.059571,-0.043334,-0.021331,-0.053705,0.011881,-0.001521,0.050325,-0.022557,0.11356,-0.070391,0.126744,-0.012674,-0.060336,0.00071,0.002494,0.045612,-0.03212,0.017948,0.018041,-0.058071,-0.025188,0.056182,-0.046357,-0.031618,-5e-06,0.042933,0.01955,-0.017235,0.094251,-0.037996,-0.02039,-0.047653,0.075208,-0.044982,0.005404,0.068784,-0.020504,0.140185,-0.015378,0.00367,-0.033338,-0.048785,-0.003806,0.012882,0.005849,0.042406,-0.013119,-0.166196,0.059289,0.027401,-0.027704,0.013066,0.005777,-0.020439,0.032437,0.042671,-0.048609,0.014443,0.091881,-0.006046,-0.027462,0.066833,0.021551,0.003806,-0.052409,-0.006581,0.052848,-0.021054,0.055818,-0.032337,-0.08887,0.004451,-0.023992,-0.002287,-0.019429,0.016056,-0.019676,0.035596,-0.062775,-0.006451,0.008966,0.082165,-0.021089,0.08238,0.02905,0.059771,-0.004812,-0.041197,0.056737,-0.027994,-0.033084,-0.059506,-0.068708,0.020371,-0.066406,-0.051133,-0.023101,-0.001426,-0.012885,-0.033946,-0.052091,0.015581,-0.003904,0.017588,-0.060067,0.040829,-0.064117,-0.011443,-0.030538,0.032913,-0.067672,0.007189,-0.041518,0.005422,0.001218,0.014973,-0.002607,-0.022357,-0.031231,-0.023506,-0,-0.003727,-0.051766,-0.095613,0.031373,0.116285,-0.027667,0.013422,0.000735,-0.053652,0.063983,0.051076,0.019858,-0.08554,0.078149,-0.023037,-0.032861,0.082942,0.011428,-0.037465,0.011958,0.00734,0.085692,-0.040963,-0.052318,0.081998,0.079555,0.00448,0.016898,-0.051066,-0.04246,0.031343,0.110125,-0.03484,-0.012081,-0.082867,-0.036526,-0.013135,0.070858,-0.017211,-0.005656,0.042025,0.014789,-0.002182,-0.034601,-0.032054,0.025866,-0.035801,-0.050635,-0.06582,0.037757,-0.033582,0.022135,0.143875,-0.054485,0.008079,0.07446,-0.036586,0.031526,-0.051595,0.023326,0.093982,0.049649,0.019812,-0.003235]",18,103
NCF_2017_p002_c0000,NCF_2017,Nomenclature Camerounaise des Formations — 2017,FORMATIONS,NOMENCLATURE CAMEROUNAISE DES,"(NCF)
Elaboré sous lacoordinationde l’InstitutNational delaStatistique (INS)
Janvier 2017
NomenclatureCamerounaisedesFormations
Sommaire
Siglesetabréviations..........................................................................................................2
Avant-propos.....................................................................................................................4
Introduction.....................................................................................................................5
i. Contexte etjustification.......................................................................................................5
ii. Approche méthodologique..................................................................................................6
iii. Utilité delaNCF..............................................................................................................6
iv. Plandu document................................................................................................................6
I. Cadre conceptuel........................................................................................................8
I.1. Les principes d’élaborationdelaNCF............................................................................8
I.1.1. Unités de classification.....................................................................................................8
I.1.2. Variables de classification................................................................................................8
I.1.3. Critère de similarité..........................................................................................................8
I.2. Concepts clés....................................................................................................................9
I.3. Champde laNCF..........................................................................................................10
I.4. Structure de laNCF.......................................................................................................11
II. Matricesde codification.............................................................................................12
II.1. Codificationdes niveaux deformation.........................................................................12
II.2. Codificationdes spécialités deformation.....................................................................13
III. Notesexplicatives......................................................................................................23
III.1 Nomenclature des niveaux deformation......................................................................23
III.2Nomenclature des spécialités deformation......................................................................25
Equipe de rédaction.........................................................................................................70
Page|1
NomenclatureCamerounaisedesFormations
Sigles et abréviations
A",0,structural,"[0.036156,-0.076778,0.022525,-0.06029,-0.049133,0.020255,-0.076269,0.02038,0.028588,0.036587,0.002321,-0.053641,-0.005116,-0.038124,0.010743,-0.036081,-0.042434,0.006632,-0.007308,0.002763,0.013017,-0.017417,-0.048146,0.028997,0.02192,0.026389,-0.028432,0.040925,0.026652,0.033758,-0.04003,-0.008,-0.023546,-0.039937,-0.021066,-0.114862,-0.10881,-0.026437,-0.042734,-0.025542,-0.003465,-0.044542,0.051397,0.051274,-0.016265,0.049842,-0.011322,0.098152,-0.043655,0.02871,-0.05514,-0.085337,-0.003431,0.007738,0.008524,-0.043464,-0.055352,-0.043896,-0.048243,0.066136,0.059034,0.066339,-0.034967,-0.057542,0.023345,0.093391,0.112094,-0.041769,0.005826,0.036934,-0.019104,-0.041979,0.074307,-0.003783,-0.015051,0.081833,-0.009137,0.001002,-0.016382,-0.048554,0.021764,0.023426,0.000903,-0.017959,-0.050592,0.068695,0.007501,-0.084054,-0.014209,-0.038469,0.021039,-0.050284,-0.012719,-0.051399,0.073519,0.005126,-0.018063,0.033365,0.027634,-0.004908,-0.042191,0.095717,-0.105669,-0.052131,-0.079687,0.012703,-0.085736,-0.035192,0.015549,-0.020607,-0.052235,-0.029874,-0.009059,-0.053674,-0.083574,0.005279,0.003876,-0.025123,0.058582,-0.051607,-0.01048,-0.024802,-0.034359,-0.00358,0.003778,-0.013945,-0.04826,0,-0.026849,0.078748,0.036359,0.031354,-0.050834,-0.046789,-0.052519,-0.027092,-0.09664,-0.083044,0.033639,-0.11344,0.029278,-0.006015,0.02395,-0.060689,0.172681,-0.070245,-0.048813,-0.033634,-0.060975,0.088367,-0.031589,-0.024788,-0.07296,0.034338,0.007452,-0.006111,-0.057168,-0.013751,0.047336,-0.067963,-0.087457,0.090585,0.070693,-0.099942,-0.062589,-0.04071,0.037449,0.077094,0.003818,0.040413,-0.046785,0.055717,0.059087,-0.042425,-0.070292,0.054413,0.073124,-0.158771,-0.015217,0.057982,-0.0261,-0.044319,-0.001002,0.053726,-0.05298,0.122862,-0.002823,-0.018524,-0.02713,-0.018813,-0.040406,0.054386,0.016377,-0.040565,-0.049686,-0.020398,-0.019928,-0.003604,0.051176,-0.010976,0.009238,0.015644,0.052941,0.051463,-0.02251,-0.017212,0.00467,-0.118817,-0.024674,0.047889,-0.014233,0.008954,-0.02258,-0.032427,-0.039689,0.024422,-0.030604,0.050514,-0.064191,-0.045146,-0.085872,-0.034187,0.002151,2e-05,0.021599,0.01844,-0.017434,-0.046305,-0.066572,-0.039347,-0.080759,-0.071707,0.020547,0.032261,0.116179,0.053712,-0.025411,-0.142055,0.064281,-0.076166,0.011135,-0.047489,-0.062064,0.003323,0.065372,-0.054654,0.000647,-0.032056,-0.003615,-0.074432,0.075665,0.045404,-0.053981,-0.007098,-0.076069,-0.096076,-0.003849,-0.054877,-0.008647,-0.012971,0.046326,-0.021338,-0.0319,-0.097297,-0.104735,0.098061,-0.004602,0.045638,0.052892,-0.088895,-0.062332,-0.003306,-0.004871,-0.00933,0.088104,-0.056814,-0.018054,-0.099,-0.02809,0.051845,-0.045872,-0.018967,-0.080313,-0.002649,0.012988,0.028851,-0.044319,-0.009449,0.03611,-0.029012,-0.168221,-0.034937,0.037846,-0.032116,-0.022644,0.023285,-0.027056,0.097257,-0.04451,-0.056341,0.017593,0.005287,0.0009,-0.011128,-0.000835,0.005158,0.017408,0.039077,0.013421,-0.055275,0.082141,0.059363,0.010065,-0.037835,0.099268,-0.105256,-0.005479,0.024832,0.064238,1e-06,0.033615,-0.061856,-0.027815,0.010545,-0.015758,-0.063256,0.029862,-0.019565,0.000139,-0.008137,-0.018295,0.045997,0.056712,-0.031229,0.001273,-0.031343,0.053205,-0.012802,-0.101993,0.038792,-0.05946,-0.088234,-0.057537,-0.092297,0.059736,-0.086443,0.037083,-0.041691,-0.088726,0.043498,0.01247,-0.033539,0.047565,-0.055708,-0.042372,0.037972,0.004948,0.011575,0.064861,-0.020869,-0.011067,-0.000519,0.054553,0.052631,0.005669,-0.067377,-0.04664,0.001059,0.00064,-0.027463,-0.021509,0.024224,0.003982,0.00164,-0.020828,0.005943,-0.021097,0.046509,0.079742,-0.054651,0.045107,-0.01909,0.062178,-0.007166]",126,3000
NCF_2017_p008_c0001,NCF_2017,Nomenclature Camerounaise des Formations — 2017,domaines spécialisés et les domaines détaillés de formation. Il a connu la participation des,FORMATIONS,"administrations sectorielles du SNIS.
Etape 3 : l’organisation d’un atelier de finalisation et de validation de la nomenclature. Pour
cette activité, les représentants de quelques établissements de formations ont été d’un grand
apport.
Etape 4: latraductionde lanomenclature en langue anglaise.
Etape 5: l’impressionde lanomenclature dans les deux langues officielles.
Etape 6: l’organisation d’un séminaire de présentation officielle de la nomenclature et sa
dissémination
De manière opérationnelle, l’élaboration de la NCF s’est inspirée des travaux réalisés aux",1,structural,"[-0.001257,-0.091443,-0.010221,-0.075009,-0.01359,0.006746,-0.108577,-0.042574,0.03263,0.063461,-0.028544,0.05771,0.00908,-0.052705,-0.02789,0.012911,-0.069,0.02617,-0.002192,-0.009332,0.043708,-0.020503,-0.043671,0.022962,0.020633,0.023025,-0.046008,-0.012384,-0.024661,0.037136,-0.044812,0.01338,0.052125,-0.046981,-0.029096,0.05072,-0.058947,0.03718,0.03774,-0.043293,-0.013568,-0.057363,0.060927,0.01013,-0.041011,0.097387,0.000531,0.065754,-0.058174,0.022886,0.010244,-0.146265,-0.023751,-0.005751,0.033982,-0.013646,-0.038859,-0.041809,-0.071166,-0.085546,-0.003756,-0.012486,-0.070403,-0.023447,0.076048,0.021077,0.097775,-0.032387,-0.015596,0.002599,0.06425,-0.056613,0.03202,0.035208,-0.044307,0.110194,-0.001772,0.033841,0.011132,-0.062613,0.051163,0.075421,0.061874,0.027666,0.004636,0.029472,-0.064299,-0.061374,0.006317,0.019755,-0.071544,-0.076616,0.102007,-0.026315,0.039277,-0.000388,0.066164,0.007336,-0.008241,0.001498,0.009537,-0.004982,-0.013225,-0.126522,-0.013552,0.045142,-0.109398,-0.049645,-0.004878,0.007345,-0.05372,-0.006136,-0.025337,-0.078261,-0.055887,-0.04241,0.020843,0.016778,0.022875,-0.038195,-0.036133,0.022946,0.002466,-0.001854,0.087354,0.066342,-0.031726,0,-0.014293,0.041616,-0.02669,0.066944,-0.080507,-0.017646,0.026341,-0.080551,-0.057699,0.03624,-0.013263,0.145812,0.093423,-0.083876,0.01459,-0.057058,0.130772,0.004832,0.002317,0.004224,-0.088632,0.112074,-0.019923,-0.022511,0.027952,-0.029548,0.031156,-0.051897,-0.055558,0.031864,-0.004335,-0.021899,0.027589,-0.007452,0.055602,-0.025663,0.032073,-0.080825,0.050166,0.019816,0.038312,-0.044663,-0.022626,0.038882,0.019808,0.037463,-0.089345,0.020862,0.047068,-0.019882,-0.000199,-0.039827,0.057515,-0.020506,0.015243,-0.021866,-0.055301,0.032458,-0.019551,-0.050778,-0.022513,0.040092,0.002791,0.093898,-0.039515,-0.127354,-0.025992,-0.03959,0.001639,-0.100344,0.007013,0.016639,0.042185,0.126294,-0.001032,-0.00258,0.00567,0.035115,-0.088697,-0.044488,-0.078755,0.037852,0.020131,-0.001584,0.06718,-0.000159,0.045141,-0.034882,-0.042709,0.047599,-0.083605,-0.045001,0.004333,0.068012,0.002156,3e-06,-0.015077,-0.015872,-0.035253,0.031696,-0.062778,0.040967,0.061944,-0.099942,0.001064,0.035038,0.049326,-0.044142,-0.025928,-0.088589,0.068212,-0.083502,0.043751,-0.085376,0.046749,0.042943,0.082771,-0.018999,-0.022102,0.057242,-0.020936,-0.02902,0.041615,-0.02638,-0.005906,0.031532,0.01424,-0.153337,0.030371,0.043537,-0.018027,-0.011438,0.078558,-0.024852,0.008428,-0.022615,-0.014903,0.050922,-0.009626,0.041029,0.005999,-0.056861,-0.074047,0.029893,-0.031386,-0.140803,0.018617,-0.012377,-0.00016,-0.029927,0.070974,0.064111,0.055224,-0.035409,-0.007968,0.01921,-0.014977,0.010708,-0.032322,-0.002715,0.025739,0.05128,-0.087876,-0.05715,0.078167,-0.004323,-0.035533,-0.0507,-0.038026,0.048707,0.054295,-0.000871,-0.004474,0.011769,-0.048588,-0.017996,0.041669,-0.014695,0.034625,0.048255,0.05317,0.020456,0.094788,0.056757,0.00632,-0.041204,0.07771,-0.074857,-0.019464,0.047941,0.058506,0,0.03623,0.074701,-0.035062,-0.022264,-0.027695,-0.091285,0.019871,-0.040064,-0.000414,0.043155,0.026412,-0.050517,-0.077038,-0.110042,0.058718,-0.071582,0.008081,0.077162,-0.053625,0.038238,-0.057349,-0.022591,-0.072636,-0.123476,0.075705,0.057049,-0.000594,-0.037295,-0.026645,0.008113,0.021903,-0.008846,-0.05122,0.065217,-0.084287,0.047491,-0.003837,0.022344,0.165173,0.002946,-0.039647,0.054943,0.037006,0.044928,-0.02031,-0.01028,0.013201,0.031127,0.029745,-0.117125,-0.060596,0.06077,-0.041017,0.048484,0.026809,0.003476,0.064932,-0.004213,-0.021019,-0.042479,0.046586,0.006386,-0.052053,0.006842]",83,564
NCF_2017_p008_c0002,NCF_2017,Nomenclature Camerounaise des Formations — 2017,niveaux national et international à l’instar de (i) la Classification Internationale Type de,domaines spécialisés et les domaines détaillés de formation. Il a connu la participation des,"l’Education (CITE) élaborée par le Bureau statistique de l’UNESCO et orientée principalement
sur l’éducation, (ii) la classification des programmes d’enseignement élaborée par Statistique
Canada, (iii) la Nomenclature des Spécialités de Formation élaborée par l’INSEE en France et
surtout (iv) des réflexions menées dans le cadre de la réalisation de la quatrième Enquête
Camerounaise auprès des Ménages (ECAM4).
iii. Utilité de la NCF
La nomenclature des formations consiste en une structure de classification cohérente et
homogène des niveaux et des spécialités de formation s’appuyant sur un ensemble concerté de
concepts, définitions, principes et règles de classification. Elle représente un cadre intégré dans
lequel les données sur la formation peuvent être collectées, traitées et diffusées. Elle permet
d’organiser les données statistiques depuis les informations détaillées jusqu’aux agrégats
économiques. La NCF offre un cadre statistique intégré et cohérent pour la collecte et la
présentation des statistiques liées à la formation comparables à l’échelle nationale et
internationale. Elle permet une harmonisation, au niveau national, des définitions, concepts et
statistiques liés à laformation, facilitantainsileur agrégation.
iv. Plan du document
Le présentdocumentde nomenclature eststructuré autour dequatre éléments clés :
Le cadre conceptuel qui présente entre autres les principes d’élaboration de la NCF,
quelques concepts importants etle champdecouverture delanomenclature ;
Page|6
NomenclatureCamerounaisedesFormations
La matrice de codification des niveaux de formation et la matrice de codification des
spécialités de formation en grands domaines, domaines spécialisés et domaines
détaillés ;
La note explicative qui précise, au besoin, le contenu de chaque domaine en trois
familles : les éléments du noyau, les éléments de la périphérie et les éléments exclus du",2,structural,"[-0.006812,0.035439,-0.020767,-0.002544,0.027682,0.06357,-0.066736,-0.005746,0.023616,0.115041,-0.049482,0.040683,-0.046391,-0.002408,-0.071752,0.029497,-0.058426,0.022385,-0.028328,0.00425,-0.062995,0.020832,-0.00363,-0.038207,-0.057798,0.01504,0.044657,-0.023922,-0.026669,0.053009,-0.012883,-0.031304,-0.009281,-0.010384,0.016908,-0.027539,-0.009644,0.005051,-0.025732,0.0082,-0.019398,-0.021401,0.000239,0.089425,0.006909,0.058704,-0.047146,0.040671,-0.034536,-0.017653,0.042544,-0.056999,0.035472,0.021593,0.050674,-0.025068,-0.02762,-0.065216,-0.064356,0.056548,-0.014737,-0.028777,0.010885,-0.004681,0.021276,0.007536,0.017905,0.067277,0.026031,0.011544,0.042382,0.027426,-0.049532,0.00712,0.00737,-0.021721,-0.036105,-0.004799,0.028996,0.022666,0.01969,0.034508,0.029576,-0.07419,0.129093,-0.020109,-0.029022,-0.01882,-0.060589,-0.026971,-0.082543,-0.056056,0.149231,0.0597,0.049446,-0.069945,0.036112,0.00687,-0.036801,0.011465,0.01707,0.034347,-0.145878,0.05058,0.038875,0.026383,0.032133,0.004188,-0.004488,0.022726,-0.054913,-0.040238,-0.087503,0.03526,-0.018704,-0.058876,-0.000134,0.048923,-0.023959,-0.061121,-0.096665,0.023849,-0.009671,-0.047372,0.060921,0.005027,-0.064697,0,-0.015203,0.070402,0.054616,0.002939,-0.155122,-0.012827,0.055003,-0.004306,0.020256,-0.021649,0.082421,0.106535,0.056437,0.052307,0.021534,-0.016721,-0.009878,-0.021845,-0.004894,0.096491,0.00562,0.00904,0.073793,-0.043456,-0.010296,0.011592,-0.022541,-0.056163,-0.057045,0.000784,0.000443,-0.071573,-0.028191,0.014114,0.077584,-0.083928,0.120779,0.036299,0.004558,0.007915,0.057395,-0.077804,0.025515,-0.026836,0.029999,0.029843,-0.050008,0.061926,0.057923,-0.00223,-0.03512,-0.059014,-0.036001,-0.085918,0.053301,0.046514,-0.053225,0.113287,-0.078196,-0.159499,-0.050738,0.005782,-0.007155,0.028836,0.051586,-0.003673,-0.034497,-0.006646,0.049196,-0.093771,0.008714,-0.005516,-0.010265,0.09717,0.055949,0.047514,-0.013569,0.007871,-0.097042,-0.013824,-0.019994,-0.007914,0.001897,-0.094913,0.047705,-0.030685,0.031875,0.036442,0.09313,-0.057683,-0.018587,-0.067912,-0.021882,0.030383,-0.114247,6e-06,0.00184,0.04987,-0.083318,0.01368,0.02772,0.036882,0.042193,0.027232,-0.025546,0.030333,0.094952,-0.040019,-0.001948,-0.003427,0.006825,-0.026532,-0.126286,-0.049857,-0.051337,-0.003747,0.049983,-0.063844,-0.029325,-0.041843,-0.024565,-0.015254,0.096697,-0.053718,0.023535,0.006359,0.016391,-0.007127,-0.063045,0.048371,-0.049483,-0.037242,0.047912,0.015083,-0.020385,0.068478,-0.102913,0.076348,-0.088966,-0.016987,-0.080258,0.038981,-0.030924,0.082752,-0.032784,-0.016498,0.014966,-0.022048,-0.02254,0.044849,0.106027,-0.024335,0.012424,-0.020698,-0.054781,0.081445,0.016445,0.044589,-0.051537,0.022329,-0.02725,-0.088598,-0.071994,0.027484,-0.004825,-0.015895,0.0343,0.023029,0.019507,-0.069205,-0.000316,0.097898,0.031426,-0.027633,-0.022791,-0.030016,-0.003058,-0.113806,0.00409,0.018656,0.04629,-0.024335,0.065521,0.015368,0.055937,-0.020191,0.090445,0.057995,-0.027395,-0.032385,-0.025965,0,0.033032,0.070869,-0.071739,0.029488,-0.03673,-0.032086,-0.089463,-0.064251,0.002674,0.071631,-0.045965,0.008985,-0.059866,-0.094946,-0.014351,-0.076683,0.002298,0.050711,0.059674,0.084309,-0.050332,-0.04021,-0.061238,-0.117353,0.049169,0.007343,0.055444,-0.130531,-0.031151,0.003449,-0.00652,0.071239,-0.044754,-0.088309,-0.070832,0.021112,0.048677,0.01019,0.097187,-0.037087,0.010708,0.015007,-0.001212,-0.027125,-0.01892,-0.042559,0.009833,0.007597,0.047394,0.057977,-0.103942,0.029694,-0.014252,-0.084019,0.082738,0.070658,-0.00086,-0.083061,-0.01522,-0.056583,0.031704,-0.032836,-0.020416,0.059256]",268,1890
NCF_2017_p009_c0003,NCF_2017,Nomenclature Camerounaise des Formations — 2017,domaine.,niveaux national et international à l’instar de (i) la Classification Internationale Type de,"Page|7
NomenclatureCamerounaisedesFormations
I. Cadre conceptuel
La Nomenclature Camerounaise des Formations est conçue et élaborée pour couvrir un champ
précis de formations suivant des principes et des critères adoptés par l’ensemble des acteurs du
système.
I.1. Lesprincipesd’élaboration de la NCF
Les principes et critères utilisés pour définir et délimiter les catégories de la classification à tous
ses niveaux dépendent de l’homogénéité des formations, de la potentialité d’utilisation de la
nomenclature etdeladisponibilité des données.Il s’agitprincipalement:
des unités declassification;
des variables de classification;
des critères desimilarités entre les niveaux etles spécialités de formation.
I.1.1. Unitésdeclassification
Les unités fondamentales de classification de la NCF sont: le niveau de formation et la
spécialité deformation.
Le niveau de formation renvoie ici à la durée de la formation tandis que la spécialité de
formation fait référence à l’éducation morale ou intellectuelle de l’individu dans un domaine
d’activité précis.
Mis ensemble, ces deux aspects importants de la formation peuvent faire référence au
programme de formation ou d’enseignement qui se définit également comme étant une
combinaison de cours et d’expériences d’apprentissage conçus pour permettre l’atteinte d’un
objectif déterminé au préalable ou d’un ensemble d’objectifs connexes, comme la préparation à
des études supérieures, la qualification pour une profession et un éventail de professions ou
simplementl’approfondissementdes connaissances etdelacompréhension.
I.1.2. Variablesdeclassification
Les variables declassification des niveaux deformationsont liées à:
lavocationde lastructure àdispenser ou nonlaformation;
lapossibilité d’établir des équivalences (durée,certification,etc.).
Pour la classification des spécialités de formation, elle est fonction du contenu des
enseignements dispensés. Elle est effectuée suivant le domaine de formation qui peut être
global,spécialisé ou même détaillé.
I.1.3. Critèredesimilarité
La similarité des spécialités de formation est fondée sur le critère de la finalité de la formation
(l’utilisation qui en sera faite). En effet, les formations des formateurs dont l’objectif est de
transmettre des connaissances aux apprenants seront toutes regroupées dans le domaine
spécialisé 011(formation des enseignants) du granddomaine 01(Education etformation).
Page|8
NomenclatureCamerounaisedesFormations
I.2. Conceptsclés
Activité éducative : Activité volontaire comportant une forme de communication destinée à
susciter l’apprentissage.
Apprentissage : Acquisition ou modification individuelle d’informations, de connaissances, de
compréhensions, d’attitudes, de valeurs, d’aptitudes, de compétences ou de comportements par
le biais d’expériences, de pratiques, d’études ou d’enseignement. On distingue l’apprentissage
informeldel’enseignementfortuit.
Apprentissage fortuit ou aléatoire : Diverses formes d’apprentissage non organisées ou
impliquant une com",3,structural,"[-0.040639,-0.027259,-0.016636,-0.066811,0.016882,-0.01439,-0.029966,0.000994,0.030993,0.01583,-0.086497,0.01327,-0.031243,0.012429,-0.064891,-0.002598,-0.09202,-0.012245,-0.01616,0.016668,-0.014262,0.026179,-0.060281,0.025889,-0.080321,0.045694,0.001671,0.043183,-0.023663,0.003062,-0.106539,-0.020343,0.030294,-0.000611,-0.026338,-0.08625,-0.035402,-0.001344,-0.009907,0.001696,0.035877,-0.077044,0.028472,0.084865,-0.003626,0.139033,-0.027933,0.132095,-0.064947,0.011753,0.00013,-0.048532,0.027005,0.037859,0.045973,-0.044333,-0.031839,-0.031755,-0.073144,0.041886,0.0003,0.037092,-0.011135,-0.027672,0.051854,0.001126,0.098916,0.084021,-0.010518,0.061879,0.080273,0.031776,0.006187,0.049877,-0.024758,-0.002719,-0.04247,0.01345,0.048768,-0.006331,-0.000293,0.107933,0.056997,-0.035039,0.079075,-0.003809,-0.012108,0.004129,0.009529,-0.019883,-0.099253,-0.052416,0.16672,-0.065822,0.001012,-0.028205,0.047786,0.026374,-0.028809,0.034329,0.014036,-0.024743,-0.08127,0.008487,0.01499,-0.005261,0.007338,-0.044433,0.048726,0.013691,-0.096286,-0.050606,-0.018959,-0.040464,-0.065713,0.014172,-0.028652,0.07358,0.105701,-0.062357,-0.076037,0.000469,-0.049637,-0.01148,0.03472,0.066052,-0.092381,0,-0.044656,0.059542,0.025445,0.02894,-0.095823,-0.053041,-0.001815,-0.040291,-0.037337,-0.002924,-0.002273,0.071021,0.057068,0.004628,0.026232,0.015726,0.012375,0.01212,-0.037434,0.014864,0.022878,0.02102,0.032133,-0.034551,-0.052924,0.016801,-0.028601,-0.028988,-0.071833,-0.008198,0.045468,-0.072098,0.013397,-0.039625,0.060057,-0.080083,0.100465,-0.000787,-0.023899,0.020181,0.000912,-0.034725,-0.060683,0.024324,0.092979,0.042481,-0.08328,0.00503,0.036276,-0.030525,-0.002555,-0.057923,0.019878,-0.063051,-0.002163,0.041297,-0.037434,0.107332,-0.061325,-0.119118,-0.102123,-0.02246,-0.013361,0.045404,0.058616,-0.02471,-0.060891,0.019514,0.053138,-0.087693,0.036309,0.031079,0.008692,0.052254,0.068031,0.053928,0.007967,-0.053407,-0.084463,-0.031301,-0.058042,0.026922,-0.001915,-0.115344,0.004685,-0.02495,0.012003,0.029618,-0.008743,-0.037069,-0.071831,-0.00475,0.027988,-0.012428,-0.048017,0,0.004544,-0.077094,-0.023637,0.027431,-0.043596,0.043867,-0.027221,-0.015677,-0.027956,-0.009748,0.043191,-0.003017,-0.024567,-0.022413,0.076092,-0.041362,-0.110402,-0.04689,-0.028633,0.073381,0.004246,-0.054352,-0.055518,-0.015938,-0.069757,0.016389,0.093633,0.008225,0.073924,-0.036855,0.00742,-0.096982,-0.015467,-0.036748,-0.007881,0.008355,0.050558,-0.087089,-0.035723,-0.003544,-0.099567,0.086792,-0.04707,-0.012573,-0.049105,-0.054876,-0.053558,0.055218,-0.027481,-0.040735,0.013659,-0.038899,-0.05856,0.017756,0.06003,-0.01516,-0.048105,0.017298,-0.072508,0.061378,-0.022007,0.038536,-0.067046,0.084645,-0.003678,-0.082798,-0.051054,0.079609,0.096095,-0.042283,-0.033713,0.036036,-0.036281,-0.000517,0.03075,0.000688,0.08694,0.03692,-0.004223,-0.046383,0.000486,-0.040102,-0.033398,0.055899,0.075823,0.041792,0.083505,0.111354,0.060318,0.030225,0.134425,0.038171,0.003269,0.044551,-0.039817,0,0.058584,-0.006232,-0.029259,0.08208,-0.049414,-0.054072,-0.015217,-0.064697,0.012701,0.071583,0.009723,0.016253,-0.049733,-0.05833,-0.012193,-0.093218,-0.004454,0.061463,-0.025956,0.099971,-0.063748,-0.072265,-0.076225,-0.128254,0.059847,-0.049229,-0.006892,-0.080772,-0.047544,-0.008146,-0.052636,0.0888,-0.015496,0.022427,0.008387,0.040774,0.072212,0.0244,0.017619,-0.080017,0.024542,0.070056,-0.019838,-0.050296,-0.016601,-0.011355,0.01446,-0.03505,0.048529,-0.005323,-0.107067,0.048178,0.024441,0.016169,0.006799,0.07294,-0.006605,-0.003803,0.042318,0.010847,0.060413,-0.086013,0.004973,0.037357]",417,3000
NCF_2017_p012_c0004,NCF_2017,Nomenclature Camerounaise des Formations — 2017,"Niveau de formation : degré atteint dans un domaine. Importance des acquisitions scolaires,",domaine.,"universitaires et autres, d’un individu, appréciée notamment par rapport à un des programmes
officiels.
Programme de formation : Une succession ou un ensemble cohérent d’activités de formation
conçues et organisées en vue d’atteindre des objectifs d’apprentissage préétablis ou d’accomplir
un ensemble spécifique de tâches éducatives pendant une période durable. Dans le cadre d’un
programme de formation, les activités de formation peuvent aussi être regroupées en sous-
composantes décrites de manière différente dans les contextes nationaux comme étant des
cours, des modules, des unités et/ou des matières. Un programme comprend parfois des
éléments majeurs qui ne sont pas normalement considérés comme des cours, des unités ou des
modules, par exemple des activités fondées sur le jeu, des stages dans des entreprises, des projets
derecherche etlarédactionde mémoires.
Spécialité de formation : domaine, branche d’activité dans lesquels on est formé pour acquérir
une compétence particulière.
I.3. Champde la NCF
La Nomenclature Camerounaise des Formations couvre l’enseignement formel, l’enseignement
non formelet l’apprentissage informel.
L’apprentissage fortuit ou aléatoire, tel que défini précédemment, n’entre pas dans le champ de
laNCF.
Page|10
NomenclatureCamerounaisedesFormations
I.4. Structure de la NCF
La structure de la Nomenclature Camerounaise des Formations est conçue de manière à
faciliter le classement des niveaux et des spécialités de formation. Cette structure est
hiérarchisée et s’étage en ordre croissant sur un niveau pour la classification des niveaux de
formationetsur trois niveaux pour laclassification des spécialités de formation.
Pour cette dernière,les trois niveaux sont:",4,structural,"[-0.043655,-0.04801,0.043211,-0.041388,0.05321,0.022869,-0.082289,-0.051908,0.027515,0.006082,-0.01544,0.049888,-0.047072,-0.016304,-0.017149,0.058622,-0.075378,-0.061671,0.055026,-0.012508,-0.05014,-0.015922,-0.072525,0.037933,0.039518,0.048786,-0.000917,-0.007647,-0.014752,0.034717,-0.024156,0.019612,0.118001,0.042001,-0.017154,0.049976,-0.041196,-0.023685,-0.032376,-0.073795,0.005967,0.039841,0.027184,0.011868,0.000302,0.009644,-0.058585,0.037075,-0.119559,-0.026445,0.01926,-0.072358,0.06337,-0.011161,-0.056123,0.132477,0.010648,-0.05459,-0.053788,-0.069339,-0.084428,0.013309,-0.090711,-0.034945,0.014483,-0.026857,0.092989,0.139048,0.044601,0.089347,0.088692,-0.030446,-0.00324,0.003816,0.024811,0.083121,-0.009538,0.074587,0.063067,-0.01726,0.00556,-0.012358,-0.050189,-0.062359,0.034909,0.019476,0.03986,-0.063493,0.028438,0.044332,-0.104783,-0.003428,0.105604,0.039922,0.051212,0.025322,0.022211,-0.056383,0.056571,0.021268,-0.081622,0.056525,0.014878,-0.02871,-0.048134,-0.03651,-0.011278,-0.100528,0.012033,-0.008211,0.017546,-0.076768,-0.017086,0.025486,0.005972,0.017181,-0.016873,0.012706,0.012159,-0.08261,-0.033005,-0.047725,-0.031585,0.033768,-0.044544,-0.005343,-0.143465,0,0.00554,-0.058419,-0.098277,0.017176,-0.061878,-0.125479,0.068915,0.042279,-0.139568,0.015392,-0.051005,0.112898,0.075273,0.047672,0.052016,-0.104092,0.061934,0.094849,0.055917,-0.003137,-0.06667,0.059683,0.017036,-0.054008,0.009013,-0.005607,-0.05781,-0.025602,-0.052175,0.033842,0.000817,-0.065462,-0.107893,-0.002176,0.076323,-0.019911,-0.00902,0.033115,0.047358,0.042928,0.049028,-0.020346,0.013831,-0.035401,-0.00464,0.002864,-0.050199,-0.031564,0.002536,0.011921,-0.100234,-0.086886,-0.001606,-0.07792,-0.062885,0.015577,-0.038346,0.026191,-0.030142,-0.077244,-0.068689,0.026737,0.021575,0.045159,0.031755,-0.086701,-0.02128,-0.037016,0.062438,-0.104591,-0.029807,0.030105,-0.076109,-0.01632,0.065953,-0.031578,0.082385,0.081552,-0.019833,0.064737,0.001181,-0.009531,-0.024951,-0.10629,-0.00039,0.018452,-0.014673,-0.011039,-0.042036,-0.011345,-0.081551,-0.045912,0.018639,0.073789,0.069007,-7e-06,0.089792,0.026231,-0.001737,-0.024677,-0.025867,0.078948,-0.004047,-0.072034,-0.013267,0.027105,-0.063929,0.031914,0.032131,-0.084846,0.030234,-0.01756,0.031176,-0.119494,-0.004972,-0.028987,0.062721,-0.011341,-0.006358,-0.060487,0.014775,-0.080613,0.031798,0.015495,-0.023594,0.047015,0.077045,-0.007645,-0.007031,0.043833,-0.057669,-0.041017,0.033601,0.00802,-0.016654,-0.005313,-0.013983,0.05734,-0.004926,0.050135,0.015312,0.009683,0.018826,0.083968,-0.014919,-0.000731,-0.018832,0.030096,0.004774,-0.055721,0.093297,-0.036303,0.11448,0.006722,-0.035279,0.019962,0.005065,-0.006167,-0.027295,-0.053483,-0.036503,0.028763,-0.056762,0.057744,-0.02976,0.008423,-0.053675,0.037404,-0.02776,-0.031206,-0.085332,0.069257,-0.003006,0.0744,-0.000108,-0.023658,-0.02748,-0.015377,-0.00232,0.058621,0.011576,-0.01494,0.084899,0.028392,0.035686,-0.037309,0.023237,-0.068561,0.093693,-0.05312,-0.048615,0,-0.009464,-0.029514,-0.035172,0.060461,0.017571,-0.007925,-0.052508,0.036263,0.024988,0.02396,-0.100315,0.033129,-0.120958,-0.052286,-0.087636,-0.051265,-0.032919,-0.003691,-0.054412,0.019472,0.007187,-0.08914,0.045725,-0.021711,0.018583,-0.027729,-0.020893,-0.063628,0.044031,-0.021253,0.057905,0.050297,-0.044399,0.018211,0.046718,-0.056313,0.014091,0.011796,0.016702,-0.056002,-0.027552,0.019251,-0.013194,-0.033173,-0.051789,0.008989,-0.070879,-0.018742,0.043658,0.016932,-0.090833,0.040958,-0.096198,0.016355,0.046973,0.036938,0.020654,-0.09713,0.014485,-0.041264,0.024303,0.018282,-0.084974,-0.002738]",253,1712
NCF_2017_p013_c0005,NCF_2017,Nomenclature Camerounaise des Formations — 2017,"niveau 3des domaines détaillés,codifié sur 5positions.","niveau 2des domaines spécialisés,codifié sur 3positions ;","La Nomenclature Camerounaise des Formations est structurée autour des 10 grands domaines
suivants :",5,structural,"[-0.097037,-0.050036,-0.04676,-0.108521,-0.059691,-0.026297,-0.053646,-0.053016,0.060654,0.00395,-0.027298,-0.024097,-0.014633,0.061173,-0.01644,-0.023672,-0.114255,0.073765,-0.040207,0.034036,0.042548,-0.058426,0.008272,0.009566,0.048374,0.036998,0.109242,-0.020005,0.037449,-0.101493,0.001102,0.034386,-0.038515,-0.059894,-0.005704,-0.065381,-0.111025,0.009209,-0.046754,0.061185,-0.018321,0.006077,-0.020808,-0.037753,0.018384,0.167992,-0.013909,0.045196,0.08775,-0.093485,-0.041814,-0.094299,-0.015732,0.043282,0.027858,-0.00701,-0.028275,-0.031281,0.004961,0.000175,0.152638,0.01221,-0.021176,-0.039916,0.022483,0.091665,-0.041056,-0.070179,-0.115694,0.070137,0.034794,0.007634,0.039628,-0.009208,0.045898,0.073974,-0.001293,-0.056047,-0.030193,-0.078588,0.016746,0.030573,0.072984,0.05082,-0.023853,0.045677,-0.084423,0.000166,-0.024156,-0.041352,-0.098812,-0.037898,0.030448,-0.022632,-0.011708,0.002136,-0.006852,0.043377,0.033529,-0.016068,0.104577,0.013768,0.043727,0.045157,0.01978,0.066532,0.025952,0.016376,-0.000988,-0.025808,-0.034879,-0.026289,-0.060125,-0.102663,-0.069275,-0.040202,-0.037314,-0.021478,0.039146,-0.087235,0.002352,0.003206,0.039236,-0.031789,-0.015529,0.012255,0.012505,0,-0.029195,0.059735,-0.051544,0.079503,-0.024622,-0.034092,-0.076755,-0.046563,-0.013825,0.001095,-0.072517,0.032363,0.016631,0.02757,0.056077,0.000932,0.060792,0.010405,-0.005951,0.063126,-0.006072,0.08688,-0.052927,0.004896,-0.043127,-0.01311,-0.050326,-0.077566,-0.057802,-0.031827,-0.001155,-0.003901,0.005578,-0.034946,0.118589,0.044584,0.073211,0.027438,-0.032235,0.038261,0.027326,-0.075536,-0.072475,-0.013381,0.018414,0.076704,-0.011142,0.008825,-0.02099,-0.039388,0.034835,0.047379,-0.039723,-0.02061,0.028213,-0.00306,-0.035842,0.028513,0.053719,-0.034781,-0.064658,-0.060164,-0.002772,-0.002968,-0.018692,0.017932,0.040966,-0.056846,0.0743,0.139214,-0.055775,0.051859,0.004173,0.011536,0.066305,0.029419,-0.005751,-0.084942,-0.057755,0.035791,-0.026343,-0.027267,0.010244,-0.038861,-0.032681,-0.001888,0.030464,-0.08888,0.011936,0.016333,-0.003641,-0.050071,-0.017701,-0.011234,0.01765,-3e-06,-0.003337,-0.053017,-0.052808,-0.016212,-0.047032,0.04261,-0.052639,-0.005604,-0.096582,-0.015862,0.010813,0.053565,0.059308,-0.030691,0.028023,0.042981,-0.00357,-0.067643,-0.010589,-0.011124,0.080601,0.001525,-0.094653,0.053299,0.021209,0.101707,-0.022669,-0.034318,0.032055,0.071737,-0.052231,-0.087156,0.054856,0.03849,0.003108,0.025725,0.116536,0.034246,-0.044705,-0.059461,-0.089865,0.078539,0.005876,0.079651,0.000942,0.036234,-0.034918,0.08605,-0.004337,0.018135,0.022725,-0.005904,0.017924,-0.05086,0.078833,0.005388,-0.011457,-0.066053,0.053311,0.098971,-0.059037,-0.015807,0.049437,0.009451,-0.004919,0.058108,-0.053341,0.035811,-0.030931,-0.034969,-0.011897,0.010195,0.002732,-0.036829,-0.066789,-0.099485,0.025738,0.080716,-0.020717,0.020965,0.054956,-0.036353,0.024904,0.054161,-0.033823,0.005027,0.071878,0.032222,0.075392,-0.064913,0.060442,0.119129,-0.064411,-0.040694,-0.012252,0,0.020978,0.006035,0.045292,0.016614,-0.038893,-0.05623,-0.003082,0.106127,0.019069,0.030068,0.040766,-0.057241,-0.11727,0.000864,0.055054,-0.013139,0.03009,-0.030844,0.012719,0.023317,-0.07906,0.085857,-0.001361,-0.083528,-0.004198,0.006923,-0.027431,-0.124044,-0.011649,0.004545,0.012204,0.081543,-0.001579,0.001975,-0.013148,-0.056531,0.003656,-0.005619,-0.049628,-0.08712,-0.05125,0.102117,0.03006,0.008135,-0.027929,-0.019542,0.002254,-0.047551,0.006418,-0.046502,-0.154579,0.016956,0.019767,0.084228,-0.055,0.006071,-0.012849,-0.066797,0.009594,-0.020471,-0.047499,0.021605,0.054653,0.058655]",13,99
NCF_2017_p013_c0006,NCF_2017,Nomenclature Camerounaise des Formations — 2017,9. Santé humaine etprotection sociale (02domaines spécialisés),"8. Agriculture,foresterie,halieutique etsciences vétérinaires (04domaines spécialisés)","10.Prestations de services (04domaines spécialisés)
Page|11
NomenclatureCamerounaisedesFormations
II. Matrices de codification
II.1. Codificationdesniveaux deformation",6,structural,"[-0.0048,0.034401,0.016068,-0.01909,0.072529,0.072297,0.018341,0.003371,-0.044272,0.03476,0.021591,-0.014351,-0.00502,0.06145,-0.095178,-0.021573,-0.047438,0.069209,-0.019337,0.053429,-0.022419,0.025314,-0.022092,7.8e-05,-0.032832,0.024999,-0.024083,-0.014626,-0.011989,0.003357,-0.001099,-0.045612,0.058077,0.04766,-0.097525,-0.010388,0.075814,-0.019524,-0.00857,0.033649,-0.032927,-0.106986,-0.017817,-0.025791,-0.06525,0.004293,0.022296,-0.075022,0.019112,-0.080771,-0.011684,-0.095364,-0.019753,0.051544,-0.003169,-0.117474,0.004318,-0.077171,-0.109041,0.005161,0.043823,0.040824,0.013288,0.027379,0.010479,0.029035,-0.016785,0.092761,0.02236,-0.037707,0.04513,0.010592,0.086389,-0.020755,-0.054756,0.01295,-0.017486,-0.026039,0.088567,-0.085316,-0.028499,-0.011546,0.086262,-0.045389,0.046748,0.081066,0.048775,-0.070231,0.049194,-0.019874,-0.036126,-0.01474,0.044995,-0.025814,0.050942,-0.00248,0.012618,-0.06601,-0.021849,-0.006293,-0.001493,-0.030791,-0.057211,-0.06442,0.063475,0.014327,-0.111303,-0.077556,-0.055011,-0.00057,-0.033482,0.032968,-0.055524,0.053431,-0.023826,0.041973,0.013406,-0.141045,0.044408,-0.037533,-0.007902,0.010646,0.054576,-0.023526,0.075343,0.013913,0.031427,0,-0.080888,0.010811,0.01006,-0.058206,-0.009295,-0.053881,-0.089554,-0.043062,-0.073022,-0.031737,-0.036295,-0.036894,0.070793,0.002081,0.013281,0.003858,0.036122,-0.038313,-0.015529,-0.018669,-0.033843,0.042797,0.060415,0.067098,-0.025171,-0.017587,0.067323,-0.08658,0.037862,-0.005276,0.03937,-0.014225,-0.012832,-0.047805,0.004582,0.041708,0.069618,-0.081429,-0.002763,0.003719,0.124933,-0.007763,0.045777,0.031479,0.117549,-0.004317,-0.067081,0.020134,-0.004516,0.048624,-0.010319,0.043824,-0.045848,-0.113214,-0.080384,-0.018059,-0.002095,0.095354,-0.013583,-0.074762,0.020412,-0.106579,0.068058,-0.118132,0.03601,-0.079515,0.053523,-0.013699,-0.015599,0.046489,-0.052346,0.017848,-0.035467,0.001114,-0.017473,0.047727,0.026464,-0.00861,-0.008628,-0.011895,-0.066902,0.109955,-0.026983,0.070045,-0.058585,-0.007741,0.008856,0.051466,-0.020589,-0.022626,0.045331,0.064559,0.014541,-0.075109,-0.045762,-2e-06,0.001734,-0.054028,-0.054166,0.070619,0.041249,-0.003429,-0.044969,0.011837,-0.007579,0.071864,0.054936,0.004222,0.087728,-0.078241,0.036609,-0.05392,-0.086121,0.098394,0.006705,-0.040097,0.05445,0.053423,-0.008179,0.108727,0.038234,0.008078,-0.025933,0.076462,0.06286,-0.120622,0.079442,-0.035822,-0.016075,0.005738,-0.00341,0.040697,0.091017,-0.072519,0.048038,-0.015297,-0.009262,-0.026584,-0.136709,0.036612,-0.017995,-0.067931,0.010315,-0.008938,0.045131,-0.054847,0.066879,-0.009895,-0.023494,-0.04635,0.088311,-0.03756,-0.015609,-0.0671,-0.041009,0.008256,-0.003064,0.065309,-0.017928,0.049392,-0.027709,-0.033284,-0.075765,-0.024069,-0.014021,-0.003812,0.040227,0.027242,-0.069684,-0.05822,-0.024793,-0.091943,0.123291,0.015885,0.019728,-0.029266,0.05912,-0.142108,0.067348,0.030477,0.077391,-0.019086,0.061288,0.03462,0.05059,-0.021435,-0.019357,-0.024404,-0.090881,-0.030908,-0.001198,0,0.098141,-0.004253,-0.03277,0.028926,-0.018034,-0.022772,-0.037398,0.021331,-0.058554,0.046099,-0.052675,-0.004631,0.05395,-0.009715,0.049786,-0.011197,0.029165,0.058739,-0.035204,0.060795,-0.075827,0.021703,-0.055561,-0.062758,0.002352,0.025717,-0.005143,-0.050113,0.044913,0.014891,0.029404,0.049074,-0.056871,-0.008942,0.010666,0.039679,-0.00707,0.067932,0.090126,0.002137,0.047049,-0.00878,-0.004372,0.017375,-0.059167,0.051252,0.02128,0.00432,0.006701,-0.037093,0.038886,0.038219,0.028769,0.04061,-0.084069,-0.02694,0.03014,-0.068265,0.155758,-0.044015,0.04054,-0.079374,0.061682,0.012436]",17,167
NCF_2017_p014_c0007,NCF_2017,Nomenclature Camerounaise des Formations — 2017,Niveaude formation CODE,9. Santé humaine etprotection sociale (02domaines spécialisés),"Formation sur le tas 1
Formation dans uncentre deformation(Centre depromotionde la femme etdela
2
famille,Centre multifonctionnel,etc.)
Formation scolaire de niveau primaire etpostprimaire (SAR/SM,etc.) 3
Formation deniveau secondaire premier cycle (Centre deformation aux métiers,…) 4
Formation deniveau secondaire secondcycle ou GCEOL(Aide-soignant,Agent
5
technique,…)
Formation deniveau postsecondaire ou supérieureàcycle courtéquivalantà BACou
6
GCEAL+2(BTS/HND, DUT,DSEP,DEUG,IDE,Technicien Supérieur, etc.)
Formation supérieure de premier cycle,BAC ou GCEAL+3(Ingénieur des travaux,
7
Licence,…)
Formation supérieure de secondcycle,BAC ou GCEAL+4ou 5(Master I&II,Maîtrise,
8
Ingénieurs deconception,DESS,DEA,…)
Formation deniveau doctoral, BAC,GCEAL+6etplus (Doctorat,Ph.D,…) 9
Page|12
NomenclatureCamerounaisedesFormations
II.2. Codificationdesspécialités deformation
Grand Domaine",7,structural,"[-0.111764,-0.102694,-0.003511,-0.021707,0.02746,0.045234,-0.079733,0.021988,-0.047072,0.005069,-0.048387,0.035746,-0.043976,-0.059166,-0.047282,0.012282,-0.152586,0.025372,0.056895,0.003375,0.062037,-0.037459,-0.042861,-0.032405,0.030572,0.103508,-0.004754,0.041628,0.016227,-0.024667,0.067032,0.004443,0.001842,0.013137,-0.056251,-0.071563,-0.032075,0.028282,-0.060768,-0.056854,0.024365,-0.038045,-0.012582,-0.045609,0.034308,0.098148,0.045377,0.007051,-0.053653,-0.108346,-0.023853,-0.128767,0.039272,0.080848,0.00922,-0.085991,-0.031218,-0.088919,0.032108,-0.037582,0.08055,0.035749,0.005673,-0.049768,0.089811,0.07039,0.041166,0.05602,-0.005384,0.027259,0.053599,0.029142,0.065216,0.018381,0.026715,0.070933,0.048733,-0.015153,0.053244,-0.006186,-0.038183,0.035624,0.158137,0.046652,-0.027469,0.054486,0.061469,-0.061895,-0.007168,0.013859,-0.015818,0.134757,0.004368,-0.039827,0.066499,0.069274,-0.15153,0.065626,-0.005777,0.024529,-0.012488,0.002461,-0.035353,-0.041311,0.02725,0.020337,-0.021152,-0.036296,0.009868,0.000383,-0.018388,0.005515,-0.023683,0.004327,0.012333,0.089513,-0.008766,0.019989,0.014682,-0.003218,0.014651,-0.024938,-0.02783,-0.015843,-0.050368,0.079925,-0.048757,0,-0.003352,0.009037,-0.028063,0.017854,0.00608,-0.098371,-0.067905,-0.035414,-0.056246,-0.028365,-0.001148,-0.087579,-0.005369,-0.042099,-0.067369,-0.01484,0.037823,0.063267,-0.054828,-0.027622,-0.018035,0.037727,0.009172,-0.02391,-0.07764,0.075492,0.070007,-0.080629,0.020197,-0.0414,0.001286,-0.045822,-0.028006,-0.01912,0.025624,0.036991,0.065679,-0.03723,-0.024089,0.101282,0.056017,0.019315,0.000131,-0.00562,0.064139,-0.012134,-0.074929,-0.006402,0.057114,0.007576,0.009708,0.023829,-0.017566,0.023651,-0.002519,0.004908,-0.016748,0.007922,0.073255,-0.076824,-0.013269,-0.096085,0.086701,-0.074009,0.049552,-0.001697,-0.016121,0.012514,0.024465,0.02691,0.011606,0.049543,0.007325,-0.037498,0.047092,0.020879,0.054092,-0.01224,-0.03875,-0.003052,-0.014915,0.111378,-0.062962,0.080461,-0.026313,-0.051352,0.021234,-0.011303,-0.089478,-0.01829,0.042789,-0.04279,0.038498,-0.092198,-0.08964,-5e-06,0.030068,-0.015638,-0.044147,-0.011792,-0.003704,-0.001404,0.001107,-0.049563,9.7e-05,0.065827,0.106935,-0.039271,0.091588,-0.088418,0.072014,-0.064839,-0.007061,0.032414,0.013706,-0.001859,0.049236,0.075588,0.010201,0.061858,-0.019417,-0.014044,-0.029155,0.074068,0.124149,0.008255,0.057868,0.002132,-0.099648,0.005359,-0.006405,0.00081,0.004911,-0.04828,0.068359,-0.113071,-0.006934,0.030073,-0.063776,-0.015317,0.019361,-0.012181,0.047641,0.13966,0.03268,0.01978,0.076389,-0.052263,-0.0479,-0.069796,0.045273,0.008844,0.052438,-0.038447,-0.068238,0.045415,-0.043426,0.020506,0.001388,-0.046758,-0.098932,0.037993,-0.009035,0.081293,-0.003448,-0.02366,-0.069282,0.106416,0.028706,0.008573,0.031946,-0.035203,0.042042,-0.006707,0.016024,-0.026492,-0.016867,-0.01536,0.017018,0.00366,0.057304,-0.012953,0.048956,0.129651,0.06361,-0.03607,-0.032869,-7.9e-05,0.000215,-0.017611,-0.084197,-0,0.058531,-0.050521,0.10386,0.001644,-0.055487,-0.032788,0.060416,-0.053688,0.008786,-0.032359,-0.031823,-0.026208,0.029165,-0.1069,-0.013938,-0.067242,-0.035351,-0.003259,-0.098271,-0.061401,-0.08399,-0.023212,-0.036491,-0.029737,0.008971,-0.004202,0.028394,-0.096382,-0.02403,-0.029266,0.033666,0.063833,0.010844,0.007426,0.036839,-0.030422,0.02501,0.099148,0.068912,-0.045483,0.028804,0.034445,0.005715,-0.017501,-0.081278,0.014819,-0.029787,-0.050156,-0.006782,0.016566,-4.3e-05,0.076451,-0.012992,0.071372,-0.095216,0.007923,-0.007593,-0.016211,0.091391,-0.027311,-0.03151,-0.017587,0.037,-0.007894]",120,889
NCF_2017_p015_c0008,NCF_2017,Nomenclature Camerounaise des Formations — 2017,domaine spécialisé,Domaine détaillé,"01 Éducation etFormation
011 Formation desenseignants
01101 Formationdes enseignants dematernelle/primaire
01102 Formationdes enseignants del’enseignementsecondaire technique
01103 Formationdes instituteurs del’enseignementtechnique (SAR/SM,CentresdeFormationaux Métiers,…)
01104 Formationdes enseignants del’enseignementsecondaire général
01105 Formationdes enseignants del’enseignementnormal
01106 Formationdes enseignants d’EducationPhysique etSportive (EPS)
01107 Ingénierie deformation
01108 Formationdes maîtres d’apprentissage etmaîtres d’artisans
01109 Formationdes moniteurs d’auto-école
01119 Autres formations des enseignants n.c.a
012 Formation desautreséducateurs
01201 Sciences del’éducation
01202 Formationdes éducateurs spécialisés (handicapphysique,handicapmoral,handicapmental,etc.)
01203 Formationdes encadreurs etanimateurs des centres d’alphabétisation fonctionnels etdes centres préscolaires
communautaires
01204 Formationdes Conseillers dejeunesse etd’animation
01205 Formationdes conseillers d’orientation
01209 Autres formations des autres éducateurs n.c.a
02 Lettres, artsetartisanat
021 Artsetartisanat
02101 Productionmultimédia(photographie,cinématographie,productionmusicale,…)
Page|13
NomenclatureCamerounaisedesFormations
Grand Domaine",8,structural,"[0.001679,-0.009405,0.048165,-0.028841,0.014786,-0.028083,-0.045841,-0.022757,0.003674,0.037591,-0.084098,0.056218,0.031206,0.065707,0.000307,0.02368,-0.007119,0.083605,-0.047664,-0.004759,0.041702,0.050205,0.00129,-0.054031,-0.065586,0.05744,0.10085,0.029182,-0.093975,0.026775,0.000742,0.027843,-0.048408,0.02259,-0.039288,0.022431,-0.101112,0.074773,0.035136,-0.10874,-0.0529,-0.079593,0.150701,0.000158,0.047745,-0.005781,-0.072467,-0.10206,0.090528,-0.016824,-0.030879,-0.044499,0.001953,0.047345,-0.045279,0.098725,-0.038031,-0.005061,-0.06288,-0.00618,-0.019149,0.026189,-0.033438,-0.084251,0.010233,0.012317,-0.00682,0.067176,0.017181,0.073045,0.041724,0.073094,0.000705,0.033964,0.020509,0.073119,0.018393,0.044171,0.077214,-0.039379,-0.026077,0.002835,0.072592,-0.081199,0.026454,0.107035,-0.004572,-0.043312,0.064083,0.026354,-0.058724,-0.063565,-0.017193,0.056663,0.106802,-0.018407,-0.028692,0.020671,-0.012046,0.030655,-0.01374,0.07728,-0.041625,-0.03746,0.012462,0.002345,0.046875,0.062048,0.007856,-0.059732,0.032052,-0.001532,0.051107,-0.053927,-0.021038,-0.056434,0.036928,-0.057326,0.021578,0.022077,-0.066684,0.05426,-0.068863,-0.027016,-0.034251,-0.010567,-0.115858,0,0.004002,0.091824,0.058384,0.014107,-0.148639,-0.035928,0.028089,-0.010289,-0.038491,0.073197,-0.001189,0.03993,0.050239,-0.006906,0.031727,-0.040831,0.017804,0.023036,0.005226,0.099709,-0.033152,0.043014,0.036095,-0.057604,-0.134472,0.038446,0.0088,-0.047411,0.02681,-0.013791,-0.028899,-0.044098,-0.143116,0.017812,0.047526,0.041014,0.079827,-0.00161,0.005407,0.019447,0.100048,-0.041892,-0.033618,0.041384,-0.009668,-0.003001,0.029522,-0.044834,0.03201,-0.011407,0.007984,-0.035032,-0.043929,-0.108086,0.007838,0.017822,0.019082,0.081877,0.019666,-0.026774,-0.06901,-0.040463,0.027506,0.027054,0.025661,-0.069226,0.067269,-0.131084,0.009397,-0.01401,0.035118,0.040443,-0.029182,0.001641,3.4e-05,-0.032577,0.018738,0.026501,0.003995,-0.000722,0.040238,0.001556,-0.06498,-0.066528,-0.00168,0.042315,0.015021,-0.054483,-0.061866,-0.086375,0.03058,-0.003946,-0.023103,0.008898,-0.044697,-2.3e-05,-0.00316,-0.002363,-0.05449,0.077766,0.010195,-0.038817,0.050859,-0.125824,-0.009452,-0.001151,0.080096,-0.008925,-0.034505,-0.061635,-0.00414,-0.079266,-0.010529,0.042267,0.044148,0.050058,0.061389,0.138222,-0.123094,0.115899,0.006723,-0.026665,-0.045749,0.01683,0.013171,0.041187,0.035628,-0.092213,-0.037936,0.041556,0.010994,0.005778,-0.002156,-0.058076,-0.034944,-0.046172,-0.067858,-0.006362,-0.094004,0.049093,-0.005529,0.00723,-0.028004,0.096142,0.081851,0.078386,-0.008797,-0.065096,-0.042036,-0.044019,0.073938,-0.057841,0.030174,-0.081046,-0.014024,0.048611,-0.036012,-0.013797,0.013751,0.006569,0.005089,0.075938,-0.013506,0.023328,-0.060944,0.025107,0.018922,0.068046,-0.059639,-0.053077,0.046007,-0.024322,0.151881,0.073387,-0.033428,0.017851,0.061667,-0.02857,0.042307,0.013884,0.026354,0.014965,0.001759,0.018449,-0.014849,-0.056023,0.030621,0.002781,0.027479,-0.087256,-0.0636,0,-0.061781,-0.011843,-0.050886,0.004164,-0.045552,0.009339,-0.066671,-0.05207,0.01854,-0.002904,-0.080936,-0.044895,-0.019449,-0.034873,0.048867,-0.040801,0.022597,0.095515,-0.069013,0.005659,-0.079732,0.030226,-0.029049,-0.0953,0.005218,0.003542,0.024184,-0.147849,0.023357,0.05546,0.017121,-0.074542,0.029925,-0.028359,0.013636,0.007389,0.040978,0.034541,0.063427,-0.001466,-0.040434,0.031499,-0.009798,0.002372,-0.06076,-0.014771,-0.037614,-0.001382,0.023219,-0.037506,-0.018901,0.026085,-0.054003,-0.08273,-0.007847,0.074309,-0.007796,-0.043573,0.057727,-0.02957,0.014063,0.018274,-0.036575,0.021382]",132,1267
NCF_2017_p016_c0009,NCF_2017,Nomenclature Camerounaise des Formations — 2017,domaine spécialisé,Domaine détaillé,"02102 Stylisme,Modélisme,esthétique,décorationetdesign industriel
02103 Beaux-arts (dessin,peinture,sculpture,artplastique,…)
02104 Gestionetconservationdu patrimoine culturel
02105 Artisanat
02106 Arts du spectacle (Musique,théâtre,danse,cirque)
02107 ArtGraphique (Infographie,Sérigraphie,imprimerie,…)
02109 Autres formations en artetartisanatn.c.a
022 Lettresetscienceshumaines(à l’exception deslangues)
02201 Religionetthéologie
02202 Histoire etarchéologie
02203 Philosophie
02204 Educationcivique etmorale
02205 Géographie humaine
02209 Autres formations en lettres etsciences humainesn.c.a
023 Languesetlittérature
02301 Acquisitiond’une langue
02302 Littérature etlinguistique (interprétariat,traduction,…)
02309 Autres formations en langues etlittérature n.c.a
03 Sciencessociales,communication etinformation
031 Sciencessocialesetducomportement
03101 Économie
03102 Sciences politiques
03103 Psychologie
03104 Sociologie etétudes culturelles (genre etdéveloppement,anthropologie àl'exceptiondel'anthropologie physique,
ethnologie, futurologie,etc.)
Page|14
NomenclatureCamerounaisedesFormations
Grand Domaine",9,structural,"[0.025193,-0.057777,0.087836,-0.112457,-0.040649,0.018994,-0.072949,-0.045084,0.017184,0.001047,-0.041735,0.002913,0.022306,0.032014,0.055856,-0.009881,0.055508,0.07372,-0.024052,-0.029519,0.096738,0.044839,-0.020583,-0.011358,-0.029879,0.055754,0.059602,0.019382,0.032024,0.001246,-0.019062,0.004935,-0.089759,-0.021392,-0.037662,0.043327,-0.089596,-0.045503,-0.009518,-0.085846,-0.065099,-0.057055,0.032367,0.030992,0.027982,0.058183,-0.072639,-0.002416,0.002576,-0.016387,-0.012957,-0.066089,-0.017713,-0.060973,0.036103,-0.026833,-0.020718,-0.03472,0.019425,-0.036504,0.015036,0.038144,-0.028097,0.001348,-0.045496,-0.003587,-0.010762,0.092694,0.011017,0.009524,0.018753,0.001266,0.079126,0.017547,0.011127,0.079712,-0.032059,-0.03977,-0.053524,-0.110276,0.024328,0.007898,0.067363,-0.051528,0.027494,0.103318,-0.047595,-0.063815,0.012439,0.009391,-0.067575,-0.048912,-0.011909,0.039891,0.086708,0.021645,0.005325,0.034907,-0.02365,0.042235,-0.000286,0.173033,0.051094,-0.036387,0.062044,-0.073121,-0.032107,0.062832,-0.010684,-0.081217,0.019303,0.050347,0.022412,-0.045286,0.026906,-0.083271,0.011731,-0.066011,0.018295,-0.045099,-0.098405,0.071806,0.023126,-0.001586,-0.037632,-0.064727,-0.104917,0,0.030247,0.049812,0.055016,-0.051685,-0.040661,-0.046907,-0.052162,-0.022658,0.019469,-0.009645,0.023106,-0.063519,0.032944,-0.017328,0.053812,0.027203,0.084202,0.0087,0.086618,0.058993,-0.006872,0.002342,0.011791,0.012963,-0.11223,0.128045,0.02089,-0.051706,-0.058371,0.007534,-0.069652,-0.010793,0.053312,0.040478,0.034408,-0.03948,0.080491,-0.051537,0.012851,-0.049514,0.032943,-0.044677,-0.102964,0.023465,0.014828,0.024384,-0.001111,-0.019891,-0.024535,0.053581,0.063341,0.032708,-0.01533,0.003875,-0.025986,-0.038305,0.008069,-0.007828,0.009163,-0.101969,-0.005799,0.028089,0.071619,0.015816,0.079497,0.016503,0.003615,-0.098129,-0.023821,0.013219,-0.040654,-0.005801,-0.033396,0.026438,0.043198,-0.030313,-0.012562,-0.09498,0.019326,0.032469,-0.066299,0.010921,-0.081473,-0.08789,0.032892,0.042292,0.084602,-0.038491,-0.045944,-0.045295,0.002032,-0.025073,-0.026893,-0.048364,-0.011419,-1.4e-05,0.01629,0.011388,-0.039629,0.083916,0.01261,-0.072249,-0.02901,-0.021723,-0.02759,0.004688,0.092056,-0.021693,-0.025724,-0.043964,0.048571,-0.0804,0.041068,0.036959,0.018639,0.123573,0.056364,0.05881,-0.19295,0.02107,-0.004766,0.070973,-0.073173,-0.036213,-0.001595,0.025863,0.060976,-0.021467,-0.008298,0.000318,0.039453,-0.008976,0.071868,-0.018198,-0.010885,-0.038817,-0.05071,0.000743,-0.104189,0.088416,-0.005449,-0.011489,-0.067493,0.058196,0.041281,-0.060678,0.024151,-0.062788,0.04816,-0.098909,0.050131,-0.032037,0.04074,-0.06264,-0.018505,0.030143,-0.021831,-0.004792,-0.052737,0.021761,0.015875,0.067526,-0.007281,0.052465,-0.023715,0.025536,-0.007175,0.121293,-0.112389,0.01753,0.005865,-0.03534,0.107133,0.032662,0.042976,-0.001133,0.023054,-0.008619,0.075051,-0.023821,0.048693,0.021579,-0.027947,0.050347,-0.061404,-0.021166,0.08036,0.074239,-0.005978,-0.03462,0.030059,0,-0.082181,0.004787,-0.01297,-0.026038,-0.044469,-0.035942,0.005838,-0.102495,-0.033857,-0.051325,-0.042645,-0.028907,-0.058879,0.004669,-0.003216,-0.09171,0.094191,0.08593,-0.048786,-0.015276,-0.033996,0.019551,0.033702,-0.150888,-0.038384,-0.028214,0.012239,-0.104853,-0.004779,0.074727,0.053939,-0.032845,-0.00886,-0.008873,0.002206,-0.067819,0.0181,-0.070879,0.045065,-0.048082,0.03782,0.021764,0.00774,0.041916,-0.003659,0.000682,0.107043,-0.069145,0.015078,0.048963,-0.077825,0.089305,-0.016895,-0.059166,-0.016176,0.070298,0.00136,0.04844,-0.028935,-0.041648,0.027185,0.003404,0.030797,0.025932]",119,1119
NCF_2017_p017_c0010,NCF_2017,Nomenclature Camerounaise des Formations — 2017,domaine spécialisé,Domaine détaillé,"03105 Gérontologie
03106 Géographie et démographie (àl'exceptiondelagéographie physique)
03107 Formationsur lapaix etles conflits,droits de l'homme
03108 Techniques audiovisuelles
03109 Autres formations en sciences sociales etdu comportementn.c.a
032 Communication etinformation
03201 Journalisme etreportage
03202 Formationà lagestiondes bibliothèques,deladocumentationetdel’archivage
03203 Formationdetechniciens demusées etd'établissements analogues
03204 Edition
03209 Autres formations en communicationetinformationn.c.a
04 Commerce, administration etdroit
041 Commerce
04101 Finance,banque,assurance,analyse des investissements
04102 Approvisionnementetstocks
04103 Marketing,relations publiques etpublicité
04104 Commerce international
04105 Métrologie (prix,poids et mesure,etc.)
04109 Autres formations en commerce n.c.a
042 Gestion de servicesadministratifs
04201 Comptabilité,fiscalité,auditetcontrôle degestion
04202 Régies financières
04203 Gestiondes Ressources humaines
04204 Techniques administratives
Page|15
NomenclatureCamerounaisedesFormations
Grand Domaine",10,structural,"[-0.011088,-0.098927,0.027369,-0.060995,0.052342,-0.084616,-0.090905,-0.023674,-0.023684,0.002723,-0.040818,0.037464,0.065391,0.047512,0.053192,5e-05,0.032083,0.025354,-0.047081,-0.058291,0.053934,0.084335,0.043281,-0.017446,-0.036796,-0.023946,0.040504,0.016976,0.003386,0.024784,0.058864,0.021644,-0.015614,-0.008622,-0.0317,-0.004677,-0.045126,-0.007838,0.076187,-0.086691,0.007825,-0.109818,0.094692,0.053597,-0.036179,0.041157,-0.103041,0.0475,0.040516,0.029378,-0.000488,-0.068337,-0.014556,-0.035467,-0.02984,0.044255,-0.026789,-0.025557,0.014292,-0.050185,0.039009,-0.002039,-0.053529,-0.02469,-0.04415,0.000253,-0.015426,0.11303,0.012026,0.045276,0.022295,0.033951,0.021633,0.034055,-0.001989,0.088382,-0.018756,0.032197,-0.002521,-0.082591,0.075643,0.004531,0.0466,-0.062605,-0.016936,0.066143,-0.046471,-0.088719,-0.013109,-0.028679,-0.086144,-0.025796,0.048047,0.03134,-0.018384,0.011966,0.020706,0.031571,0.00257,0.054776,-0.036377,0.109456,0.009778,-0.037339,0.010648,-0.084283,-0.046514,0.070089,0.020311,-0.02912,-0.053008,0.046499,0.045415,-0.072972,0.058996,-0.108568,-0.037941,-0.060836,-0.008844,-0.023367,-0.143811,0.089142,-0.045527,-0.061239,-0.017711,-0.021889,-0.046808,0,0.015995,0.10118,0.005345,0.034492,-0.075773,0.039147,-0.109012,-0.070203,-0.048886,0.036149,-0.015801,0.017339,0.075853,-0.026268,0.028084,0.077049,0.051245,0.022285,0.044873,0.025897,-0.04465,0.001208,0.05462,0.037183,-9.6e-05,0.089016,-0.004907,-0.053954,0.03755,-0.002827,-0.084983,-0.017933,-1.3e-05,0.031128,0.025047,0.006677,0.049036,-0.079773,0.016363,-0.054704,-0.04322,0.00533,-0.059462,0.015449,0.052488,0.064539,-0.027673,-0.069882,0.052879,-0.008145,0.001832,-0.047771,-0.044377,0.043983,-0.000249,-0.097,0.064211,0.010727,0.072134,-0.067583,0.00093,0.008469,0.037761,0.019434,0.034528,0.010767,-0.002973,-0.115414,-0.032562,0.045996,0.042022,0.037321,-0.06297,0.005284,-0.023952,-0.008204,0.009632,-0.046938,-0.01497,0.049087,-0.05686,-0.067197,-0.063436,-0.047529,0.042096,0.027734,0.033241,-0.035885,-0.010711,-0.037574,-0.004526,0.022429,-0.016707,0.012213,-0.013113,-2e-05,-0.046212,0.104306,-0.033809,0.104405,0.004601,-0.030528,0.004024,-0.070517,-0.036415,-0.012727,0.048806,-0.063454,-0.042732,-0.019081,0.063568,-0.05602,0.0895,-0.017391,-0.0297,0.06891,0.113395,0.041274,-0.176539,0.080797,0.11856,-0.012604,-0.052958,-0.036723,0.047657,-0.025331,-0.000353,-0.00599,-0.062764,0.016865,0.086354,-0.010452,0.100242,-0.026247,-0.000731,-0.080457,-0.029846,0.030681,-0.095777,0.047589,-0.033792,0.019865,-0.069883,0.025679,0.013307,-0.036127,0.022907,-0.077404,0.091176,-0.069917,0.027923,-0.043167,0.057008,-0.005955,-0.043894,0.021009,-0.061608,0.025827,-0.01774,0.023862,-0.042623,0.053851,0.014299,0.05986,-0.049929,0.030585,0.055479,0.034114,-0.136623,-0.039493,0.031208,-0.010452,0.085004,0.05245,-0.066164,0.044338,0.045218,0.057146,0.106401,0.014539,0.060222,0.032411,-0.042201,0.015701,-0.067796,-0.049238,0.040439,0.0267,-0.001157,0.024518,-0.002287,0,-0.143857,-0.044026,-0.001154,-0.043368,-0.017701,-0.017084,0.0222,-0.086535,0.003576,0.014499,-0.050373,-0.086852,-0.074013,-0.013149,0.027464,-0.074889,0.041097,0.036414,-0.039059,-0.0309,-0.013729,0.036121,0.002262,-0.079464,0.044305,-0.040517,0.054725,-0.121792,-0.037757,-0.00255,-0.011082,-0.03081,-0.024868,0.005666,0.000677,0.021078,0.086877,0.034569,0.037379,-0.015945,-0.056134,0.057026,-0.056933,0.003568,-0.040077,0.040923,0.067499,-0.063754,0.059512,-0.051723,-0.096513,0.054158,0.018286,-0.038653,-0.022706,0.042945,-0.010072,-0.008721,0.058095,-0.0575,0.022123,-0.025209,-0.009654,0.001776]",120,1078
NCF_2017_p018_c0011,NCF_2017,Nomenclature Camerounaise des Formations — 2017,domaine spécialisé,Domaine détaillé,"04205 Comptabilité-matières
04206 AdministrationetManagement
04207 Montage etEvaluationdes projets
04208 Planification
04209 Autres formations en gestiondeservices administratifs n.c.a
043 Droit
04301 Magistrature
04302 Greffe
04303 Formationdes huissiers
04304 Formationdes avocats
04305 Formationdes notaires
04306 Formationen droit des affaires
04307 Formationen droitprivé fondamental
04308 Formationen droit public
04309 Autres formations en droitn.c.a
05 Sciencesnaturelles, mathématiquesetstatistiques
051 Sciencesbiologiquesetapparentées
05101 Biologie végétale (botanique,génétique,biophysique,physiologie végétale)
05102 Biologie animale (bactériologie,toxicologie,zoologie,entomologie,ornithologie,génétique,physiologie animale…)
05103 Microbiologie
05104 Biochimie
05105 Biotechnologie (bioinformatique,modificationtechnologique,etc.)
05109 Autres formations en sciences biologiques etapparentées
052 Environnement
Page|16
NomenclatureCamerounaisedesFormations
Grand Domaine",11,structural,"[-0.026111,-0.072915,0.024934,-0.098385,-0.009069,-0.096392,-0.09173,-0.018079,-0.004579,0.027953,-0.039854,-0.007149,0.002355,0.063129,-0.00939,0.019442,-0.006943,0.059381,-0.070007,-0.0157,0.0856,0.069584,0.001913,-0.058616,-0.073621,0.010379,0.052158,0.022312,-0.01808,-0.006964,0.016589,-0.008831,-0.04195,-0.005813,-0.034082,0.03536,-0.123822,0.056137,0.044594,-0.102265,0.013005,-0.086772,0.141978,0.025736,0.029177,0.07775,-0.079709,-0.032241,0.086688,-0.016256,-0.030613,-0.042673,-0.023877,-0.004468,-0.051662,0.054961,0.011421,-0.111559,-0.033805,-0.070319,-0.013742,0.028667,-0.012123,-0.083092,-0.036245,0.017881,-0.001487,0.045844,0.002793,0.000818,-0.021926,0.032106,0.036426,0.05886,-0.048227,0.114828,-0.042873,0.062868,0.06804,-0.09098,0.059551,0.047693,0.10087,-0.034572,0.060299,0.102188,-0.037036,-0.020707,0.021661,0.007114,-0.03782,-0.002112,0.075961,0.032743,-0.025718,0.017878,0.010644,0.00742,-0.023396,0.057806,-0.050971,0.024541,-0.004535,-0.055229,0.045543,-0.026044,0.04203,0.045612,0.063495,-0.003152,0.000856,0.031809,0.058666,-0.07289,0.003476,-0.092158,-0.006323,-0.050931,0.05001,-0.064472,-0.050996,0.032961,-0.020177,-0.033255,0.031293,-0.00962,-0.107764,0,-0.017205,0.016811,0.06063,0.042828,-0.086482,0.033336,-0.041793,-0.09607,0.007654,0.027838,-0.000815,0.001986,0.051836,-0.059919,-0.018326,0.009899,0.061611,0.043579,0.044208,0.007696,-0.063436,0.040557,-0.007246,-0.0016,-0.053998,0.034888,0.006538,-0.097739,0.059091,-0.010858,-0.019231,-0.083107,-0.026762,0.038092,0.040209,0.056748,0.038005,-0.034768,0.019642,-0.003232,0.047284,-0.032593,0.017397,0.045891,-0.00586,0.02386,-0.012793,-0.008312,0.007982,0.014034,0.041542,-0.060527,-0.007266,0.003654,-0.0588,-0.021953,-0.057136,0.050781,0.044707,-0.019379,-0.055144,0.022082,-0.030162,-0.007054,0.053051,-0.051172,0.004576,-0.122294,-0.040521,0.088584,0.043622,0.007524,-0.013193,0.035267,-0.043554,-0.042972,0.077546,-0.014099,-0.050097,-0.028961,0.003563,0.041732,-0.055311,-0.048231,0.009218,0.050116,0.020574,-0.024401,-0.096781,-0.07368,0.047377,-0.019714,0.005747,0.02926,-0.105316,-2.6e-05,-0.006789,-0.021942,-0.003734,0.071863,0.048379,-0.010027,-0.005371,-0.112018,-0.028995,-0.039007,0.089129,-0.008753,-0.024198,-0.030675,0.083864,-0.023588,0.005146,0.03745,0.043873,0.059725,-0.002203,0.128012,-0.118859,0.130028,0.008484,0.013589,-0.039392,0.004025,0.085423,-0.053399,-0.01959,-0.07469,-0.115396,0.033818,0.045613,-0.050775,0.005767,-0.044628,0.002965,-0.086987,-0.036816,-0.031108,-0.085014,0.012849,-0.021927,0.041727,-0.057413,0.04749,0.050377,-0.006178,-0.015353,-0.079393,-0.013749,-0.024285,0.052897,-0.0363,0.08948,-0.054944,-0.001688,0.001016,-0.041554,-0.005199,0.052703,0.056567,-0.00481,0.151069,-0.004032,0.065542,-0.053355,0.012864,-0.001133,0.07567,-0.116499,-0.043833,0.035567,-0.073527,0.083107,-0.021049,-0.024321,0.024359,0.061521,0.000539,0.092385,0.004204,-0.041159,-0.013547,0.07294,0.085515,0.008122,-0.033003,0.046767,-0.010966,0.017264,-0.046489,0.026071,0,-0.012097,0.047031,0.010729,-0.074741,-0.03277,-0.028561,-0.066228,-0.092768,-0.005426,-0.019218,-0.0263,-0.069075,-0.059946,-0.011581,0.025516,-0.008874,-0.02887,0.108996,-0.039873,-0.033547,-0.159695,0.026218,0.002612,-0.091519,0.015485,0.004472,0.029094,-0.123848,0.035881,0.049044,-0.000422,-0.025781,0.012877,0.003299,0.006739,-0.026572,0.002058,-0.015815,0.086771,-0.01446,-0.032985,0.036466,-0.016691,-0.00652,-0.048212,0.006556,0.062748,-0.038785,0.040873,-0.085397,-0.024531,0.101231,0.004378,-0.006866,-0.044157,0.02306,-0.00755,-0.030702,0.081679,-0.021799,0.033316,-0.019839,-0.006907,0.07615]",102,986
NCF_2017_p019_c0012,NCF_2017,Nomenclature Camerounaise des Formations — 2017,domaine spécialisé,Domaine détaillé,"05201 Sciences environnementales (changements climatiques,Qualité,Sécurité,Environnement(QSE),évaluation
environnementale,développementdurable,Biodiversité,assainissementetdéchets)
05202 Environnements naturels,faune etflore
05209 Autres formations en environnementn.c.a
053 Sciencesphysiques
05301 Chimie minérale
05302 Chimie organique
05303 Chimie analytique
05304 Chimie physique
05305 Physique
05309 Autres formations en sciences physiques n.c.a
054 Sciencesde la terre, de l’atmosphère etdesfonds marins
05401 Minéralogie
05402 Géologie
05403 Tectonophysique
05404 Vulcanologie
05405 Océanographie
05406 Paléontologie
05407 Météorologie
05408 Cartographie
05409 Autres formations en sciences delaterre,del’atmosphère etdes fonds marins n.c.a
055 Mathématiquesetstatistiques
05501 Mathématiques (ycompris larecherche opérationnelle,l’analyse numérique,sciences informatiques)
05502 Informatique fondamentale
05503 Statistiques etautres sciences apparentées (économétrie,...)
Page|17
NomenclatureCamerounaisedesFormations
Grand Domaine",12,structural,"[-0.04345,-0.086045,0.101929,-0.050575,0.038502,-0.096645,-0.052012,-0.01978,0.008254,0.060971,-0.055494,-0.085743,0.064363,0.06485,0.010437,0.040667,-0.008519,0.023034,-0.056221,0.000265,0.072548,0.044008,-0.015887,-0.06168,-0.053546,0.018217,0.026849,0.097754,-0.008244,0.0145,-0.013982,0.055251,-0.113374,0.003092,-0.010129,0.050711,-0.086048,0.052752,-0.00552,-0.059108,-0.04846,-0.10263,0.137562,0.004641,0.009963,0.095109,-0.053603,-0.037528,0.117305,-0.09469,0.009865,-0.058877,-0.075677,-0.005926,-0.044013,0.074047,0.029565,-0.038042,0.004859,-0.054004,0.064363,0.003232,-0.023129,-0.063357,0.001872,-0.005976,-0.059855,0.076931,0.001968,0.00844,-0.03552,0.064792,-0.003657,-0.014773,0.021742,0.142292,-0.029952,0.025461,-0.024473,-0.133052,0.037704,-0.000264,0.079267,-0.068621,0.040755,0.097939,-0.010578,-0.058635,-0.010819,0.011508,-0.035919,-0.041633,0.035319,0.003049,-0.001165,0.062661,0.038463,0.039978,0.048477,0.000921,0.014175,0.060212,-0.032734,-0.040842,0.065528,-0.035624,0.0259,0.084996,0.054478,-0.038026,-0.023842,-0.010395,0.055645,-0.097133,0.004857,-0.045627,0.018442,-0.038668,-0.037359,-0.094657,-0.111867,0.014189,-0.027643,-0.0342,0.007072,-0.024365,-0.056479,0,0.060048,0.051122,0.008248,0.01719,-0.098932,-0.000587,0.012952,-0.087524,-0.089285,0.048735,-0.019313,-0.006084,0.004936,-0.045231,0.023177,0.074706,0.013371,-0.026776,0.048119,0.01959,-0.082302,0.006964,-0.01624,0.038958,-0.014246,0.031591,0.056958,-0.067187,-0.027076,-0.042818,-0.030877,-0.005009,-0.03602,0.016483,0.057036,0.018798,0.045591,0.011097,-0.037235,-0.016432,0.12129,-0.033475,-0.028961,0.041318,0.070536,0.005553,0.032776,0.010938,0.013563,-0.027461,-0.003104,0.001351,-0.012358,0.019616,-0.000308,-0.007667,0.035419,0.045384,-0.025883,0.028728,-0.038936,0.001038,-0.022337,-0.009799,0.065269,0.015409,0.033569,-0.063297,-0.073758,0.094306,0.027794,-0.000808,-0.015798,0.032626,0.028448,-0.035936,0.00608,-0.051749,-0.008558,-0.00786,-0.039338,0.025776,-0.073468,-0.038244,-0.067198,-0.019587,0.061373,-0.036666,-0.043811,-0.060074,0.007638,-0.019062,0.056994,-0.008334,-0.092266,-1.7e-05,-0.01667,-0.014931,0.01051,0.099518,0.031123,-0.023032,-0.069314,-0.052377,-0.022291,-0.042818,0.087948,0.056734,0.023835,-0.109566,0.008918,-0.037706,-0.002491,-0.010245,-0.015687,0.063053,-0.028798,0.052904,-0.07427,0.093426,0.007483,0.055521,-0.056862,-0.025917,0.003909,0.034186,-0.013951,-0.006659,-0.069075,0.01041,-0.041081,-0.01799,0.09164,-0.113278,-0.03213,-0.044279,-0.056917,0.002227,-0.06067,0.042881,-0.017397,0.042456,-0.066744,0.057771,0.014048,0.021332,0.06655,-0.07752,0.029164,-0.07751,0.060011,-0.010759,0.007608,0.035006,-0.03792,-0.008631,0.012602,-0.016641,0.051764,0.101775,0.001341,0.09992,-0.013789,0.104115,-0.063021,-0.001204,-0.021486,0.062279,-0.12076,-0.032775,0.11419,-0.049126,0.073821,0.022986,-0.031525,0.045652,0.060018,0.05476,0.099044,0.034634,0.043425,0.021418,-0.015194,0.017675,-0.008567,-0.073214,0.038944,0.015411,-0.032008,-0.023086,0.009731,0,0.047498,0.014409,-0.012385,-0.086649,-0.092635,-0.064795,-0.038197,-0.041258,-0.008047,0.042039,-0.095227,-0.035525,-0.010887,0.037055,0.021716,-0.069419,0.055888,0.037433,-0.055479,-0.031754,-0.074956,0.070136,-0.003088,-0.077129,0.056605,-0.030639,0.04799,-0.125784,-0.011271,0.033469,0.038807,-0.067845,-0.006215,-0.002208,0.039319,0.001938,0.01352,-0.009283,-0.011426,-0.013056,-0.05041,0.044995,-0.077024,0.011045,-0.046511,-0.001659,0.027682,-0.011804,0.034599,-0.056559,-0.041863,0.033992,0.013369,-0.115492,-0.04551,0.059934,-0.007808,0.000314,0.131466,-0.081002,-0.040929,-0.037631,-0.018703,0.028247]",116,1039
NCF_2017_p020_c0013,NCF_2017,Nomenclature Camerounaise des Formations — 2017,domaine spécialisé,Domaine détaillé,"05504 Sciences actuarielles
05509 Autres formations en mathématiques etstatistiques n.c.a
06 Télécommunications, technologiesde l’information etde la communication
061 Technologiesde l’information de la communication
06101 Utilisationd’unordinateur etbureautique
06102 Maintenance des ordinateurs
06103 Maintenance des systèmes etréseaux
06104 Génie logiciel
06105 Conceptionetadministrationdes systèmes d’informations
06106 Administrationdes systèmes etréseaux
06107 Informatique industrielle
06108 Auditdes systèmes d’information
06109 Sécurité informatique
06110 Conceptionetadministrationdes bases dedonnées
062 Télécommunications
06201 Radiocommunication
06202 Informatique etréseaux des télécommunications
06203 Réseaux ettélécommunication
06204 Managementdes télécommunications
06205 Technologies detélécommunicationnonclassées ailleurs
06209 Autres formations en télécommunications n.c.a
07 Ingénierie, industriesde transformation etproduction
071 Ingénierie ettechniquesapparentées
07101 Ingénierie chimique etprocessus
07102 Technologie de laprotectiondel’environnement
Page|18
NomenclatureCamerounaisedesFormations
Grand Domaine",13,structural,"[-0.018903,-0.064781,0.016509,-0.078974,-0.015975,-0.126652,-0.022538,-0.001542,-0.024657,-0.019524,-0.091417,0.068604,0.08688,-0.010184,0.012612,-0.004519,-0.00263,-0.003567,-0.017144,-0.025359,0.086512,0.102928,-0.015076,-0.075445,-0.023618,-0.00206,0.098236,0.007231,-0.082495,-0.013655,-0.076197,0.04517,-0.027642,0.028778,-0.09225,0.028705,-0.023896,0.060631,0.051317,-0.092517,-0.051078,-0.071917,0.088388,0.019779,0.00954,0.002367,-0.073307,-0.036302,0.042809,-0.078975,0.016763,0.020973,0.014066,0.014534,-0.015981,0.031819,-0.039517,-0.008052,-0.006589,0.009545,-0.002263,-0.00486,-0.002915,-0.025274,-0.092705,0.02616,-0.012757,0.093172,-0.040191,0.024934,-0.072072,0.031503,-0.008352,0.050665,-0.006521,0.06599,0.00024,0.031081,0.059505,-0.041862,0.014194,0.010601,0.02069,-0.020424,0.020836,0.1148,-0.037105,-0.026987,-0.019373,-0.048473,-0.057359,-0.017238,0.033091,0.067768,-0.016047,-0.024085,0.024661,-0.057855,-0.047418,0.034966,0.015654,0.081725,-0.022477,-0.090835,-0.00027,-0.018031,0.063148,0.123103,0.063192,-0.050935,-0.000602,-0.016436,-0.003583,-0.117434,-0.044929,-0.092307,-0.035112,0.011443,0.059194,-0.03457,-0.136375,-0.032786,-0.089621,-0.018508,-0.021635,-0.024389,-0.064364,0,-0.042365,0.123295,0.039189,0.052496,-0.040187,0.05347,0.040763,-0.020256,0.012259,0.007126,-0.000521,0.026311,0.0007,-0.057059,0.032432,0.00025,0.025202,0.030925,0.059623,0.032927,-0.022626,0.018119,0.021521,-0.008195,0.024319,0.040591,-0.025468,-0.056178,0.029868,-0.01069,-0.060584,-0.031653,-0.043281,0.009954,0.045236,0.006531,0.085815,-0.042375,0.027478,0.047263,0.002178,-0.025113,-0.080974,-0.010394,-0.004081,-0.039019,-0.00244,0.018189,0.028379,-0.021521,0.01643,-0.015742,-0.000643,0.001862,0.031018,-0.019472,-0.014515,0.068323,0.093937,0.069616,-0.108422,-0.055938,0.000727,0.027273,0.054148,-0.054575,0.039192,-0.080098,-0.023945,0.092491,0.031502,0.025718,-0.00848,-0.008202,0.012804,-0.041769,-0.044517,-0.024973,-0.015433,0.064337,0.022661,0.025526,-0.038544,-0.073566,0.134907,0.027488,0.025252,-0.025099,-0.128381,-0.024045,0.019838,0.008178,0.012697,0.016325,-0.05275,-1.7e-05,-0.018335,0.045693,-0.036205,0.082648,0.023994,-0.095093,0.014357,-0.070372,-0.06346,-0.029381,0.079983,-0.032299,-0.05661,-0.010494,0.032024,-0.026873,-0.00216,-0.018786,-0.00693,0.090781,-0.008954,0.033818,-0.168618,0.118966,-0.002242,0.008863,-0.081826,0.023041,0.070926,-0.025392,-0.009322,-0.041665,-0.029647,0.076747,0.059985,0.023571,0.054163,-0.00177,0.011868,-0.000998,0.003116,-0.055249,-0.070048,0.018483,0.007419,-0.038718,-0.036696,0.025181,-0.048911,-0.022279,0.06431,-0.131274,0.034619,-0.017777,0.053347,-0.03514,0.091367,-0.0147,-0.025708,0.01989,-0.003949,-0.079681,0.07819,0.062475,-0.014574,0.077507,0.017155,0.05776,-0.087901,-0.013482,-0.023757,0.024146,-0.132478,-0.065458,0.036072,-0.049071,0.074892,0.089341,-0.066131,0.063383,0.047585,0.062248,0.033742,-0.012533,-0.032999,0.012683,0.072046,0.025523,-0.114167,-0.112343,-0.038819,0.005985,0.013593,-0.035152,-0.044956,0,-0.081095,0.010982,-0.051372,-0.054142,-0.000964,0.015401,-0.027299,-0.10066,-0.011382,-0.079832,-0.045396,-0.104895,-0.012695,0.006181,0.066094,-0.035666,0.029599,0.00337,-0.021144,0.025319,-0.048921,0.046897,-0.011519,-0.025356,0.054336,-0.008791,0.027665,-0.086591,0.107614,0.015983,-0.032872,-0.12526,-0.016188,0.028991,0.026512,-0.000884,0.066193,-0.056309,0.061036,-0.021365,-0.017043,0.052582,-0.0273,0.012968,-0.037087,-0.008366,0.023974,-0.026185,0.021717,-0.116284,-0.065068,0.077595,-0.041969,-0.051566,-0.012296,0.009489,-0.028859,-0.05194,0.022331,0.008702,-0.012269,0.024426,-0.054549,0.038383]",116,1139
NCF_2017_p021_c0014,NCF_2017,Nomenclature Camerounaise des Formations — 2017,domaine spécialisé,Domaine détaillé,"07103 Électricité eténergie
07104 Ingénierie del’eau etdel’environnement
07105 Électronique etautomatisation
07106 Mécanique ettechniques apparentées
07107 Maintenance des véhicules àmoteur (aéronautique civile,maritime, ferroviaire etroutier,…)
07108 Explorationpétrolière et gazière,prospectiongéologique etminière,transportetstockage depétrole et gaz
07109 Autres formations en ingénierie ettechniques apparentées n.c.a
072 Industriesde transformation etde traitement
07201 Transformation,conservationdes aliments etboissons etchimie alimentaire
07202 Traitementettransformationdematériaux (Sable, pétrole,caoutchouc/latex,bois,…)
07203 Transformationdes produits forestiers
07204 Traitementettransformationdes matières premières du textile (coton, laine, cuir,etc.)
07205 Exploitationdes mines,carrières etextraction
07206 Génie minier
07207 Raffinage etpétrochimie
07209 Autres formations en industries detransformation etdetraitementn.c.a
073 Architecture, BâtimentetTravauxPublics
07301 Architecture
07302 Urbanisme
07303 Géomatique
07304 Génie rural
07305 Topographie etcadastre
07306 Constructionetgénie civil(maçonnerie,menuiserie,charpente,carrelage,Plomberie,…)
07307 Conduite des grues
Page|19
NomenclatureCamerounaisedesFormations
Grand Domaine",14,structural,"[-0.019242,0.00175,0.096835,0.00971,0.095987,-0.114981,-0.039021,0.006675,-0.066679,-0.002617,-0.110221,-0.033841,0.043628,0.025193,-0.056149,0.111682,0.057089,0.021014,-0.051425,0.002979,0.033691,0.042214,-0.004218,-0.079348,-0.052367,0.033419,0.026701,0.082781,-0.020397,-0.038288,-0.021698,0.043111,-0.123891,0.044106,-0.041436,0.059396,-0.123732,0.001886,-0.026293,-0.139859,-0.008619,-0.082824,0.090449,0.027286,0.015633,0.069049,0.002337,-0.060584,0.130453,0.018397,0.006676,-0.033083,-0.025228,-0.01464,0.012338,0.045638,-0.023579,-0.083025,0.016473,-0.021833,0.067488,-0.004082,0.010153,-0.063932,-0.062358,-0.031544,-0.069897,0.083206,-0.043709,-0.014616,0.022883,0.031731,-0.025314,0.008786,-0.006127,0.105616,0.050417,0.011242,0.005964,-0.056553,-0.057586,-0.019582,0.038849,-0.091603,0.062561,0.110342,0.018665,-0.068374,0.014164,0.037524,-0.032243,-0.021806,0.024889,-0.038077,0.041693,0.029315,0.03461,0.040166,-0.056115,0.011869,0.02188,0.108993,-0.052434,-0.062059,-0.070301,-0.054084,0.076436,0.083778,0.062825,-0.113009,0.014532,-0.045295,0.051243,-0.057172,0.01958,-0.02142,-0.052084,-0.029695,0.057885,-0.007071,-0.092054,0.031081,0.052702,-0.016404,0.017285,0.035505,-0.007946,0,-0.042815,0.08076,-0.053925,0.040088,-0.071372,-0.018068,0.006614,-0.031717,-0.043379,0.007852,0.01017,0.057921,0.01734,-0.030539,0.044175,-0.033602,0.043105,-0.038586,0.078959,0.014161,-0.054902,0.004702,-0.01565,0.007697,-0.044951,0.018676,0.03222,-0.057077,-0.056441,-0.001502,-0.035528,0.086538,-0.045205,0.064135,-0.016165,0.039247,0.034131,-0.019931,-0.022588,0.014089,0.058183,-0.010702,-0.062296,0.01145,-0.012214,-0.002157,0.028038,0.036181,-0.009736,-0.003878,-0.040475,0.023856,0.069917,-0.087286,-0.020211,0.027495,-0.004528,0.056022,0.05984,0.002359,-0.125936,0.016511,-0.012582,0.021531,0.030146,0.028486,0.06871,-0.074439,-0.062517,0.084278,0.049666,-0.007556,0.005571,-0.008008,0.041432,0.043089,-0.004339,-0.029244,0.016197,-0.019145,-0.066581,0.052428,-0.036224,-0.08781,0.018106,-0.030434,0.061342,-0.022168,-0.023754,-0.040749,0.053826,-0.073946,-0.007227,0.017192,-0.089922,-1.5e-05,-0.005008,0.036241,-0.008328,0.097056,0.033062,-0.016831,0.016749,-0.097977,-0.048659,-0.05639,0.062874,0.043749,-0.022912,-0.050904,0.057335,-0.006697,-0.022209,0.028437,0.015367,0.000122,0.00542,0.052876,-0.119852,0.086176,-0.032179,0.030955,-0.058838,-0.044789,0.040699,-0.044049,0.008008,0.023925,-0.023538,0.085216,0.004155,0.021389,0.063795,-0.013897,0.00503,-0.053307,0.000955,-0.043059,-0.077677,0.049366,-0.050811,-0.001823,-0.080056,0.047564,0.078672,0.040297,0.026146,-0.112486,0.020608,-0.073042,0.047936,-0.019002,0.096765,-0.02184,-0.057053,0.044565,-0.008198,-0.004972,0.106228,0.02926,-0.054672,0.034059,0.03369,0.025075,-0.088173,0.01878,-0.014459,0.049093,-0.093928,-0.03628,0.036798,-0.127404,0.178529,0.030083,-0.056751,-0.017947,0.051465,0.049787,0.078282,-0.01641,0.029211,-0.018452,-0.010044,0.070222,0.043356,-0.061225,0.036625,0.031944,-0.083976,-0.054805,-0.043797,0,-0.044134,-0.013277,0.029761,-0.015956,-0.036453,0.01114,0.027593,-0.01711,-0.028806,-0.024127,-0.077755,-0.068346,-0.01222,-0.022292,-0.002477,-0.047151,0.025606,0.049073,-0.018286,-0.029652,-0.115522,0.005919,0.04167,-0.061801,-0.005305,-0.03844,0.004547,-0.116626,0.053863,0.009941,-0.028543,-0.035419,0.027147,-0.024569,0.01151,-0.0121,0.06979,0.001345,0.007526,-0.024288,-0.040272,0.046098,-0.024111,-0.040217,-0.058593,0.025316,-0.052898,-0.082287,0.015638,-0.026312,0.008529,-0.025336,0.033801,-0.000497,-0.006693,0.064213,-0.060373,-0.002451,0.12611,-0.059318,0.025885,-0.025407,-0.005224,-0.021871]",131,1258
NCF_2017_p022_c0015,NCF_2017,Nomenclature Camerounaise des Formations — 2017,domaine spécialisé,Domaine détaillé,"07309 Autres formations en architecture,bâtimentet travaux publics n.c.a
08 Agriculture, foresterie, halieutiqueetsciencesvétérinaires
081 Agriculture
08101 Agronomie ettechniques deproductionagricoles
08102 Elevage
08103 Horticulture etjardinage
08109 Autres formations en agriculture n.c.a
082 Foresterie
08201 Sylviculture etexploitationforestière
08209 Autres formations en foresterie n.c.a
083 Halieutique
08301 Aquaculture
08302 Gestiondes écosystèmes aquatiques
08303 Gestiondes pêches
08304 Océanographie
08305 Limnologie
08306 Transformationetcontrôle dequalité des produits halieutiques
08307 Arts nautiques
08309 Autres formations en halieutique n.c.a
084 Science/médecine vétérinaire
08401 Pathologie etmicrobiologie vétérinaire
08402 Santé publique vétérinaire
08403 Immunologie vétérinaire
08404 Médecine vétérinaire
08405 Pharmacie vétérinaire
Page|20
NomenclatureCamerounaisedesFormations
Grand Domaine",15,structural,"[0.016942,-0.039817,0.035476,-0.067433,0.071481,-0.092165,-0.116974,-0.042146,-0.033338,0.0202,-0.06277,-0.058577,-0.018788,0.022179,-0.037851,0.046972,0.003841,0.062953,-0.065722,-0.021973,0.057767,0.073836,-0.070441,-0.078043,-0.091526,-0.022433,-0.017487,0.0678,-0.073324,-0.007044,-0.047537,0.027712,-0.031272,0.024529,-0.06626,0.006524,-0.077612,0.030235,0.051036,-0.072992,0.027684,-0.056207,0.122689,-0.006875,-0.038222,0.058094,-0.077082,-0.059963,0.065456,-0.04737,-0.013024,-0.067575,-0.019125,-0.025941,-0.038569,0.025588,-0.039919,-0.073067,0.001285,-0.053244,0.068098,0.034108,-0.043652,-0.066822,0.001715,-0.027674,-0.075519,0.118714,0.012783,-0.038854,0.026209,0.022924,0.033606,0.055329,-0.023468,0.128878,-0.002861,0.045055,0.067825,-0.079237,0.007417,0.032557,0.029108,-0.0608,0.045043,0.112138,-0.014322,-0.012035,0.07239,0.000281,-0.031298,-0.061474,0.058381,-0.020716,0.003701,0.08284,0.035762,-0.052458,-0.023266,-0.00992,-0.048393,0.020279,0.022182,-0.098872,0.038003,-0.002341,-0.020686,0.075642,0.06348,-0.028729,0.011601,0.039073,0.036804,-0.029761,0.022509,-0.050207,-0.004064,-0.088074,0.017971,-0.05244,-0.102716,-0.001101,-0.036667,-0.03399,0.056231,0.038553,-0.054759,0,0.010515,0.020818,0.024481,-0.032142,-0.007275,-0.045667,-0.002861,-0.083974,-1.7e-05,0.049728,-0.044158,-0.045729,0.045286,-0.068635,0.018236,-0.019931,0.043869,-0.00708,0.039107,0.064908,-0.065828,0.002023,-0.050067,0.023497,-0.078633,0.011724,0.057477,-0.077033,0.01993,-0.007748,0.002698,-0.044708,-0.052619,0.04551,0.046712,0.001772,0.076312,-0.058625,0.026636,0.028557,0.074855,-0.030562,-0.037255,0.07557,0.068985,-0.003544,-0.009468,0.068058,0.011772,0.033162,-0.009,0.027225,0.014346,-0.034316,-0.004745,0.021572,0.016596,0.073766,0.07449,0.035883,-0.104287,-0.028234,-0.044744,-0.002289,0.075835,-0.053666,0.052133,-0.112303,-0.040107,0.084545,0.043324,-0.088084,-0.02937,0.007168,-0.041877,-0.018724,0.046301,0.006111,-0.041028,0.017523,-0.015029,0.134761,-0.10715,-0.028686,0.01,0.016021,-0.025663,0.022112,-0.071081,-0.070157,0.060402,0.016239,0.01294,-0.032059,-0.034832,-2.2e-05,-0.002684,-0.024442,-0.010041,0.080787,0.044992,-0.001646,-0.072501,-0.160967,-0.016435,-0.039743,0.051703,0.076931,-0.012907,-0.042411,-0.000468,-0.069623,-0.006731,0.093223,0.013799,0.032347,0.006573,0.081466,-0.081452,0.121012,-0.026705,-0.006745,-0.063318,0.038659,0.005127,-0.045668,0.027768,-0.051282,-0.031249,0.041932,-0.023763,0.016122,0.047493,-0.110798,0.001976,-0.010132,-0.026741,-0.088,-0.068325,0.037585,-0.043615,0.026055,-0.044731,0.015613,0.049669,0.020992,0.058304,-0.059614,-0.014381,-0.023579,0.042493,-0.047876,0.087787,-0.047139,-0.012924,0.016017,-0.044069,0.013935,0.030378,0.079963,-0.037149,0.130649,0.019363,0.076443,-0.089123,-0.007085,-0.043969,0.070366,-0.09513,-0.028551,0.01213,-0.058153,0.096108,0.023185,-0.076179,0.032482,0.019334,0.008189,0.079623,0.018196,0.033476,-0.012918,0.004978,0.029446,0.006664,-0.0113,-0.004159,-0.00281,0.000455,-0.014199,0.04854,0,-0.030176,0.018081,0.020749,-0.03395,-0.068322,-0.013582,-0.040357,-0.045909,-0.015954,0.00269,-0.128954,-0.042726,-0.026938,0.035286,0.070213,-0.069191,0.038951,0.038262,-0.052761,-0.014436,-0.078905,0.018933,-0.012414,-0.054918,0.023251,-0.014958,0.027341,-0.106551,0.030772,0.05505,0.035013,-0.013757,-0.007117,0.016366,0.001885,-0.014519,0.01927,0.02032,0.03819,-0.067449,-0.070273,0.018749,-0.082742,-0.015944,-0.095596,0.052077,0.014751,-0.018071,0.01798,-0.07704,-0.033251,0.038805,0.050092,-0.033636,-0.049286,0.060966,0.00886,-0.088861,0.117059,-0.012323,0.00665,-0.02748,-0.032118,0.041528]",105,918
NCF_2017_p023_c0016,NCF_2017,Nomenclature Camerounaise des Formations — 2017,domaine spécialisé,Domaine détaillé,"08409 Autres formations en science/médecine vétérinaire n.c.a
09 Santé humaine etprotection sociale
091 Santé humaine
09101 Odontologie
09102 Médecine humaine
09103 Soins infirmiers etformationdesages-femmes
09104 Techniques biomédicales ettechniques médico-sanitaires (imagerie médicale, laboratoire,etc.)
09105 Techniques du génie sanitaire
09106 Pharmacie
09107 Médecine etthérapies traditionnelles etcomplémentaires
09108 Formationdedélégué médical,vendeur en pharmacie,secrétaires médicaux
09109 Autres formations en santé humaine n.c.a
092 Protection sociale
09201 Soins gérontologiques et aux adultes handicapés
09202 Soins aux enfants et aux jeunes
09203 Travailsocial(service social,rééducation,réhabilitation,éducationsociale spécialisée, administration des affaires
sociales)
09204 Santé etsécurité au travail
09209 Autres formations en protectionsociale n.c.a
10 Prestation de services
101 Servicesauxparticuliers
10101 Services domestiques
10102 Soins debeauté etdecoiffure
10103 Hôtellerie etrestauration
10104 Sports
Page|21
NomenclatureCamerounaisedesFormations
Grand Domaine",16,structural,"[-0.021173,0.024645,0.003625,-0.051453,-0.026671,0.032975,-0.081331,0.05612,0.024535,0.012907,-0.121365,0.054513,0.024631,0.007553,-0.028552,-0.008111,0.003577,0.055092,-0.012754,0.043057,0.028481,0.060015,0.052444,-0.015279,-0.118737,0.021458,0.015497,0.002762,-0.022644,0.067228,-0.001763,0.031149,0.018782,0.027716,-0.103532,0.057526,-0.063621,0.057683,0.002038,-0.056454,-0.021137,-0.078992,0.086086,0.021249,0.032612,-0.043005,-0.051845,-0.080488,0.104188,-0.023804,-0.041058,-0.091584,0.007406,0.100956,-0.041065,0.002148,0.017422,-0.062585,-0.093501,-0.009342,0.002168,0.039688,0.035375,-0.048835,-0.004524,-0.013896,-0.009352,0.035009,0.014344,-0.038735,0.018589,0.018126,0.062371,0.023006,-0.05887,0.0382,0.036873,0.05064,0.071736,-0.090843,-0.0024,-0.036745,0.079161,-0.022919,-0.015624,0.10549,-0.008935,-0.082604,0.033622,-0.002423,-0.022828,0.00261,0.084138,-0.037117,0.093593,-0.047658,0.031235,0.021559,-0.002798,0.055502,-0.028646,0.016461,-0.039427,-0.103241,0.102208,0.051944,0.017229,-0.092855,-0.014324,-0.068102,0.016002,0.019487,0.014653,0.006047,-0.030217,-0.025592,0.003481,-0.035696,0.004958,0.02735,-0.079329,-0.025356,0.027434,-0.04932,0.042836,0.025177,-0.030827,0,-0.001474,-0.000686,0.114211,-0.022243,-0.062686,0.028965,0.012018,-0.084664,-0.018541,-0.032613,-0.020639,-0.063213,0.094663,0.01598,-0.02793,0.003878,-0.021282,-0.048116,0.025794,0.031586,-0.003435,0.032276,0.008462,0.002435,-0.097611,0.045214,0.017881,-0.030417,0.079221,-0.010559,-0.052474,-0.001117,0.028974,-0.057831,0.01866,0.060468,0.080076,-0.028226,0.004314,0.008896,0.084998,-0.026339,0.010708,0.024324,0.060778,-0.009177,-0.041099,-0.06164,0.017788,0.058759,-0.027487,-0.000684,-0.049903,-0.065459,-0.07663,-0.019538,-0.056229,0.08631,0.043771,0.012716,-0.0206,-0.077038,0.094471,-0.03003,0.06494,-0.086861,0.08192,-0.07728,-0.045068,0.076288,-0.015331,0.058177,-0.009901,-0.006325,-0.067513,0.021638,0.05191,0.013139,-0.029455,-0.044623,-0.032296,0.067575,-0.04714,0.06718,0.021259,0.008628,0.00263,0.013943,-0.114339,-0.080225,0.023229,0.029482,0.021099,-0.057125,-0.045693,-1.7e-05,0.001545,-0.008009,-0.054781,0.037747,0.053566,-0.014293,-0.005892,-0.125343,-0.056768,0.029452,0.07145,0.011468,0.003702,-0.058954,-0.024042,-0.032077,-0.071621,0.084441,-0.013676,0.011763,0.041812,0.064426,-0.050043,0.1616,0.052451,0.02662,-0.004361,0.026812,0.041262,-0.047008,0.057458,-0.040914,-0.079875,0.039771,0.041569,0.029015,0.059635,-0.077892,0.014599,-0.069175,-0.02687,-0.061201,-0.091029,0.013847,-0.018775,-0.05579,-0.076183,0.036235,0.093991,-0.014513,0.023653,-0.06833,-0.013905,-0.020703,0.091977,-0.092624,-0.018314,-0.068988,-0.021157,-0.009287,-0.039234,0.001469,-0.021323,0.054766,-0.028241,0.04127,0.023764,0.019916,-0.072485,-0.002075,0.005563,0.06672,-0.059584,-0.039255,0.014318,-0.01506,0.11908,-0.039213,-0.044748,-0.021848,0.060646,-0.122503,0.030171,-0.001869,-0.029064,0.008628,0.056833,0.043208,-0.004665,-0.063354,-0.011108,-0.000594,-0.041249,-0.119074,-0.022115,0,0.08939,-0.025766,-0.003278,0.027286,-0.043803,-0.001309,-0.129606,-0.070773,-0.091539,0.004457,-0.047287,-0.018115,0.031189,-0.024424,0.068685,-0.039283,-0.008436,0.092537,-0.026054,-0.032946,-0.163742,0.001365,-0.005846,-0.088621,0.056976,0.030001,0.009543,-0.077185,0.004167,0.036378,0.031626,-0.039015,-0.01186,0.01442,0.041013,-0.041755,0.045532,0.013053,0.058111,-0.054196,-0.001049,0.018264,-0.015144,-0.018214,-0.068392,0.004038,0.084418,-0.012142,0.006456,-0.068857,0.001926,0.070666,0.036957,0.021909,-0.056286,0.090012,-0.006052,-0.044864,0.084316,-0.046693,0.003055,-0.066511,0.03116,0.053885]",132,1091
NCF_2017_p024_c0017,NCF_2017,Nomenclature Camerounaise des Formations — 2017,domaine spécialisé,Domaine détaillé,"10105 Tourisme etloisirs
10106 Blanchisserie,nettoyage etteinture
10109 Autres formations en services aux particuliers n.c.a
102 Servicesde sécurité
10201 Sécurité publique
10202 Sécurité aérienne
10203 Sécurité maritime etfluviale
10204 Sécurité industrielle etminière
10209 Autres formations en services desécurité n.c.a
103 Servicesde sûreté
10301 Défense (militaires,gendarmes,etc.)
10302 Protectiondes biens etdes personnes (police,..)
10303 Administrationpénitentiaire
10304 AgentdeSécurité privé (gardien,vigile,…)
10309 Autres formations en services desûreté n.c.a
104 Servicesde transport
10401 Transportmaritime
10402 Transportaérien
10403 Transportferroviaire
10404 Transportroutier
10405 Transportetlogistique
10409 Autres formations en services detransportn.c.a
105 Servicesde la poste
10501 Techniques d’exploitationen matière postale
10509 Autres formations en services delaposte n.c.a
Page|22
NomenclatureCamerounaisedesFormations
III. Notes explicatives
III.1 Nomenclaturedesniveauxdeformation
La nomenclature des niveaux de formation est utilisée pour mesurer les études accomplies par
unindividu.",17,structural,"[-0.036213,-0.027889,0.079554,-0.064485,-0.01498,-0.033341,-0.030994,-0.003939,-0.069533,0.012893,-0.085764,-0.037407,0.006643,0.058424,0.003102,-0.007263,0.066188,0.075486,-0.094814,-0.015966,0.027298,0.03755,-0.035825,-0.085567,-0.118919,0.025742,0.02536,0.030094,-0.049811,0.002893,-0.033538,-0.032181,-0.100121,0.074325,-0.00455,0.030088,-0.047181,-0.018065,0.045331,-0.088048,0.018775,-0.067086,0.108104,0.081901,-0.003483,0.066506,-0.051856,-0.02444,0.088322,-0.034256,0.041873,-0.033278,0.000695,0.028493,-0.085317,-0.011109,-0.043303,-0.053649,-0.04074,-0.024825,0.008666,0.078535,0.002779,-0.039341,-0.0261,-0.020431,-0.078222,0.030467,0.024573,-0.049252,0.036517,0.084121,0.010797,0.058695,-0.034787,0.055505,-0.031016,0.048474,0.005681,-0.099585,0.044012,-0.032141,0.081834,-0.003162,0.066272,0.04056,0.003587,-0.051423,-0.022842,0.056646,-0.044609,-0.027932,0.099832,-0.000626,0.036884,0.052739,0.00831,0.04507,-0.072503,0.027508,-0.004406,0.052627,-0.023249,-0.060001,-0.013278,0.003282,0.026718,0.037658,0.005586,-0.078652,0.024851,-0.018224,0.031958,-0.098594,-0.005561,-0.101547,-0.088757,-0.013661,0.033763,0.018343,-0.070171,0.007839,0.000438,0.018394,0.033856,0.011223,3.6e-05,0,-0.057199,0.082843,-0.026427,-0.012234,-0.100663,-0.02965,-0.032122,-0.026658,-0.020033,0.059963,-0.049652,0.002087,0.057162,-0.060306,0.036788,-0.001116,0.05567,0.025312,0.02099,0.016854,0.024695,0.022393,-0.020918,0.003707,-0.037954,0.028343,-0.011902,-0.03506,0.068644,0.00617,-0.062834,-0.009092,-0.0236,0.041047,0.08093,0.065285,0.108206,-0.062786,0.004035,-0.030068,0.013804,-0.066404,-0.080997,0.067571,-0.004745,-0.033958,-0.007546,-0.01725,-0.018061,0.021678,0.008579,-0.080271,-0.062435,-0.002554,-0.062839,0.008863,-0.001257,0.080591,0.002728,-0.027082,-0.043502,-0.00396,-0.027354,-0.020555,0.083452,-0.085288,0.03658,-0.102431,-0.072631,0.002532,-0.009845,0.041749,0.038022,0.014035,-0.021161,0.011692,0.049642,-0.021845,-0.059931,-0.02529,-0.12359,0.033209,-0.051758,-0.02151,0.108947,-0.039192,0.046127,-0.01029,-0.059981,-0.067964,0.051236,-0.047167,0.050553,0.017966,-0.124724,-1.4e-05,0.027455,-0.030581,-0.055675,0.071982,0.006778,-0.015028,-0.008623,-0.104264,0.001464,0.037981,0.009746,0.01861,0.049549,-0.056891,0.044748,-0.03197,0.012687,0.118222,0.00624,0.048398,-0.012262,0.087936,-0.080185,0.139695,0.030239,0.077315,-0.036857,-0.01317,0.047018,0.008881,0.043226,-0.034469,-0.065504,0.039595,-0.035768,0.047188,0.087746,-0.02704,0.031985,-0.015446,-0.024843,-0.047027,-0.041867,0.051813,-0.064397,0.008827,-0.020209,0.039697,0.001256,0.019058,0.037374,-0.05369,-0.04566,0.04155,0.068391,0.028243,0.029027,-0.052945,-0.002428,-0.053021,-0.001595,0.03116,-0.009028,0.098197,-0.001459,0.050603,-0.101545,0.038759,-0.113247,-0.004117,-0.024775,0.030279,-0.133668,-0.024998,-0.001305,-0.091543,0.109331,0.022976,-0.025464,0.043993,0.05291,-0.037469,0.031881,0.01826,0.02234,-0.004472,0.08045,0.048548,0.009716,-0.097404,-0.003179,-0.012289,-0.012662,-0.033816,-0.043631,0,0.008002,0.088951,-0.01997,0.006782,-0.064416,-0.04261,-0.034186,-0.0328,-0.066076,-0.038245,-0.01752,-0.08248,-0.075765,-0.047956,0.04092,-0.044585,0.009061,0.079924,-0.026528,0.002877,-0.089762,0.032436,-0.05925,-0.041917,-0.011554,0.058878,0.039726,-0.136109,0.058931,0.054295,0.00276,-0.045595,-0.041791,0.009882,0.01396,0.030843,0.068723,0.033874,0.058491,-0.019951,-0.047693,0.073188,-0.038567,0.042636,-0.012162,0.025363,0.067542,-0.104394,0.040354,-0.127471,-0.01283,0.041054,-0.029112,0.081567,-0.035183,0.096169,-0.021582,-0.010328,0.042042,0.064326,-0.043149,0.041523,0.002288,0.036067]",137,1115
NCF_2017_p025_c0018,NCF_2017,Nomenclature Camerounaise des Formations — 2017,1. Formation surle tas,domaine spécialisé,"La formation sur le tas est un processus par lequel les individus apprennent en exerçant sous la
direction de personnes bien formées et expérimentées. Elle est parfois confondue par erreur
avec la formation informelle et non structurée. Iln’existe pas de cours conventionnels pour les
apprenants. Elle est souvent renforcée par des séminaires, des ateliers et des cours formels. La
formation sur le tas ne fournit pas de diplômes, elle peut donner droit à des certificats et
attestations.
Est exclue de ce niveau de formation la formation aléatoire ou autodidacte c’est-à-dire celle
acquise àtravers les massmédias (télévision,radio, …)",18,structural,"[-0.030767,-0.045762,-0.024985,-0.076718,-0.010883,0.001798,0.012786,0.011155,0.057558,0.079915,0.046348,-0.055251,0.001928,0.00661,-0.075612,-0.041637,-0.025562,-0.050177,0.003188,0.065011,-0.042308,-0.095945,-0.055036,0.022635,0.014066,0.012055,-0.007324,0.05718,0.089829,-0.045673,0.035658,-0.027723,0.055305,0.063077,-0.03463,-0.054303,0.052322,-0.105377,-0.006581,0.02975,-0.002122,-0.036016,-0.055721,0.040203,-0.04523,0.050835,0.062982,0.062942,-0.132491,-0.027459,-0.030801,-0.004441,0.019434,0.014065,-0.016798,-0.03142,-0.087779,-0.013931,0.027956,0.011037,0.069986,0.009283,-0.090854,-0.003712,0.030087,0.0794,0.056732,0.02324,0.041924,0.02806,0.046456,0.048629,0.023684,-0.038467,0.005608,-0.014095,-0.0907,-0.100571,-0.016623,-0.08704,0.07053,0.017511,0.025099,0.015993,0.029492,0.00043,0.005583,-0.021641,0.035471,0.020963,-0.034906,-0.003407,-0.013143,-0.006097,0.124829,0.043451,0.044615,-0.012699,0.081592,-0.012728,0.056309,0.027575,-0.053405,0.058979,0.065039,-0.090497,-0.041447,0.00276,0.012823,0.074883,-0.065955,-0.008067,-0.067175,-0.065562,0.057185,-0.086692,0.005513,-0.043288,-0.042421,-0.054186,0.008934,-0.05783,-0.041662,-0.017749,0.112845,0.001516,-0.057085,0,0.054693,0.030234,-0.051498,0.042338,-0.04402,0.062048,-0.046582,0.010412,0.01215,-0.004668,-0.036833,0.020768,0.006804,-0.033317,-0.020418,-0.008622,0.031307,0.02751,-0.052191,-0.010606,-0.058792,0.104307,0.004109,-0.047827,-0.133597,0.022829,-0.019367,-0.064453,-0.07979,0.008962,0.011342,-0.059618,-0.029393,0.099505,0.014855,-0.00599,-0.010321,0.012428,0.020193,0.028149,0.043311,0.022756,-0.028295,-0.026162,-0.026787,-0.013115,-0.04659,-0.034397,-0.012109,-0.040659,-0.005603,0.044429,-0.011842,-0.045362,0.052069,0.098547,-0.12608,-0.027307,-0.045426,-0.091766,-0.096221,0.108971,0.001101,0.087054,-0.008434,-0.067304,-0.014089,-0.186824,0.034307,0.042438,0.016458,0.047333,-0.075559,-0.011714,0.002691,0.077972,-0.003277,0.01478,-0.088414,0.040366,-0.033038,-0.045987,0.010254,-0.006791,-0.059807,-0.01417,-0.00266,-0.07007,-0.040668,0.119227,-0.022334,-0.022683,0.076841,-0.097924,-0.014979,-8e-06,0.011402,0.007177,-0.113501,-0.023065,-0.095332,0.030052,-0.025956,-0.050446,0.038429,0.047336,-0.012995,0.023091,-0.017276,-0.073142,-0.040346,-0.034305,0.0556,-0.001814,0.084051,-0.002633,-0.05899,0.021653,-0.05,0.008426,-0.004165,-0.063187,0.051241,-0.009408,0.014247,0.001013,-0.012336,-0.007871,0.111029,0.029131,0.005679,0.006434,0.036234,-0.003556,0.039084,-0.05521,-0.022732,0.12676,-0.031105,-0.03577,0.011091,-0.003738,-0.026631,0.023813,-0.075122,-0.003661,0.006084,-0.071066,-0.044361,-0.063686,0.014275,0.085612,0.020646,-0.017022,-0.024064,0.137048,0.023091,-0.028815,-0.058362,-0.10344,0.025162,0.041659,-0.054559,0.038144,0.113925,0.007451,0.075723,-0.044479,0.019013,-0.015596,-0.002709,-0.014725,0.035004,0.018366,0.003382,-0.063601,-0.088819,0.049866,0.024946,-0.018923,0.031874,-0.003197,0.078688,0.006478,-0.052869,-0.011666,0.110214,-0.000167,0.064673,-0.031814,-0.002873,0,-0.000986,-0.068359,0.01606,-0.021955,-0.008548,0.010804,0.090656,-0.026198,0.039822,0.012594,-0.116522,-0.01296,-0.064222,-4.4e-05,0.025025,0.010642,-0.075154,-0.018606,-0.125519,0.06874,-0.006439,-0.013112,-0.086484,0.032342,-0.016302,0.015688,0.038534,-0.120086,-0.062215,0.086291,-0.023937,0.08543,0.00596,-0.010351,0.001097,0.005779,0.027539,0.004644,0.020349,0.035856,-0.00498,0.051923,-0.0701,-0.040072,0.042971,0.013842,-0.030863,-0.029279,-0.003953,0.046589,0.017742,0.108283,0.01053,-0.031889,0.012942,0.012824,0.029797,-0.012421,0.042011,-0.041525,0.063008,0.113944,0.001549,-0.037132]",101,636
NCF_2017_p025_c0019,NCF_2017,Nomenclature Camerounaise des Formations — 2017,1. Formation dansun centre de formation,1. Formation surle tas,"Il s’agit des formations de courte durée, n’excédant pas généralement un an, effectuées dans un
centre agréé (Centre de promotion de la femme et de la famille, Centre multifonctionnel, etc.).
Aucun diplôme n’est requis à l’entrée. Elles sont généralement sanctionnées par une
attestation.",19,structural,"[-0.034401,-0.039687,-0.007627,0.042641,0.005079,0.081895,0.004807,-0.009269,0.032839,0.044343,-0.031759,-0.049064,-0.015182,-0.035064,-0.015727,-0.014178,-0.098715,-0.014043,0.041038,0.102465,-0.055328,-0.163156,-0.07355,0.058616,0.046282,0.00074,-0.027684,0.07249,0.045259,-0.070714,-0.025716,0.085263,0.063084,0.076067,-0.053901,-0.082312,-0.046615,-0.016595,-0.008613,0.024998,0.0327,-0.00484,0.031372,-0.031751,-0.017476,0.125685,0.018784,0.108559,-0.054733,-0.047995,-0.019089,-0.130336,0.036895,0.022907,0.030602,-0.019579,-0.056008,-0.098371,0.031299,-0.061059,0.066995,0.00993,-0.045907,-0.013355,0.030468,-0.024546,0.094394,0.045557,-0.014752,0.041668,0.076131,0.017611,0.019707,-0.055801,0.031262,0.059869,-0.089208,-0.095243,0.021419,-0.038155,-0.037434,0.001544,-0.001507,-0.009908,0.015831,-0.052987,0.088679,-0.053361,0.025718,-0.021586,-0.028828,0.018614,-0.004247,-0.059996,0.034505,0.101921,-0.078998,-0.024294,0.050376,0.019835,0.083387,0.100231,0.007675,0.005711,0.030959,-0.024866,0.002977,-0.055617,-0.012332,0.004319,-0.056933,-0.054525,-0.041051,-0.065504,-0.091119,0.006653,0.050052,-0.054094,-0.0342,-0.096526,0.028881,-0.008282,-0.055844,-0.001542,0.100008,0.022933,-0.016471,0,0.032475,-0.08767,-0.059811,0.065404,0.038919,-0.013326,-0.031062,-0.009516,-0.03771,-0.023776,-0.054866,0.003493,0.101102,-0.070733,-0.014711,-0.049143,0.117126,-0.01922,-0.019859,-0.022772,-0.021228,0.118224,-0.006373,-0.014197,-0.118475,-0.046039,0.014731,-0.004216,-0.140194,-0.017546,0.064711,-0.018239,-0.044037,0.06789,0.056874,0.054208,0.00207,0.023688,0.038314,0.042663,0.009613,-0.018156,-0.010559,-0.033394,0.04951,0.012172,-0.139899,0.033819,0.00765,-0.024003,0.022694,0.021733,-0.009405,-0.048613,0.035776,0.086697,-0.083984,0.066174,-0.025395,-0.039224,-0.054732,-0.04983,-0.113298,0.072383,-0.02465,-0.048379,0.035444,-0.067969,0.009861,-0.023145,0.044428,0.047018,-0.064525,0.061015,-0.023036,0.052369,0.028438,0.053139,-0.081482,-0.009415,-0.041273,-0.008586,-0.018643,0.041274,-0.033136,-0.012392,0.038311,-0.020251,0.009462,0.0616,-0.095959,-0.044601,0.081255,-0.068777,0.044123,1e-06,0.017708,-0.051775,-0.088846,0.029032,-0.004861,0.073203,0.037454,-0.059187,-0.067114,0.1115,-0.063665,0.031435,0.042226,-0.103605,-0.040512,-0.007062,0.059335,-0.022398,0.035099,-0.002112,-0.036636,-0.004402,0.131533,0.032513,-0.010309,-0.040298,-0.016906,0.052735,-0.015223,0.056753,0.001992,-0.055905,0.025517,0.023814,-0.003372,-0.038778,0.02783,0.006697,0.017627,0.027438,-0.061049,0.024656,-0.015926,0.038702,0.10244,-0.064231,0.000829,0.034798,-0.066812,-0.011607,-0.057259,-0.017842,0.018732,-0.013285,0.042213,0.037233,0.001932,-0.022285,-0.004003,0.052125,0.037813,0.007529,-0.073159,-0.015662,-0.00223,0.038584,-0.110951,0.07026,0.056037,0.022592,0.030111,-0.0324,0.065063,0.013576,-0.016822,0.010967,0.064155,0.043257,0.018492,-0.022634,-0.01276,-0.027247,-0.027077,0.013758,-0.014432,0.014989,0.144552,0.087213,0.036227,-0.054086,0.02887,-0.072921,0.040851,-0.053799,0.03015,0,-0.000249,-0.020596,0.041119,0.090197,-0.010551,-0.122899,0.050381,-0.039625,-0.020474,0.038407,-0.039673,0.029213,-0.038162,-0.020041,0.00779,0.037293,-0.041997,0.03009,-0.09141,0.045815,-0.010772,-0.051583,-0.029519,-0.034845,0.005027,0.048388,-0.037251,-0.104501,-0.097957,0.017426,0.05018,0.081374,0.023929,-0.022305,-0.015282,0.039421,-0.01904,0.040096,0.042933,0.019764,-0.00334,0.060057,0.034462,-0.046148,-0.055606,-0.011833,-0.065406,0.0547,0.024961,-0.000723,0.023721,0.032077,0.05666,0.001164,-0.016635,7.6e-05,0.040269,-0.024158,0.062185,-0.038698,0.005281,0.028669,0.021659,0.010248]",47,288
NCF_2017_p025_c0020,NCF_2017,Nomenclature Camerounaise des Formations — 2017,2. Formation scolaire de niveauprimaire etpostprimaire,1. Formation dansun centre de formation,"Ces formations concernent les personnes occupant des emplois n'exigeant pas une formation
allant au-delà de la scolarité obligatoire (école primaire) ou ayant des formations spécialisées
n’excédantpas deux années après le cycle primaire (SAR/SM,etc.).",20,structural,"[-0.048743,0.016242,-0.010684,0.015663,0.021266,0.090093,-0.054482,-0.017642,0.002733,0.004947,-0.032025,-0.007516,-0.011592,-0.048246,-0.045802,-0.011375,-0.152688,0.007249,0.038562,0.040473,0.025889,-0.104007,-0.102224,0.03298,0.074599,0.085686,-0.056896,0.021331,0.037198,-0.003764,-0.009484,0.007712,0.072234,0.004495,0.005694,-0.081802,-0.058305,0.070327,-0.00774,-0.018812,0.000152,-0.01259,-0.000604,-0.056524,-0.029153,0.096546,0.053581,0.099226,-0.0936,-0.078291,0.028503,-0.15471,-0.023305,0.078171,0.085435,0.008978,-0.080503,-0.109007,0.030147,-0.018139,0.039948,0.006973,-0.025336,-0.051816,0.088392,-0.012182,0.097666,0.000495,-0.003255,0.024692,0.030203,0.059082,0.026652,-0.035368,-0.006387,0.109139,-0.042896,-0.059968,0.007891,-0.049391,-0.038502,-0.007305,0.040018,0.020064,0.066857,0.003446,0.042018,-0.031359,0.048801,0.021927,-0.090037,0.027255,0.00368,-0.026614,0.079779,0.099859,-0.098937,0.04756,0.056515,0.017534,0.032403,-0.007636,-0.010391,0.004436,-0.011048,-0.016464,-0.035352,-0.095898,-0.00091,0.098791,-0.003954,-0.072245,-0.021897,-0.016538,-0.016448,0.038283,-0.02106,-0.002106,-0.024193,-0.091005,-0.004345,-0.040145,-0.03701,0.023535,0.051646,0.086335,-0.003214,0,0.052427,-0.003441,0.009258,0.046081,-0.054672,-0.062079,-0.079251,-0.018595,-0.018626,-0.039374,-0.039435,-0.038332,0.049645,-0.102634,-0.057162,0.003387,0.068199,0.027683,-0.046188,0.033151,-0.069519,0.102949,-0.05882,-0.033252,-0.07049,-0.011053,-0.023154,-0.102937,-0.073054,0.011654,0.061829,-0.055246,-0.11299,0.083306,-0.000147,0.039264,0.024749,-0.012142,-0.003244,0.106506,0.09133,-0.011542,-0.015677,-0.007872,0.095724,-0.024099,-0.077771,0.054687,0.038104,0.012345,-0.039817,-0.002844,-0.044974,-0.050192,0.033682,0.066117,-0.030401,0.025528,-0.001857,-0.017372,-0.058957,-0.017626,-0.061067,0.030914,0.046733,-0.044823,-0.042863,-0.037347,-0.028994,-0.071009,0.008933,0.001392,-0.099479,-0.009684,-0.015938,0.020363,0.101367,0.078512,-0.074228,0.057722,-0.031122,-0.006945,-0.123274,-0.059106,-0.039492,-0.022274,0.011064,-0.022188,-0.035706,-0.003404,0.039942,-0.013052,-0.007713,-0.011154,-0.015372,-2e-06,0.019643,-0.065404,0.012229,0.042927,-0.007596,0.10836,-0.00107,-0.108513,-0.032314,0.116811,-0.070927,-0.020486,0.084762,-0.073844,-0.019074,-0.103635,0.069317,0.016492,0.031773,0.031808,-0.019138,0.006463,-0.017542,0.001335,-0.002744,-0.015695,-0.014486,0.062133,-0.05827,0.019263,0.002215,-0.036673,-0.021149,-0.02393,-0.046134,0.013435,-0.055322,0.040108,0.008116,0.008339,-0.056526,0.059974,0.006546,0.063397,0.031929,-0.043163,0.022912,0.067892,-0.008196,0.033848,0.007454,-0.018012,-0.064354,-0.015942,0.049942,0.010668,-0.027639,0.030378,-0.015859,0.028091,0.034719,0.036015,-0.049433,0.018663,0.000769,-0.005817,-0.042415,0.093847,0.031811,0.051907,-0.03988,-0.005375,0.105716,0.072354,0.021567,0.020526,0.040445,0.016057,-0.002094,-0.04175,-0.048665,-0.007424,-0.008759,-0.010137,0.038965,0.022212,0.09378,0.052148,0.047979,-0.0154,-0.019481,0.02376,0.035071,-0.035237,-0.026237,0,0.054601,0.033731,0.0942,0.070377,0.016223,-0.133558,0.089589,-0.02943,0.072252,-0.001929,-0.077658,-0.006785,0.115924,-0.085115,0.025259,-0.011002,-0.036391,-0.051073,-0.110617,0.004984,-0.058757,-0.076404,-0.053659,-0.032459,0.021419,-0.021724,0.034719,-0.059806,-0.060698,-0.007153,-0.042213,0.073979,0.024949,-0.040057,-0.052273,0.009181,0.018811,0.018117,0.011089,-0.04605,0.019059,0.035126,0.03543,-0.062962,-0.021422,0.042289,-0.031621,-0.025657,-0.060741,-0.02221,-0.028577,0.019301,0.063065,0.077928,-0.051636,0.076026,0.041537,0.004524,0.09621,-0.003526,-0.027924,0.0594,-0.029365,0.026022]",38,251
NCF_2017_p025_c0021,NCF_2017,Nomenclature Camerounaise des Formations — 2017,3. Formation de niveausecondaire premiercycle,2. Formation scolaire de niveauprimaire etpostprimaire,"Elle concerne des formations dont la durée est comprise entre 1 et 4 ans après le cycle primaire.
A la différence de la formation scolaire de niveau primaire et post primaire, celle-ci exige un
diplôme à l’entrée au moins égal au CEP et se fait entre autres, dans des centres de formation
aux métiers.",21,structural,"[-0.015403,-0.009739,0.064417,-0.013823,0.029497,0.037281,-0.095893,-0.03256,-0.003615,-0.055828,-0.003681,-0.008802,-0.00389,-0.062552,-0.006713,-0.024479,-0.112979,-0.046095,0.058075,0.013096,0.05462,-0.092356,-0.094976,0.029222,0.046142,0.050417,-0.058286,0.059111,0.035497,-0.086917,0.040623,0.002821,0.022418,-0.015219,0.072677,-0.162958,-0.026917,0.047947,-0.029625,-0.003289,0.069558,-0.028978,0.000653,-0.039987,-0.016331,0.094428,0.051484,0.111182,-0.082212,-0.07833,-0.007492,-0.141544,0.032849,0.010779,0.080754,-0.016958,-0.089388,-0.046693,0.047237,-0.012647,0.118032,0.0539,-0.033429,-0.060208,0.053048,-0.018225,0.036842,-0.04188,-0.065352,0.059791,0.036718,0.0364,0.037302,-0.052561,0.027627,0.042709,-0.016018,-0.066078,0.000907,-0.061779,-0.02755,-0.010946,0.067683,-0.003482,0.000271,-0.029882,0.075825,-0.038359,0.02545,-0.029065,-0.088183,0.063154,0.017187,0.00603,0.014045,0.145067,-0.099529,0.05303,0.095571,0.034202,0.039972,-0.00343,0.018857,0.000687,-0.058513,0.022068,-0.060057,-0.037381,-0.012416,0.068583,0.037784,-0.045624,-0.024745,-0.042758,0.002748,0.035944,-0.015103,0.044559,-0.024155,-0.058878,0.021587,-0.020097,0.021085,0.033186,0.021766,0.071365,0.038989,0,0.014082,-0.05468,-0.000559,0.023962,-0.010088,-0.0848,-0.076637,-0.023713,0.005402,-0.048687,0.011531,-0.05547,0.022461,-0.10181,-0.033122,-0.070964,0.132655,0.052918,0.020035,0.032341,-0.087167,0.090699,-0.014932,0.044177,-0.032518,-0.014193,0.035288,-0.09499,-0.073455,0.012453,0.017641,-0.091797,-0.116778,0.100604,0.015249,0.009758,0.050811,0.030753,-0.036842,0.094442,-0.031178,-0.001247,0.014514,-0.020027,0.038896,-0.011035,-0.06979,0.065816,0.025774,-0.026822,-0.016711,0.030983,-0.021338,-0.028738,0.026627,0.064081,-0.050779,0.024179,0.062157,-0.054745,-0.016819,-0.006822,-0.09466,0.003504,0.010134,0.021603,-0.006687,-0.031994,-0.009153,0.027072,-0.011852,-0.016486,-0.017921,-0.019009,0.061648,-0.03293,0.084207,0.070255,-0.023939,0.036869,-0.049845,-0.047004,-0.059428,-0.047716,-0.038084,-0.051093,0.006109,0.047678,0.006855,0.037687,0.006216,0.000443,0.01878,-0.051725,0.080724,-4e-06,0.088528,0.01233,0.002205,-0.01773,0.002439,0.078835,-0.062553,-0.055719,-0.103661,0.027671,0.015773,0.022242,0.044698,-0.028468,-0.040292,-0.088522,0.10876,-0.016455,-0.047929,-0.011378,-0.040745,0.020016,-0.015987,-0.03769,-0.042642,-0.01576,-0.03946,0.104803,-0.024846,0.054295,-0.018928,-0.023319,0.019229,0.001698,-0.05345,0.022288,-0.047726,-0.050638,-0.01801,0.040489,-0.068057,0.06979,0.061045,0.045698,0.03781,-0.026284,0.009316,0.066804,-0.00403,0.002723,-0.006357,0.007217,-0.080369,0.011774,-0.007604,0.025485,0.015616,0.014789,-0.002428,0.027939,0.006605,0.023151,-0.033485,-0.001022,0.013354,-0.098664,-0.104651,0.009975,0.052172,0.043746,-0.072782,0.047809,0.074882,0.034405,-0.022804,0.055599,0.06615,0.031537,0.045253,-0.088873,-0.056243,0.014336,-0.004146,-0.024717,0.023274,-0.014983,0.08554,0.048466,0.056743,-0.020052,0.029465,0.010423,-0.001018,0.018657,-0.008502,0,0.012708,0.005668,0.057916,0.064678,0.078113,-0.082436,0.032646,0.015874,0.124397,-0.015919,-0.006553,0.027177,0.01217,-0.134712,-0.035326,0.004322,0.007298,-0.05594,-0.082597,-0.024545,-0.04871,-0.066221,-0.089744,-0.060604,-0.04033,-0.012193,-0.010099,-0.075658,-0.068036,-0.025933,-0.036602,0.086894,0.051746,-0.070821,-0.016946,-0.030402,0.013917,0.056159,0.040514,-0.050107,0.024473,0.021938,-0.012733,-0.088752,-0.028039,0.017163,-0.047753,-0.059264,-0.055782,0.01653,-0.108395,-0.010296,0.087649,0.108452,-0.01181,0.081451,0.005609,0.004824,-0.020518,0.007564,0.001858,0.026648,0.013152,0.068272]",56,301
NCF_2017_p025_c0022,NCF_2017,Nomenclature Camerounaise des Formations — 2017,4. Formation de niveausecondaire secondcycle ouGCE OL,3. Formation de niveausecondaire premiercycle,"Elle concerne les formations spécialisées d'une durée minimale d’unanetmaximale detrois ans
au-delà du premier cycle de l'enseignement secondaire. On y retrouve les aides-soignants, agents
techniques,…
Page|23
NomenclatureCamerounaisedesFormations",22,structural,"[-0.068423,-0.046946,-0.061889,-0.052794,-0.010484,0.028736,-0.057975,-0.080588,0.035077,-0.065048,0.023576,0.057691,-0.014352,0.008604,-0.021809,0.014915,-0.042266,0.072689,-0.021003,0.016672,0.003812,-0.074239,-0.021395,-0.016473,0.005931,0.029939,-0.040859,0.053513,0.058841,-0.124773,0.032607,0.00861,0.026356,-0.017675,0.103423,-0.12248,-0.164573,0.023113,-0.018423,0.013043,0.056173,-0.027009,0.026766,-0.016139,-0.035833,0.060886,-0.029352,0.051653,0.044897,-0.046738,0.035406,-0.139494,0.027371,0.08465,0.04979,-0.016614,-0.093407,-0.037198,-0.046246,-0.022567,0.150328,0.088567,-0.039758,-0.027354,0.031776,0.061572,0.027452,-0.062125,-0.054281,0.01063,0.017616,-0.004646,0.009991,-0.023741,0.067845,0.100387,0.072912,0.025833,-0.010151,-0.07074,-0.015546,-0.011343,0.103169,0.064509,0.021847,-0.004186,-0.083067,-0.05727,0.028542,-0.008665,-0.099242,0.028126,0.053795,-0.009126,0.063667,0.120186,-0.04235,0.053155,0.016943,0.088069,0.04381,0.003749,0.005572,0.0161,-0.054992,0.052889,-0.063397,-0.085602,-0.015611,0.018177,0.002308,-0.02775,0.027339,-0.057466,-0.057133,0.009362,0.005547,0.047705,0.032201,-0.036322,0.027857,-0.001836,0.019866,0.041987,0.019668,0.136759,0.005161,0,-0.028364,0.025922,-0.041319,-0.014788,-0.047682,-0.050898,-0.031567,-0.059617,-0.046599,-0.026104,-0.021875,0.011261,0.009854,-0.067753,-0.012665,-0.019152,0.056764,0.059544,-0.013249,0.022057,-0.055466,0.085163,-0.002741,0.039651,-0.075991,-0.002443,0.018643,-0.084554,0.010428,-0.005501,0.069311,-0.054131,-0.067532,0.088826,-0.007434,0.020595,0.003681,-0.024786,0.005017,0.133196,-0.008932,-0.013558,0.00853,-0.064162,0.023553,0.010309,-0.003495,0.057072,0.052108,-0.058169,0.035402,-0.004968,-0.018772,-0.068124,0.013959,0.040623,-0.035399,0.092231,0.048884,-0.085297,-0.082776,-0.033546,-0.026652,0.029294,-0.00067,0.002524,-0.049296,-0.019733,-0.008495,0.003464,-0.052339,-0.001138,0.026639,0.059559,0.082256,-0.034617,0.000894,-0.017259,-0.009772,-0.046641,-0.09685,0.048532,-0.026407,0.001933,-0.048692,-0.007213,-0.05627,-0.02682,0.016055,0.049908,-0.000319,0.007769,-0.069986,-0.011747,0.035345,-4e-06,0.05777,-0.03167,-0.069032,-0.04823,-0.017274,0.02455,-0.109861,0.010341,-0.05655,0.017043,0.104739,0.026431,0.026702,-0.080594,0.042197,-0.112253,0.053864,-0.035983,-0.000403,-0.030702,0.071468,0.037199,-0.076659,-0.006982,-0.005547,0.007421,-0.003767,0.089095,0.041595,0.060812,-0.094515,-0.018368,-0.002698,0.05577,0.021005,0.099094,0.022098,-0.071373,-0.064737,0.028876,-0.079131,0.048444,0.001604,0.069264,0.031857,0.041915,-0.070213,0.058686,0.046901,-0.006994,0.027076,-0.003421,-0.02263,0.021796,0.03683,0.039314,0.085688,-0.049496,0.077202,0.003235,-0.00674,-0.022457,-0.027104,-0.047507,-0.033622,0.037113,-0.113697,0.01512,0.101804,0.021759,-0.056388,0.06239,0.053376,0.017406,0.023027,-0.018606,0.044932,0.013603,0.022857,-0.083419,-0.075354,-0.009535,0.03993,0.054062,0.059645,-0.022834,0.054418,0.075582,0.062062,-0.064759,0.042046,0.010764,-0.037171,0.045376,-0.014736,0,0.013501,0.009865,0.018741,0.0242,0.019799,-0.051125,0.022618,0.003849,0.046802,-0.002996,0.054989,-0.011812,0.022518,-0.104618,0.001158,-0.002061,0.065135,-0.047031,-0.085313,-0.030003,-0.091527,0.02218,-0.074671,-0.046293,0.004245,-0.021539,-0.035807,-0.086696,-0.079015,0.042108,-0.046734,0.043566,0.04528,-0.013658,-0.0614,0.035525,-0.013581,0.006933,0.03704,-0.089025,-0.036681,0.079165,-0.068033,-0.036177,-0.010186,-0.037602,-0.060501,-0.039599,-0.009912,-0.05176,-0.06529,-0.083599,0.050751,0.102627,-0.062357,0.00263,0.009794,-0.021397,-0.066259,0.005885,-0.058244,0.023103,0.074371,0.026252]",33,247
NCF_2017_p026_c0023,NCF_2017,Nomenclature Camerounaise des Formations — 2017,5. Formation de niveaupostsecondaire ousupérieure à cyclecourt,4. Formation de niveausecondaire secondcycle ouGCE OL,"Il s’agit des formations d’une durée de deux ans dont les diplômes d’entrée sont le
Baccalauréat, le GCEAL, le Brevetdes Techniciens… Elles donnentdroit au BTS/HND,DUT,
DSEP,DEUG,IDE,Technicien Supérieur.",23,structural,"[-0.039068,0.022409,0.03391,-0.015424,-0.064842,0.00109,-0.027593,-0.063783,-0.030127,-0.096832,-0.016516,-0.033379,0.059916,0.000654,-0.091365,0.02298,-0.107977,-0.017565,0.039107,-0.015904,-0.050622,-0.103948,-0.023688,0.035989,0.034014,0.043126,-0.021782,0.030564,0.03187,-0.035825,-0.042969,0.035925,-0.085902,-0.071248,0.033923,-0.14925,-0.021692,0.081226,0.060293,-0.016956,-0.002633,-0.087861,0.017172,0.065591,0.000986,0.111278,0.031557,0.043755,-0.030954,-0.024045,-0.024843,-0.100621,0.018134,0.034881,0.031505,-0.04789,-0.033243,-0.006777,0.088932,0.006673,0.183827,0.007301,-0.078066,-0.05034,0.030518,0.031692,0.020525,-0.015101,-0.064151,0.013116,0.062963,0.036388,0.031903,-0.058565,0.032761,0.070381,0.043045,-0.068659,0.02042,-0.066874,-0.022022,-0.043836,0.074936,0.020675,0.003498,-0.055431,-0.005144,-0.06564,-0.038017,-0.045883,-0.059646,0.05942,-0.035212,-0.109468,0.007883,0.11523,-0.089594,0.091387,0.111655,0.040765,0.039924,-0.007365,-0.024467,0.060615,-0.09236,0.052169,-0.020365,-0.040771,0.047779,0.00831,0.010812,0.05311,0.007285,-0.052394,-0.049742,0.028143,-0.017012,0.057338,-0.060782,-0.003972,-0.017225,0.04944,0.022494,0.003214,0.045519,-0.006504,0.055921,0,0.088571,-0.004384,0.046349,0.019847,0.005664,-0.087606,-0.144187,-0.018452,-0.018102,-0.071501,0.034733,-0.055531,0.014885,-0.095716,-0.027745,-0.051771,0.054004,-0.059048,0.022656,0.056835,-0.080269,0.07448,-0.021492,0.053497,-0.051005,0.017496,0.06364,-0.053934,-0.036223,0.03657,-0.01795,-0.072342,-0.086335,0.04814,0.018353,-0.038484,0.024223,0.048773,-0.004334,0.026217,0.001581,-0.008058,-0.012541,-0.006602,0.022569,-0.013554,-0.014992,0.034464,0.065589,0.014367,-0.001032,-0.0018,-0.057126,-0.073851,0.057618,0.036454,0.003217,-0.008347,0.028795,-0.0118,0.103223,0.018805,-0.024247,0.000192,-0.011221,0.000804,-0.011412,-0.044155,0.011193,-0.034472,-0.022041,-0.041,0.026791,-0.006886,0.083771,0.005772,0.056291,-0.020235,-0.034623,-0.025272,-0.06237,-0.038952,-0.001119,-0.051976,-0.034779,-0.05183,-0.03162,0.010868,0.022423,0.026967,-0.055001,-0.038078,0.016701,-0.044932,0.028043,-3e-06,0.032177,0.000561,-0.060724,0.004859,-0.021188,-0.026276,0.001588,0.005619,-0.043943,0.09684,0.073584,0.051948,0.039318,-0.037222,-0.016389,-0.034719,0.082772,-0.040452,-0.014095,0.004202,0.009403,0.068906,-0.020083,-0.038045,0.001733,0.040223,-0.054238,0.055024,0.076632,0.0922,-0.06661,0.011425,0.09055,0.034769,-0.004646,0.023465,0.052345,-0.027734,-0.036847,-0.001744,-0.041051,0.058686,-0.01189,0.095717,0.046998,-0.016636,-0.02596,0.112006,0.008139,0.018987,0.073065,-0.0059,-0.068328,-0.078626,0.046205,0.026962,0.019729,-0.002847,-0.003411,0.014587,-0.034025,-0.060521,0.03704,-0.032685,0.002804,-0.003452,-0.109966,0.07154,0.045456,0.016963,-0.096172,0.070767,0.05976,-0.040647,0.036834,0.048272,0.097648,-0.027009,0.03548,-0.039007,-0.133369,0.04056,-0.01822,-0.006675,0.000412,-0.059489,-0.006956,0.016107,0.037347,-0.061589,0.037215,0.026061,0.031051,0.020418,-0.01505,0,0.060745,0.014954,0.05845,0.077005,0.016687,-0.093915,0.051498,0.013039,0.072316,-0.03396,-0.006827,0.043806,0.026362,-0.085959,-0.006126,-0.000662,-0.030304,-0.085894,-0.084497,0.022546,0.037728,-0.042695,-0.081466,0.015966,-0.065398,-0.009002,0.011495,-0.114926,-0.0194,-0.044593,0.012165,0.046696,-0.024261,-0.070977,-0.054684,-0.067703,-0.050148,0.078204,0.041745,-0.01234,-0.015041,-0.006691,-0.03719,0.000716,-0.034252,-0.014725,-0.097712,-0.008693,0.004532,0.056385,-0.105821,-0.050714,0.060174,0.06393,-0.048526,0.077432,0.093067,-0.033861,-0.008366,-0.056939,-0.041479,0.108683,0.066376,-0.006277]",35,204
NCF_2017_p026_c0024,NCF_2017,Nomenclature Camerounaise des Formations — 2017,6. Formation supérieure de premiercycle.,5. Formation de niveaupostsecondaire ousupérieure à cyclecourt,"Il s’agit des formations d’une durée de trois ans dont les diplômes d’entrée sont le Baccalauréat,
le GCE AL, le Brevet des Techniciens… Ces formations sont sanctionnées par un diplôme
d’ingénieur des travaux ou une licence.",24,structural,"[-0.101191,-0.021872,0.014161,-0.030593,-0.026514,-0.02205,-0.023011,-0.0293,-0.031521,-0.037014,-0.038746,0.026734,0.047666,-0.035476,-0.087535,-0.011746,-0.169623,-0.06413,0.014325,0.014837,-0.01144,-0.097938,-0.048588,0.060507,0.068698,0.065459,-0.022889,0.080457,0.065479,-0.025522,-0.070208,0.097649,-0.026012,-0.028965,0.001771,-0.112806,-0.06298,0.090107,0.035008,-0.017212,0.00856,-0.072567,0.054163,0.042586,-0.010995,0.105954,0.000468,0.068849,-0.031075,-0.044889,-0.024174,-0.142384,0.014176,0.00697,0.03167,-0.06811,-0.03057,-0.081788,0.071334,-0.035623,0.103483,0.004677,-0.063247,-0.067965,0.022206,0.027034,0.019837,-0.008399,-0.055554,0.047593,0.036583,-0.010813,0.051609,-0.018576,0.028252,0.10724,0.008449,-0.079308,0.018689,-0.050415,0.005078,-0.032673,0.06098,-0.030556,0.00247,-0.041502,0.050318,-0.036196,0.04709,-0.018503,-0.054755,0.044201,-0.008141,-0.072083,-0.02429,0.130892,-0.088826,0.032256,0.113088,0.008221,0.073339,-0.026018,0.034054,0.051357,-0.051153,0.021835,-0.067064,-0.028505,0.02154,-0.024302,0.013149,-0.043229,-0.018683,-0.097616,-0.085794,0.016194,-0.061624,0.029113,-0.072284,-0.023952,0.023071,0.057588,-0.003709,0.015671,0.065138,0.011791,0.040558,0,0.039854,0.000763,-0.009216,0.060497,0.024524,-0.068689,-0.063173,-0.018488,-0.055784,-0.034454,-0.00275,-0.020994,0.045301,-0.103201,0.004936,-0.069173,0.058329,-0.031565,0.00015,-0.017947,-0.0814,0.039485,-0.00063,0.010409,-0.069413,-0.00622,0.040983,-0.043172,-0.06507,0.010576,-0.020217,-0.038819,-0.093229,0.099471,0.041962,0.007712,-0.000615,0.009408,0.001307,0.066503,0.066656,-0.037917,-0.037743,-0.005164,0.053499,0.016528,-0.079082,0.079303,0.048397,-0.042376,-0.012637,0.054686,-0.057414,-0.094531,0.071032,0.068461,-0.030237,0.034155,-0.002279,-2.3e-05,-0.00182,-0.027476,-0.075025,0.101726,-0.042191,0.008501,-0.01109,0.024802,0.055034,-0.00097,-0.001054,-0.012502,0.032309,-0.002059,0.026976,0.050096,0.046118,0.035734,-0.098324,0.015095,-0.098569,-0.021597,-0.078335,-0.011907,-0.046795,0.043962,-0.033576,0.039844,0.017065,0.024344,-0.09456,-0.050543,0.051057,-0.058739,0.040806,-3e-06,0.100324,-0.043749,0.007198,-0.021978,0.004754,0.005508,0.002655,-0.052821,-0.079212,0.092659,0.014166,0.085146,0.034057,-0.093351,-0.034536,-0.065457,0.060436,-0.066387,0.010524,0.011034,0.009947,-0.004949,0.001266,-0.013095,-0.026802,-0.022348,-0.052021,0.083304,0.063311,0.163123,-0.002667,-0.043641,0.059244,0.068306,-0.030786,0.014524,0.044193,-0.029995,-0.014569,0.017021,-0.081582,0.059338,-0.029891,0.102556,0.072346,-0.030021,0.029881,0.074556,-0.015983,-0.021918,0.036166,0.011824,-0.020739,-0.097948,0.012061,0.0291,0.049649,0.011286,-0.006022,0.000764,0.008633,-0.023435,-0.013602,-0.027445,-0.005623,0.014619,-0.028936,0.057574,0.049808,-0.011648,-0.0685,0.055027,0.058873,-0.036023,0.029264,0.064896,0.092504,0.022584,0.054121,-0.054611,-0.085288,0.018766,-0.044422,0.069374,0.003406,-0.01985,0.024768,0.009946,0.064253,-0.035041,0.027739,-0.016342,0.056624,-0.014895,0.029248,0,0.051237,0.031384,0.001052,0.033173,0.038918,-0.077559,0.035061,0.01168,0.062356,-0.006577,-0.013296,-0.007303,0.011975,0.003089,-0.03011,-0.030106,-0.039086,-0.026621,-0.106901,0.00333,-0.019724,-0.058844,-0.043743,0.005282,-0.076872,-0.00971,-0.00315,-0.119267,-0.080474,-0.014386,-0.011743,0.049414,-0.02501,-0.006685,0.034145,-0.027833,-0.051997,0.04558,0.058728,-0.025936,0.017475,0.032234,-0.057065,-0.026044,-0.042877,-0.003532,-0.127721,-0.033954,-0.002207,0.035872,-0.052721,0.010451,0.085834,0.04994,-0.005981,0.08317,0.043182,-0.040364,-0.02378,-0.012706,-0.017381,0.08126,0.083141,-0.074015]",40,224
NCF_2017_p026_c0025,NCF_2017,Nomenclature Camerounaise des Formations — 2017,7. Formation supérieure de secondcycle,6. Formation supérieure de premiercycle.,"Elle concerne les formations d’une durée de quatre à cinq ans dont les diplômes d’entrées sont
le Baccalauréat, le GCE AL ou équivalent. On peut également y accéder avec un diplôme de
formation du premier cycle, pour une durée d’un an à trois ans. Elles sont sanctionnées par des
diplômes de Master I&II,Maîtrise,Ingénieurs deconception,DESS,DEA,…",25,structural,"[-0.108596,-0.059734,0.031741,-0.001623,-0.060525,0.016543,-0.046855,-0.025429,-0.007516,-0.033668,0.024451,0.041485,0.023748,-0.029347,-0.051882,0.038773,-0.139096,-0.037774,0.03113,0.036597,-0.02099,-0.083107,-0.062687,0.07776,0.066632,0.027661,-0.056763,0.144066,0.059046,-0.06515,-0.02732,0.10598,-0.029291,0.026782,0.0375,-0.122501,-0.027411,0.025804,0.049471,-0.040657,0.04313,0.014693,0.050158,-0.048372,-0.020708,0.105969,-0.019538,0.099809,-0.041834,-0.059098,0.00328,-0.106872,0.044031,0.00694,0.055271,-0.015731,-0.071037,-0.104306,0.033407,0.005467,0.049453,0.06635,-0.052556,-0.024865,0.005589,0.001883,0.019446,0.00015,-0.056577,0.030269,0.008455,-0.060491,0.033474,-0.040677,0.066504,0.0618,-0.012365,-0.118952,-0.043082,-0.048604,-0.03085,-0.06071,0.034937,-0.016936,-0.018397,-0.134768,0.07106,-0.035171,0.033228,-0.013992,-0.003056,0.021013,-0.003265,-0.071357,-0.013065,0.131811,-0.04529,0.049564,0.07738,0.018228,0.076334,0.016123,0.00527,-0.004365,0.007082,0.007193,-0.037031,-0.004933,0.017264,-0.02482,0.021715,-0.046815,0.02462,-0.086342,-0.028758,0.032927,-0.009071,-0.007132,-0.060123,-0.036992,0.009693,0.041914,-0.004853,0.063077,0.056258,0.011617,-0.005435,0,0.030868,-0.062067,0.047042,0.033908,0.001326,-0.084665,-0.075982,-0.037839,-0.044952,-0.04455,0.023435,-0.053784,0.03611,-0.056126,0.005501,-0.082338,0.077722,-0.034694,3.5e-05,-0.008444,-0.0935,0.070779,0.003009,0.034117,-0.034966,0.042965,0.094556,-0.087625,-0.04536,0.016556,0.006403,-0.061881,-0.136436,0.087947,0.014059,-0.017931,0.001108,0.020571,-0.002748,0.024919,0.042479,-0.02677,0.022162,0.005585,0.05774,-0.005652,-0.035132,0.048036,0.040838,-0.011835,0.03841,0.027049,-0.037683,-0.032322,0.043009,0.066082,-0.014765,0.036676,0.031365,0.037623,0.008455,-0.018149,-0.114513,0.071383,-0.05226,0.030879,-0.012203,-0.005381,-0.013721,0.019149,-0.022842,-0.071608,0.069191,-0.002419,0.081136,0.022646,0.042558,0.039424,-0.068217,-0.005807,-0.069861,-0.036214,-0.035889,0.000924,-0.105824,-0.036851,2e-06,0.004907,0.068458,0.047236,-0.073478,-0.015068,0.077727,-0.065845,0.057852,-1e-06,0.124412,-0.04734,0.064307,-0.072872,-0.007679,-0.014793,-0.029244,-0.033626,-0.056585,0.012475,0.02577,0.104445,0.048246,-0.109363,-0.013305,-0.022411,0.109357,-0.017171,0.008909,-0.004578,0.00228,0.048833,0.052578,-0.035673,-0.024386,-0.018413,-0.032664,0.086068,0.069663,0.094742,-0.005119,-0.025237,0.065949,0.046212,-0.05553,0.011533,-0.006575,-0.04939,-0.103139,0.056915,-0.086073,0.040592,-0.012191,0.074268,0.082705,0.013804,0.024527,0.053781,0.006315,-0.043642,0.01804,0.010063,-0.036233,-0.021722,-0.003909,-0.00484,0.035761,-0.041593,0.008804,-0.006513,0.039435,-0.02293,-0.043493,-0.127123,-0.017743,-0.050179,-0.062868,-0.010543,0.048319,-0.051359,-0.049926,0.037778,0.033073,-0.009797,0.039442,0.057696,0.033131,-0.030089,0.032081,-0.071819,-0.122937,0.011714,-0.059926,0.115834,0.037664,-0.055291,0.036083,-0.006402,0.036448,-0.057244,0.018786,-0.004381,0.085317,0.025197,0.042592,0,0.039626,-0.021342,0.009599,0.029486,0.041754,-0.064444,-0.022769,0.036348,0.008036,0.022044,0.020364,-0.001447,0.02109,-0.002979,-0.060745,-0.035908,-0.016587,-0.045241,-0.082581,-0.012309,-0.011062,-0.031031,-0.048886,0.00974,-0.108326,0.020518,-0.02285,-0.103046,-0.093166,0.031339,0.020495,0.065775,0.036673,-0.020647,0.002868,-0.038689,-0.035049,0.054122,0.034655,-0.056402,0.031511,-0.03518,-0.072437,-0.006262,-0.041324,-0.004857,-0.080697,-0.019779,0.025644,0.098997,-0.008419,0.007145,0.091026,0.038177,0.013642,0.011351,0.02163,-0.051815,-0.004741,-0.038255,0.077499,0.068098,0.056804,-0.002671]",62,347
NCF_2017_p026_c0026,NCF_2017,Nomenclature Camerounaise des Formations — 2017,8. Formation de niveaudoctoral,7. Formation supérieure de secondcycle,"Elle concerne les formations dont la durée est de 6 ans ou plus après le Baccalauréat /GCE AL
ou équivalent,conduisantàlarédactionet lasoutenance d’une thèse dedoctorat.
Page|24
NomenclatureCamerounaisedesFormations
III.2 Nomenclaturedesspécialitésdeformation
01 Éducation et formation
Doivent être classées dans ce groupe uniquement les formations dispensées aux élèves-éducateurs et
formateurs.
Les enseignants d’université sontexclus dece groupe.
011Formation desenseignants
Sont classées ici, toutes les formations dispensées aux élèves-enseignants dont lamission première
seralatransmissiondes connaissances aux apprenants.
Sont exclues de ce groupe, les formations dont les apprenants n’auront pas pour mission la
transmission des connaissances.
01101 Formation desenseignantsde la maternelle etduprimaire
Doivent être classées dans ce sous-groupe, les formations destinées aux formateurs pour
l’enseignement au niveau maternel et primaire. Ces formations se déroulent généralement dans les
Ecoles Normales d’Instituteurs d’Enseignements Général (ENIEG) publiques ou privées. Sont
exclues, les qui dispensent les cours dans les écoles normales d’instituteurs, n’ayant suivi aucune
formation appropriée.
01102 Formation desenseignantsde l’enseignementsecondaire technique
Sont classées dans ce sous-groupe, les formations destinées aux formateurs de l’enseignement
secondaire technique,1er et 2nd cycles. Ces formations se déroulent généralement dans les Ecoles
Normales Supérieures d’Enseignement Technique (ENSET). Les connaissances reçues doivent être
dispensées auprès des élèves du premier et second cycles des établissements d’enseignement
secondaire technique.
Sont exclues, les formations des enseignants qui dispensent des cours dans des établissements
d’enseignementsecondaire technique,n’ayantsuivi aucune formationadéquate.
01103 Formation des instituteurs de l’enseignement technique (SAR/SM, Centres de Formation
auxMétiers, …)
Sont classées dans ce sous-groupe, les formations destinées aux formateurs des instituteurs de
l’enseignement technique, 1er cycle. Ces formations se déroulent généralement dans les Ecoles
Normales d’Instituteurs d’Enseignement Technique (ENIET) publiques ou privées. Ces formateurs
doivent dispenser des enseignements dans les établissements tels que : SAR/SM, Centres de
Formation aux Métiers,etc.
01104 Formation desenseignantsde l’enseignementsecondaire général
Sont classées dans ce sous-groupe, les formations destinées aux formateurs pour l’enseignement du
1er et 2nd cycles de l’enseignement secondaire général. Ces formations se déroulent généralement
dans les Ecoles Normales Supérieures (ENS). Les connaissances reçues doivent être dispensées aux
élèves du premier etsecondcycles des établissements d’enseignementsecondaire général.
Sont exclues, les formations des enseignants qui dispensent les cours dans ces établissements et qui
n’ontsuiviaucune formation adéquate.
Page|25
NomenclatureCamerounaisedesFormations
01105 Formation desenseig",26,structural,"[-0.046238,-0.126545,0.010032,-0.016729,-0.090967,-0.009357,-0.079839,-0.085896,-0.015419,-0.028868,0.020736,-0.034569,-0.028698,-0.027302,-0.148395,0.036925,-0.081252,0.043275,0.041568,0.04164,0.026928,0.043109,-0.01533,0.069186,0.082243,0.066248,-0.021418,0.034376,0.014016,-0.036788,-0.052775,0.017519,0.041128,-0.020289,0.034393,-0.115518,-0.007078,0.046476,-0.051287,0.010608,0.04582,-0.01836,0.025207,0.025059,-0.060643,0.092214,0.010517,0.063623,-0.008853,0.032112,-0.011753,-0.148843,0.01104,0.033403,-0.014933,-0.062374,-0.024523,-0.010817,-0.060885,-0.001681,0.027012,0.105436,-0.073501,-0.015224,-0.006658,0.056266,0.08791,-0.008394,0.002796,0.057037,0.047184,0.044654,0.113245,-0.03455,-0.005894,0.093338,-0.009111,-0.051873,0.004487,-0.078591,0.010842,0.041921,0.073287,-0.033854,0.003841,-0.000845,0.073599,-0.054326,-0.032153,-0.060171,-0.053371,-8.7e-05,0.024117,-0.094848,0.084345,0.049438,-0.028015,0.160048,0.024835,-0.013159,-0.001475,-0.018083,-0.030173,-0.003228,0.010019,-0.005555,-0.123656,-0.030226,0.059004,-0.034489,0.006869,-0.04457,0.024584,-0.012283,-0.021305,0.012407,-0.065688,-0.034553,0.018011,-0.022309,-0.018429,-0.006847,0.019084,0.026287,0.02764,0.038896,-0.027949,0,0.025093,0.010267,-0.036508,0.014325,-0.026646,-0.087088,-0.045002,0.023072,-0.064034,-0.096296,0.007881,0.011588,0.037403,-0.067594,-0.017051,-0.030834,0.025852,0.066561,-0.076577,0.031845,-0.039384,0.091109,-0.012141,0.008715,-0.10786,0.034577,0.014547,-0.015888,-0.048182,-0.026505,0.023696,-0.093286,-0.036139,0.003153,-0.00247,-0.030649,0.067974,-0.035533,-0.007084,-0.006023,0.033531,0.103275,-0.061459,0.024855,0.049301,0.001765,-0.047341,0.032057,0.106323,-0.046902,0.021076,-0.007685,-0.023401,-0.044016,0.00297,-0.011094,-0.005482,0.091206,0.022291,-0.165175,-0.048307,0.030969,0.069573,0.005471,0.001729,-0.072352,-0.025588,0.009449,0.042138,-0.076713,-0.023778,-0.028657,0.011231,0.026459,0.063842,0.017781,0.002482,-0.080463,-0.066196,-0.028281,-0.030935,0.044948,-0.05443,-0.056738,-0.016238,0.003805,0.00055,-0.060436,-0.055839,0.018039,-0.037951,0.029331,-0.064264,-0.040947,-0.002812,-1.2e-05,0.027254,0.01635,-0.024194,0.020244,-0.069651,0.001171,-0.01534,-0.018141,0.034746,-0.064849,0.07803,0.033552,0.030083,-0.105744,0.004906,-0.145044,0.001811,0.037058,0.033622,-0.005538,0.063232,0.003074,-0.08757,-0.046084,-0.00606,-0.03347,-0.004269,0.018576,0.090418,0.029414,0.022302,-0.025892,0.026283,-0.027099,-0.076596,0.034185,0.042398,0.008101,-0.068769,-0.038797,-0.047402,0.101283,0.003352,-0.01485,-0.010674,-0.0225,0.042226,0.071242,0.000117,0.049535,0.054645,-0.033586,-0.078299,-0.004315,0.021235,0.088327,0.033905,0.001917,-0.045184,0.068912,0.019912,-0.011052,0.000179,-0.080178,-0.000311,0.104065,-0.084535,0.14684,0.124813,-0.061639,-0.027387,0.021388,0.018568,0.008872,0.043559,0.008762,0.057426,-0.008385,-0.032442,-0.031694,-0.031534,-0.003712,-0.042564,0.110292,0.065375,-0.005781,0.088226,0.060685,0.031651,0.016087,0.070701,-0.012796,0.064549,-0.016188,-0.078976,0,0.015354,-0.061964,0.037968,-0.034776,0.060627,-0.082537,-0.000801,0.024702,0.012129,0.019193,0.095076,-0.01007,-0.042947,-0.082857,-0.010846,0.00273,0.022597,-0.026722,-0.126266,0.026224,-0.035826,-0.075803,-0.060809,-0.004747,-0.042971,-0.011734,0.007592,0.012453,-0.060468,-0.003751,-0.045465,0.079718,0.035111,-0.053156,0.002459,-0.008798,-0.069819,0.10781,0.046851,-0.055011,-0.012943,-0.032397,0.024614,0.012461,0.011952,-0.049861,-0.050722,0.043683,0.032117,0.071835,-0.072389,0.047916,0.010982,-0.003024,-0.035725,-0.039322,0.048567,-0.015116,0.027302,-0.043644,0.042103,-0.021644,0.088804,0.010155]",391,3000
NCF_2017_p047_c0027,NCF_2017,Nomenclature Camerounaise des Formations — 2017,"domaine offrent aux apprenants des compétences sur les techniques juridiques (rédaction d'actes, de",8. Formation de niveaudoctoral,"conclusions), sur les différentes procédures ( telles que la procédure civile ou la procédure pénale),
sur les techniques de plaidoiries, ainsi que sur la déontologie professionnelle (principalement, par
l'assimilation du code de déontologie des avocats). Pour devenir avocat, il faut être titulaire d’une
licence en droit, présenter un examen d’aptitude qui permet d’effectuer un stage de 2 ans à
compter de la date de prestation de serment comme avocat stagiaire. A l’issue du stage en cabinet, il
devra se présenter à un examen de fin de stage, et en cas de réussite, il devra prêter serment devant
laCour d’Appelde son lieu de résidence.
04305 Formation desnotaires
Sont classées dans ce domaine détaillé, les formations qui confèrent aux apprenants la capacité de
recevoir et de rédiger, pour des particuliers, des entreprises et des collectivités, les actes, les contrats,
Page|45
NomenclatureCamerounaisedesFormations
etc. pour leur conférer un caractère authentique et même obligatoire dans certains cas. Les
enseignements dans cette formation ont, entre autres, trait au droit professionnel (statut et
organisation du notariat, approfondissement de la notion d’authenticité, responsabilité notariale,
discipline, etc.), au droit de la famille (personnes et couples, libéralités et successions), au droit
immobilier (vente immobilière, droit de la construction et de l’urbanisme), au droit de l’entreprise.
Pour devenir notaire, il faut être titulaire d’une licence en Droit, présenter un examen national qui
permet d’effectuer un stage de 2 ans en cabinet et à la fin du stage attendre le décret du Chef de
l’Etatattribuantlacharge de notaire.
04306Formation en droitdesaffaires
Cette formation a pour objectif de permettre aux apprenants de comprendre la logique générale du
système juridique et la place du droit des affaires et des sociétés, d’appréhender le droit des sociétés,
de pratiquer les actes de gestion courante des sociétés, de s’approprier le droit des contrats, etc. On
classe dans cette catégorie, les spécialités telles que le droit commercial, le droit de la concurrence, le
droit de la consommation, le droit de la propriété industrielle, le droit des assurances, le droit des
sociétés,etc.
04307Formation en droitprivé fondamental
Le parcours Droit Privé Fondamental a pour but d’offrir à l’apprenant l’acquisition approfondie des
connaissances essentielles ainsi qu’une méthode de travail et de recherche permettant d’affronter
toutes situations nouvelles en droit. Les acquis de la formation seront utilisables quel que soit le",27,structural,"[-0.05298,0.054574,0.018061,-0.056857,-0.034881,0.030025,-0.042,0.037963,-0.009887,0.100139,-0.02637,0.050001,-0.075684,-0.001187,-0.047967,-0.010951,-0.030017,0.015103,0.003994,0.075924,0.0468,0.016197,-0.046719,0.000601,0.003244,0.023444,-0.002819,0.020239,0.003558,-0.010126,-0.036713,-0.07835,0.012972,0.022625,0.014094,0.003145,0.004362,0.002946,-0.071038,-0.078261,0.057775,-0.050865,0.007815,0.092966,0.067231,0.00337,0.068921,0.05542,-0.034101,-0.062293,-0.016684,-0.056309,0.058511,-0.003653,-0.039079,0.009404,0.051608,-0.041511,0.013276,0.00616,-0.04863,0.124024,-0.118649,0.026691,0.005997,0.001657,0.139468,-0.000806,0.001216,0.004915,-0.025104,0.027457,0.095657,-0.07683,-0.049763,0.042817,-0.054347,0.010902,0.066321,-0.060395,-0.005172,-0.100273,0.031259,0.009234,-0.06291,-0.059522,-0.018628,-0.086214,0.059723,0.038304,0.077813,0.054029,0.125129,-0.036536,0.041547,0.019022,0.008625,0.057671,0.06266,0.066525,-0.026704,-0.017133,-0.100653,-0.024461,0.049747,-0.044108,-0.0362,-0.11862,-0.044629,-0.110403,-0.011534,0.04747,0.025579,0.013987,0.094485,0.04286,0.024315,0.009217,-0.027458,-0.032667,-0.04049,-0.029685,-0.065422,-0.096807,0.016518,-0.005055,-0.016496,0,0.042811,-0.041292,-0.068746,-0.021426,-0.002232,0.021749,0.003779,-0.006531,0.002092,0.007214,0.009869,-0.0523,0.052572,-0.08031,-0.036004,0.049127,-0.031025,0.057586,-0.046538,0.092696,-0.031728,-0.007197,0.066305,0.013943,-0.135698,0.038927,0.027337,-0.058048,-0.030968,-0.005979,0.013267,-0.008283,-0.015679,0.074284,0.063963,0.022066,0.050936,0.00884,0.081424,0.011005,0.037609,-0.0218,0.051526,0.017,-0.055641,-0.008925,-0.070063,-0.038201,0.056215,0.047475,0.051786,0.043305,0.019175,-0.047317,-0.030969,0.04778,0.003763,0.074247,0.005031,-0.010658,0.015536,0.071313,-0.016073,0.04242,0.012577,-0.037759,-0.049169,-0.100333,0.028059,-0.126188,0.037782,0.037433,0.026699,0.018504,-0.032536,-0.041347,0.046623,0.010067,-0.075239,-0.043918,-0.018833,0.072841,-0.053064,-0.049458,0.016963,-0.062183,-0.035851,0.024573,0.000801,-0.033341,0.01908,-0.107054,0.030013,-0.082817,0.013558,0,0.006166,-0.058812,-0.106701,0.047356,-0.031192,-0.004534,-0.010212,-0.082156,-0.004576,-0.06537,-0.040458,0.026046,0.094274,0.008003,-0.023567,0.007017,-0.10685,-0.051259,0.016332,0.035263,0.08291,0.041199,0.018982,0.052064,-0.086042,-0.121057,0.023546,-0.028339,0.034189,-0.047463,0.066125,0.028409,-0.074965,-0.038083,-0.019914,-0.02291,0.093535,-0.165198,0.018171,-0.040761,0.025663,0.00615,-0.047654,-0.035266,-0.001708,-0.004546,-0.090767,0.02434,0.034367,-0.009602,-0.020095,-0.007939,-0.026844,-0.01556,0.033269,0.002176,-0.018384,-0.020917,0.002857,0.153775,-0.003011,0.034967,-0.066401,-0.015805,0.0511,0.019578,-0.034126,0.040325,-0.010443,0.049297,-0.012284,-0.053884,0.020286,-0.039225,0.014941,0.036333,0.03957,0.03077,-0.032672,-0.033645,0.023377,-0.062374,0.032197,0.055112,-0.001272,-0.037423,0.103227,-0.027714,-0.012311,0.028278,0.048224,-0.117528,0.062879,-0.020821,-0.004803,0,0.044411,-0.043213,0.001444,0.018452,-0.080906,-0.072281,-0.024938,0.020158,-0.056266,-0.011106,0.025999,-0.022828,-0.066435,-0.079947,-0.043431,-0.003104,-0.004006,0.086394,-0.078337,0.075175,-0.049706,-0.054054,-0.057284,-0.006978,0.073559,0.044859,0.01751,-0.010057,0.03949,0.021351,0.029659,0.071757,0.060884,-0.069494,-0.023805,-0.074091,0.034757,0.070548,0.117835,0.032965,-0.033742,-0.041281,-0.030098,-0.001509,-0.035049,-0.025296,-0.107982,-0.008061,0.064256,0.016579,-0.006394,0.037495,-0.070738,-0.040736,0.033153,0.042564,0.12334,0.020431,-0.009927,-0.012995,0.088999,0.046711,-0.006185,-0.067795]",398,2559
NCF_2017_p048_c0028,NCF_2017,Nomenclature Camerounaise des Formations — 2017,"domaine professionnel choisis, judiciaire ou non. Les débouchés professionnels peuvent être entre","domaine offrent aux apprenants des compétences sur les techniques juridiques (rédaction d'actes, de","autre une carrière d’enseignant chercheur, magistrat, médiateur, juriste auprès de services
contentieux,etc.
04308Formation en droitpublic
L’objectif de cette formation est de permettre aux apprenants de maitriser l’ensemble des règles
applicables aux organismes publics et à l’administration, ainsi qu’à leurs relations avec des
personnes privées. Les branches du droit public sont le droit constitutionnel, le droit administratif,
le droit fiscaletle droitpénal.
04309 Autresformationsen droit
Ce domaine détaillé est caractérisé par des formations générales sur le droit et dans des spécialités
du droit sanctionnées par un diplôme ou une certification et non classées ailleurs. On y classe les
formations suivantes : les formations de base qui conduisent généralement au diplôme du premier
cycle universitaire (tronc commun), les formations de spécialisation à l’instar du droit international,
du droitdetravail,du droitéconomique.
05 Sciences naturelles, mathématiques et statistiques
Ce domaine de formationpermetdedévelopper des aptitudes dans lavie des plantes etdes animaux
d’une part, et aussi de développer l’esprit critique des apprenants. Ces spécialités de formation sont
constituées des disciplines scientifiques portant aussi bien sur l’étude de la nature au sens
écologique ou environnemental du terme, que sur des domaines de connaissances abstraites
résultantdes raisonnements logiques.
Page|46
NomenclatureCamerounaisedesFormations
Sont inclus dans ce domaine, les sciences biologiques et apparentées, l’environnement, les sciences
de la terre, de l’atmosphère et des fonds marins, les sciences physiques et enfin, les mathématiques
etstatistiques.
051Sciencesbiologiquesetapparentées
Ce groupe comprend les spécialités dont l'objet d’étude est l'être vivant et la vie dans son ensemble
et son fonctionnement. Il s’étend du niveau moléculaire à celui de la cellule, puis de l'organisme,
jusqu'au niveau de la population et de l'écosystème. Y sont également incluses, les spécialités dans le",28,structural,"[-0.016884,0.015568,-0.042361,-0.092795,-0.045498,0.004714,0.003131,0.014106,0.022121,0.09732,-0.071458,0.110071,-0.08369,-0.032772,0.041497,0.047603,0.042333,0.054275,-0.042328,0.080569,0.045909,-0.036374,-0.04278,-0.004248,-0.030772,-0.017377,-0.006355,-0.029089,-0.047152,-0.031682,-0.022224,-0.08922,-0.052091,0.042687,0.020489,0.01037,0.003345,0.019908,-0.048706,-0.09388,0.061009,-0.039744,-0.016861,0.050707,0.01892,0.007998,0.015051,0.061736,-0.034147,-0.011297,-0.069247,-0.031143,0.047182,0.088735,-0.019227,-0.022425,0.002145,0.039734,-0.017137,-0.030317,-0.056444,0.079041,-0.114138,-0.05824,-0.017129,-0.028312,0.091541,0.006802,0.012313,-0.029107,0.012531,0.046726,0.10339,-0.048889,-0.072019,0.0207,-0.032657,0.016018,0.104143,-0.081897,0.064286,-0.042289,-0.019672,0.036491,-0.011172,-0.018646,-0.030763,-0.039891,0.034824,-0.002405,0.059866,0.04888,0.10869,-0.054954,0.00719,0.001668,0.063722,0.038753,0.022082,0.043347,-0.012954,-0.037278,-0.031178,0.018176,0.047431,0.012443,-0.042765,0.031594,0.005872,-0.085793,-0.0296,0.054144,-0.031503,0.024289,0.068331,-0.047268,0.004231,0.034071,-0.030552,-0.008789,-0.040663,-0.003971,-0.070898,-0.05957,0.046497,0.022085,-0.049276,0,0.017589,-0.00561,-0.013819,-0.048001,-0.076827,0.05446,-0.013504,-0.068937,-0.010727,0.061176,-0.059438,-0.023232,0.048626,-0.066455,-0.029695,-0.048872,-0.062709,0.056531,0.02676,0.057708,-0.024111,0.071641,-0.028268,-0.006749,-0.076872,0.000239,-0.006203,-0.081038,-0.066532,0.034344,0.06581,-0.054481,0.017664,0.040249,0.07212,0.019872,0.039202,0.051712,0.091299,-0.077893,0.018231,-0.061447,0.088281,0.050068,-0.066943,-0.029293,-0.029524,-0.049267,0.035924,0.055612,0.053428,-0.024448,0.039904,-0.024026,-0.005231,-0.021795,-0.011636,0.050446,-0.045933,-0.01938,0.030513,0.028557,-0.093654,0.019892,0.034887,-0.045324,-0.073605,-0.077808,0.037755,-0.053687,-0.008546,0.085358,0.072099,0.052391,-0.059564,-0.012911,0.05654,-0.026619,-0.127897,-0.006555,-0.04351,0.075972,-0.042832,-0.038819,0.042387,-0.035892,-0.069531,-0.024959,0.026481,-0.062681,0.019219,-0.113258,0.074753,0.013752,-0.009803,-6e-06,-0.023117,-0.066094,-0.033355,0.079658,0.012612,0.085884,0.041943,-0.054483,-0.087832,-0.067688,-0.025435,-0.031883,0.071464,0.045493,-0.006857,0.045144,-0.066491,-0.124251,0.032706,0.048833,0.052496,0.026902,0.077107,0.136956,-0.074661,-0.082967,0.036572,-0.085045,0.069991,-0.052319,0.080212,-0.006609,-0.03825,-0.070459,-0.064821,-0.073301,0.030508,-0.085668,0.036271,-0.001341,-0.027727,0.006895,-0.052322,-0.041881,0.008569,-0.013519,-0.076213,0.023425,0.021321,-0.06649,-0.041582,-0.045397,-0.039036,0.007916,0.095987,-0.017152,-0.039317,0.011214,0.005867,0.097734,-0.011342,0.020599,-0.05599,0.035036,0.02737,0.039102,-0.070707,0.033138,-0.002098,0.058944,-0.003505,-0.100803,-0.016216,-0.008838,0.013406,0.033086,0.021636,0.061882,-0.013018,0.030833,0.083015,-0.027704,0.000474,-0.024205,-0.004071,0.031252,0.080411,-0.018351,-0.0137,8.2e-05,0.034148,-0.126261,0.085181,-0.036022,-0.003391,0,0.107305,0.006368,0.01643,0.005919,-0.104558,-0.063636,0.013336,-0.024012,-0.064906,-0.032125,0.080394,-0.029195,-0.076379,-0.032019,0.041961,-0.028525,-0.03546,0.060676,-0.003489,0.061314,-0.033131,-0.062758,-0.068947,-0.018654,0.084562,0.052505,0.008233,-0.11267,0.04375,0.103136,0.012788,0.095854,0.020713,-0.068654,-0.081229,-0.007938,-0.021207,0.036127,0.030971,0.009204,0.012392,-0.031275,-0.013533,-0.023102,0.06262,-0.009122,0.061959,-0.004971,0.055448,-0.052696,-0.047453,0.008396,-0.025607,-0.079722,0.063869,0.031934,0.065762,-0.00539,-0.026513,-0.051174,0.056779,0.019929,0.001935,-0.009745]",290,2010
NCF_2017_p049_c0029,NCF_2017,Nomenclature Camerounaise des Formations — 2017,"domaine de la biologie végétale, la biologie animale, la microbiologie, la biochimie, la","domaine professionnel choisis, judiciaire ou non. Les débouchés professionnels peuvent être entre","biotechnologie et les programmes etcertifications interdisciplinaires impliquantles sciences de la vie
etapparentées.En sontexclues les spécialités deformationdans le domaine delabiologie humaine.
05101 Biologie végétale
La biologie végétale est la science consacrée à l'étude des plantes, des microorganismes connexes, des
habitats végétaux et des rapports avec les écosystèmes. Ces programmes d’enseignement
comprennent des cours sur divers sujets : anatomie et structure végétale, morphologie et physiologie
végétale,écologie végétale,paléobotanique,etc.
Sont incluses dans cette spécialité, la botanique, la physiologie végétale, l’écologie végétale,
l’écophysiologie végétale, la biochimie des plantes, la biologie moléculaire, la génétique des plantes,
les biotechnologies végétales,labiophysique.
05102 Biologie animale
Cette spécialité concerne les programmes de formation consacrés aux organismes et espèces
animales. Y sont incluses la zoologie, la bactériologie, la toxicologie, l’entomologie, l’ornithologie, la
génétique animale,laphysiologie animale,l’éthologie,lazootechnie.
05103 Microbiologie
La microbiologie s’intéresse à l’étude des microorganismes, qu’il s’agisse des bactéries, des
champignons, des protozoaires ou des virus. Ses spécialités sont la microbiologie alimentaire et
industrielle, la microbiologie médicale et la microbiologie des sols et de l’environnement. Sont
incluses dans cette spécialité deformationlamycologie,laparasitologie, lavirologie, la bactériologie.
05104 Biochimie
La biochimie vise l’étude des processus chimiques à la base de la vie. Les spécialités incluses dans le",29,structural,"[-0.068084,0.041604,0.009966,-0.101699,0.073342,-0.056667,-0.098217,-0.025614,-0.007889,-0.018344,-0.027106,-0.036751,-0.030416,-0.005503,-0.114444,0.084718,-0.074544,0.044879,0.022026,0.027629,0.048963,0.083101,-0.007933,0.035551,-0.010642,0.011559,-0.006336,0.029084,-0.113362,0.061185,-0.039734,-0.000212,-0.023125,-0.01394,0.037317,0.00178,-0.007078,0.000278,-0.018364,-0.01086,0.006456,-0.082896,0.063308,0.048914,0.00576,0.051038,-0.014541,-0.026781,0.04355,-0.017265,-0.05459,-0.115545,0.003523,0.040441,0.005523,-0.015086,0.040811,0.041653,-0.101122,-0.027826,0.049035,0.014473,-0.026877,-0.042134,0.058498,-0.051682,-0.021242,0.048364,-0.01258,0.007472,0.094911,-0.042797,0.077708,-0.005164,-0.092048,0.126447,-0.017661,0.085996,0.099998,-0.021291,0.003946,-0.06066,0.046953,-0.11863,-0.117813,0.000821,0.024467,0.024885,-0.02628,-0.032334,0.021067,-0.014404,0.040068,-0.017328,0.031094,0.022716,-0.010821,-0.020977,0.04538,-0.042274,-0.095164,0.021326,-0.02966,-0.016684,0.076545,-0.032817,-0.051746,0.006626,0.031693,0.008665,-0.000471,0.037012,0.039816,0.120401,0.058806,0.034114,0.009268,-0.035778,0.035045,-0.084978,-0.117505,-0.071186,-0.026616,-0.042579,0.042991,-0.010254,-0.091191,0,0.070464,0.010699,-0.057109,-0.018433,-0.059166,-0.022217,0.022252,-0.051146,-0.039822,-0.001984,-0.030214,-0.01723,0.050892,-0.030371,-0.066151,-0.012148,-0.026156,0.004244,0.022438,-0.017277,-0.048715,0.045057,-0.04064,0.047181,-0.013692,0.037945,-0.002987,-0.112127,-0.036258,-0.010805,0.028897,-0.018451,-0.027113,-0.070617,0.048485,0.041756,0.070683,0.027874,-0.000315,0.04381,0.087831,-0.027054,-0.020087,-0.056314,0.083816,-0.004529,0.020045,0.016169,0.069785,0.021159,-0.025967,-0.019088,0.066286,-0.067027,-0.005579,-0.054378,0.003669,-0.005597,-0.048188,-0.019607,-0.012555,0.002751,0.009397,-0.007543,0.11209,-0.026298,-0.021376,0.007887,0.034791,0.091517,-0.005254,-0.039304,-0.025601,-0.033466,-0.060674,0.024836,-0.004098,-0.011121,-0.093117,0.054957,0.049493,0.101627,-0.052795,-0.047043,0.051625,0.025377,-0.046747,0.070972,0.023575,-0.074789,0.043027,-0.021067,0.017743,-0.002687,-0.059795,-5e-06,-0.00577,-0.069982,-0.018474,0.116786,0.027748,0.028958,-0.016865,0.028707,0.001559,-0.006532,0.019638,0.018762,0.004498,-0.084584,0.053344,-0.043563,-0.102284,-0.034286,-0.079262,0.032185,-0.04116,0.00321,-0.057596,0.009392,-0.021894,0.06393,0.027621,-0.045378,0.000795,-0.065901,0.045409,-0.018721,-0.025929,-0.001338,-0.035553,-0.036892,0.053615,-0.079632,0.046749,-0.054774,-0.017149,0.034741,-0.137818,-0.004004,0.016242,-0.031161,-0.072383,0.074083,0.060481,0.027024,0.03698,-0.044852,0.04126,-0.095492,0.089071,-0.082828,-0.040973,0.100178,-0.052407,0.062356,-0.00066,-0.026368,-0.026054,0.065165,-0.06105,0.086657,0.022813,0.067187,-0.059554,0.048589,-0.013974,0.151674,-0.021997,-0.013626,0.033553,0.083378,0.061495,0.008232,-0.025897,0.03544,0.057364,-0.030611,0.041203,0.033493,0.0576,0.025917,-0.041783,0.072638,-0.010014,-0.055196,0.008779,-0.098837,-0.016347,-0.016833,0.008173,0,0.162609,-0.014786,0.026974,-0.0145,-0.03716,0.012696,-0.041505,0.029122,0.05514,0.052632,-0.039803,0.047439,-0.093003,0.072898,-0.00531,-0.13165,0.053161,0.000727,-0.010917,0.044915,-0.127229,-0.01081,-0.035773,-0.031906,0.119131,-0.042758,-0.010307,-0.045473,-0.009247,-0.040854,-0.005104,0.000382,-0.03801,-0.035592,-0.000454,-0.056328,0.050669,-5.6e-05,0.057686,-0.026899,0.027073,0.025591,-0.033384,-0.034783,-0.036,-0.026271,0.033596,1.5e-05,-0.022727,-0.023061,-0.073558,0.007467,-0.010948,-0.078333,-0.020585,0.063533,0.038093,-0.014943,0.050858,0.017287,0.049572,-0.064029,0.061696,-0.094629]",213,1619
NCF_2017_p049_c0030,NCF_2017,Nomenclature Camerounaise des Formations — 2017,"domaine de formation sont la biochimie structurale, la biochimie métabolique, la biochimie","domaine de la biologie végétale, la biologie animale, la microbiologie, la biochimie, la","génétique, la biochimie fonctionnelle et la biochimie médicale et clinique. Sont également incluses
la biologie moléculaire, la génomique structurale et fonctionnelle, la biologie structurale, la
pharmacologie etpharmacochimie.En sontexclues les biotechnologies.
05105 Biotechnologie
Les biotechnologies sont l’ensemble des techniques qui utilisent des organismes vivants ou certaines
de leurs composantes pour produire des biens ou des services. Y sont incluses les formations en
bioinformatique,modification technologique…
Page|47
NomenclatureCamerounaisedesFormations
052 Environnement
L’environnement comprend l’ensemble des spécialités qui permettent d’étudier les milieux naturels
au sein desquels se déroulent les différentes formes de vie humaine, florale et faunique. Il s’agit des
spécialités : sciences environnementales, environnement naturel, faune et flore et les programmes et
certifications interdisciplinaires impliquantl’environnement.
05201 Sciencesenvironnementales
Cette spécialité permet d’acquérir des connaissances sur le fonctionnement de l’environnement et
ses relations avec les activités humaines. Elle comprend les changements climatiques, la qualité,
sécurité environnement (QSE), l’évaluation environnementale, le développement durable, la
biodiversité, l’assainissement et déchets ; la climatologie, hydrologie et pédologie; sciences
environnementales (aires protégées) ; sciences de l'environnement (SE) (option : Assainissement et
restauration de l'environnement (SE/ARE)) ; sciences forestières (option: biodiversité et
productions forestières (SF/BPF) ; Sciences forestières (option: Aires protégées (SF/AF));
changements climatiques et REDD+; gestion des écosystèmes aquatiques ; environnement et
assainissementdes eaux.En sontexclues,les formations en environnements naturels,faune etflore.
05202 Environnementsnaturels, faune etflore
Cette spécialité permet de former des spécialistes capables de reconnaître, de comprendre, de
résoudre et de prévenir les problèmes environnementaux, notamment ceux des milieux fauniques et
floraux. Cette spécialité comprend l’écotoxologie, l’assainissement et la restauration de
l’environnement,…
053Sciencesphysiques
Ce domaine regroupe les spécialités destinées à l’acquisition des connaissances en sciences physique
et chimique. Sont incluses dans ce groupe la physique, la chimie minérale, la chimie organique, la
chimie physique etlachimie analytique.
05301 Chimie minérale
Cette spécialité permet d’étudier les propriétés et les réactions des composés qui ne contiennent pas
de carbone et qui ne sont pas organiques. La chimie inorganique ou minérale étudie toutes les
matières inertes, tels que les minéraux présents dans la croûte terrestre. Cette spécialité comprend la
chimie bioinorganique, la chimie de coordination, la géochimie et la science nucléaire. En sont
exclues les formations en chimie organique ou en chimie analytique.
05302 Chimie organique
Cette spécialité permetd’acquérir des connaissances dans les",30,structural,"[-0.053396,0.007016,-0.04712,-0.103845,0.057901,-0.082375,-0.07741,0.033585,-0.012081,-0.051104,-0.066633,0.06873,-0.001142,-0.008563,-0.065275,0.046394,-0.088236,-0.001371,0.044603,0.011503,0.015964,0.023107,-0.02833,0.047086,-0.024836,0.091838,0.070873,-0.011087,-0.073585,0.063396,-0.04075,0.034537,-0.013138,-0.017151,-0.003222,0.036654,-0.031435,0.005056,-0.005492,-0.024322,0.009503,-0.061813,0.06923,0.051115,0.055209,0.04747,-0.051655,-0.017518,0.035424,-0.026916,-0.06969,-0.11907,-0.000581,0.013048,0.003534,-0.025708,0.023647,-0.042802,-0.127043,-0.007203,0.074887,0.03298,-0.059631,-0.015526,0.045818,-0.001874,0.05389,0.009083,-0.012384,0.00162,0.114453,-0.004928,0.086694,0.037714,-0.059735,0.054411,0.033945,0.063296,0.102832,-0.058374,0.026258,-0.01536,0.057176,0.000271,-0.078798,-0.018524,0.013503,0.03051,0.001802,-0.013464,-0.027249,0.005705,0.033823,-0.047787,0.006315,-0.017399,-0.035971,0.014516,0.02932,-0.074084,-0.066682,0.011209,-0.025337,-0.000141,0.064089,-0.027911,-0.033401,0.112753,0.008468,-0.015679,-0.017351,0.050694,0.030381,0.055065,0.021943,0.018133,0.00146,-0.014166,-0.005169,-0.017171,-0.060938,-0.021119,-0.058213,-0.049567,0.027584,0.021622,-0.065427,0,0.0532,0.03622,-0.042963,0.040555,-0.010325,0.022221,0.044782,-0.102224,-0.034612,-0.014759,-0.041347,-0.058026,0.027056,-0.008023,0.042084,-0.052784,-0.021801,-0.008861,0.053429,0.068124,-0.04098,0.049627,-0.012471,0.009848,-0.019605,0.058767,-0.093765,-0.071505,-0.034462,-0.001715,-0.059271,-0.010906,-0.008974,-0.031165,0.069782,0.003458,0.086853,-0.016323,-0.025962,0.069411,0.093221,0.00382,-0.039527,-0.027129,0.08546,0.019766,-0.104007,0.026067,0.020137,-0.02614,-0.061949,0.04012,0.093163,-0.076168,-0.041464,-0.026501,-0.045977,0.003832,-0.022599,-0.032285,-0.026099,-0.000265,0.03506,0.026934,0.148329,-0.040704,0.01241,-0.000156,0.001171,0.097306,0.033363,-0.063454,-0.027572,0.016194,-0.018248,0.00361,-0.020326,-0.044003,-0.103201,0.019207,-0.000618,0.09314,-0.063792,-0.026485,0.074719,0.070835,0.018485,0.0255,-0.008854,-0.051011,-0.025414,-0.055756,0.042524,-0.029717,-0.032312,-4e-06,0.035302,-0.112801,0.042304,0.0563,-0.040712,0.012225,-0.035093,-0.034096,0.050498,0.041738,0.086663,0.007664,-0.075225,-0.095428,-0.013391,-0.020705,-0.084432,-0.023198,-0.029521,0.040333,-0.015916,-0.002848,-0.028245,0.064423,0.004723,0.06047,-0.045073,0.023115,0.085471,-0.088675,-0.024836,-0.035907,-0.006541,0.028637,-0.052164,0.037501,0.022456,-0.026795,0.091044,-0.075846,0.002298,0.028402,-0.135682,-0.00234,0.021591,-0.066264,-0.051176,0.053757,0.009655,-0.030486,0.026069,-0.027929,-0.030821,-0.079069,-0.025978,-0.079955,0.023381,0.036483,0.000572,-0.017937,0.019997,-0.0557,-0.002575,0.071642,-0.075312,0.041839,0.079325,0.132725,0.02141,-0.006844,-0.069073,0.139044,0.011491,0.061041,0.063136,0.054144,-0.013658,0.015089,-0.028346,-0.001535,0.101995,-0.050235,-0.011262,-0.005972,0.04385,0.020933,-0.000386,0.095819,-0.006123,-0.094303,0.045215,-0.076278,-0.023173,-0.02668,-0.064942,0,0.140569,-0.081483,0.03677,-0.031458,-0.018877,0.010997,-0.072108,-0.022389,0.075654,-0.000841,-0.048906,0.086635,-0.104458,0.054616,-0.074866,-0.037847,-0.012751,0.017463,-0.001705,0.011004,-0.123813,-0.017446,-0.022328,-0.023122,0.09672,-0.060629,-0.044701,-0.068969,0.024539,-0.001299,-0.04146,-0.01365,-0.000921,0.049618,0.078164,-0.06249,0.08761,-0.008928,0.006544,-0.04825,0.032598,-0.016053,-0.059022,-0.022159,-0.032694,-0.060484,0.037909,-0.005693,-0.000492,-0.059765,-0.032664,0.002417,0.018156,-0.082562,-0.069127,0.08479,-0.012388,-0.062458,0.04729,-0.070018,-0.021812,-0.000586,0.052239,-0.09592]",387,3000
NCF_2017_p050_c0031,NCF_2017,Nomenclature Camerounaise des Formations — 2017,05303. Chimie analytique,"domaine de formation sont la biochimie structurale, la biochimie métabolique, la biochimie","Cette spécialité de formation concerne principalement les diverses techniques et méthodes de
laboratoire utilisées pour déterminer la composition des matériaux. En sont exclues les formations
en chimie minérale,organique etchimie physique.
Page|48
NomenclatureCamerounaisedesFormations
05304Chimie physique
Cette spécialité regroupe les spécialités en lien avec les propriétés physiques des matériaux. Sont
incluses dans ce groupe, la cinétique chimique, l’électrochimie et la thermochimie. En sont exclues
les formations en chimie analytique.
05305 Physique
Cette spécialité permet de disposer des savoirs pour une meilleure compréhension, modélisation et
explication des phénomènes naturels de l’univers. Cette science correspond à l’étude du monde qui
nous entoure sous toutes ses formes, des lois de sa variation et de son évolution. Ses domaines
détaillés comprennent : l’astrophysique et mécanique composées des disciplines telles que la
cosmologie, la planétologie, la physique des plasma, l’astroparticule ; la physique quantique et la
physique ondulatoire composées des disciplines telles que la physique atomique, la physique
moléculaire et l’optique photonique ; la physique des particules dont l’une des disciplines est la
physique nucléaire et enfin, la physique statistique et physique de la matière condensée avec des
disciplines comme la thermodynamique, la physique des solides, la science des matériaux, la
physique des polymères,laphysique mésoscopique.
054 Sciencesde la terre,de l’atmosphère etdesfondsmarins
Les sciences de la terre regroupent les sciences dont l’objet est l’étude des planètes et en particulier
la terre et son environnement. Cette spécialité comprend la géologie, la tectonophysique, la
vulcanologie, l’océanologie, la paléontologie, la météorologie, et les sciences de la terre, de
l’atmosphère etdes fonds marins.
05401 Minéralogie
Cette spécialité permet d’acquérir des connaissances dans l’étude et l’analyse des minéraux ou des
pierres précieuses en vue de les identifier, de définir leurs propriétés, de fournir des avis sur leur
utilisationpossible et de mettre au pointdenouveaux usages ou procédés de traitement
05402 Géologie
Cette spécialité permetd’acquérir des connaissances dans les modes degisementetles conditions de
formation des minéraux. Elle comprend la stratigraphie, la géomorphologie, la géochronologie, la
tectonique, la paléogéographie, la géodynamique interne, externe et appliqué. En est exclue, la
paléontologie.
05403 Tectonophysique
La tectonophysique est une approche physicienne de la tectonique qui privilégie les mesures, les
calculs,les expériences,l’élaboration de modèles.
Cette spécialité permet aux apprenants d’acquérir entre autres, les capacités d’analyse et
d’interprétation de la déformation des roches depuis l’échantillon jusqu’à l’échelle lithosphérique
ainsique celles d’interprétationdes reliefs d’unpointdevue tectonique.
05404 Volcanologie
Lavolcanologie étudie la nature physico-chimique des volcans etleur ",31,structural,"[-0.133239,-0.091012,0.026878,-0.016089,0.09127,-0.06634,-0.067963,-0.023764,-0.093323,0.060796,0.004772,0.003557,-0.043868,0.001646,-0.075962,0.030412,-0.032495,-0.003286,-0.007027,-0.022464,-0.013103,-0.041597,0.030375,0.027293,0.02602,0.086542,0.048275,0.088306,-0.054591,0.0302,-0.028127,-0.020161,-0.039137,-0.022684,-0.043844,0.013089,-0.093404,-0.063429,0.002679,0.01463,-0.004599,-0.044144,0.011748,0.05952,0.019185,0.04047,-0.027087,-0.035097,0.023014,-0.010731,-0.016377,-0.048661,-0.009461,0.034207,-0.072069,0.035928,0.019292,-0.115317,-0.04571,0.05095,0.037621,0.080424,-0.079525,-0.070619,0.027169,0.011235,0.022067,-0.070457,0.05365,0.00804,0.095836,-0.011018,0.00547,0.052789,-0.004284,0.014853,0.053259,-0.035675,-0.00428,-0.016146,-0.097782,-0.006905,0.033011,-0.030341,-0.03078,0.002369,-0.044543,0.051184,0.042715,-0.003322,-0.003645,0.08594,-0.015347,-0.023029,0.023892,0.040084,-0.011012,0.045125,0.057649,-0.037812,0.003396,0.013861,-0.080101,0.034711,0.139412,-0.039269,0.028861,0.050426,-0.006122,0.016033,-0.010923,0.019144,-0.025618,-0.012623,-0.010989,0.024409,-0.01481,-0.053384,-0.035906,0.01747,-0.026976,0.01447,-0.037317,-0.010726,-0.020255,-0.018014,-0.046357,0,0.047642,-0.005242,-0.018746,-0.011791,-0.06937,0.071129,-0.018502,-0.073124,0.030752,0.007816,-0.030291,-0.001814,0.007198,-0.072805,-0.055641,0.018804,-0.028609,0.016497,0.023103,0.107099,-0.027841,-0.00135,0.002806,0.051819,-0.015769,0.081713,-0.033051,-0.089355,0.020033,0.012229,-0.020898,0.002369,0.039041,-0.075302,0.028927,0.025948,0.014264,-0.019892,-0.021508,0.050955,0.08527,0.009481,-0.015945,0.038087,0.023293,0.059551,-0.094967,0.060451,0.053193,-0.009937,0.010976,0.003452,0.090901,0.014899,-0.050312,-0.028124,0.015523,0.060331,-0.000347,-0.059155,0.026681,0.024088,0.065899,0.040389,0.097642,-0.053346,0.007667,0.033343,-0.012266,0.056475,-0.064245,-0.105332,-0.005756,0.010122,0.003526,-0.014981,-0.028838,-0.032153,-0.118633,-0.026607,0.027611,0.055375,-0.017536,-0.096903,-0.063291,0.058032,0.046853,0.007952,0.04709,-0.075714,0.036029,-0.044981,0.04584,-0.001141,-0.055405,-4e-06,0.020543,-0.046546,0.039842,0.075602,-0.00663,-0.06769,-0.043272,-0.009578,0.030351,0.074023,0.112645,-0.004652,-0.024722,-0.122191,0.023165,0.052692,-0.08226,0.082472,-0.009747,0.095854,-0.053717,0.031598,-0.027076,-0.002292,0.034088,0.055549,-0.054384,-0.050332,0.04647,-0.051333,-0.041622,0.030174,0.046783,-0.026182,-0.001224,-0.045532,0.038167,0.003163,0.124425,-0.021197,0.002171,0.034003,-0.043999,0.108114,-0.077211,-0.02174,0.013776,0.00859,-0.051936,-0.002939,0.011015,-0.112951,-0.057869,-0.040687,0.028633,0.01171,-0.006515,0.01597,-0.027603,-0.00728,0.044462,0.029377,0.14212,0.061768,-0.054809,0.063919,0.014132,0.118245,0.047441,0.050907,-0.115691,0.117667,0.02726,0.037766,0.159356,0.025799,-0.024079,0.018117,-0.059617,0.018454,0.071727,0.045569,0.019916,-0.000715,0.0762,-0.023242,0.003287,0.193291,-0.068096,-0.082342,0.023153,-0.078851,-0.008763,0.021849,0.049094,0,0.1122,-0.046363,0.017181,-0.034304,-0.049654,-0.051051,-0.034681,0.000967,0.055854,0.008658,-0.018588,0.043704,-0.005919,-0.017533,-0.016824,0.007322,0.021349,0.021901,-0.062255,0.000322,-0.025493,-0.003023,0.046681,-0.069415,0.005536,0.050828,-0.131402,-0.01056,-0.121951,-0.02309,0.031698,0.014523,-0.02296,-0.013132,0.032703,-0.016492,0.037002,-0.034553,-0.05357,-0.032159,-0.026588,-0.033302,-0.095225,-0.013944,-0.013026,-0.071202,-0.0632,-0.006329,0.028186,0.057646,-0.075329,-0.041846,-0.009431,-0.072815,-0.036347,0.006064,-0.016213,-0.070054,-0.024691,-0.097023,-0.02067,-0.03607,0.048951,-0.094013]",422,3000
NCF_2017_p053_c0032,NCF_2017,Nomenclature Camerounaise des Formations — 2017,"domaine, les spécialités de formation dans le secteur des technologies de l’information et de la",05303. Chimie analytique,"communicationetdes Télécommunications.
061Technologiesde l’information de la communication
Ce groupe comprend les filières qui relèvent des nouvelles technologies utilisées dans le traitement
et la transmission des informations et principalement: l’informatique, Internet et la téléphonie
mobile. Sont inclues dans ce groupe, les formations à l’utilisation d’ordinateur et bureautique, en
maintenance des ordinateurs, en conception et administration des bases de données, en conception
et administration de réseau, en développement et analyse de logiciels et d’applications, en sécurité
informatique.Ensontexclues les formations dans le domaine des télécommunications.
06101 Utilisation d’unordinateuretbureautique
Cette spécialité concerne les programmes de formation qui permettent d’acquérir des techniques et
des moyens pour la prise en main d’un ordinateur et l’automatisation des activités de bureau. Sont
incluses dans cette spécialité, des formations en logiciels de traitement de texte, en tableurs, en
logiciels deprésentation assistée par ordinateur,en logiciels decomptabilité etdegestiondeprojet.
06102 Formation en maintenance desordinateurs
Cette spécialité comprend les programmes de formation qui permettent de résoudre de nombreuses
pannes d’ordinateurs de natures très différentes. Sont incluses dans cette spécialité de formation, la
réparation des pannes informatiques, la résolution des dysfonctionnements de logiciel ou
d’ordinateur,laréalisationdes diagnostics,l’installation denouveaux équipements informatiques.
06103Maintenance dessystèmesetréseaux
Page|51
NomenclatureCamerounaisedesFormations
Le programme de formation en maintenance des systèmes réseaux donne entre autres aux
apprenants, de pouvoir installer, maintenir et sécuriser le réseau informatique. Ce programme leur
assure la capacité de faire des interventions préventives ou curatives grâce à un monitoring des
infrastructures en réseau.
06104Génie logiciel
Les apprenants en génie logiciel apprennent à concevoir, évaluer, intégrer des applications
logicielles, des logiciels embarqués (tels des logiciels de télécommunications ou des logiciels de
contrôle), des environnements techniques et des logiciels de gestion. Les programmes de formation
permettent aux apprenants d’acquérir des connaissances en développement de logiciel. Ils
apprennentlagestionde laconfiguration,l’analyse des besoins,laprogrammation, l’architecture du
logiciel, l’assurance qualité, l’élaboration des spécifications, le développement et la phase des tests,
etc.
06105Conception etadministration dessystèmesd’informations
Cette formation permet aux apprenants de concevoir, réaliser, mettre en œuvre et assurer la
maintenance des systèmes d’information, de mettre à niveau et d’administrer des systèmes
d’exploitation ainsi qu’une assistance technique et fonctionnelle aux utilisateurs. Ces derniers
pourrontégalementadministrer les bases dedonnées,les sites web,sécuriser les applications,etc.
06106Administration dessystèmesetré",32,structural,"[-0.039296,-0.052677,-0.016282,-0.081562,-0.006442,-0.120215,-0.014777,0.022085,0.010047,0.02418,0.039036,0.09783,0.07487,-0.048741,-0.016934,0.021385,-0.046028,-0.072129,-0.047206,-0.053299,0.041725,0.034645,0.06324,0.00541,0.073865,-0.006113,0.018143,0.007612,-0.048008,0.068607,-0.069036,0.070051,0.035183,0.005364,-0.110802,-0.002708,0.049613,-0.011174,-0.044869,0.032467,-0.082274,-0.068385,-0.028288,0.052728,0.008993,0.04033,-0.05313,0.049945,-0.12229,-0.046614,0.021315,-0.001685,0.03043,0.026564,-0.0643,0.009421,-0.013771,0.064195,-0.019667,0.075993,-0.011471,0.05225,-0.044766,-0.041281,0.012859,0.056854,-0.0015,0.018187,0.002551,0.01447,-0.01874,-0.047225,-0.00642,0.038913,-0.009728,0.000284,-0.000118,0.035693,0.047733,-0.024419,-0.012158,-0.013973,0.036851,0.073918,-0.005581,0.047722,-0.087713,0.069658,-0.051702,-0.049116,-0.05358,-0.024106,0.018447,0.077732,-0.015299,0.025663,0.008215,-0.105021,-0.007176,0.034212,0.004658,0.042642,-0.023878,0.010928,0.030101,0.025777,0.003866,0.078148,-0.011413,-0.031529,-0.068372,-0.034329,-0.040399,-0.1356,-0.10563,0.028788,-0.042306,0.030517,0.05084,-0.028379,-0.112769,-0.0678,-0.124758,0.016362,-0.011562,-0.024498,-0.021162,0,-0.052209,0.129643,-0.025701,0.078515,-0.055685,0.072263,0.018043,-0.01635,0.016826,0.013964,-0.034078,0.037315,-0.032345,-0.093573,0.014192,0.019867,-0.005431,0.007624,0.031719,0.019651,0.0099,0.013346,0.041389,-0.023223,0.106545,0.031707,-0.067249,-0.074054,0.049986,-0.007459,-0.043912,0.017723,0.075581,-0.114731,0.04972,-0.002684,0.044616,-0.095989,-0.019684,0.074208,0.051199,0.046344,-0.039355,-0.055098,-0.015175,-0.03648,-0.039572,0.005973,0.018066,0.008146,0.002539,0.019926,0.012892,0.015379,0.075275,-0.02327,0.0016,0.042361,0.005766,0.021102,-0.021133,-0.014859,0.032709,0.00296,0.058377,-0.069113,-0.030368,-0.009406,0.05604,0.072934,-0.05193,0.025908,0.013271,0.055586,0.014505,-0.002497,-0.096313,-0.003029,-0.077632,0.037772,0.054724,-0.031843,-0.022538,-0.021743,0.028199,0.085984,-0.010091,-0.010037,-0.026563,0.018034,0.00274,0.027705,0.059412,0.054529,-0.05867,-1e-06,-0.018648,0.03916,-0.054686,0.006185,-0.098923,-0.088308,-0.027386,0.003661,-0.027872,-0.023978,0.032311,-0.012933,0.023229,-0.115711,0.013942,0.014176,0.015045,-0.088937,-0.025381,0.059543,-0.018575,-0.051028,-0.150352,0.012111,-0.023036,0.01004,-0.054492,-0.013877,0.077902,-0.046017,-0.027765,-0.062816,0.071202,0.071488,0.030751,-0.046682,0.100063,0.041247,0.041396,0.00635,0.060811,0.085553,-0.008088,-0.005287,-0.014276,-0.029165,-0.032959,0.004028,-0.072551,-0.078719,0.118076,-0.150741,0.060092,-0.031611,0.056667,0.056862,0.001264,0.001481,-0.042482,0.017891,0.007102,-0.042298,0.077676,0.015582,-0.051093,0.05474,-0.038454,0.030065,0.059714,-0.018826,-0.065901,0.042926,-0.023708,-0.042528,0.106862,0.025404,-0.05624,0.09246,-0.112836,0.046532,0.044825,0.103869,-0.005655,0.030585,-0.001532,0.029065,0.043197,0.098968,-0.072132,-0.138353,-0.039198,0.020022,-0.051512,0.070571,-0.042091,0,0.006827,-0.035065,-0.083107,-0.087585,0.060199,-0.008378,0.009986,-0.024105,0.016143,-0.033628,-0.016189,-0.027894,-0.07675,0.013155,0.067148,-0.019948,0.060077,-0.068564,-0.005813,0.049602,0.026205,0.000696,-0.037225,-0.004251,0.083941,-0.030917,-0.027242,0.00889,0.023272,-0.00806,-0.054223,-0.054557,0.047806,0.044993,0.01047,0.019521,0.097452,-0.06428,0.019528,-0.041953,0.067132,0.08776,-0.066036,0.022173,0.035247,-0.00637,0.035431,-0.029908,-0.0376,-0.068545,-0.066941,0.057365,-0.057133,-0.021185,-0.001606,-0.061689,-0.026599,-0.074714,-0.062379,-0.046559,-0.044778,0.06004,-0.005107,-0.029431]",386,3000
NCF_2017_p059_c0033,NCF_2017,Nomenclature Camerounaise des Formations — 2017,1. La filière dessciencesdupapieretbioénergies,"domaine, les spécialités de formation dans le secteur des technologies de l’information et de la","La filière des sciences du papier et bioénergies permet de former les étudiants dans la fabrication de
la pâte à papier, du papier, la transformation et le recyclage du papier, avec un accent sur les métiers
del’imprimerie.",33,structural,"[-0.123592,0.00368,-0.017722,-0.071395,-0.057269,-0.009857,-0.00132,0.02042,-0.021649,0.018253,0.010429,0.011712,0.017571,-0.025784,-0.08426,0.033414,-0.075226,0.088532,-0.026638,0.021694,-0.011179,0.010701,-0.013894,-0.058663,0.032624,0.111232,-0.024891,-0.069497,-0.015518,-0.00691,-0.001338,0.0049,0.020616,-0.007719,0.018278,0.032717,-0.03491,-0.016097,0.118802,-0.06571,0.006256,-0.052604,0.009731,0.030034,-0.000825,0.009166,-0.003362,-0.035021,-0.041897,-0.046233,-0.065161,-0.051526,-0.005398,-0.00023,0.000239,0.021715,0.001814,-0.024509,-0.091695,0.021996,0.014398,-0.009653,0.00988,0.022452,0.051577,-0.021443,0.07503,0.008035,0.073257,0.022241,-0.082827,0.088787,0.065841,-0.081134,0.100477,-0.0921,-0.035069,0.018766,-0.006205,0.019097,0.038941,-0.095877,0.0069,0.020539,-0.001874,-0.017902,-0.001063,-0.032083,0.005528,0.001376,-0.105993,-0.063663,-0.029478,-0.020547,0.00524,0.001031,0.029871,-0.002672,0.088538,-0.055313,-0.019125,0.083255,-0.005871,-0.042201,0.0322,-0.117922,-0.109294,-0.016702,0.049123,0.071304,-0.020979,0.061783,-0.02372,0.058497,-0.065535,0.004569,0.019611,-0.062242,-0.02549,-0.093352,-0.056528,-0.061745,-0.015881,-0.002006,-0.041867,-0.044518,0.005622,0,0.057529,0.054613,0.009069,-0.042233,0.051653,-0.04173,-0.099336,-0.064396,0.0169,-0.091127,0.013345,0.062454,-0.020106,0.024928,0.030851,-0.023988,-0.05651,0.075491,0.042397,-0.082273,-0.035294,0.025978,0.001116,0.055946,-0.013231,0.058074,-0.026103,-0.000454,-0.079233,-0.018843,-0.042396,-0.001336,0.017258,-0.04191,0.081884,-0.004656,0.025026,0.00131,0.015238,-0.02825,0.103698,0.013219,-0.001669,-0.015727,0.011839,0.029161,-0.044683,0.001593,0.019373,-0.011047,-0.074654,-0.024488,0.058117,-0.042035,0.039171,0.015064,-0.018747,-0.012061,0.047352,-0.002668,-0.068276,0.020448,0.105793,0.018027,0.081897,-0.019692,-0.010969,0.026937,-0.045891,0.153674,-0.030263,-0.036593,-0.054508,0.024065,0.034725,0.060062,-0.044906,0.004604,-0.048369,-0.026532,0.054998,0.00015,-0.132287,-0.113797,-0.039533,0.048175,-0.025564,0.01913,0.036874,-0.031298,0.019158,0.037499,0.037967,-0.087362,-0.04029,3e-06,-0.053212,-0.045211,-0.025513,0.08681,-0.011076,-0.018663,-0.009299,0.010578,-0.022649,0.092508,-0.040495,0.002986,-0.003448,-0.105947,-0.039948,0.069973,-0.010662,0.041735,-0.053379,-0.006523,0.042505,0.017133,-0.110562,0.051409,0.001406,0.049927,-0.041132,0.04314,-0.034842,-0.005644,0.023784,-0.072674,0.029088,0.019389,-0.034557,0.024649,0.055472,0.015874,0.023145,-0.03559,0.047165,0.07903,-0.082463,0.019225,0.011893,-0.110845,-0.064665,-0.029875,-0.012551,0.006654,0.07458,0.00522,0.029904,-0.091803,0.005263,0.09505,0.002528,0.035064,-0.012619,0.01236,-0.033869,-0.10319,-0.056133,0.035923,-0.055396,0.004543,0.099706,0.089193,-0.03282,0.032822,0.067545,0.113958,0.007317,-0.010227,0.053515,0.048604,-0.055961,-0.029466,-0.111967,0.026187,0.001276,-0.020428,0.040074,-0.022917,0.027778,-0.035208,0.027799,0.019152,-0.070594,-0.154128,0.063739,-0.03008,-0.106961,-0.024736,-0.017456,0,0.029748,-0.034659,-0.040883,0.005605,0.030371,-0.013526,-0.043953,0.032173,-0.032072,-0.063293,-0.068601,0.009261,-0.009533,0.070651,0.089179,-0.020891,0.024556,0.079514,-0.056747,-0.022927,-0.016676,0.02507,0.018862,0.014609,0.014109,0.07164,0.054247,-0.05688,-0.015282,0.000361,0.000485,0.056302,-0.006017,-0.019204,-0.044131,-0.051036,0.065591,-0.065205,-0.101875,0.062913,0.002001,0.009231,-0.127535,0.095297,-0.05136,0.008782,0.019291,-0.004642,-0.062197,0.092527,0.059004,0.048888,0.054772,-0.076684,-0.055353,0.058594,0.013109,0.041569,-0.042347,-0.00675,0.092558,0.075467,0.131144,-0.012099]",38,223
NCF_2017_p059_c0034,NCF_2017,Nomenclature Camerounaise des Formations — 2017,2. La filièrechimie dubois,1. La filière dessciencesdupapieretbioénergies,"La chimie est la base de l’industrie moderne du bois qui utilise beaucoup les colles, les peintures, les
vernis (pour les finitions du bois), les produits de préservation et de protection du bois contre les
insectes et les champignons, par exemple. Les apprenants sont formés dans la fabrication de ces
produits.",34,structural,"[-0.075468,-0.002751,0.000106,-0.0271,0.054461,0.074522,0.029637,0.061006,-0.130638,0.048831,-0.002838,-0.010708,-0.014596,0.020805,-0.134648,0.047956,0.017842,0.038535,-0.077315,0.008382,-0.037513,-0.07703,0.025868,0.013592,0.0029,0.081,-0.052009,-0.005532,0.027966,-0.04179,-0.013303,-0.02968,0.042441,0.019143,0.030543,-0.018397,-0.030539,-0.007608,0.094154,-0.028957,-0.014007,-0.064065,-0.027782,0.032057,-0.083432,-0.024484,0.002074,0.045977,0.000824,-0.062516,0.001104,0.018342,-0.042785,-0.007758,-0.035354,0.034906,0.048544,-0.061482,-0.029079,0.051323,0.011215,0.008049,0.021773,0.004705,0.001306,-0.050169,-0.038515,0.046046,-0.009322,0.073224,0.005263,0.07717,-0.090617,-0.042688,0.092748,-0.009816,-0.07903,-0.094227,0.012126,-0.020654,-0.03587,-0.094751,0.009748,0.024334,-0.015062,-0.037338,-0.009499,-0.063594,0.017895,-0.01968,-0.012555,-0.004128,-0.033076,-0.002097,0.008092,0.078102,-0.030461,0.032093,0.073138,-0.03442,-0.040313,-0.050437,0.057653,-0.018052,0.019672,-0.103342,-0.117549,0.013452,0.024621,0.037807,0.019384,-0.009949,0.005372,0.100405,-0.063522,-0.014031,0.031058,-0.114856,-0.02493,-0.042206,0.030562,0.022997,-0.048292,-0.044545,-0.021983,-0.023138,0.061339,0,0.082105,-0.056269,-0.101777,-0.100876,-0.056235,-0.034394,-0.03509,0.005963,0.015907,-0.025182,-0.041373,0.035591,-0.064744,0.063121,0.012279,-0.005882,0.06055,0.000179,0.041643,0.013886,-0.007895,0.037016,0.026325,0.005398,-0.003413,0.01743,0.030925,0.015965,-0.058794,0.029839,0.035362,0.058221,0.004719,0.014975,0.036766,0.010475,-0.052861,-0.011112,0.008519,-0.071791,0.125031,0.055184,0.020236,-0.00515,0.044138,0.087959,-0.009428,0.021175,0.024389,-0.067014,0.001388,0.051428,0.120603,-0.022126,0.074985,-0.014107,-0.028857,-0.030499,0.005377,-0.024597,-0.107182,0.040547,0.062168,0.042031,0.05863,-0.07275,0.039166,0.071776,-0.106817,0.037077,-0.016844,-0.040002,-0.08221,-0.032986,-0.020492,0.057532,0.020932,0.004843,-0.124332,-0.110535,-0.000446,0.01136,-0.116996,-0.069832,-0.029611,0.042578,-0.016593,-0.040259,0.093457,-0.035947,-0.059946,-0.006595,0.002118,-0.023279,-0.019199,3e-06,-0.032416,-0.023652,-0.029161,0.106518,0.000133,0.015703,-0.051365,0.005983,-0.002234,0.122294,-0.099206,0.008817,-0.007903,-0.107157,-0.042289,0.039399,-0.025417,0.07931,-0.031672,-0.060784,-0.085171,0.066449,-0.020094,-0.024201,0.027672,0.005543,-0.041403,0.034855,-0.022001,-0.016377,0.001584,-0.034683,0.050578,-0.020418,-0.098702,-0.011542,0.087606,-0.040859,0.10255,-0.033763,0.057994,0.008027,-0.01991,-0.009859,0.063347,-0.047372,-0.02351,-0.121305,-0.05074,0.001349,0.04126,0.043003,0.015157,-0.010901,0.012164,0.053866,0.070834,0.047379,-0.027018,0.009282,-0.049915,-0.040656,-0.025799,0.063365,-0.004698,0.036346,0.018554,0.042736,-0.025386,0.066574,0.043171,0.110115,0.005775,0.042663,0.048892,0.081833,-0.049844,-0.01059,-0.067192,0.045274,0.034656,-0.049978,0.040628,-0.043384,0.077634,-0.117207,-0.040048,0.027033,-0.068674,-0.043686,-0.014975,-0.088419,-0.072967,-0.040425,0.004327,0,0.030701,0.016907,-0.06562,0.001714,0.034071,-0.022945,-0.008746,0.047605,-0.001369,0.001315,-0.119819,0.056605,0.033943,0.067347,0.012856,-0.014757,0.007279,0.020844,-0.048708,0.016588,0.030069,0.070859,0.023616,0.010728,-0.098135,0.016648,0.004072,-0.097141,-0.053023,0.062781,-0.012151,0.081579,0.034858,-0.117608,0.012721,-0.005902,0.006151,-0.071464,-0.020895,-0.002074,0.007573,0.043276,-0.070764,-0.000122,0.027265,-0.015823,-0.011183,0.036168,-0.05433,0.101937,0.047838,0.02829,0.046817,-0.064682,-0.055508,0.004597,0.035306,-0.064238,-0.003482,-0.072752,0.050903,0.017548,0.158624,-0.012978]",52,312
NCF_2017_p059_c0035,NCF_2017,Nomenclature Camerounaise des Formations — 2017,3. La filièreconstruction bois,2. La filièrechimie dubois,"Les apprenants acquièrent des aptitudes à construire des ponts modernes essentiellement en bois,
des pirogues industrielles, des bateaux etautres produits structuraux du bois.
07204Traitementettransformation desmatièrespremièresdutextile (coton, laine, cuir, etc.)
Il s’agit ici des formations permettant aux personnes d’acquérir des compétences dans la
transformation des matières premières fibreuses en des produits semi-ouvrés ou entièrement
manufacturés. Ces formations permettent aux bénéficiaires de maîtriser entre autres, les procédés de
fabrication tels que lafilature,le tissage,les mailles etlaconfectiondes vêtements etaccessoires.
07205Exploitation desmines, carrièresetextraction
Page|57
NomenclatureCamerounaisedesFormations
Cette formation offre aux apprenants des aptitudes dans le cadre de l’extraction, le traitement et
l’exploitation des minerais ainsi que des produits issus des différentes carrières. Elle donne des
aptitudes dans les domaines de la prospection, de l’extraction, du traitement et de la gestion des
sites miniers,ainsique des capacités dans le cadre de l’utilisation des engins miniers.
07206Génie minier
Cette formation offre aux apprenants des aptitudes dans l’ingénierie des mines. En plus des
compétences d’exploration, de prospection et d’exploitation des mines, elle leur permet de gérer des
projets et des sites d’exploitation miniers dans différents environnements. Plus spécifiquement à la
findecette formation,ils sontcapables de:
 Imaginer, concevoir, réaliser et mettre en œuvre des projets et des solutions pour faire face à un
problème complexe dans les domaines de l’ingénierie en mines et géologie en intégrant les besoins,
les contextes etles enjeux (techniques,économiques,sociétaux,éthiques etenvironnementaux) ;
 Mobiliser un ensemble structuré de connaissances et compétences scientifiques et techniques
spécialisées permettant de répondre, avec expertise et adaptabilité, aux missions de l’ingénieur civil
des Mines etGéologue.
07207Raffinage etpétrochimie
La formation en raffinage fournit des compétences permettant de piloter les machines où le pétrole
brut est traité pour en faire un produit fini : fioul, kérosène, essence, lubrifiant... Elle donne
également des connaissances pour surveiller des paramètres et à veiller à la sécurité des installations,
touten évitanttoutrejet dans l'environnement.
Le programme de formation en pétrochimie fait référence au pétrole (formation et caractéristiques
physicochimiques), au raffinage des produits pétroliers et leur élaboration (spécifications, mise en
œuvre),à lapétrochimie :productiondes grands intermédiaires etaux aspects socio-économiques.
07209Autresformations en industriesde transformation etde traitementn.c.a
073Architecture, BâtimentetTravauxPublics
07301Architecture
Cette formation vise à donner aux apprenants des capacités dans la conception de bâtiments, de
structures de génie civil, de projets d’urbanisme répondant aux besoins des clients ; la traduction en
plan d’u",35,structural,"[-0.09296,-0.021605,-0.041607,0.041222,0.014664,-0.011569,-0.029051,0.031715,-0.067784,-0.056696,0.00362,0.028118,-0.034983,-0.021654,-0.105425,0.015988,-0.031218,0.007401,-0.064171,-0.011284,-0.037266,-0.062952,-0.022951,0.055124,0.04306,0.071655,-0.077376,0.00402,0.012532,-0.062034,0.004412,-0.004381,-0.007867,0.021052,0.044541,-0.051259,-0.021254,-0.054506,0.006269,-0.153701,0.094837,-0.058643,0.003859,0.091838,-0.011815,0.046737,0.055019,0.012093,-0.036955,0.002177,-0.01388,-0.031101,0.011727,0.004128,-0.036958,0.070796,0.023493,-0.020406,0.018082,0.037972,0.015984,0.031069,-0.04887,-0.044101,0.034145,-0.029679,0.03378,0.011639,-0.06279,0.078727,0.031574,0.090317,0.021919,-0.004228,0.119314,0.029873,-0.052956,-0.082246,-0.041338,0.056986,0.006865,-0.023915,0.043126,-0.040992,-0.072349,-0.009145,0.065268,-0.025979,-0.018864,-0.036315,-0.061676,0.077447,-0.030097,-0.030563,0.054546,0.0769,-0.080598,0.071354,0.043578,-0.032049,-0.030382,-0.029424,0.034468,-0.096698,-0.092227,-0.100744,-0.12939,0.045561,-0.010407,-0.025589,0.032907,-0.002754,0.009522,-0.007707,0.01151,0.013108,-0.031627,-0.02581,-0.048688,-0.001104,-0.022547,-0.010519,-0.022059,-0.006639,-0.039102,-0.009619,0.014451,0,0.062423,0.027642,-0.11903,-0.014243,-0.064813,-0.098548,-0.002129,-0.022815,0.040372,-0.031745,-0.022802,-0.027142,-0.065369,0.021748,0.062117,-0.13746,0.051632,0.026074,-0.007538,0.010586,-0.022153,0.113999,-0.003881,-0.075079,-0.050323,0.002863,0.029918,-0.028198,-0.134607,0.024166,0.045245,0.048887,-0.016393,0.057306,0.062934,-0.019486,-0.100272,-0.024531,-0.013075,0.023583,0.104244,0.024511,-0.012408,0.065239,0.026314,-0.008478,0.011296,0.018365,0.00378,-0.008827,0.000997,0.069167,0.06881,-0.010449,0.097934,-0.020785,0.024123,-0.100829,0.010478,-0.034826,-0.071128,0.060731,0.002566,0.04081,-0.017753,-0.015465,0.036882,0.078382,-0.087772,0.070679,0.007206,-0.047405,-0.094,0.001111,0.043845,0.08696,0.034608,0.021052,-0.071058,-0.099121,-0.072645,0.089723,-0.039298,-0.052693,-0.061815,-0.025333,0.00056,4.8e-05,0.021489,-0.000101,0.01896,-0.024436,0.053362,-0.038319,0.011928,-1.3e-05,0.002511,-0.016262,0.021784,0.059448,-0.075523,-0.062635,-0.056103,-0.032873,0.054985,0.059631,-0.078473,0.048807,-0.01857,-0.103509,-0.022339,-0.002957,-0.051391,-0.026723,0.001591,-0.027452,-0.046976,0.05571,-0.012286,-0.045504,-0.002325,0.010401,-0.031968,-0.025985,0.063661,0.023608,-0.034031,-0.075163,0.026185,-0.01414,-0.1493,-0.004443,0.051486,-0.013796,0.010687,-0.098675,0.022097,0.069293,-0.022917,0.006863,-0.041912,-0.043521,0.02435,-0.112742,-0.019284,0.028224,0.050754,0.110142,0.01753,-0.044011,-0.018746,0.002241,0.046374,-0.009077,-0.069612,0.021067,-0.057687,-0.074003,0.054125,0.02308,0.047527,0.047849,0.029322,0.037631,0.005552,0.084828,0.027497,0.107469,-0.035988,0.00519,0.02233,0.000705,0.009594,0.05386,-0.063094,0.036951,0.05674,0.01291,-0.01777,0.010804,0.066821,-0.106925,-0.033047,0.006842,-0.02608,-0.007063,0.041956,-0.040981,-0.00851,-0.056482,-0.058485,0,-0.08155,0.070507,-0.041808,0.015937,0.029835,-0.014942,-0.005478,0.083728,0.03533,-0.053927,-0.144093,-0.002453,0.059358,-0.070747,-0.022522,-0.09674,0.003225,0.052496,-0.049928,0.067045,-0.062438,-0.019408,-0.025263,0.078688,-0.065819,-0.001185,-0.00115,-0.049382,0.00803,0.103312,0.003661,0.041242,0.037225,-0.028872,0.017768,-0.044961,0.012575,-0.013516,-0.063835,-0.024482,-0.011691,0.097056,-0.065334,0.030416,0.063271,-0.020536,-0.000439,-0.083134,-0.072231,0.031839,0.063735,0.043876,0.003464,0.007265,-0.006141,-0.024849,-0.00246,0.004512,0.0067,-0.041546,0.017645,0.027272,0.144994,-0.038325]",402,3000
NCF_2017_p067_c0036,NCF_2017,Nomenclature Camerounaise des Formations — 2017,10. Formation en prestation de service,3. La filièreconstruction bois,"Ce grand domaine rassemble l’ensemble des formations qui dotent l’apprenant, des compétences
techniques ou intellectuelles nécessaires pour fournir soit des services directs aux particuliers, soit
des services desécurité,soitdes services desuretéou encore des services detransport.
101Formation en prestation desservicesauxparticuliers
Ce domaine comprend notamment des formations des spécialistes de services domestiques, des
soins de beauté et de coiffure, de l’hôtellerie et restauration, de sports, du tourisme et loisirs, de la
blanchisserie.
10101Servicesdomestiques
Le programme de formation de cette spécialité prépare l’apprenant à procéder à l’entretien ménager
du domicile d’un ou plusieurs particuliers, selon les instructions de la personne ou de la structure
employeuse. Il acquiert également des compétences pour effectuer des travaux de grand nettoyage
occasionnel ou des activités de services et d’accompagnement auprès du public (enfants, personnes
âgées etc.).
10102Soinsde beauté etde coiffure
Cette spécialité comprend des programmes de formation qui permettent de réaliser les soins
d’embellissement et d’entretien corporel des personnes et, de conseil en matière d’esthétique et de
produits de beauté selon les règles d’hygiène. Il s’agit d’accueillir le client, d’identifier ses besoins et
le conseiller sur les produits et services, nettoyer et préparer le corps, le visage, les mains, les outils et
accessoires,etc.
10103Hôtellerieetrestauration
Cette spécialité offre des programmes de formation en hébergement, en restaurant-bar, en cuisine,
en gestion etmanagementhôtelier.
10104Sports
Cette spécialité propose des programmes qualifiant à l’organisation et à l’animation des activités
sportives dans une ou plusieurs disciplines, afin de former ou entraîner le public selon ses besoins
(loisirs, initiation, compétition, ...) et les règles de sécurité des personnes. Il peut également s’agir
des programmes portant sur des actions de surveillance et de sauvetage en milieu aquatique, du
suivi et de la préparation (physique, technique, ...) des sportifs de haut niveau ou conduisant à la
Page|65
NomenclatureCamerounaisedesFormations
coordination d'activités d'une équipe et l'encadrement technique d'une discipline ou spécialité
sportive.
10105Tourisme etloisirs
Le programme que couvre cette spécialité de formation permet aux apprenants d’être capables
d’élaborer un produit touristique (circuits, séjours, ...) et de coordonner les différentes étapes de
réalisation du montage du produit jusqu'àsamise sur le marché selon les règles desécurité des biens
et des personnes. L’apprenant peut être spécialisé sur un type de produit ou une destination. Il
apprend également à organiser l'activité et à gérer l'exploitation de structures de loisirs ou
d'hébergement touristique dans ses dimensions techniques, commerciales, humaines, financières, ...,
dans un objectif de qualité et de rentabilité économique, selon les règles de sécurité des biens et des
personnes. Les br",36,structural,"[-0.033644,-0.045737,-0.030834,-0.012705,-0.023777,-0.017177,-0.018647,-0.095308,0.006605,0.007268,-0.017115,0.05293,-0.037747,-0.00908,0.08178,-0.119212,0.056737,-0.014929,-0.03229,0.061695,0.031298,-0.059993,-0.099812,0.072176,0.087628,0.006308,-0.076423,0.033603,-0.001162,0.028025,-0.02652,-0.032626,0.030314,0.023581,-0.003496,0.072153,-0.033655,-0.070501,-0.056935,0.07271,0.036258,0.005286,-0.016294,0.017616,0.003253,0.142262,-0.058527,-0.00356,0.030005,-0.05261,0.036613,-0.012626,0.022473,0.027774,-0.048196,-0.00628,-0.049525,-0.024621,-0.087857,0.047063,-0.023738,0.077228,-0.014005,-0.002301,0.121135,0.009662,-0.036252,-0.030779,-0.017975,-0.004233,0.03305,0.061218,0.07635,-0.006106,-0.061341,0.090469,0.04153,0.037329,-0.009851,-0.078455,0.044414,-0.054657,0.071162,0.090732,-0.113579,-0.036667,-0.055369,-0.102793,-0.055853,0.035691,-0.104192,0.028451,0.00597,0.00846,0.052306,0.121358,-0.061306,-0.040722,0.040974,0.022395,0.052987,0.085624,0.080632,0.043642,0.001546,-0.032241,-0.10448,0.032491,-0.105565,0.015657,-0.029228,-0.027633,0.021213,-0.017931,-0.106521,0.054502,0.023117,-0.072139,0.018177,0.021015,0.054973,0.060211,-0.012015,-0.002688,-0.044181,-0.004046,0.049588,0,-0.094746,-0.056457,-0.029167,0.064815,-0.063543,-0.052188,-0.044265,-0.03435,0.010863,0.058469,0.007104,0.0235,0.031926,-0.033398,-0.016553,-0.042568,0.006222,0.032857,-0.000314,-0.049232,0.035148,-0.005016,-0.027314,-0.065055,-0.013132,0.016735,-0.00911,-0.091958,-0.058087,0.000916,0.067399,-0.02969,-0.060844,-0.006228,-0.024426,0.004841,-0.008345,-0.082589,-0.088898,0.035781,-0.021941,-0.064418,-0.052463,0.014506,-0.039833,0.04888,0.011259,2.9e-05,0.026471,0.036736,0.066026,-0.001207,-0.058973,-0.006186,0.000228,0.01985,0.034208,0.018924,-0.017028,-0.138907,-0.033502,-0.046021,-0.084792,0.031759,0.0258,-0.067085,0.010453,-0.021206,0.001293,-0.056194,-0.004664,-0.071537,-0.056497,0.075847,0.010137,0.07674,0.045632,-0.037153,-0.075386,-0.071631,-0.012761,0.01785,0.00599,-0.01833,0.036651,-0.027856,0.094817,-0.058139,0.007938,-0.036238,-0.004683,0.056128,0.083978,0.024399,-0.069214,-6e-06,0.07412,-0.058025,-0.035276,0.000677,0.003853,0.057648,-0.071685,-0.063183,-0.018026,0.066902,-0.06003,0.040607,0.03193,-0.063538,0.034003,-0.019836,-0.011319,-0.040087,-0.016837,0.096763,-0.001984,0.095699,-0.002626,0.034065,-0.121755,-0.02169,0.034671,-0.046832,-0.041208,-0.007215,-0.041435,-0.056409,0.030788,0.046913,-0.016676,0.029847,0.036554,-0.026862,0.003554,-0.044997,0.020823,-0.029526,-0.037377,0.028372,-0.00012,-0.004524,0.00711,-0.007796,0.064503,0.134129,-0.0204,-0.067975,-0.035173,0.022691,0.056697,-0.001657,0.031056,-0.119199,-0.024083,0.00572,0.010362,0.027866,0.006384,-0.029593,-0.001288,0.022879,-0.070454,0.089806,0.049535,0.030192,-0.109779,0.024357,-0.044257,-0.036306,-0.015065,-0.009678,0.014046,0.067489,0.037181,-0.058246,-0.016746,0.014454,0.007707,0.040766,0.017309,-0.092973,0.088462,0.038051,-0.041915,-0.053488,0.024703,-0.004622,0.032114,-0.006969,-0.045594,0,0.037686,0.102673,-0.015282,0.067897,-0.066998,-0.151449,0.052935,0.074133,-0.010994,0.055828,-0.052221,-0.027269,-0.020006,-0.102919,-0.005722,-0.024588,-0.034308,0.004406,-0.085439,-0.039783,-0.05836,0.012341,-0.006589,-0.032966,0.098363,0.06731,-0.063,-0.09335,0.038745,0.084742,-0.023789,0.05518,0.01574,-0.026781,0.003842,0.009895,-0.039346,0.034698,-0.008058,-0.02924,-0.01362,0.111081,-0.078142,0.003352,0.001345,0.018348,-0.041429,0.015689,-0.052816,-0.059409,-0.081121,0.012481,0.018322,0.100736,0.028418,0.055734,-0.015956,-0.027706,0.058801,0.071249,-0.058916,0.018805,-0.004063,-0.017462]",436,3000
NCF_2017_p072_c0037,NCF_2017,Nomenclature Camerounaise des Formations — 2017,"3. OKOUDABarnabé,ChefdeDépartementdelaCoordinationStatistiqueetdelaRecherche","2. SHEETOUNDIJoseph,DirecteurGénéralAdjointdel’INS","Coordinationtechnique
CoordonateurTechnique:ABANDAAmbroise
CoordonateurTechniqueAdjoint:ESSAMBEBOMEVincentLedoux
Equipederédaction",37,structural,"[-0.014965,-0.007692,0.041593,-0.089171,-0.123724,0.079653,-0.012451,-0.083437,0.032494,0.012413,0.044643,0.014079,0.014213,-0.071027,-0.043026,0.02255,0.012825,0.021032,-0.075142,0.003971,0.05554,0.025518,0.050177,-0.029145,0.068178,0.130074,0.018935,0.006795,0.037894,-0.047294,-0.017412,-0.061554,-0.042176,0.022307,-0.010404,-0.100797,-0.05531,-0.049334,0.049433,-0.043701,0.068333,0.012093,0.045554,0.019595,0.007817,0.08955,-0.097102,-0.014512,-0.029245,-0.01736,-0.059701,-0.13184,-0.03664,0.028568,0.086808,0.074686,-0.068238,0.049245,0.0108,0.067986,0.10335,0.012511,-0.065403,-0.019391,0.025454,0.010298,0.044769,-0.008837,-0.067795,-0.018419,-0.024835,0.019709,0.049492,-0.005645,0.073583,0.046875,-0.028484,-0.059457,0.02912,-0.076772,-0.079097,-0.00957,0.052052,0.014594,-0.036223,-0.017254,-0.084685,-0.039278,0.086003,0.028436,-0.027515,-0.028709,0.010986,-0.055119,-0.003098,0.042588,-0.029834,0.039629,-0.020928,-0.007963,-0.058718,0.061603,0.004552,-0.059473,0.051334,0.024723,0.007917,-0.02253,-0.011038,-0.003276,-0.009634,-0.021454,0.038915,-0.076055,-0.068583,0.051448,-0.042358,-0.020114,0.025917,-0.058323,-0.02591,-0.057904,-0.03605,0.087847,-0.108986,-0.022228,-0.032274,0,0.013398,0.053951,0.043727,0.027308,0.069426,-0.080676,-0.041765,-0.014642,-0.092241,-0.037686,-0.017821,0.078198,-0.035066,0.0327,-0.025922,-0.100654,-0.01113,0.116244,0.000544,0.021358,0.023542,-0.005978,0.012383,0.032109,-0.038628,-0.00241,0.007112,-0.013657,-0.031593,0.038726,0.003424,0.000552,-0.090745,-0.052174,-0.084527,-0.053035,-0.073317,-0.047632,0.009166,-0.034782,-0.021198,0.00183,-0.092289,0.028878,0.015636,-0.002872,0.04474,0.067566,0.155971,0.032894,0.048282,-0.023571,0.076513,0.02181,-0.009806,-0.017324,-0.024053,0.035623,0.088695,0.025221,-0.092658,0.094608,-0.000853,0.048468,-0.006977,-0.035689,-0.039628,-0.072884,0.014913,-0.048237,0.056097,-0.043839,-0.059333,0.051524,-0.059805,-0.010204,-0.006127,-0.090759,-0.063035,-0.047233,0.040361,0.04932,-0.001844,-0.074571,-0.077343,0.019543,0.005532,-0.027651,-0.016414,0.096135,-0.03923,0.059926,0.079077,0.055827,0.042148,-1.4e-05,0.09426,-0.068758,0.002375,0.020919,0.000708,0.008059,0.015377,-0.014202,0.001996,0.048365,0.073146,-0.032077,0.031025,-0.082857,0.079224,-0.091935,-0.002253,0.016145,0.005753,0.033525,0.065928,-0.003153,-0.019257,0.061202,-0.001472,0.05489,-0.033089,0.026187,-0.002844,0.039598,-0.0143,-0.082577,-0.000152,0.020335,-0.060913,-0.018413,0.051694,-0.068694,-0.013487,-0.010441,0.015363,0.052302,-0.059407,0.059512,-0.010245,0.012924,0.062077,-0.01434,-0.036271,-0.024735,0.019675,0.012005,-0.062065,-0.035015,-0.01484,0.130974,0.036343,-0.065779,0.010163,-0.039097,0.010837,-0.035727,0.089103,0.011162,0.101906,0.101281,0.124767,0.068526,0.060687,0.002319,-0.037935,-0.006058,-0.004451,0.003547,0.060268,-0.02442,0.080916,-0.0498,-0.079226,-0.065954,0.031744,-0.020388,0.04463,0.011842,0.020727,-0.032143,0.061337,0.006956,-0.063496,0.139964,-0.045619,-0.023518,0.085633,0.057286,0.013838,-0,-0.028783,0.018373,0.030655,0.005954,0.036572,-0.017509,0.024777,0.023055,0.001207,-0.02566,-0.031715,0.00137,-0.006446,0.04574,0.04998,-0.08558,-0.020821,-0.004474,-0.062091,-0.020195,-0.051843,0.003318,0.02254,0.016102,0.006116,0.000897,0.01882,0.107915,0.028181,0.095291,-0.055356,0.01313,0.026532,0.003205,-0.085557,-0.050596,0.014958,-0.00132,-0.049284,-0.125398,-0.055238,0.099555,-0.082382,0.01926,0.014792,0.015364,0.042401,-0.008858,-0.05909,0.007966,-0.025173,0.031662,-0.005125,0.029189,-0.136621,0.04307,-0.036034,-0.045135,0.047037,-0.054924,0.028209,-0.000772,0.044066,-0.087554]",6,130
