entity_kind,entity_id,norme,pc1,pc2
CANDIDAT,PPPNR2512180056143,0.99999994,0.17737495145414697,-0.06395370938331964
CANDIDAT,PPBZV2510030046401,1.0,0.15708238375021752,0.7003482556831522
OFFRE_EMPLOI,OFFRE_011712_d39c620ed8d7,1.0000004,-0.14458288358499571,-0.08040515074596005
COMPETENCE,http://data.europa.eu/esco/skill/e0417d6c-b6ec-4730-a406-2018c3bee038,0.9999999,-0.13982187357503886,-0.16872870348558625
COMPETENCE,http://data.europa.eu/esco/skill/274ad409-c740-4e85-852b-7e3f3168b9ca,1.0000001,-0.07539068465598323,-0.316492803599824
COMPETENCE,http://data.europa.eu/esco/skill/c0c0a69c-8040-4cc6-9c66-75fe398d9cf3,0.99999964,-0.1364632890525747,-0.0325566358536752
CANDIDAT,PPPNR2512170056001,1.0000001,0.0166433668868865,0.08100054875932342
CANDIDAT,PPPNR2502170020498,0.99999964,0.47156875581924723,-0.3262068009312179
CANDIDAT,PPPNR2510130047451,1.0,0.43236597851028274,-0.14956960781197554
CANDIDAT,PPBZV2508290040236,1.0000001,0.11165304873577002,0.09039490347482389
CANDIDAT,PPPNR2502140020293,0.99999994,0.20553842119044194,0.37994990343841867
OFFRE_EMPLOI,OFFRE_007993_28dde974e62a,1.0000002,-0.6013156131350377,-0.04187015048535975
CANDIDAT,PPBZV2506060031380,1.0000001,0.2431321085665371,-0.010046553544232733
CANDIDAT,PPPNR2511180051661,0.9999998,0.31155928082168816,-0.10277005836600735
CANDIDAT,PPBZV2505280030108,1.0000001,0.023420344318500992,0.33196322312728854
CANDIDAT,PPKOU2510140047706,0.99999976,0.0836316095238711,0.17798300553962693
OFFRE_EMPLOI,OFFRE_009927_30837d4e0dc4,0.99999994,-0.28480279773029876,0.137587431819805
CANDIDAT,PPPNR2504110025564,1.0000006,0.2005519504826142,-0.10849899431141115
COMPETENCE,http://data.europa.eu/esco/skill/c8a3abc4-17cb-4381-a3c0-79297b3b0571,1.0,-0.0670075936263882,-0.18360758160510146
METIER,http://data.europa.eu/esco/occupation/a7358961-46d4-4715-ac1e-6148fd042510,1.0000002,-0.0066504426726852525,-0.190064439797239
OFFRE_EMPLOI,OFFRE_007471_a4fc85542658,1.0000001,-0.685580462232668,-0.006395590971684403
COMPETENCE,http://data.europa.eu/esco/skill/2e62b29d-3aa8-4e58-8aca-f3b48c8deefd,1.0000002,-0.249537893180088,-0.211188503130946
CANDIDAT,PPPNR2502250021220,1.0000002,0.45687714401317847,-0.42888422520561476
CANDIDAT,PPBZV2510040046425,0.99999964,-0.07092756408043488,0.24850308327371498
CANDIDAT,PPPLA2504290026922,0.99999976,0.18399343615847458,0.5659159053975046
CANDIDAT,PPPNR2503280024250,1.0000002,0.30800928144135364,-0.10532786475970238
CANDIDAT,PPBZV2510020046054,0.99999976,0.14824342968782575,-0.0981793320900548
OFFRE_EMPLOI,OFFRE_008609_63ddf3852a47,0.9999993,-0.25699016970029614,0.12114152775555896
CANDIDAT,PPPNR2502120020095,1.0000001,0.11064797133512824,0.21017483151713556
METIER,http://data.europa.eu/esco/occupation/e614861b-4685-4699-a12d-965cdd65ec64,1.0,0.07917919857001415,-0.26886826688479404
CANDIDAT,PPBZV2503150023013,0.99999964,0.09612179592008835,0.25994227265857867
CANDIDAT,PPBZV2509220044355,0.99999964,0.2150619810877758,0.32803186366596954
OFFRE_EMPLOI,OFFRE_013496_6d0409434229,1.0000001,-0.04360970266621751,-0.09013918065136109
CANDIDAT,PPPNR2510290049337,0.9999999,-0.24178552237534276,0.19053100684505478
CANDIDAT,PPBZV2502250021234,1.0000002,0.20281486293245343,0.25209572731288205
CANDIDAT,PPBZV2503280024301,1.0,-0.11037054780571104,0.3474758714398423
CANDIDAT,PPBZV2502170020467,0.99999964,0.09629103109857876,-0.07979492716744331
CANDIDAT,PPPNR2503070022262,1.0000005,0.10313410829412484,0.3773111227878696
CANDIDAT,PPBZV2502030019242,1.0000002,0.10238266123878066,-0.17515705048962035
COMPETENCE,http://data.europa.eu/esco/skill/1482a7a4-6f76-47f3-9831-177cd59c6621,0.9999999,0.06905217691718032,-0.29382427374672326
OFFRE_EMPLOI,OFFRE_003065_13a94713ee93,1.0000001,-0.6225903787456841,0.06441735881160815
CANDIDAT,PPPNR2504240026653,0.99999964,0.47156875581924723,-0.3262068009312179
CANDIDAT,PPBZV2509080041421,1.0000001,0.08041278212117099,0.2893705086203296
COMPETENCE,http://data.europa.eu/esco/skill/e22b1918-1f03-4d6c-89bd-d0d55074ef3d,1.0,-0.090587406486942,-0.3340634202645358
CANDIDAT,PPBZV2501030015707,0.9999997,0.2512206462805511,-0.2577726052193589
CANDIDAT,PPBZV2509280045429,1.0000001,0.42467772840521223,-0.4114272047963306
CANDIDAT,PPBZV2501280018711,0.9999996,-0.12831558635347573,0.11308445512780402
CANDIDAT,PPBZV2512100054822,0.9999998,-0.07987981324007629,0.1455715069947917
CANDIDAT,PPBZV2511180051809,0.9999996,0.1336467732772772,0.025001417252859103
CANDIDAT,PPPNR2509280045426,0.99999976,0.32215401400249055,-0.20160370455603982
CANDIDAT,PPBZV2509230044454,1.0,-0.02640267691045734,0.1380458770374264
OFFRE_EMPLOI,OFFRE_002877_38b51527f053,0.99999964,-0.6509966595788551,0.01759717185209422
CANDIDAT,PPBZV2509220044347,1.0000004,0.2900114016810553,0.03060730579198841
CANDIDAT,PPPNR2505050027281,1.0000005,0.24073504618085922,-0.08498979496839952
COMPETENCE,http://data.europa.eu/esco/skill/0ffed47f-d320-48cf-988d-40449825085c,1.0,-0.3129756410823633,-0.11797284030450553
CANDIDAT,PPPNR2512090054373,0.9999994,0.09908832363843981,0.17926526166291087
CANDIDAT,PPBZV2509300045829,1.0000007,0.11719817293021363,-0.06220207791216365
OFFRE_EMPLOI,OFFRE_007968_6bbc40f8a239,1.0000004,-0.4502371581372499,-0.1567792359528969
CANDIDAT,PPPNR2503310024383,1.0000002,0.29713736745674524,-0.26337392675622745
CANDIDAT,PPPNR2505140028376,1.0,0.2068851888228905,-0.20765616124139985
CANDIDAT,PPBZV2508200039273,0.9999998,0.3136404793854777,0.08768362016189958
COMPETENCE,http://data.europa.eu/esco/skill/feb717ff-fba6-4a91-aa10-ee11cf2da6b4,1.0000001,-0.1270086730871004,-0.15504702711684823
CANDIDAT,PPPNR2504040024982,1.0000002,0.2603311724756106,-0.2154383433933494
CANDIDAT,PPBZV2504170026174,1.0000001,-0.016456658501742875,0.22543851632510778
COMPETENCE,http://data.europa.eu/esco/skill/3d28dfc8-1565-4298-8fed-8a27512322ca,1.0000005,-0.24635288932568433,-0.02292720251394152
CANDIDAT,PPBZV2510090047151,0.99999976,0.0836316095238711,0.17798300553962693
OFFRE_EMPLOI,OFFRE_004599_c1579a57efd7,0.99999994,-0.6545897983240401,-0.026914825245709886
OFFRE_EMPLOI,OFFRE_003922_40195927edb8,0.9999999,-0.49456103426735926,0.013689607626534024
CANDIDAT,PPBZV2508180038933,0.9999999,0.3888122554887021,-0.409038926156295
COMPETENCE,http://data.europa.eu/esco/skill/7800332c-a8eb-4792-8d72-50d509616154,0.99999994,-0.20264047070040137,-0.16475923740742465
OFFRE_EMPLOI,OFFRE_002358_911999382109,0.9999998,-0.3943965610034721,-0.1786046718514904
CANDIDAT,PPPNR2510210048363,0.9999992,0.3829333022889625,-0.13248333529989792
OFFRE_EMPLOI,OFFRE_004142_f5f734b3717d,0.9999999,-0.5988706589430176,-0.001503122454778377
COMPETENCE,http://data.europa.eu/esco/skill/3fc4af68-4d22-4be0-82d7-fa7267577612,1.0000002,-0.09905703622391887,-0.29662701958831866
COMPETENCE,http://data.europa.eu/esco/skill/a4b7f1be-7058-45e4-ac90-66580499187f,1.0000002,-0.23777854164063164,-0.16101964032100044
CANDIDAT,PPPNR2504070025101,1.0000001,-0.06337453167618716,0.07435603270197733
OFFRE_EMPLOI,OFFRE_010694_604ee5748a58,1.0000004,-0.20024868700049808,-0.1259371461552958
CANDIDAT,PPBZV2512160055759,1.0000005,0.1288754556774701,0.18862940551433335
CANDIDAT,PPPNR2508290040166,0.9999999,0.40281060204339997,-0.1487095703544222
CANDIDAT,PPPNR2502270021410,0.9999998,0.24069646313553186,-0.021875646909249428
CANDIDAT,PPPNR2503070022227,1.0000002,0.45687714401317847,-0.42888422520561476
COMPETENCE,http://data.europa.eu/esco/skill/715aabf1-6663-488d-9984-4336ba8c3661,1.0,-0.06359535453686693,-0.3111976979795934
COMPETENCE,http://data.europa.eu/esco/skill/5079319b-b12d-46ae-8ba7-78a3aa242e6e,0.9999999,-0.19811856021861335,-0.21602825569110154
OFFRE_EMPLOI,OFFRE_009318_19098ab0e208,0.99999994,-0.38367698811124096,0.010482704832513437
COMPETENCE,http://data.europa.eu/esco/skill/814de1ac-90f5-4e23-9363-a48742e1e721,1.0000004,-0.18826499698492988,-0.25812535110095325
CANDIDAT,PPPNR2505090027787,1.0000002,0.1852018912195724,-0.14735834678427873
CANDIDAT,PPPNR2509230044607,1.0000005,0.3002837918858941,0.30336638102084185
CANDIDAT,PPPNR2509230044479,1.0,0.2286478353888202,-0.095317710505577
CANDIDAT,PPPNR2502120020118,1.0000001,0.2534067595049365,0.09317159112068962
CANDIDAT,PPPNR2509170043530,1.0000001,0.06727226991812432,0.13912309071440346
CANDIDAT,PPPNR2512010053293,0.9999997,0.1944197744986616,0.6297209167424782
OFFRE_EMPLOI,OFFRE_010419_15e68b90dd29,1.0,-0.31916327713308257,0.1530965365274266
CANDIDAT,PPPNR2508170038840,1.0000002,0.20340128104674834,-0.11645592810294611
CANDIDAT,PPPNR2509020040560,1.0000001,0.29092959699806265,-0.23832180340932102
COMPETENCE,http://data.europa.eu/esco/skill/b048b4d3-80d6-4a6a-a02d-804faf0e2632,1.0000001,-0.06360894262737919,-0.14320457228012168
CANDIDAT,PPBZV2509260045192,1.0000001,0.06401765120265523,-0.034031548061730525
CANDIDAT,PPBZV2501150017211,0.9999999,0.43658001355823645,-0.12222357578821524
OFFRE_EMPLOI,OFFRE_012736_2f3269a513bd,0.99999946,-0.09624567571609928,-0.19656374477426902
CANDIDAT,PPBZV2509040041003,1.0000001,0.03446001134990829,0.32134175011023597
CANDIDAT,PPPNR2505220029404,0.9999999,0.489193754768452,-0.018297595514150843
CANDIDAT,PPPNR2509180043713,1.0,0.17204110711451523,0.08161250008619038
OFFRE_EMPLOI,OFFRE_001427_59d645158fa0,0.99999994,-0.39777718567458015,-0.1807479385344821
COMPETENCE,http://data.europa.eu/esco/skill/36e9c099-614e-44f1-ab0a-5e6fda4a0763,1.0000001,-0.17751679488285,0.004249150707196974
CANDIDAT,PPBZV2510060046659,1.0000002,0.1813882149586402,-0.15719664157590174
OFFRE_EMPLOI,OFFRE_001572_dd193e625a74,1.0000002,0.042802865087902896,-0.17766775348952962
CANDIDAT,PPBZV2511240052465,1.0000002,0.16115809132924563,-0.046676439316067464
OFFRE_EMPLOI,OFFRE_007936_7f2846d8be51,0.9999998,-0.5758809016002215,-0.08903757205501345
COMPETENCE,http://data.europa.eu/esco/skill/9bb92e10-a5a9-437e-8101-8be2d7f631ff,1.0000001,-0.27768364331597617,-0.047243656670029874
CANDIDAT,PPBOU2510270049032,0.99999976,0.35238258505647346,-0.05722083861447486
CANDIDAT,PPPNR2510140047698,1.0000002,0.4917085175583017,-0.012585908510336918
CANDIDAT,PPBZV2511150051454,0.99999994,-0.10785760058360272,0.2744425014617122
OFFRE_EMPLOI,OFFRE_013200_d187755b9361,1.0000002,-0.15146532653832376,-0.17998200842155657
COMPETENCE,http://data.europa.eu/esco/skill/0b96f260-d768-4c08-aebb-5fc7ccb5aef9,1.0,-0.01792768351093606,-0.3669573696346429
CANDIDAT,PPBZV2507150035493,0.9999997,0.4270321236645789,-0.3343252287513232
CANDIDAT,PPBZV2512020053469,1.0000004,0.1655917255576705,0.39624242347736094
CANDIDAT,PPBZV2505130028161,1.0000001,0.14545578236395768,-0.030952251421830067
CANDIDAT,PPBZV2509270045353,1.0,-0.11394425331231649,0.22489674133637771
CANDIDAT,PPPNR2502050019561,0.99999976,0.07427056367256318,0.1086694194825112
COMPETENCE,http://data.europa.eu/esco/skill/6ffdcb09-16bc-4480-9ac8-40fdbf915712,1.0000005,-0.17095108710037743,-0.2871353684274662
CANDIDAT,PPPNR2512040053932,1.0,0.15368233641541482,0.4901902167619286
CANDIDAT,PPBZV2504140025677,1.0000004,0.15042069245461023,-0.15287299796879744
CANDIDAT,PPBZV2511100050787,1.0000001,0.20771958974216506,0.013945217860876543
OFFRE_EMPLOI,OFFRE_010956_ef82bb804175,1.0000004,-0.30796680999325166,-0.12185743832531262
OFFRE_EMPLOI,OFFRE_000023_3eb75a636c1b,1.0000002,-0.39738913144323346,-0.18022037675609515
CANDIDAT,PPPNR2503100022420,0.99999976,0.2933518985416044,-0.12860937767778782
CANDIDAT,PPBZV2507280036755,0.9999995,0.2081672486301031,0.00771668434866767
CANDIDAT,PPPNR2510260049004,1.0000002,-0.14073653414596748,0.113708622396774
CANDIDAT,PPPNR2505060027530,1.0000005,-0.07062459040491516,0.18124520605562794
OFFRE_EMPLOI,OFFRE_010477_4550dccb36e6,1.0,-0.35312015472313235,0.20228006040042115
CANDIDAT,PPPNR2503030021712,0.9999998,0.20937975735898937,0.18057817853100971
CANDIDAT,PPBZV2508110038315,0.9999997,-0.07452275496536127,0.36786824708373694
METIER,http://data.europa.eu/esco/occupation/19f6634f-ec0c-4513-b0d9-d43f9ddeb82d,0.9999997,-0.11437947281643596,0.1036254052565948
CANDIDAT,PPBZV2510220048480,1.0000001,0.08766019605617473,0.63769344614445
COMPETENCE,http://data.europa.eu/esco/skill/415f816c-07ae-4ac1-9ddb-ecaa9957a249,1.0000004,-0.29657404828689854,-0.023767071263062656
CANDIDAT,PPBZV2509180043889,0.9999999,0.11666577959525572,-0.02452487747988002
CANDIDAT,PPBZV2505110027899,1.0000004,-0.05061804691799548,0.5361263345482463
OFFRE_EMPLOI,OFFRE_006494_1a87986df56a,1.0000004,-0.40187151733837884,-0.17169126194203815
CANDIDAT,PPBZV2506240033261,1.0,0.06743108722082257,0.014621301225381807
COMPETENCE,http://data.europa.eu/esco/skill/d512d178-37a6-4eab-a660-412d2bb0824a,1.0000004,-0.12602560120283818,-0.22373417362381479
COMPETENCE,http://data.europa.eu/esco/skill/702a9bcd-bf99-4bb8-ba4a-44711b1e07a9,1.0000002,-0.09451019914794286,-0.24407664254724576
CANDIDAT,PPBOU2512190056245,0.9999993,0.1107877170667098,-0.023908011817895276
COMPETENCE,http://data.europa.eu/esco/skill/a6273028-d8b8-4b83-97c7-7eb1f1055661,1.0000005,-0.04665335367278201,-0.18230424563474068
COMPETENCE,http://data.europa.eu/esco/skill/410540a4-b88c-4073-9da2-8aa5d7eaf780,1.0000001,-0.12896181145232752,-0.3236732956925338
CANDIDAT,PPBZV2511090050646,1.0000008,0.24584170291683738,0.5110803676011694
CANDIDAT,PPBZV2510030046335,1.0000002,0.037064689003412414,0.3199566792963474
CANDIDAT,PPPNR2506140032149,1.0000004,0.40818277370273603,-0.18289957777193838
CANDIDAT,PPPNR2504010024522,0.99999994,0.10058263804498876,0.02931490788498971
CANDIDAT,PPBZV2508310040348,1.0,0.25241436049591387,-0.1309164865883973
OFFRE_EMPLOI,OFFRE_006079_77cc71d181ff,1.0000002,-0.42461053588781544,-0.104769365421564
OFFRE_EMPLOI,OFFRE_001584_a056241d53cb,1.0000002,0.042802865087902896,-0.17766775348952962
CANDIDAT,PPPNR2502260021353,0.9999997,0.44828682040528556,-0.29978163355730664
METIER,http://data.europa.eu/esco/occupation/7664f3e6-b469-4e1a-b52c-8a7ac866eb5a,1.0000002,-0.10171214678166997,-0.21504645079866333
CANDIDAT,PPBZV2503090022343,0.9999999,0.028884624212591786,0.19964554563671238
COMPETENCE,http://data.europa.eu/esco/skill/4da249d5-61c4-46b4-b4bd-da3b7467026d,1.0000004,-0.012197600361777276,-0.2905894420005767
CANDIDAT,PPBZV2504300027125,1.0000001,0.22885173328405156,0.45855768782397394
CANDIDAT,PPPNR2506160032247,1.0,0.21907652282657714,-0.09558728706072667
CANDIDAT,PPBZV2501150017243,1.0000002,0.11544868204684723,0.2311013819865835
CANDIDAT,PPBZV2511040050078,1.0000001,0.09322134158273407,0.4979426610823625
CANDIDAT,PPPNR2512020053495,1.0000001,0.4502176024730083,-0.16856408288056882
COMPETENCE,http://data.europa.eu/esco/skill/a0c80624-93cd-4b34-8552-bbebb264b532,0.9999998,-0.11629176483026851,-0.3490722001479873
CANDIDAT,PPPNR2508140038641,1.0000001,0.012798563171754112,0.14468355535439495
COMPETENCE,http://data.europa.eu/esco/skill/9cec5105-febf-4748-b2f6-067b304660eb,1.0000002,-0.022070112564363673,-0.13866076979145078
CANDIDAT,PPPNR2503100022434,0.9999999,0.251583437679995,-0.2884096846243435
OFFRE_EMPLOI,OFFRE_006303_dad33d6a24da,1.0,-0.4885158452187434,0.041016376733097264
OFFRE_EMPLOI,OFFRE_002998_a62264a97606,0.9999997,-0.6515847515273864,0.1263079161165852
OFFRE_EMPLOI,OFFRE_004353_3581b0ca1577,1.0000002,-0.42461053588781544,-0.104769365421564
CANDIDAT,PPPNR2505200029174,0.9999998,0.3166980691089984,-0.25339806138642645
OFFRE_EMPLOI,OFFRE_004029_a190182d2484,1.0000002,-0.48433847248863643,0.25905018629456417
OFFRE_EMPLOI,OFFRE_011460_6ddbd8c3962e,1.0,-0.14283648161124915,0.2748228971315015
CANDIDAT,PPPNR2511060050367,0.99999994,-0.17056001782900762,-0.11073801562457161
CANDIDAT,PPBZV2505090027824,0.99999976,0.11387455728108743,0.007509753230831457
CANDIDAT,PPPNR2504100025446,1.0000005,0.03970320162884002,0.044807284781089696
CANDIDAT,PPPNR2501170017500,1.0000005,0.031116577190230463,-0.09139966829926888
CANDIDAT,PPBZV2506110031679,0.9999997,0.1944197744986616,0.6297209167424782
CANDIDAT,PPPNR2506240033172,1.0000001,0.07555094055649948,0.4279512103821106
CANDIDAT,PPPNR2502120020089,0.99999994,0.19446420944978116,-0.03125601163673592
COMPETENCE,http://data.europa.eu/esco/skill/1acf0f0a-1945-43fb-a0bf-3c5b01cc4063,1.0000001,0.07377623777359595,-0.3778170820346217
CANDIDAT,PPBZV2506270033637,1.0,0.21277672311593598,0.07627161072729352
CANDIDAT,PPBZV2504300027123,1.0000001,0.08041278212117099,0.2893705086203296
CANDIDAT,PPBZV2505190029076,1.0000004,0.19460402128281803,0.6271350902939051
CANDIDAT,PPPNR2503110022543,0.99999994,0.39624859324325173,-0.000611550455151621
OFFRE_EMPLOI,OFFRE_002671_d0e7ccae4ccd,1.0000004,-0.23803325598516734,0.23509901511711917
CANDIDAT,PPBZV2501190017628,0.9999998,0.059314433475112734,0.3619448500099491
METIER,http://data.europa.eu/esco/occupation/82b5c6dc-6a4d-4415-80d8-5cfedfc54de7,0.9999999,-0.1671997283618414,-0.04680222526462676
CANDIDAT,PPPNR2507170035721,1.0,0.08024784929105093,0.31326045186051044
OFFRE_EMPLOI,OFFRE_010951_e83aa35801a6,1.0,-0.04939756188598951,-0.3133337439912208
OFFRE_EMPLOI,OFFRE_002517_55e64f9cc0ee,1.0000002,-0.24786986147374784,-0.14003653315573533
OFFRE_EMPLOI,OFFRE_002736_59a756c0fae6,0.9999996,-0.30290550512760317,0.07175420566677805
CANDIDAT,PPPNR2507050034571,1.0000005,0.21959220306064614,-0.07648844652663836
OFFRE_EMPLOI,OFFRE_011265_b5bd883d69af,0.99999976,-0.2107100500753707,-0.027951189348757097
CANDIDAT,PPBZV2508290040130,1.0000004,0.13103032307241372,-0.052474518419859804
METIER,http://data.europa.eu/esco/occupation/591c5063-69ce-4551-ba60-e2304111130f,1.0000006,-0.21713289236212757,-0.09364133492342044
OFFRE_EMPLOI,OFFRE_000511_21fe9d352489,0.99999934,-0.35863625624532697,0.29614364587945047
CANDIDAT,PPBZV2506060031441,1.0000002,0.4917085175583017,-0.012585908510336918
COMPETENCE,http://data.europa.eu/esco/skill/87b984b4-44cc-4fc0-bfcb-988e2e147009,1.0000001,-0.18284624082649165,-0.22341370744343483
OFFRE_EMPLOI,OFFRE_007304_c77843acf205,1.0000001,-0.4394814154574998,0.2476905307547479
CANDIDAT,PPPNR2512030053603,1.0000001,0.2617872787498616,-0.11984964018264647
COMPETENCE,http://data.europa.eu/esco/skill/d4cc5022-7801-4885-bcff-166552788d35,1.0000004,-0.24391092837774117,-0.24240163920833047
CANDIDAT,PPPNR2510220048501,0.99999994,0.08199017047694784,0.3605681424792071
CANDIDAT,PPBZV2506240033193,0.99999976,0.22396885700750233,0.19228294374193305
OFFRE_EMPLOI,OFFRE_004150_ef9298a205f2,1.0000001,-0.685580462232668,-0.006395590971684403
COMPETENCE,http://data.europa.eu/esco/skill/4c016b68-4116-468c-9dc6-42710c239e4a,1.0000005,-0.34495792178743895,0.04973604379755975
COMPETENCE,http://data.europa.eu/esco/skill/131b4258-d9bb-4b01-9202-374184fb3c07,1.0000007,-0.07140024169974495,-0.28780877343968814
CANDIDAT,PPPNR2511050050281,0.99999976,0.1355101113776918,0.32375622253064307
COMPETENCE,http://data.europa.eu/esco/skill/26fa7a33-a426-4cd5-9792-33bf668612e1,0.99999994,-0.2525756842277866,-0.1345564992960261
CANDIDAT,PPBZV2506110031783,0.99999994,0.0428362322356982,0.20735769028929943
CANDIDAT,PPPNR2511110050891,0.9999996,0.28485153433255106,-0.13821045708358584
CANDIDAT,PPPNR2505160028696,1.0000004,0.3573386684600491,-0.10816919763353115
CANDIDAT,PPBZV2501280018632,1.0000001,0.2684991576823309,0.15153556270058643
CANDIDAT,PPBZV2509090041696,0.9999999,0.20288997545009857,-0.09509848012771692
COMPETENCE,http://data.europa.eu/esco/skill/a33b3fcb-6644-4d43-966f-6acd28b44d0f,1.0000001,-0.07052094437313565,-0.21028372323382866
COMPETENCE,http://data.europa.eu/esco/skill/327ef1f5-1dd4-4cae-a82f-8a573b48e273,0.99999994,-0.09310340553355553,-0.30137424883813
CANDIDAT,PPPNR2512120055332,0.99999976,0.1116349646772992,0.3536874811099943
CANDIDAT,PPBZV2505120027971,1.0000004,0.13346050126230552,-0.0114937752812456
CANDIDAT,PPBZV2501070016186,0.9999998,0.17172038509478063,-0.0071443782681379275
OFFRE_EMPLOI,OFFRE_008577_64ff4c55586c,1.0000005,-0.46117366933927345,-0.12287012609673252
COMPETENCE,http://data.europa.eu/esco/skill/246500df-dab3-43b5-bb92-31a0c89ba8e8,0.99999976,0.014261668507973297,-0.21171279639045307
CANDIDAT,PPPNR2511130051213,0.99999994,0.24949218516821683,0.225706921170543
CANDIDAT,PPBZV2512150055463,0.9999995,0.16824547285574612,-0.1367811001564747
CANDIDAT,PPBZV2505150028615,0.99999964,0.09612179592008835,0.25994227265857867
CANDIDAT,PPBZV2506030030649,0.9999995,0.09854862958635162,0.4329645678482757
CANDIDAT,PPBZV2511040050115,1.0000004,0.07638371444572811,0.17751531540249132
METIER,http://data.europa.eu/esco/occupation/a48b9a5a-5ded-482d-8cda-7fd097a32c16,0.99999976,-0.19063108798182252,-0.0788921959817374
CANDIDAT,PPBZV2508050037822,0.99999964,0.14979777994681573,0.0752898846210279
COMPETENCE,http://data.europa.eu/esco/skill/000bb1e4-89f0-4b86-be05-05ece3641724,0.9999995,-0.11459019862609333,-0.1802198799307012
CANDIDAT,PPBZV2503080022337,1.0,0.04386582855131671,0.6051615976364437
CANDIDAT,PPBZV2512100054731,1.0000007,0.11719817293021363,-0.06220207791216365
OFFRE_EMPLOI,OFFRE_005761_9a446abe8a8b,1.0000006,-0.6947995506002757,0.160374355998977
COMPETENCE,http://data.europa.eu/esco/skill/f34ee429-b36d-49f9-a927-80b67a467cc8,0.9999999,-0.24668360103807999,-0.20959227213471263
CANDIDAT,PPPNR2501080016287,1.0000004,-0.04663724204445343,0.1428348555731079
CANDIDAT,PPBZV2501020015596,1.0000001,0.1677731730863475,-0.1741208399846522
COMPETENCE,http://data.europa.eu/esco/skill/795f25e5-7989-4e60-9be7-8b1b686a1547,0.99999946,-0.04450683771677434,-0.045063267210662554
OFFRE_EMPLOI,OFFRE_007258_83b9832a2a21,0.99999994,-0.519325604656349,-0.12387020319989679
COMPETENCE,http://data.europa.eu/esco/skill/bda0d115-f315-453e-99dc-f8b0e5862db3,0.99999994,-0.16791570874333947,0.04499469856186
CANDIDAT,PPPNR2510020046142,0.99999994,0.2501965287198975,-0.148870736735059
OFFRE_EMPLOI,OFFRE_001153_966474f1ef58,1.0000002,0.042802865087902896,-0.17766775348952962
CANDIDAT,PPBZV2511100050780,0.9999996,0.0839067164475425,0.536511326143638
COMPETENCE,http://data.europa.eu/esco/skill/dbeb3539-73c7-4be5-ada5-1d6e9657b356,0.9999996,-0.16185100586014795,-0.10852972378551727
OFFRE_EMPLOI,OFFRE_000840_a26d2cd55a96,0.9999995,-0.3105183176171692,0.18991277838252055
COMPETENCE,http://data.europa.eu/esco/skill/2111dff8-f830-46ad-80ce-7885893b3134,1.0000004,-0.21692150273764693,-0.20020777725716488
OFFRE_EMPLOI,OFFRE_000680_594ef2028ce0,0.9999993,-0.27314969475530637,0.22710752649884253
CANDIDAT,PPBZV2509130042648,1.0,0.16382792330192478,0.3806314558858419
CANDIDAT,PPBZV2506240033262,1.0000001,0.1434442927877275,-0.005924621062822725
CANDIDAT,PPBZV2504040024962,1.0000002,0.3448694612626233,-0.2626959679627287
OFFRE_EMPLOI,OFFRE_009260_21a1edada4b9,1.0,-0.21648602510152024,-0.03985667408045898
CANDIDAT,PPPNR2504010024551,1.0000001,0.22940376697782788,0.16595235004002043
OFFRE_EMPLOI,OFFRE_010997_18f1f524d610,1.0000002,-0.3952609612737706,-0.12961292177512446
CANDIDAT,PPBZV2501030015813,1.0000006,0.2317410970874161,-0.17054847082199215
OFFRE_EMPLOI,OFFRE_006372_73187c132113,0.9999998,-0.5506357195885906,-0.04354957716256364
OFFRE_EMPLOI,OFFRE_000317_d794dd984252,0.99999976,-0.1999492786534817,0.06866170072739361
CANDIDAT,PPBZV2512050054038,1.0000001,0.3518245035620629,0.03566104911276842
OFFRE_EMPLOI,OFFRE_001700_95a32e5fda97,0.9999998,-0.08806231605202065,0.024046865580210974
COMPETENCE,http://data.europa.eu/esco/skill/9bdf0ee9-ac1b-4f9b-966a-1ad39885ce26,0.9999994,-0.1653726299071694,-0.27210231598563706
OFFRE_EMPLOI,OFFRE_009496_37242452e27e,0.9999999,-0.528129100378412,-0.010266169264347178
OFFRE_EMPLOI,OFFRE_001858_d1dfcab4d1eb,0.99999994,-0.39777718567458015,-0.1807479385344821
CANDIDAT,PPPNR2508040037563,1.0000002,-0.05696267383600499,0.3531006464094332
CANDIDAT,PPPNR2510290049333,1.0000002,0.1337542984654488,0.1104517497745345
CANDIDAT,PPBZV2502210020932,1.0000001,0.1939062909807886,0.08074214003045578
CANDIDAT,PPBZV2504290026985,1.0000001,0.03474344251146064,-0.18648147639429566
CANDIDAT,PPPNR2505190029053,1.0,0.17588490694807976,0.0014145307527888386
COMPETENCE,http://data.europa.eu/esco/skill/58c080f9-71d5-429d-9476-bc9e742d460c,1.0000002,-0.03848305684934246,-0.3158333834426656
CANDIDAT,PPBZV2506240033247,1.0000006,-0.05584356704718861,0.0731990748445741
OFFRE_EMPLOI,OFFRE_001350_b091b9f35efc,0.9999995,-0.27537980667616546,0.319724992997508
CANDIDAT,PPBZV2508010037394,0.9999995,0.16824547285574612,-0.1367811001564747
COMPETENCE,http://data.europa.eu/esco/skill/8369ede5-4200-4a44-be2e-bc60ef959259,1.0000002,-0.325858275480407,0.04820942008122976
COMPETENCE,http://data.europa.eu/esco/skill/1e92a1d3-6749-43ad-acb8-6c7c5dbe83de,1.0,-0.06799702597607883,-0.36961902639046623
CANDIDAT,PPBZV2505300030192,1.0000006,0.046161346527264516,0.5257898794908011
CANDIDAT,PPBZV2510080046888,0.9999997,0.2569361609641938,-0.03015871479335695
CANDIDAT,PPBZV2506250033433,1.0,-0.1681156159692631,0.24706072453184788
CANDIDAT,PPBZV2501220017961,0.99999964,0.021876046361053027,0.060679504446254015
OFFRE_EMPLOI,OFFRE_007800_b01b740d05c6,0.9999998,-0.5507395613639147,-0.028285824664630643
CANDIDAT,PPPNR2501160017348,1.0000005,0.130944487918437,0.5128993425342218
CANDIDAT,PPPNR2506040030925,0.9999995,0.3434060875841046,-0.18523577685167678
COMPETENCE,http://data.europa.eu/esco/skill/dc0e2b6b-1932-437d-b251-b808ebb09979,1.0000002,0.0486562514351068,-0.27633528559383186
CANDIDAT,PPBZV2508280039958,1.0000002,0.1420893124236458,0.3146046124558478
COMPETENCE,http://data.europa.eu/esco/skill/b3c000ab-548d-401c-94de-ab4903c33aed,0.9999997,-0.2175264527657228,-0.15574127184561487
CANDIDAT,PPPNR2507240036502,1.0000001,0.22576162053295776,-0.08898997976632082
OFFRE_EMPLOI,OFFRE_003410_8f9a617dedd2,1.0000001,-0.685580462232668,-0.006395590971684403
CANDIDAT,PPPNR2508010037421,1.0,0.23552467876163982,0.09986074155037393
CANDIDAT,PPPNR2506030030727,1.0000005,0.2130222248955644,-0.10045858716071937
CANDIDAT,PPBZV2508010037465,0.99999994,0.2352348411291977,0.04401189188295905
CANDIDAT,PPBZV2504080025216,0.9999999,0.07386176918752321,0.08435576956697705
CANDIDAT,PPBZV2503270024146,0.9999999,0.21373869552465258,-0.17538309380274789
COMPETENCE,http://data.europa.eu/esco/skill/8c245dab-8890-47be-adfc-c85fc3be634e,0.9999999,-0.10603094668385668,-0.34789870094427533
CANDIDAT,PPBZV2501080016426,1.0000001,0.15489924219510415,0.23168158475517442
CANDIDAT,PPPNR2504100025436,1.0000001,0.12005098721918091,0.28947850561847593
CANDIDAT,PPPNR2508310040360,0.99999946,0.03470374449750266,0.27382114837858146
CANDIDAT,PPBZV2510160047800,0.9999995,-0.022366397882486143,0.08108011777997431
CANDIDAT,PPBZV2506290033790,1.0000007,-0.04264637886174039,0.1664109277881982
METIER,http://data.europa.eu/esco/occupation/4dceca8d-9faf-487b-b342-c9d7dc209533,1.0000002,-0.13123175787129224,-0.029798920728605263
OFFRE_EMPLOI,OFFRE_008009_effa2bd7791b,0.99999964,-0.6509966595788551,0.01759717185209422
CANDIDAT,PPBOU2512170055914,1.0000004,0.3580498374885159,-0.04025200599505458
OFFRE_EMPLOI,OFFRE_012070_c40ea1d3a362,1.0000004,-0.14499162675796984,-0.15248337492814507
CANDIDAT,PPPNR2512120055242,1.0000005,0.4661447686579249,-0.41768019778211524
CANDIDAT,PPPNR2502200020917,1.0000001,0.15651481717016594,0.08860037660448751
CANDIDAT,PPPNR2512020053449,1.0000005,-0.06912113623826188,0.32736757441237924
OFFRE_EMPLOI,OFFRE_002800_31024262bd31,1.0000006,-0.3942538816920471,0.37004194623156633
CANDIDAT,PPBZV2501220017960,1.0000002,0.06467398136880897,0.47186545661244317
CANDIDAT,PPBZV2511160051496,0.99999976,-0.01934006165721093,0.2089748243860973
CANDIDAT,PPBZV2512310057248,1.0000002,0.043942975367250156,0.04885373366299766
COMPETENCE,http://data.europa.eu/esco/skill/8bb1e784-f54f-48dd-aedd-23723e171898,1.0000004,-0.2818545823404601,-0.23193144434192975
METIER,http://data.europa.eu/esco/occupation/8b26eec6-7497-4218-8364-9b5983b04ae7,1.0000002,-0.27401511633011616,0.1572344300682972
OFFRE_EMPLOI,OFFRE_009737_37568c906758,0.99999994,-0.3137416984820708,-0.06659027350197586
COMPETENCE,http://data.europa.eu/esco/skill/aeb400b6-d38c-45cc-9252-3c6983c614bb,0.9999998,-0.09821436243558558,-0.19308138864718816
COMPETENCE,http://data.europa.eu/esco/skill/0196d283-9b1a-43a5-b219-43580c7cf560,1.0000002,-0.1169205728650118,-0.24266833587447978
CANDIDAT,PPBZV2506160032278,0.99999946,0.30639887159620194,0.13148115436329907
OFFRE_EMPLOI,OFFRE_000284_d6198f68e204,0.99999934,-0.35863625624532697,0.29614364587945047
COMPETENCE,http://data.europa.eu/esco/skill/5d494ec9-c7d3-402e-8dde-08c2c06beae6,1.0000005,-0.06057958140536774,-0.3284140783944694
CANDIDAT,PPBZV2502260021318,0.99999976,0.09295101704140103,0.737256981699296
OFFRE_EMPLOI,OFFRE_005847_ac121cad193a,0.99999964,-0.6509966595788551,0.01759717185209422
CANDIDAT,PPBZV2512030053780,1.0,0.08162842542546142,0.2862531446705615
CANDIDAT,PPBZV2503170023055,0.99999994,0.05466557780739966,0.30177596979704246
COMPETENCE,http://data.europa.eu/esco/skill/49708c50-fa54-4384-be24-4ac1ff8dbf64,1.0000005,-0.20302277426560295,-0.329296118605797
CANDIDAT,PPBZV2506080031539,1.0000001,-0.19664892019377714,0.0581165886139119
CANDIDAT,PPPNR2504290026946,0.99999994,0.11648265608679016,-0.16093870676269803
OFFRE_EMPLOI,OFFRE_002572_d274df3b8b2b,1.0000004,-0.1979519991468463,0.050356779206993114
CANDIDAT,PPPNR2509030040759,0.9999994,0.2050933142710256,0.4844153798710473
METIER,http://data.europa.eu/esco/occupation/6a6ce738-b049-4521-b402-8e1f346c7eca,0.99999946,-0.03507495909778919,-0.23805258855838662
CANDIDAT,PPBZV2502280021512,0.9999998,0.029093813385291534,-0.05315569629155747
CANDIDAT,PPPNR2502100019834,1.0000007,0.36453082706129,-0.05361600809441295
METIER,http://data.europa.eu/esco/occupation/939e05ea-2589-4e3c-a501-eea2bdd6864a,0.99999994,0.0012059776134233301,-0.26679781543778863
COMPETENCE,http://data.europa.eu/esco/skill/baf5e4a3-14ca-42ad-a784-c60c85552cbe,0.99999964,-0.17500052353935006,-0.09700682922376025
COMPETENCE,http://data.europa.eu/esco/skill/c8ac1986-38fa-43b2-89dc-50a4beeb420e,1.0000001,-0.08455313302149131,-0.1138511943902303
COMPETENCE,http://data.europa.eu/esco/skill/5ef6d0cf-1ce3-487e-97e6-90670353d030,1.0000001,-0.12464250593373533,-0.36277098405491875
CANDIDAT,PPBOU2512180056171,1.0000002,0.17875564936613195,-0.017360051837705445
CANDIDAT,PPBZV2509040041068,1.0,0.0174555015855583,0.2030526104183843
CANDIDAT,PPPNR2508280040054,0.9999997,0.44828682040528556,-0.29978163355730664
CANDIDAT,PPPNR2509190043957,0.99999994,0.04551401290263537,0.17023745737087861
CANDIDAT,PPPNR2512040053916,1.0,-0.0040307389437589285,0.6173279894247475
OFFRE_EMPLOI,OFFRE_007026_c63c520ae038,0.9999999,-0.5988706589430176,-0.001503122454778377
CANDIDAT,PPPNR2510100047282,1.0000001,-0.06455941040941521,0.3957581731610742
CANDIDAT,PPPNR2506130032058,1.0000001,0.08227341478418759,0.19546428673459673
CANDIDAT,PPBZV2505260029754,1.0,0.17273386064490945,-0.12545700347232114
CANDIDAT,PPPNR2507230036303,1.0,-0.011049232755535736,0.016573031532360543
COMPETENCE,http://data.europa.eu/esco/skill/60c78287-22eb-4103-9c8c-28deaa460da0,1.0000001,-0.13729249297093765,-0.21737708752461804
COMPETENCE,http://data.europa.eu/esco/skill/9c800252-56ca-423c-8c64-95d47dfa1404,1.0000002,-0.05035249139414162,-0.23158264385730942
CANDIDAT,PPAUT2506030030885,1.0,0.2517739264171879,0.10537533248447384
CANDIDAT,PPBZV2510220048463,1.0000002,0.19573576633897855,0.4435869353985264
OFFRE_EMPLOI,OFFRE_004264_3f672a259d6a,0.99999994,-0.3196150381399122,0.371849133313433
CANDIDAT,PPBZV2501060016090,0.99999964,0.21197770053500029,0.4913115647340314
COMPETENCE,http://data.europa.eu/esco/skill/88b406d0-72e2-4087-be19-d5992d259473,0.9999999,-0.25107260836015005,0.00024372841705249643
COMPETENCE,http://data.europa.eu/esco/skill/6446c74f-17df-422b-8feb-a1c88fdc5e4c,1.0,-0.012447276022770773,-0.0654318065803131
COMPETENCE,http://data.europa.eu/esco/skill/56c88504-f6fe-4929-979d-9a47e5f17443,1.0000004,-0.1875944122678719,-0.20786870612403416
OFFRE_EMPLOI,OFFRE_004467_2f17239a7407,1.0,-0.297947143964126,0.08368187012057439
OFFRE_EMPLOI,OFFRE_003499_536539665852,0.99999994,-0.6545897983240401,-0.026914825245709886
COMPETENCE,http://data.europa.eu/esco/skill/9d85451a-1485-4c24-a56a-0ca08705d072,0.99999994,-0.21406891136028608,-0.15240720312122064
CANDIDAT,PPPNR2509080041451,0.9999996,0.30466687044454166,-0.2433400763472419
CANDIDAT,PPBZV2511140051326,1.0000005,0.11800236402751424,0.17116305305887045
COMPETENCE,http://data.europa.eu/esco/skill/ed0acb70-1077-4005-a611-fdc4f6942ef5,0.99999994,-0.203578259025722,0.03817949904019102
CANDIDAT,PPBOU2507080034759,0.99999964,0.16292614324363403,-0.09986377317766952
CANDIDAT,PPBZV2512250056793,0.99999994,0.3162270992279812,-0.12904107583845278
COMPETENCE,http://data.europa.eu/esco/skill/5b71cb01-0f37-47e0-a617-abcf08c8aa64,0.9999997,-0.2972898574823753,-0.05427682004786536
CANDIDAT,PPBZV2511240052344,1.0000004,0.18845393591309811,0.6348027726348854
CANDIDAT,PPBZV2510170047998,1.0000002,-0.013480226995816767,0.028296110487691317
CANDIDAT,PPBZV2512220056531,1.0000001,0.412236047485721,-0.35204321176133807
OFFRE_EMPLOI,OFFRE_000009_1da3f00aa522,0.9999997,-0.3291956580517325,0.1952051048669327
OFFRE_EMPLOI,OFFRE_004996_8d37ca98d437,0.99999994,-0.4801403050790902,-0.032479310939507976
COMPETENCE,http://data.europa.eu/esco/skill/1bbb69ce-0751-467f-a619-dcc62b467e2b,1.0000001,0.029272147477142407,-0.21740326311156505
CANDIDAT,PPPNR2511250052604,0.9999998,0.17027492410959336,0.09715628174894488
CANDIDAT,PPBZV2507300037164,1.0000002,0.1381099607871679,-0.16139598777129496
CANDIDAT,PPPNR2505280030081,1.0000001,0.46275290480638115,-0.38769242465312603
CANDIDAT,PPBZV2510220048596,0.9999997,0.0769213401133234,0.2509512006486415
COMPETENCE,http://data.europa.eu/esco/skill/26792722-91b8-48ae-8138-21c3299aa9fd,0.99999964,-0.09319771977896725,-0.25719781850837514
CANDIDAT,PPPNR2501300018989,0.99999994,0.18775536070710616,-0.09598398075782302
OFFRE_EMPLOI,OFFRE_011572_49e30063391c,1.0,-0.13405982330495594,-0.27499915608915515
COMPETENCE,http://data.europa.eu/esco/skill/0f16809e-a1a4-46a4-ae8e-058f5d0d358a,1.0000001,-0.05945931915831593,-0.455176778623512
CANDIDAT,PPPNR2506230033021,1.0000006,0.34583745258122295,-0.30193885899076484
CANDIDAT,PPBZV2508010037385,1.0,0.16047212990403972,0.024635816531895192
COMPETENCE,http://data.europa.eu/esco/skill/9244ef58-632a-4755-bb27-5336e325633a,1.0,-0.14190955654594764,-0.19399222035143548
COMPETENCE,http://data.europa.eu/esco/skill/c67ddacb-7d9f-4403-9793-741c7615ad04,0.99999946,0.0521863274367031,-0.3771327861669584
COMPETENCE,http://data.europa.eu/esco/skill/8451e715-da80-49ca-a292-ef78959dc276,0.9999997,0.002486887161653785,-0.22927586466315417
CANDIDAT,PPBZV2506030030842,1.0000001,0.21518535207591444,0.06946073301651541
CANDIDAT,PPBZV2509150042931,0.9999994,0.18320304673905757,0.21444974680844436
COMPETENCE,http://data.europa.eu/esco/skill/435f167a-bb04-4bed-9167-94712ce01020,0.9999995,-0.1762309691892508,-0.22697588141014974
COMPETENCE,http://data.europa.eu/esco/skill/debef2fc-7af4-4bff-ac92-4d0317915a84,1.0000004,-0.25433726176739574,-0.13374729943010583
CANDIDAT,PPPNR2506230033036,1.0000004,0.46954354357880723,-0.33118023271891556
OFFRE_EMPLOI,OFFRE_006702_222f1c80ebe0,0.9999999,-0.5988706589430176,-0.001503122454778377
CANDIDAT,PPBOU2507090034842,1.0,0.17273386064490945,-0.12545700347232114
OFFRE_EMPLOI,OFFRE_005877_613da81b4f87,0.99999905,-0.47252701923369583,-0.07834397823284879
OFFRE_EMPLOI,OFFRE_002427_577791b2db2e,0.99999934,-0.35863625624532697,0.29614364587945047
CANDIDAT,PPPNR2505090027801,1.0,0.046575150465688255,0.3793429176422338
CANDIDAT,PPPNR2505120027956,1.0000005,0.014184370307187683,-0.15764372798102874
COMPETENCE,http://data.europa.eu/esco/skill/19bf4fdc-c0aa-40c5-b531-35ed408067a8,1.0000001,-0.22623221725629364,-0.18993062043900175
COMPETENCE,http://data.europa.eu/esco/skill/1eb02aeb-5fa4-48b1-9d0b-4aab58d4131c,1.0000005,-0.25832946471982066,-0.2801891672659745
CANDIDAT,PPBZV2507280036787,0.9999997,0.11881794532660693,-0.05937194737272461
OFFRE_EMPLOI,OFFRE_009279_5510210940c0,0.9999999,-0.4139114633480285,0.021724302120798195
COMPETENCE,http://data.europa.eu/esco/skill/20697183-d42a-45fc-b8ad-03e49bdb7d9e,1.0000004,-0.19024238681632083,-0.06799427592446708
CANDIDAT,PPBZV2511060050418,1.0000001,0.19506202168458794,0.6589673970369883
CANDIDAT,PPPNR2507100034974,1.0000001,0.3086306344411372,0.12094156647615935
CANDIDAT,PPBZV2503120022678,0.9999996,0.019639247168845648,0.07773621024088018
CANDIDAT,PPPNR2507110035159,1.0000001,0.07850395604008249,0.294256701370356
CANDIDAT,PPBZV2507300037197,0.99999976,0.1931917729268693,-0.08715478606563858
COMPETENCE,http://data.europa.eu/esco/skill/a9640376-8d72-4a70-a4a3-7a18e2e8f3c0,1.0000001,-0.18103241808487702,0.13782296338892783
CANDIDAT,PPBZV2507250036691,0.9999998,0.2103200657362178,0.1598455842374159
CANDIDAT,PPPNR2509160043257,1.0000001,0.11064797133512824,0.21017483151713556
OFFRE_EMPLOI,OFFRE_008127_ebad833116f9,0.9999998,-0.6474762858989042,-0.047662591418198695
CANDIDAT,PPBZV2508260039755,1.0000001,0.39599096608125683,-0.31819148667716257
OFFRE_EMPLOI,OFFRE_003257_78f15ee114cf,0.99999976,-0.643028167189312,-0.08990762677370279
CANDIDAT,PPPNR2501290018749,0.99999994,0.12066297361648956,0.3728259231976147
CANDIDAT,PPBZV2508010037452,0.9999998,0.07842406784079643,0.6075809323303809
COMPETENCE,http://data.europa.eu/esco/skill/5760a84e-c9a0-4c36-9bee-46a8cf1a036d,0.9999999,-0.255663099783763,-0.06652880041417024
CANDIDAT,PPPNR2505050027370,1.0000002,0.45687714401317847,-0.42888422520561476
CANDIDAT,PPPNR2501140017022,1.0000004,0.08120004088651725,0.261471277769736
OFFRE_EMPLOI,OFFRE_006764_59044206dee4,0.9999998,-0.5758809016002215,-0.08903757205501345
COMPETENCE,http://data.europa.eu/esco/skill/032a4ab8-1034-4541-8037-b2cdcc7fd19a,1.0000002,-0.2892644868182813,-0.1508851140635148
COMPETENCE,http://data.europa.eu/esco/skill/87fc2c31-cbd9-4d7a-a8d7-02981571d66c,1.0000001,-0.12230545631478149,-0.3406175234307252
CANDIDAT,PPBZV2508140038721,0.99999976,0.04573437297120547,0.2962086175085461
COMPETENCE,http://data.europa.eu/esco/skill/e9030465-13c5-46d2-bdae-c2c1a9dbec86,1.0000004,-0.18333190404784835,0.0570306742019727
CANDIDAT,PPLEK2508210039463,1.0,0.18012780460691755,-0.04679326217560439
METIER,http://data.europa.eu/esco/occupation/e4f33b45-ee95-48b5-b2f8-e397aa14ed41,1.0000001,-0.02022311245269119,-0.2862167746407201
METIER,http://data.europa.eu/esco/occupation/8d765d88-c8d6-406e-8dfe-e37c5aa89be6,0.9999998,-0.1016235337847051,-0.24046850570320655
CANDIDAT,PPBZV2507140035467,0.99999976,0.04573437297120547,0.2962086175085461
CANDIDAT,PPBOU2507180035902,0.9999999,0.40194401842776073,0.03386554620439691
CANDIDAT,PPBOU2512110054883,1.0000004,0.061781254282769656,0.06866567350270816
CANDIDAT,PPBOU2507030034282,1.0,0.17273386064490945,-0.12545700347232114
CANDIDAT,PPPNR2512220056492,0.9999999,0.489193754768452,-0.018297595514150843
COMPETENCE,http://data.europa.eu/esco/skill/ee9aaba9-cf60-41f3-bde2-62ced9c16243,1.0,-0.0009572735135846115,-0.2765026957832032
OFFRE_EMPLOI,OFFRE_008588_64a90e60a36f,1.0,-0.2549712621423673,-0.09658621299420116
CANDIDAT,PPBZV2508170038825,0.99999994,0.22851372137368658,-0.07012777685025158
OFFRE_EMPLOI,OFFRE_003819_10a5195d10f7,0.99999994,-0.519325604656349,-0.12387020319989679
CANDIDAT,PPBZV2506020030608,0.99999994,0.07251928289774975,0.19391057402181378
CANDIDAT,PPPNR2510250048960,1.0000004,0.08505432309024147,0.03206830601747473
METIER,http://data.europa.eu/esco/occupation/006cc1f9-2841-41c3-991a-dc3f2f3bd533,1.0,-0.04584368853145283,-0.10912201961343972
COMPETENCE,http://data.europa.eu/esco/skill/1299a59c-8b90-4838-8bef-0065cdfc8bdf,1.0000001,-0.21898192786546686,-0.13922365643224477
COMPETENCE,http://data.europa.eu/esco/skill/e08d5950-f694-450e-90ae-088001dad5e9,1.0000001,-0.21914333887889217,-0.19014039423902687
CANDIDAT,PPPNR2508130038485,1.0000004,0.30025743722272413,-0.24435053193519884
CANDIDAT,PPPNR2511260052750,0.99999976,0.14495867135465507,-0.15083106529559487
CANDIDAT,PPPNR2504110025481,1.0000004,0.3613608266155892,-0.18415865076522822
OFFRE_EMPLOI,OFFRE_005789_231c4ca20cd9,1.0000006,-0.6947995506002757,0.160374355998977
CANDIDAT,PPPNR2510310049704,1.0000002,0.1337390073435259,-0.04441329792080086
OFFRE_EMPLOI,OFFRE_012323_984b75619824,0.9999997,-0.2650115284353937,-0.05777063414212789
CANDIDAT,PPPNR2503030021758,0.9999997,0.44828682040528556,-0.29978163355730664
COMPETENCE,http://data.europa.eu/esco/skill/ddfe79e2-c2e3-4ba7-9bdf-3820b4f75b54,1.0000007,-0.2246444750974691,-0.28620746465615343
CANDIDAT,PPBZV2501300018903,1.0,0.21104807808508896,-0.02930483488793947
CANDIDAT,PPBZV2501280018684,1.0000004,0.06202885479297457,0.28716604454158157
CANDIDAT,PPPNR2508200039334,1.0000002,0.19454718269506685,-0.030997398768583043
CANDIDAT,PPPNR2512020053543,1.0000001,0.4502176024730083,-0.16856408288056882
CANDIDAT,PPPNR2511100050745,0.9999998,0.3837007562958519,-0.1716480384207593
CANDIDAT,PPPNR2502240021136,0.9999993,0.0665768234140931,-0.046560296346562544
CANDIDAT,PPBZV2503100022358,0.9999998,-0.05391272859728882,0.30824427865174603
CANDIDAT,PPBOU2512180056092,1.0000004,0.3580498374885159,-0.04025200599505458
CANDIDAT,PPNIA2512150055466,1.0,0.22036018889769754,-0.02631430324424692
CANDIDAT,PPBZV2510040046427,1.0000002,0.1039671081262193,0.46231766993112433
COMPETENCE,http://data.europa.eu/esco/skill/dd25bf40-00c8-4c07-8f77-fbb4ca31d4b8,0.99999976,-0.1515139094229478,-0.26519932248175127
COMPETENCE,http://data.europa.eu/esco/skill/754de174-292f-4ddc-ae08-24b8fb8cff2e,0.9999999,-0.12130360368515931,-0.21556172177205968
CANDIDAT,PPPNR2506260033482,0.9999996,0.23495048582906386,-0.2234022171574933
CANDIDAT,PPBZV2505220029485,1.0000001,-0.16123144908165246,0.2601047111520477
OFFRE_EMPLOI,OFFRE_002709_13d3c98ef82e,0.9999998,-0.3659749805020719,0.018206201734522264
OFFRE_EMPLOI,OFFRE_013372_104fc07d9deb,1.0000001,-0.3177721960479236,-0.02906309504123342
CANDIDAT,PPPNR2504300027155,1.0000004,0.11800255401610985,0.1711628246564499
COMPETENCE,http://data.europa.eu/esco/skill/d283f0ad-aff5-4d08-9098-81151ec6c511,1.0000001,-0.10586969436277538,-0.24082834758834876
CANDIDAT,PPBZV2510030046286,0.9999998,-0.02119731033984278,-0.004272479929697261
COMPETENCE,http://data.europa.eu/esco/skill/dcdca4d4-f1a1-444c-ba47-c821f29eced9,0.99999994,-0.13425778112709788,-0.3736044457841923
CANDIDAT,PPBZV2505270029902,1.0000004,0.19460402128281803,0.6271350902939051
CANDIDAT,PPBZV2509050041196,0.9999998,-0.04100973330493275,0.07518554888921655
CANDIDAT,PPPNR2509020040662,1.0000002,0.4297591317868815,-0.14197835413070337
OFFRE_EMPLOI,OFFRE_004889_40f422b9f478,1.0000005,-0.45528457977573594,0.25621845167079926
COMPETENCE,http://data.europa.eu/esco/skill/85ab0f6b-1404-4f82-90ee-c6aac0c1ef10,1.0000007,-0.15131411760976993,-0.1802771979097234
OFFRE_EMPLOI,OFFRE_003954_456282584af3,0.99999976,-0.33972240902604894,-0.1869697106901828
OFFRE_EMPLOI,OFFRE_000790_e1801e3d961a,0.9999999,-0.39191035252158446,-0.17413843734072995
OFFRE_EMPLOI,OFFRE_000372_05cfe1e63c2b,1.0000006,-0.39414165870289813,-0.1800167448817799
OFFRE_EMPLOI,OFFRE_006271_aefd38a2217d,0.9999996,-0.5106058761855045,0.0522168825980016
CANDIDAT,PPBZV2505030027244,1.0,0.32854170861534726,-0.2744222349393193
CANDIDAT,PPBZV2512010053337,0.9999998,0.17161735179625595,-0.0413117223475859
OFFRE_EMPLOI,OFFRE_007384_174f8cbca592,0.99999976,-0.33972240902604894,-0.1869697106901828
COMPETENCE,http://data.europa.eu/esco/skill/2b76cbbf-eddc-4a12-a120-f4ea370820a5,1.0000001,-0.1236836409593236,-0.09168420813888227
OFFRE_EMPLOI,OFFRE_013784_d6e9f726c8ff,1.0000002,-0.44094301634145394,-0.06344507462867596
COMPETENCE,http://data.europa.eu/esco/skill/2d28964f-0a2d-4aa2-bc2d-c73f7a4442d6,0.99999976,-0.24774561554130137,-0.18633565650762804
OFFRE_EMPLOI,OFFRE_007063_3f6330ebef31,1.0000005,-0.6367369640085487,-0.02916098026147448
CANDIDAT,PPPLA2511030049862,0.99999934,0.19821305817113472,-0.06998292641140429
CANDIDAT,PPBZV2501270018573,1.0000001,-0.014093041472907158,0.530030898704712
OFFRE_EMPLOI,OFFRE_010572_55bd36798a16,1.0000007,-0.3473614988416054,-0.24377726020142496
CANDIDAT,PPPNR2503250023877,1.0,-0.004258774030287622,0.24865359932896436
CANDIDAT,PPBZV2509020040700,1.0000002,0.02201803428416395,0.480337928098812
CANDIDAT,PPBZV2507280036754,1.0000004,-0.0877594539292116,0.5255682636265191
CANDIDAT,PPPNR2509240044695,1.0000002,0.45687714401317847,-0.42888422520561476
CANDIDAT,PPPNR2505070027604,0.99999994,0.23567551021501423,-0.027448457667065898
CANDIDAT,PPBZV2502240021170,0.9999996,0.2323237843313121,0.16770778852404025
CANDIDAT,PPPNR2506110031753,1.0000001,0.46275290480638115,-0.38769242465312603
METIER,http://data.europa.eu/esco/occupation/0611f232-b30e-46c7-9c26-2d59b1448e79,1.0000005,-0.2729970767613696,-0.18563003694376146
CANDIDAT,PPBOU2510160047894,1.0000005,0.16973229102066573,0.4696308048678866
CANDIDAT,PPBZV2501030015705,1.0000001,-0.09601754844530398,0.3252875160342955
CANDIDAT,PPPNR2509230044409,1.0,-0.05306599810019972,0.13934767754564398
CANDIDAT,PPBZV2506180032664,1.0000006,0.10855723628633411,0.18778938886884622
COMPETENCE,http://data.europa.eu/esco/skill/b9b572bf-5e50-4588-8aa0-a42a49332467,0.99999994,-0.27148747248297694,-0.106076898136925
OFFRE_EMPLOI,OFFRE_002932_92c18f0a9240,0.9999999,-0.5621661158494895,0.02992288565865263
COMPETENCE,http://data.europa.eu/esco/skill/113de748-7d31-4cc7-b7c8-e34cad08a225,0.9999999,-0.1488235012901983,-0.3523947910470811
COMPETENCE,http://data.europa.eu/esco/skill/3586cb90-3fff-48ae-847b-e28a6680a87a,1.0000001,-0.2515033245591411,0.10059940004647554
CANDIDAT,PPPNR2512190056328,1.0000001,0.3294019952673156,-0.22767127792445394
CANDIDAT,PPBZV2505120027954,0.99999946,0.061985788343158064,0.013557444439238507
CANDIDAT,PPBZV2508110038305,1.0000001,0.1146916480411433,0.169985999676722
METIER,http://data.europa.eu/esco/occupation/55076d82-52a7-47eb-b882-f12322c42ecd,0.9999997,-0.06757302482132858,-0.127839146304616
CANDIDAT,PPPNR2501100016657,0.99999946,0.4309193989834115,-0.400118402431468
COMPETENCE,http://data.europa.eu/esco/skill/28123a65-be06-4466-b117-e2ff289899f8,1.0000004,-0.19265627057110446,-0.3493702820664315
CANDIDAT,PPBZV2512030053651,0.9999998,-0.015491035001873425,0.2141138816566559
CANDIDAT,PPBZV2509180043768,1.000001,0.08089122016592677,0.3132482883754214
COMPETENCE,http://data.europa.eu/esco/skill/e3211ab2-18b5-49b4-90de-d395f3be2378,0.9999995,-0.362583062939449,-0.19224972835983134
CANDIDAT,PPKOU2507080034750,0.9999996,0.15322516698740737,-0.09801894827279957
CANDIDAT,PPPNR2508180038914,1.0000006,0.13983125092832804,0.04925163493334019
CANDIDAT,PPBOU2507300037140,0.9999998,0.24481515537109014,-0.19217492131554073
CANDIDAT,PPPNR2504040024979,1.0,0.17204110711451523,0.08161250008619038
CANDIDAT,PPPNR2506050031145,1.0000001,0.09629808915660615,-0.045458261080642486
CANDIDAT,PPBZV2507240036486,1.0000005,0.12642065383647666,0.09698663397980944
OFFRE_EMPLOI,OFFRE_005553_aac4f855c5d8,0.9999999,-0.5706761360818307,-0.047057568975301625
CANDIDAT,PPPNR2511240052490,0.9999992,0.08526303661946327,-0.07144551519756884
CANDIDAT,PPBZV2508270039878,1.0000002,-0.12135354755423995,0.2552614439804305
METIER,http://data.europa.eu/esco/occupation/4cc98057-8ed5-4b45-855b-7a67bc2e5bae,1.0000005,-0.189483782863658,-0.13305223674114738
COMPETENCE,http://data.europa.eu/esco/skill/de5c97d3-ad28-49e8-bc97-fa5c7521d6f2,0.9999998,-0.175691275983633,-0.2707461296081727
CANDIDAT,PPBZV2508180039031,1.0000001,0.3079693980208959,0.23375856890735186
OFFRE_EMPLOI,OFFRE_002603_ca7e202d27f1,1.0000004,-0.21558990864767394,-0.16226871445557053
CANDIDAT,PPBZV2501100016579,0.9999995,0.16824547285574612,-0.1367811001564747
CANDIDAT,PPLIK2511160051489,0.9999995,0.16824547285574612,-0.1367811001564747
OFFRE_EMPLOI,OFFRE_011680_cbf93fa98887,1.0000001,-0.20377031771259627,-0.17853628443466604
CANDIDAT,PPBZV2512250056791,0.9999998,-0.03684311871927411,0.22103761099015598
CANDIDAT,PPBZV2504290026966,0.99999994,0.2830831360412978,-0.052645565188153436
CANDIDAT,PPPNR2503050021956,0.9999997,0.25340647410598,-0.11573558422251724
COMPETENCE,http://data.europa.eu/esco/skill/24c39caf-6f4d-4fa1-bd54-2eb917c0dfde,0.99999976,-0.11497971474452809,-0.1909729768718538
METIER,http://data.europa.eu/esco/occupation/a580e79a-b752-49c1-b033-b5ab2b34bfba,1.0000004,-0.1358600483709264,-0.02310445550669161
COMPETENCE,http://data.europa.eu/esco/skill/6542601c-92ee-4a03-abd9-fde0635727a2,0.9999998,0.04219710206219542,-0.27833769988033785
CANDIDAT,PPPNR2504300027116,0.9999998,0.1370974708863283,-0.03144205702737534
COMPETENCE,http://data.europa.eu/esco/skill/31f01be9-7bbf-4afb-a647-bcd4931cfc8b,1.0,-0.05579026792525753,-0.3321777923549746
CANDIDAT,PPPNR2506030030803,0.99999994,0.39624859324325173,-0.000611550455151621
CANDIDAT,PPBZV2502160020442,1.0000001,0.08460155394610724,0.16231238078296678
CANDIDAT,PPPARIS2510010045917,1.0000002,0.1039671081262193,0.46231766993112433
OFFRE_EMPLOI,OFFRE_008205_7b6f57ce7cbe,0.99999976,-0.5467393193170839,-0.18396790471618424
COMPETENCE,http://data.europa.eu/esco/skill/7c794fa9-7b30-40a4-a3c8-a34c6bdc367a,1.0000004,-0.20283346423118614,-0.17841710592241394
CANDIDAT,PPBZV2512100054801,0.99999976,0.02241254049212156,0.45897875563697704
OFFRE_EMPLOI,OFFRE_008734_ed2c9dd88923,1.0000002,-0.12894770276910986,-0.21533572085584232
CANDIDAT,PPBZV2506050031295,1.0000004,0.016006088425150344,0.03730657850997698
CANDIDAT,PPPNR2505060027448,0.9999993,0.1583838616957928,0.19045756625362736
CANDIDAT,PPBZV2501290018754,1.0000006,0.23010098520522546,0.03754892760000495
CANDIDAT,PPPNR2504230026593,1.0000002,0.4295126730821505,0.007067507296003117
COMPETENCE,http://data.europa.eu/esco/skill/814f3782-62cb-4af8-8b13-98a71c5f60a2,0.99999976,-0.09715129389945062,-0.3298041076156442
COMPETENCE,http://data.europa.eu/esco/skill/360c095b-b086-4613-a909-c12469f50364,1.0000001,-0.16722106325967293,-0.30086362825365
CANDIDAT,PPPNR2506300033939,1.0000004,0.12071456684687527,0.6594449702473482
CANDIDAT,PPPNR2512150055516,0.99999994,0.07536512428992716,-0.08627968380633168
CANDIDAT,PPPNR2506260033492,1.0000004,0.23038806552426883,0.09480300371711185
CANDIDAT,PPPNR2512290056933,1.0,0.024376617139058216,0.08102048059109669
CANDIDAT,PPPNR2507230036308,1.0000002,0.07869716636810048,0.029453053414252903
OFFRE_EMPLOI,OFFRE_013611_040312366b7a,0.99999976,-0.34161065453437844,0.08471278356424582
CANDIDAT,PPPNR2512100054843,0.9999998,0.2759645989624589,-0.05259182923407732
COMPETENCE,http://data.europa.eu/esco/skill/2ecf90f1-c511-464b-b26f-598d69182c70,1.0000005,-0.1464893419861223,-0.08386371993970985
CANDIDAT,PPPNR2503170023187,1.0000004,0.05843794504788251,0.33407217918696497
CANDIDAT,PPPNR2510240048861,0.9999994,0.2605663545970167,-0.1274671233654143
COMPETENCE,http://data.europa.eu/esco/skill/06b1f593-ac31-42ba-a2cd-5d86c755b416,0.99999994,-0.1505635617428773,-0.3293971475592518
CANDIDAT,PPPNR2512010053246,0.9999997,-0.034151915561086266,0.0908168853800834
CANDIDAT,PPPNR2502100019842,1.0000004,0.2991112742722387,-0.06828646475201242
COMPETENCE,http://data.europa.eu/esco/skill/a501695e-a054-409c-9456-75678b795245,1.0000001,-0.02883586140349748,-0.15190564826511818
CANDIDAT,PPBZV2509040041050,1.0000001,0.08460155394610724,0.16231238078296678
OFFRE_EMPLOI,OFFRE_009444_73ec8fb77a05,0.99999994,-0.3966262227526057,0.044239048842158575
CANDIDAT,PPBZV2506040031079,0.9999999,0.11879451268771223,0.22960240442468574
CANDIDAT,PPSAN2501070016202,0.9999997,0.13573838531002097,0.17398347552727675
CANDIDAT,PPBZV2503200023466,0.99999994,0.21880347873466438,0.4556824428311363
OFFRE_EMPLOI,OFFRE_004851_71b7a5fd9119,0.9999998,-0.5540260287429835,-0.09260091618147231
COMPETENCE,http://data.europa.eu/esco/skill/0e355580-bd4a-465a-8058-92984623070e,1.0000001,-0.0442427704367274,-0.46945001374927303
CANDIDAT,PPBZV2501150017182,0.9999996,0.3491515926887863,-0.18029857660491488
CANDIDAT,PPPNR2512100054787,0.99999964,0.29214424222924795,-0.03466509820178249
CANDIDAT,PPBZV2511140051330,1.0000002,-0.022796069918256282,0.4801638459942613
CANDIDAT,PPBZV2512080054339,1.0000002,0.1725405752134853,-0.002381787877151264
COMPETENCE,http://data.europa.eu/esco/skill/e40d5ab6-957c-414f-9a6f-5e4c6208420f,1.0000001,-0.14663506712489274,-0.18114444438530977
COMPETENCE,http://data.europa.eu/esco/skill/26068834-fa73-47b3-9f46-a8b551447854,1.0000004,-0.08776774968897993,-0.28254327728778544
COMPETENCE,http://data.europa.eu/esco/skill/26baf34d-6721-4bac-b7eb-add0bc566a82,0.9999997,-0.1501341067327131,0.03140635548734759
CANDIDAT,PPPNR2504020024683,1.0,0.22535527911670364,-0.026747493275101307
CANDIDAT,PPBZV2505180028896,0.99999994,0.17037503322058953,0.5784702487854179
OFFRE_EMPLOI,OFFRE_001258_6a7b3c5e8bb1,0.9999999,-0.39191035252158446,-0.17413843734072995
CANDIDAT,PPBZV2511280053027,1.0,-0.07883043860864289,0.09850990187799286
OFFRE_EMPLOI,OFFRE_008004_1002e3585e21,0.99999964,-0.6509966595788551,0.01759717185209422
COMPETENCE,http://data.europa.eu/esco/skill/b61a2c7f-b56a-47c2-a2ef-dc89736167d7,0.99999994,-0.06811863083884831,-0.002703351870465957
CANDIDAT,PPBZV2507290036951,0.9999993,0.046048561606782744,0.43158470934130444
COMPETENCE,http://data.europa.eu/esco/skill/74b89bd4-3490-401b-8be0-f1324f062793,1.0000002,-0.12412350294054068,-0.18587975407738114
OFFRE_EMPLOI,OFFRE_012581_bbe11d8413bc,0.9999997,-0.27982773186518356,-0.13219126049163402
OFFRE_EMPLOI,OFFRE_007105_aece700abdd0,1.0000002,-0.5652955851721752,0.058333884964776345
OFFRE_EMPLOI,OFFRE_005651_c06199e151ea,1.0000004,-0.5265817847777117,-0.07345935788982559
CANDIDAT,PPBZV2506240033282,0.9999999,0.028884624212591786,0.19964554563671238
CANDIDAT,PPBZV2510160047867,1.0000004,0.18781603811848427,0.05456262251030623
OFFRE_EMPLOI,OFFRE_005267_5a05b3316e23,1.0000001,-0.4394814154574998,0.2476905307547479
CANDIDAT,PPBZV2503280024180,1.0,0.19914974402022292,-0.04237500415370466
CANDIDAT,PPPNR2507160035615,1.0,0.37731967961594487,-0.322725257293925
CANDIDAT,PPPNR2506090031579,0.99999994,0.32775814948279164,-0.24624055424029442
COMPETENCE,http://data.europa.eu/esco/skill/0aabcae7-71de-456e-8e38-d9e40a4e0272,0.9999997,-0.140831448274568,-0.04256117771661276
OFFRE_EMPLOI,OFFRE_003157_c2c6e4274d0e,0.9999997,-0.5126802864874702,0.027971902911812077
COMPETENCE,http://data.europa.eu/esco/skill/805b73ff-4a51-4ed1-bebc-6fe6b1741a26,1.0000001,-0.12291892118779765,-0.28008767423963393
CANDIDAT,PPPNR2512290057027,0.99999976,0.20256477280544335,0.16839043384150074
COMPETENCE,http://data.europa.eu/esco/skill/90d7e643-1171-4e00-977f-de464d388b60,1.0,-0.1781611311961339,-0.0951290505450883
CANDIDAT,PPBZV2502020019161,1.0,0.1188626013183116,0.03424606055661519
COMPETENCE,http://data.europa.eu/esco/skill/49212efd-acf0-4257-a011-e07c9e369ecf,0.9999998,-0.10820141898815037,-0.09158515833821981
CANDIDAT,PPBOU2510210048268,0.9999997,0.2740890146801815,0.016034571684351594
CANDIDAT,PPPNR2511050050172,1.0000004,0.4688479471105309,-0.36050938482606026
CANDIDAT,PPPNR2509180043728,0.99999994,0.428965448040235,-0.22401037339452484
COMPETENCE,http://data.europa.eu/esco/skill/cd5efa8c-e44d-4cbc-91c6-796018dbed68,1.0000002,-0.2378612744633707,-0.2066692798906934
COMPETENCE,http://data.europa.eu/esco/skill/74744dfc-c201-489b-a080-08539882ada2,0.9999997,-0.12918453428693533,-0.08618564695033316
CANDIDAT,PPBOU2507020034129,1.0,0.17273386064490945,-0.12545700347232114
OFFRE_EMPLOI,OFFRE_013906_deedc9685df6,1.0000004,-0.20258384275787275,0.017509349051188502
CANDIDAT,PPPNR2503130022827,1.0000004,0.08084399069154287,0.04946809618003358
CANDIDAT,PPPNR2501070016272,0.9999994,0.06987673107325158,0.26936070102018705
CANDIDAT,PPBZV2511040050081,1.0000001,0.11610891797727069,0.07507814362227537
CANDIDAT,PPPNR2509120042364,1.0000001,0.1345674871957094,-0.16917002484299715
COMPETENCE,http://data.europa.eu/esco/skill/4e4ff19a-8c98-4350-8268-c3b63d4e0f09,0.99999946,-0.27062263443355994,-0.18442704180425656
OFFRE_EMPLOI,OFFRE_000791_ae6e22a55151,0.99999994,-0.39777718567458015,-0.1807479385344821
CANDIDAT,PPBZV2507310037271,1.0000004,0.11669795269674661,0.2985059753996416
CANDIDAT,PPBOU2507210036065,1.0000005,0.21004664887473729,-0.06834272413570282
CANDIDAT,PPPNR2503050022072,0.9999998,-0.09709512770591532,0.128459282197083
CANDIDAT,PPBZV2508070038007,0.9999997,0.11881794532660693,-0.05937194737272461
CANDIDAT,PPBZV2511210052240,0.9999998,0.36091855496307457,-0.22367276778365383
COMPETENCE,http://data.europa.eu/esco/skill/c0ccbd15-36f3-4515-ae0b-b4062d225ee2,0.99999964,-0.046394208810479017,-0.24103887793568748
CANDIDAT,PPBZV2505280030027,1.0000007,0.11719817293021363,-0.06220207791216365
CANDIDAT,PPPNR2508290040210,1.0000004,0.23776265609914188,0.01428382654230866
CANDIDAT,PPBZV2509260045276,0.9999999,0.09776714312189928,0.032380622585885206
CANDIDAT,PPBZV2509280045417,0.9999999,0.4110283807249568,-0.06152200534309164
CANDIDAT,PPPNR2503280024221,1.0,0.45445365105781577,-0.3549372407040284
OFFRE_EMPLOI,OFFRE_011263_dd0e8944a572,1.0000002,-0.26831042993038656,-0.02523037326141542
CANDIDAT,PPBZV2502030019252,1.0,0.23124457227768241,-0.06019487391501148
OFFRE_EMPLOI,OFFRE_012184_81cf5e0dc212,1.0000002,-0.07463638624288646,-0.19963977411663097
CANDIDAT,PPPNR2508190039107,0.99999994,0.24603043122059717,-0.15438960628846646
OFFRE_EMPLOI,OFFRE_001457_e62ffdab2136,0.9999995,0.01018654411246255,-0.02402410452355222
COMPETENCE,http://data.europa.eu/esco/skill/fe6a2b76-95f5-48b0-b120-a77d7d66794a,1.0000002,-0.14464244759899453,-0.1708869719739002
METIER,http://data.europa.eu/esco/occupation/d5eb6150-bbff-4a9c-9d0c-21eab4dbe2b6,0.99999994,-0.13265558649537385,-0.2198873950786603
CANDIDAT,PPPNR2508180038993,0.99999994,0.09183476631618485,-0.030901252390800566
CANDIDAT,PPBZV2503290024315,1.0,-0.06712452248033943,0.377354624086793
OFFRE_EMPLOI,OFFRE_007929_a2021f74df88,1.0000002,-0.58467418635151,-0.0841578885435997
CANDIDAT,PPPNR2504160026078,1.0,0.23552467876163982,0.09986074155037393
CANDIDAT,PPPNR2502050019501,1.0000002,-0.004240503013857209,0.11667681675551968
METIER,http://data.europa.eu/esco/occupation/cbdbe324-81fe-48da-a8f7-0106dd94a05b,0.9999999,-0.15456700334763765,-0.11557534278132674
CANDIDAT,PPBOU2512190056250,0.9999998,0.25938698823796663,0.0761208784781634
OFFRE_EMPLOI,OFFRE_011757_68585254e10b,0.99999934,-0.08248094409902892,-0.10004948928654217
OFFRE_EMPLOI,OFFRE_009187_3d65b13e6d75,1.0000001,-0.19947376955842,0.2046886964456901
CANDIDAT,PPBZV2505150028621,1.0,0.17273386064490945,-0.12545700347232114
CANDIDAT,PPPNR2506190032676,1.0000001,0.42467772840521223,-0.4114272047963306
CANDIDAT,PPBZV2505160028735,1.0000002,0.06605585724917142,0.466705284430623
OFFRE_EMPLOI,OFFRE_003385_a670d62ef2c2,0.99999994,-0.4801403050790902,-0.032479310939507976
CANDIDAT,PPBZV2504150025790,1.0000002,0.32270456300041733,-0.04758874584822084
METIER,http://data.europa.eu/esco/occupation/2c94916d-bd7d-4855-ab89-574d2c439a63,1.0,-0.025930025556464675,-0.3473299224859951
CANDIDAT,PPPNR2502060019659,1.0000002,0.45687714401317847,-0.42888422520561476
CANDIDAT,PPBZV2505160028692,0.99999964,0.09612179592008835,0.25994227265857867
OFFRE_EMPLOI,OFFRE_012303_0b9de4079341,1.0000004,-0.015975456713782175,-0.2979755664009099
OFFRE_EMPLOI,OFFRE_008467_1fb8af6d8b49,1.0000002,-0.6013156131350377,-0.04187015048535975
CANDIDAT,PPPNR2511240052420,1.0000002,0.3411552368863558,-0.1828325013568696
METIER,http://data.europa.eu/esco/occupation/8021f3a2-e3de-43c0-b366-075da74dc5b7,1.0000002,-0.09291685839101621,-0.24656870456303923
COMPETENCE,http://data.europa.eu/esco/skill/ac33e224-5027-4799-989a-b57db935f97a,0.9999998,-0.1942018735161557,-0.17286909660809832
COMPETENCE,http://data.europa.eu/esco/skill/089af6fe-a65e-4271-a232-b2d97ba6f43a,1.0000001,-0.3199418922266359,-0.05902692565704639
COMPETENCE,http://data.europa.eu/esco/skill/990c3121-1662-4421-a378-42f542ac94b1,0.99999994,-0.0682650958465875,-0.33079355086725415
COMPETENCE,http://data.europa.eu/esco/skill/b394396b-fa83-4e35-b51c-789349f8c3d1,1.0000004,-0.12573309275155442,-0.049563360092479164
CANDIDAT,PPBZV2511150051450,1.000001,0.026692481908530533,0.4467147714003623
CANDIDAT,PPPNR2503050022013,1.0000006,-0.14429419517135944,0.3555574258825921
COMPETENCE,http://data.europa.eu/esco/skill/8f32e02a-9290-47ab-ad28-6567bfc2f17a,1.0,-0.12873391275822277,-0.11832959631316269
OFFRE_EMPLOI,OFFRE_011400_963a94b33fbf,1.0000001,-0.13633550610067105,-0.03953175514328339
CANDIDAT,PPBZV2511250052657,0.99999994,0.20553842119044194,0.37994990343841867
OFFRE_EMPLOI,OFFRE_009580_e43229517c44,1.0000002,-0.31198887809679443,0.3222787773273625
OFFRE_EMPLOI,OFFRE_013514_e31ed7b13871,1.0000005,-0.042625478556261344,-0.15871987093382509
CANDIDAT,PPPNR2507250036613,1.0000001,0.38529724368443274,-0.1271214135208248
OFFRE_EMPLOI,OFFRE_013145_14f6859cdc92,0.99999994,-0.24879881939945123,-0.07144446475827153
COMPETENCE,http://data.europa.eu/esco/skill/8b7409b0-e18e-4dfc-9ad9-8ddbcce38849,1.0000005,-0.3154942826186265,-0.15838958875687303
CANDIDAT,PPPNR2502150020399,1.0000002,0.20340128104674834,-0.11645592810294611
CANDIDAT,PPPNR2503070022216,1.0,-0.011049232755535736,0.016573031532360543
CANDIDAT,PPPNR2504100025403,0.99999994,0.33692167743699586,-0.22726873678569776
CANDIDAT,PPPNR2510230048763,1.0000002,0.45687714401317847,-0.42888422520561476
OFFRE_EMPLOI,OFFRE_009768_b94e5e4fcf96,1.0000001,-0.23890916439126075,-0.059310854336243175
COMPETENCE,http://data.europa.eu/esco/skill/44832432-3bcc-4e62-8696-0411dd28e4b7,0.9999992,-0.06286934039500877,-0.20206939665646217
CANDIDAT,PPBZV2506250033290,0.9999999,0.2219309817446374,-0.08356357519792282
CANDIDAT,PPBZV2512050053979,0.9999998,-0.19540327329935406,0.2501400856040042
CANDIDAT,PPPNR2505060027535,1.0000004,0.22320458440768387,0.03670847135885984
CANDIDAT,PPBZV2506120031876,1.0,0.18012780460691755,-0.04679326217560439
CANDIDAT,PPPNR2505210029316,0.9999999,-0.1363882667549173,0.3514010292431079
COMPETENCE,http://data.europa.eu/esco/skill/0f365cf9-4f68-4a25-affc-75de20bcdc09,0.99999994,-0.24380968754614768,-0.08815324248092558
CANDIDAT,PPPNR2510030046296,0.99999976,0.02682180340618875,0.35215014207991546
OFFRE_EMPLOI,OFFRE_011952_ed79b6eccd2a,1.0000001,-0.11005891437003841,0.08879642268502909
METIER,http://data.europa.eu/esco/occupation/8b98dbc3-11f7-4720-86de-dcecee368be1,1.0000004,-0.0744851374833205,-0.21547848099766068
COMPETENCE,http://data.europa.eu/esco/skill/7427e10e-ee07-4cc9-b6ee-7925b457df13,0.9999997,-0.08496546321295596,-0.14967215267172082
OFFRE_EMPLOI,OFFRE_013566_70ea0fa24925,1.0,-0.1715964028586935,0.09000462463094017
CANDIDAT,PPPNR2506150032177,1.0,0.08024784929105093,0.31326045186051044
CANDIDAT,PPBZV2512080054229,0.99999994,0.06957008886041975,0.45337979753414054
CANDIDAT,PPPNR2510300049493,0.99999946,0.4309193989834115,-0.400118402431468
CANDIDAT,PPBOU2507080034816,1.0000002,0.20512727541273693,0.01481732817258682
CANDIDAT,PPPNR2511110050981,0.9999995,0.32185449882305117,0.1539801058066837
CANDIDAT,PPBZV2501060016057,0.9999996,0.12364522875523332,0.05875686043628084
CANDIDAT,PPBZV2502050019520,1.0000001,0.03446001134990829,0.32134175011023597
CANDIDAT,PPPNR2501210017811,0.9999998,0.34603251335802904,-0.1971638166222942
CANDIDAT,PPPLA2511170051616,0.9999997,0.04752710669314276,0.2111368137249305
CANDIDAT,PPBZV2505150028630,0.99999946,0.061985788343158064,0.013557444439238507
CANDIDAT,PPPNR2506120031886,1.0000006,0.019100258858906656,0.23419679001514068
OFFRE_EMPLOI,OFFRE_006686_16d697127b6b,1.0000001,-0.5790867000804185,0.07862108712945264
OFFRE_EMPLOI,OFFRE_001692_5ba75fce3559,1.0000002,0.042802865087902896,-0.17766775348952962
OFFRE_EMPLOI,OFFRE_007811_972a4afdbd5f,0.9999999,-0.49456103426735926,0.013689607626534024
CANDIDAT,PPLIK2508310040357,1.0000001,0.11724645635939734,0.02573343301436451
CANDIDAT,PPBZV2505240029639,0.9999994,0.14481320881711077,0.3900959354861412
OFFRE_EMPLOI,OFFRE_005529_ca948b932427,1.0000006,-0.6947995506002757,0.160374355998977
CANDIDAT,PPSAN2510270049062,0.9999999,-0.024632507245147324,0.20478222639590848
CANDIDAT,PPPNR2508010037405,1.0000002,0.45687714401317847,-0.42888422520561476
CANDIDAT,PPPNR2507250036696,1.0000002,0.30992039582461156,-0.16528298240404618
CANDIDAT,PPBZV2506180032601,1.0000004,0.13103032307241372,-0.052474518419859804
CANDIDAT,PPPNR2507070034682,1.0000005,0.1288754556774701,0.18862940551433335
CANDIDAT,PPPNR2507290036961,0.99999994,0.43546895142020164,-0.23871951747381984
CANDIDAT,PPBOU2512190056220,1.0000004,0.30025743722272413,-0.24435053193519884
COMPETENCE,http://data.europa.eu/esco/skill/768fe91b-ccde-4649-94f3-07be5d8b6be1,1.0000002,-0.09487784921888891,-0.061397274891884596
CANDIDAT,PPPNR2510300049524,0.9999996,0.26320778104370685,-0.11457588436301742
CANDIDAT,PPPNR2504280026903,1.0000006,0.06086755405576654,0.21654761614472037
CANDIDAT,PPPNR2506160032277,0.9999995,0.09854862958635162,0.4329645678482757
CANDIDAT,PPBOU2512150055517,1.0000001,0.11036249685290746,0.39842676251761105
OFFRE_EMPLOI,OFFRE_011014_cc3e3d108840,1.0000002,-0.4072234530565867,0.1345223329618007
COMPETENCE,http://data.europa.eu/esco/skill/fbca4e43-3816-44cf-81a5-d7b5ae320c00,0.99999994,-0.18151501008067997,-0.17894357797944718
CANDIDAT,PPBZV2510200048092,0.9999999,0.12040348474777722,-0.13867969065421676
METIER,http://data.europa.eu/esco/occupation/8918dda6-d99b-4572-a8ba-2a786bf5e4e9,1.0000007,-0.007774949585974547,-0.3747125640717523
CANDIDAT,PPBZV2509200044111,0.99999994,0.09729438767126351,0.3082055923533479
COMPETENCE,http://data.europa.eu/esco/skill/7229b6dc-e2ef-44fe-b9a1-06b1c1075d8f,1.0000001,-0.15353365556837004,-0.11391491599760123
CANDIDAT,PPBZV2506060031491,1.0000006,0.10855723628633411,0.18778938886884622
COMPETENCE,http://data.europa.eu/esco/skill/dd88bcb0-100a-4d48-896b-746c355fcd46,0.9999999,-0.12935645735596485,-0.14263831397218385
CANDIDAT,PPBZV2508060037942,1.0000001,0.08041278212117099,0.2893705086203296
COMPETENCE,http://data.europa.eu/esco/skill/587f6825-0ef1-4fb0-8425-71a50d786a37,0.9999999,-0.16231405302234062,-0.10258910424486078
CANDIDAT,PPPNR2508260039833,0.9999999,0.18932053042084404,-0.26650544721218083
METIER,http://data.europa.eu/esco/occupation/d23fbcdc-d5e9-4724-a83f-99a0cfa8adb0,1.0,-0.3015494776383176,-0.1542580774956455
OFFRE_EMPLOI,OFFRE_007243_045c19b75af4,1.0000005,-0.6602354559487317,0.1648703806470878
COMPETENCE,http://data.europa.eu/esco/skill/82394321-7f35-4a29-b2fa-4a58f66258f5,0.9999997,-0.029397381645022567,-0.323747256228384
CANDIDAT,PPBZV2504220026422,0.9999998,0.06167121961889178,-0.06458608710145874
CANDIDAT,PPBZV2503290024322,0.9999999,0.01128722937277795,0.06066857640945821
COMPETENCE,http://data.europa.eu/esco/skill/ad07f7a9-dca7-4e6b-9461-86145953f48a,1.0000002,-0.047569314754458226,-0.3285249953715433
CANDIDAT,PPPNR2503030021701,1.0000002,0.45687714401317847,-0.42888422520561476
CANDIDAT,PPPNR2504050025012,1.0000007,0.17932469424760192,0.010447103455883925
OFFRE_EMPLOI,OFFRE_005032_21421959b40d,1.0000002,-0.45275724112537213,0.11590472464476449
CANDIDAT,PPBZV2510300049596,1.0000002,0.12216397931358712,0.4040190664830052
COMPETENCE,http://data.europa.eu/esco/skill/937ee7bd-3824-4581-97d5-e28dbee6f71c,0.9999999,-0.15344950774735827,-0.21912287688936147
OFFRE_EMPLOI,OFFRE_007942_aacf690bff46,0.99999964,-0.6509966595788551,0.01759717185209422
CANDIDAT,PPBZV2502170020535,1.0000001,0.021364250196243616,0.40236342120347873
CANDIDAT,PPBOU2512290057033,0.99999976,0.10787990782101584,0.09328921487291546
CANDIDAT,PPPNR2510060046565,0.99999994,0.44647978994280985,-0.006688054544303462
METIER,http://data.europa.eu/esco/occupation/21af40bb-2ae3-4fc7-9b28-d2cdd8308912,1.0000005,-0.23348612876897276,-0.052387573002202426
COMPETENCE,http://data.europa.eu/esco/skill/287f92e7-3826-4c00-8c71-6c36fb8831e0,1.0000001,-0.08462026089132223,-0.29907302285007376
OFFRE_EMPLOI,OFFRE_001556_7392738b48c4,0.9999993,-0.27314969475530637,0.22710752649884253
CANDIDAT,PPPNR2508150038776,0.99999976,-0.01278580888506157,0.44830915835172686
METIER,http://data.europa.eu/esco/occupation/bd206ee9-61d6-45de-a369-0c71b8429efa,1.0,-0.24192425507309873,-0.19017245670461932
COMPETENCE,http://data.europa.eu/esco/skill/bdf14dfe-437d-4fb6-95f4-72da1a593384,0.9999997,-0.2495796713138947,-0.1672959611997264
CANDIDAT,PPKOU2509150043072,1.0000002,0.2992427102402154,0.11177061172058136
COMPETENCE,http://data.europa.eu/esco/skill/0d35b50a-c92d-4482-b650-2477e0dacc38,1.0000002,-0.06785829554520263,-0.2770432190010895
CANDIDAT,PPPNR2505220029391,0.99999976,-0.04401446120450899,-0.03164931367986319
CANDIDAT,PPBOU2512310057177,0.9999995,0.16824547285574612,-0.1367811001564747
CANDIDAT,PPPNR2510140047700,1.0000001,0.3813272872660063,-0.09991633134704349
OFFRE_EMPLOI,OFFRE_006270_cce09420414c,1.0000006,-0.6947995506002757,0.160374355998977
CANDIDAT,PPPLA2511070050444,0.99999994,0.18380101365945586,-0.23258428201087855
OFFRE_EMPLOI,OFFRE_002109_daf266758271,0.9999999,-0.39191035252158446,-0.17413843734072995
COMPETENCE,http://data.europa.eu/esco/skill/8c3ac8d1-5349-45bb-9006-e073ee3b5d16,0.99999976,-0.10669620531696017,-0.11906348699334804
CANDIDAT,PPPNR2507040034488,1.0,-0.03824694403869246,0.14960976296990405
COMPETENCE,http://data.europa.eu/esco/skill/77115e7d-94aa-44cf-aa9c-7ba1f77951aa,1.0000004,-0.03386341026401509,-0.13382664870508196
CANDIDAT,PPBOU2511240052380,0.9999998,0.356629583268703,-0.13721330207883461
CANDIDAT,PPBZV2509150042793,1.0000002,0.10475828546139883,0.4052262891564653
CANDIDAT,PPBZV2511050050282,1.0000001,0.13564230786988976,0.15318413992747665
CANDIDAT,PPBZV2510270049125,0.9999997,0.16077821890661442,-0.15932939377721822
CANDIDAT,PPPNR2505060027436,0.9999994,0.06526812377865168,0.062261847261266275
CANDIDAT,PPBOU2507280036786,0.99999994,0.014059312217577218,-0.10900513134868238
CANDIDAT,PPBOU2510210048266,0.9999998,0.2644979405290937,-0.084674687227891
OFFRE_EMPLOI,OFFRE_002557_4b4e7e604354,0.99999994,-0.24238097070000106,0.21929501446892577
CANDIDAT,PPBZV2506130032053,0.99999994,0.33692167743699586,-0.22726873678569776
COMPETENCE,http://data.europa.eu/esco/skill/b8956149-e3f5-4901-be79-4dc092b52630,1.0,-0.02061714917108818,-0.1690311927245908
CANDIDAT,PPBZV2510280049191,1.0,0.1914700185235806,0.3465327484881062
COMPETENCE,http://data.europa.eu/esco/skill/3c7d58c9-125e-4d8d-9102-b8022c54d0b5,1.0,-0.17978115451835366,-0.15738471854266908
COMPETENCE,http://data.europa.eu/esco/skill/f7091334-10da-4ad6-b74a-8528a01a03f4,1.0,-0.17401684971619674,-0.1821358567052009
CANDIDAT,PPPNR2512170055922,0.99999976,0.19246003075035203,0.04484941393370971
METIER,http://data.europa.eu/esco/occupation/802a0e5d-5625-4166-a1f0-d13e2586df55,0.99999976,-0.03308006309919965,-0.3861547773641306
CANDIDAT,PPBZV2510270049148,0.9999997,0.11881794532660693,-0.05937194737272461
CANDIDAT,PPBZV2506230033077,1.0,0.2773119349068418,0.045618455760933714
CANDIDAT,PPPNR2509120042428,1.0000002,0.2902489988608507,-0.054791966545102516
CANDIDAT,PPBZV2507250036545,0.9999999,0.13249153507394154,0.08918855703280568
OFFRE_EMPLOI,OFFRE_008259_f848c39cc4c7,1.0000002,-0.49416582030159967,-0.09437954399195418
OFFRE_EMPLOI,OFFRE_002102_3d4fb893f900,0.99999994,-0.10064588240455553,-0.05983216543653444
CANDIDAT,PPPNR2503170023144,0.99999964,0.11045093775488227,-0.042070048190441696
CANDIDAT,PPBZV2508280040097,0.9999998,0.09716422149309642,0.41029339157531486
CANDIDAT,PPBZV2506060031472,0.99999946,0.4309193989834115,-0.400118402431468
CANDIDAT,PPPNR2510080046830,0.9999998,0.22954864352543075,-0.037629009693615524
CANDIDAT,PPBZV2509170043599,1.0,0.060365589506836875,0.7131067634985687
CANDIDAT,PPBZV2509180043848,0.9999999,0.20304976078061923,0.4855173883741676
COMPETENCE,http://data.europa.eu/esco/skill/4fb7c7aa-9f19-4cc3-9e19-64ce564f22f5,0.99999994,-0.23674059581797333,-0.16409860025252254
COMPETENCE,http://data.europa.eu/esco/skill/dc721884-85c9-4cce-a34f-ecb1d67b129a,0.9999997,-0.1153295866377346,-0.11493375357762295
METIER,http://data.europa.eu/esco/occupation/1f31c047-3d72-45fe-83ff-91bd826913c6,0.99999964,-0.04818741236576279,-0.21528563548324575
COMPETENCE,http://data.europa.eu/esco/skill/bffec73f-1877-43fd-b4c4-16521ecf2815,0.9999994,-0.09810268891638022,-0.16760178509656407
OFFRE_EMPLOI,OFFRE_012366_bb42aca276c4,0.99999964,-0.1254582927239389,-0.190880790808655
CANDIDAT,PPBZV2502140020309,0.9999995,0.11348136840187209,0.45285431704064244
METIER,http://data.europa.eu/esco/occupation/e74513c3-8ba8-462f-978c-0450522f4427,0.9999998,-0.2084355447279971,-0.025211273978281497
CANDIDAT,PPBZV2504030024854,0.9999999,0.08799403324847058,0.16582539435981025
METIER,http://data.europa.eu/esco/occupation/c549f0de-c415-428e-865c-973bcd224b39,1.0000002,-0.258895581813293,-0.04408802969188234
METIER,http://data.europa.eu/esco/occupation/bd1cd902-1fb1-40b1-abce-bb9ef60805b4,0.9999998,-0.11231440763552428,-0.17095062918761025
OFFRE_EMPLOI,OFFRE_004707_b0a94c652c2c,1.0000004,-0.36899186254846494,0.06033331010803495
METIER,http://data.europa.eu/esco/occupation/3c1041c1-7a20-41fd-8cb2-529d7f671226,1.0000002,-0.10788692897619302,-0.08476956761866136
CANDIDAT,PPBZV2508020037501,0.9999998,0.1370974708863283,-0.03144205702737534
CANDIDAT,PPPNR2507070034608,0.9999997,0.3678204953318245,-0.3311711589466005
COMPETENCE,http://data.europa.eu/esco/skill/8a753714-9a19-4418-9b37-77e79d72c705,0.9999996,-0.06484945354484363,-0.28830491593084717
CANDIDAT,PPBOU2512170055943,0.9999998,0.3166980691089984,-0.25339806138642645
CANDIDAT,PPPNR2501170017507,0.9999999,0.4110283807249568,-0.06152200534309164
OFFRE_EMPLOI,OFFRE_002119_9ad7c5871e56,0.9999993,-0.27314969475530637,0.22710752649884253
COMPETENCE,http://data.europa.eu/esco/skill/91c6415a-6d77-4d45-a615-44475123b330,0.9999996,-0.09417182878661506,-0.19136172728054265
OFFRE_EMPLOI,OFFRE_013234_713cfd8b98f9,1.0000006,0.09931625949858634,-0.4245598135530287
CANDIDAT,PPBZV2507080034771,1.0000002,0.2055386675808305,-0.21099041426471316
COMPETENCE,http://data.europa.eu/esco/skill/a9622bbb-3a6f-4819-a3fe-cd6a447a78e9,1.0000001,-0.3571393551455305,0.03936872679131233
OFFRE_EMPLOI,OFFRE_009672_a05d439adc85,1.0000004,-0.07445838083476364,-0.19593448221110968
CANDIDAT,PPBZV2511010049783,1.0,0.21754342700751872,0.027731234026596198
COMPETENCE,http://data.europa.eu/esco/skill/0f8b7a8d-371b-4ee9-8f4e-3317442bd047,0.99999964,-0.11439281081374014,-0.26921307149728063
CANDIDAT,PPBZV2504010024519,1.0000001,0.14545578236395768,-0.030952251421830067
CANDIDAT,PPPNR2509150042875,1.0,0.179132391620729,-0.335218021585737
COMPETENCE,http://data.europa.eu/esco/skill/36fccad9-1d20-4104-bcc2-a8ea9d1ce5ea,1.0000002,-0.07644287166369211,-0.2545742704491324
OFFRE_EMPLOI,OFFRE_003305_a887d14cc8d7,1.0000001,-0.685580462232668,-0.006395590971684403
CANDIDAT,PPPNR2505140028302,0.9999999,0.07992421517107515,0.397298544475428
OFFRE_EMPLOI,OFFRE_001370_67449b76f15a,1.0000002,-0.09961281886863582,-0.10867331897480005
OFFRE_EMPLOI,OFFRE_005324_4307dce7c696,1.0000006,-0.6947995506002757,0.160374355998977
CANDIDAT,PPPNR2501140017064,0.9999995,0.16416532636572176,-0.19275017162577265
CANDIDAT,PPPNR2501030015809,0.9999996,0.016679141688041722,0.10760756562602829
METIER,http://data.europa.eu/esco/occupation/4d7d2628-1405-4ff2-b5b5-bd0d57ed9bbd,0.99999994,-0.17381950961462816,-0.06627587973403569
OFFRE_EMPLOI,OFFRE_010362_d17ab3b07d9f,0.99999964,-0.3572204105458252,0.02459285109628166
CANDIDAT,PPBZV2506250033335,0.9999998,0.31155928082168816,-0.10277005836600735
CANDIDAT,PPBZV2509170043584,0.99999994,0.13922003435067723,-3.0921170272500165e-05
CANDIDAT,PPPNR2509020040542,0.9999997,0.1944197744986616,0.6297209167424782
COMPETENCE,http://data.europa.eu/esco/skill/a7d6c0ed-f836-4a50-a2a6-69694f631ba2,0.9999993,-0.01935295926473315,-0.18349203025613842
OFFRE_EMPLOI,OFFRE_011930_7c9bc2c168ba,0.9999998,-0.15341178814141118,-0.08493730121219055
COMPETENCE,http://data.europa.eu/esco/skill/26509eec-d102-44f4-9c45-2137bc510db4,0.99999994,-0.0937253422842589,-0.17745089288680307
COMPETENCE,http://data.europa.eu/esco/skill/8e946faa-b350-4cbe-9eeb-6fee739e6d98,0.99999994,-0.010433497439214777,-0.24948591942924903
CANDIDAT,PPBZV2509040040929,0.99999946,0.4309193989834115,-0.400118402431468
CANDIDAT,PPPNR2510220048546,1.0000004,0.360147986135011,-0.15843056054948731
CANDIDAT,PPPNR2503240023719,0.9999998,0.1370974708863283,-0.03144205702737534
CANDIDAT,PPPNR2511260052704,1.0000001,0.0987740006279562,-0.02277108068850184
OFFRE_EMPLOI,OFFRE_002512_db4a5819bf48,1.0000001,-0.2127409262519172,0.24353837734522124
CANDIDAT,PPPNR2508290040295,0.9999999,0.07539750932055607,0.1920630457478561
OFFRE_EMPLOI,OFFRE_000960_64daa8de7516,0.9999995,-0.3105183176171692,0.18991277838252055
CANDIDAT,PPPNR2512310057230,0.9999997,0.16077821890661442,-0.15932939377721822
CANDIDAT,PPPNR2501290018836,1.0,0.18537888910524608,0.16148492633288264
OFFRE_EMPLOI,OFFRE_001282_8bcc1a30573d,0.9999999,-0.39191035252158446,-0.17413843734072995
CANDIDAT,PPPNR2508200039197,1.0,0.07914837190880869,0.10242079127991714
COMPETENCE,http://data.europa.eu/esco/skill/3c88c371-56cf-49b8-bad7-d575eb3f07b7,0.9999999,-0.20515231472015358,-0.22648019134541816
COMPETENCE,http://data.europa.eu/esco/skill/88f57ecb-41c7-4ef3-b7cd-7b117dcc6fef,1.0,0.050729832967714064,-0.36850676981996966
COMPETENCE,http://data.europa.eu/esco/skill/fad85f11-e21d-41f4-b221-2f8ab318d4ed,1.0,-0.1467936565838039,-0.3798020114042929
CANDIDAT,PPPNR2509180043824,0.99999964,0.18156095688359017,0.14817989667904993
CANDIDAT,PPBZV2509250045049,0.99999964,0.08834995623386813,0.08512231387662596
CANDIDAT,PPBZV2502250021272,0.99999964,0.09612179592008835,0.25994227265857867
OFFRE_EMPLOI,OFFRE_006394_23111f309951,0.9999999,-0.5988706589430176,-0.001503122454778377
CANDIDAT,PPPNR2503180023239,1.0000002,0.45687714401317847,-0.42888422520561476
COMPETENCE,http://data.europa.eu/esco/skill/0520d8ba-3c24-4f75-a8b0-f883ddeed82d,1.0000005,-0.17308893374413242,0.045836759574875714
CANDIDAT,PPPNR2502120020156,1.0000001,0.34298173736357357,0.11827561885888951
CANDIDAT,PPBZV2511280053034,0.9999997,-0.23096604502100151,0.26159069008429864
CANDIDAT,PPLIK2505140028336,0.9999995,0.16824547285574612,-0.1367811001564747
CANDIDAT,PPPNR2504040024882,0.99999994,0.08352376546189498,0.13651705662310157
CANDIDAT,PPPNR2510140047586,1.0000006,0.16888816273693735,0.10418393512614887
CANDIDAT,PPBZV2502100019859,1.0000002,-0.07898641617029012,0.36646785497277823
CANDIDAT,PPBZV2504180026292,0.9999993,0.05773365140185346,0.43434774650591834
CANDIDAT,PPPNR2510100047192,0.99999976,0.09760898106002618,0.19900536666100968
CANDIDAT,PPBZV2507220036252,0.9999994,0.11706424687765235,-0.052274734148716036
CANDIDAT,PPPNR2512300057113,0.9999996,0.4465303528037982,0.000541261171023734
CANDIDAT,PPBZV2510270049072,1.0000004,0.17240052559368177,-0.09176307200992442
COMPETENCE,http://data.europa.eu/esco/skill/09473fea-69ea-40dc-9ff4-bbaaff10840e,1.0,-0.13315545904395792,-0.029676184972263722
CANDIDAT,PPBZV2501020015623,1.0000002,0.12858856454830508,0.36047894904180017
COMPETENCE,http://data.europa.eu/esco/skill/2a95d8f8-dcd8-4052-9805-2dd9c507d372,0.9999994,-0.057991994867379104,-0.2968128116490228
CANDIDAT,PPPNR2508060037881,1.0000001,0.44241994120615313,-0.3182716875652418
COMPETENCE,http://data.europa.eu/esco/skill/2a910a87-2253-404c-b75d-05af9b3363e3,1.0000002,-0.1637162581581751,-0.31488261519140753
CANDIDAT,PPPNR2506020030622,1.0000005,0.0793405998863279,0.18785786861711903
OFFRE_EMPLOI,OFFRE_008356_4b97acd404f6,0.99999976,-0.4182242940905257,-0.04943954562523159
CANDIDAT,PPBZV2508220039543,0.99999976,0.08209717376646873,0.45419578043962483
COMPETENCE,http://data.europa.eu/esco/skill/fe8d1b3e-795d-43fe-b8ac-441266a51c33,0.99999976,-0.2688994219782484,-0.09858111037105412
CANDIDAT,PPPNR2501130016754,0.99999946,0.4309193989834115,-0.400118402431468
OFFRE_EMPLOI,OFFRE_013928_a4fae5522701,1.0000002,-0.31746140582806043,-0.06305316510968245
OFFRE_EMPLOI,OFFRE_010932_30a36a4906d3,0.9999999,-0.4392797464673109,0.12113466368868567
CANDIDAT,PPBZV2501250018354,1.0,0.030544798519540596,0.04258774352252791
CANDIDAT,PPPNR2507280036826,0.9999997,0.07031547068592342,0.30078004951776405
CANDIDAT,PPBZV2503080022330,1.0000001,0.19147455455481316,0.5245443380135533
CANDIDAT,PPPNR2511250052523,0.9999995,0.10534182991908288,0.39395785433488745
COMPETENCE,http://data.europa.eu/esco/skill/b3c8eada-b0a8-4b61-968b-b354fbfb6874,1.0000001,-0.30558276150643243,-0.10242289397386278
CANDIDAT,PPBZV2508060037950,1.0000002,0.1996742399501894,0.12934002411252363
CANDIDAT,PPPNR2508290040225,1.0000004,0.2044155608461343,-0.12766819663213647
CANDIDAT,PPPNR2510300049513,1.0000002,0.18781856895904855,-0.010663114350814549
CANDIDAT,PPPNR2504250026775,1.0000001,0.39599096608125683,-0.31819148667716257
CANDIDAT,PPBZV2503030021792,0.9999999,0.1497329847607665,0.506828524000876
OFFRE_EMPLOI,OFFRE_007918_c28cd1778e24,0.99999934,-0.4979193875135324,-0.034993255135657965
COMPETENCE,http://data.europa.eu/esco/skill/cad78dce-3e7c-4252-bd63-a274d464d520,0.99999994,-0.19532392655841999,-0.27530636605324005
OFFRE_EMPLOI,OFFRE_000978_bfb6742ef0f0,0.9999995,-0.27537952028893764,0.31972499784347785
METIER,http://data.europa.eu/esco/occupation/12da0bb1-26c8-46eb-9476-797f4f1c441e,1.0000001,-0.1851702396012699,-0.033017664671389564
OFFRE_EMPLOI,OFFRE_009920_f9fbbc31f86a,0.99999976,-0.3807948691362924,-0.19925242871018004
COMPETENCE,http://data.europa.eu/esco/skill/54c9c155-9293-4329-8ed2-2e76e8b519d4,0.9999999,-0.18300023331416193,-0.17153617906003354
CANDIDAT,PPPNR2504280026855,1.0000001,0.30589573015672866,-0.04997670448650464
CANDIDAT,PPPNR2508050037713,1.0000006,0.16631405527592816,0.03040328953498137
CANDIDAT,PPBZV2508120038420,1.0000002,0.1215831582764666,0.5397230387540864
CANDIDAT,PPBZV2506220032987,1.0000007,0.11031252679225788,0.25798021648578157
CANDIDAT,PPPNR2510080046948,0.9999995,0.2654207165166741,-0.004993630709362827
METIER,http://data.europa.eu/esco/occupation/7648d5d9-cfab-4981-ba82-b66a9a41d37e,1.0000004,-0.026489389508792316,-0.020411241803181778
COMPETENCE,http://data.europa.eu/esco/skill/8b80cd83-9b9e-4b7e-9618-803936046a96,0.9999999,-0.11193577824397709,-0.25263171081406316
COMPETENCE,http://data.europa.eu/esco/skill/e602f6c8-dad0-41cd-8379-eb287bc5f29f,0.9999998,-0.02266528421112959,-0.3299033166843048
CANDIDAT,PPNIA2506150032183,1.0000006,0.17539208057943284,-0.020655714971794695
CANDIDAT,PPPNR2508080038112,1.0000004,0.367390720722462,0.11718029842624891
OFFRE_EMPLOI,OFFRE_005100_6fd872c173ec,0.9999997,-0.3893697717623319,0.04088153936826999
COMPETENCE,http://data.europa.eu/esco/skill/3703eac1-8941-4d14-b305-b03f653b08c8,1.0000001,-0.27341802869948684,-0.1273912838163034
OFFRE_EMPLOI,OFFRE_013014_7c8408daf771,0.99999976,0.04328693862336688,-0.056042568610080334
CANDIDAT,PPPNR2505260029682,1.0000004,0.13103032307241372,-0.052474518419859804
OFFRE_EMPLOI,OFFRE_008691_bca9b9daf001,0.9999998,-0.42809161333732604,-0.05431139670236546
CANDIDAT,PPPNR2511140051399,1.0000001,0.28634612694939526,-0.09878144247009395
COMPETENCE,http://data.europa.eu/esco/skill/08f09776-a8cd-4981-a5d2-21e01ecf078d,1.0,-0.02509075406836685,-0.2845837951121041
CANDIDAT,PPPNR2506200032899,1.0000004,0.3350366781893935,-0.17460326857428363
COMPETENCE,http://data.europa.eu/esco/skill/38549a8a-dda2-4a17-893f-a007f933de8d,1.0000002,-0.23750504795543137,-0.13974734388140125
COMPETENCE,http://data.europa.eu/esco/skill/e8f25c61-547e-44c0-abbc-f273fcc449b0,1.0000006,-0.07352258263623986,-0.3400096749841898
COMPETENCE,http://data.europa.eu/esco/skill/3883f52f-9f86-45eb-9d41-80cf9b9d8e8f,1.0,-0.1019710721197222,-0.08976759495181932
COMPETENCE,http://data.europa.eu/esco/skill/f780a6ad-b01e-4c35-9746-af8fc0c5ad06,0.99999964,-0.3060001807108824,-0.061215662388174386
COMPETENCE,http://data.europa.eu/esco/skill/50ab7296-bc34-4cb1-9fdb-7cf7b6f80f9c,1.0000001,-0.06252060686320586,-0.18234303651383832
METIER,http://data.europa.eu/esco/occupation/4542ff68-f809-4ba1-857c-fd26d0914eaa,0.99999934,0.02968410746549738,-0.3002252999417979
METIER,http://data.europa.eu/esco/occupation/72d03aad-2003-404e-ae71-a37206e3566b,0.9999995,-0.06533221686985076,-0.27073602544089953
CANDIDAT,PPPNR2509150043070,1.0000001,0.08288289960379369,0.3632532670069481
CANDIDAT,PPNIA2512120055219,1.0000002,-0.03919186570403737,0.2189706469208053
COMPETENCE,http://data.europa.eu/esco/skill/1ead478f-4e9d-4aa7-a728-823fc1e894f5,0.99999994,-0.05517648166721485,-0.21884319634145522
OFFRE_EMPLOI,OFFRE_012867_a660ac64a336,0.99999976,0.05941220070531766,-0.17906201719431028
CANDIDAT,PPPNR2502170020513,0.9999999,0.16751860944884764,-0.041599723942156865
OFFRE_EMPLOI,OFFRE_003491_7220b6550de7,0.9999999,-0.5988706589430176,-0.001503122454778377
CANDIDAT,PPPNR2505230029581,1.0000001,0.42467772840521223,-0.4114272047963306
CANDIDAT,PPPNR2504030024827,1.0000004,0.23719108299604327,0.18204022571408743
CANDIDAT,PPPNR2511140051426,1.0,-0.0448024730646538,0.08515256530844674
CANDIDAT,PPPNR2511110050842,1.0000005,-0.0016392785688316243,0.08796485611388341
OFFRE_EMPLOI,OFFRE_003766_e3c3e49d79cd,0.9999998,-0.5758809016002215,-0.08903757205501345
CANDIDAT,PPPNR2501170017550,1.0000004,0.053847430795911026,0.13012484478711225
CANDIDAT,PPPNR2504090025337,0.9999997,0.13704193707907222,0.03331898302121389
CANDIDAT,PPBOU2512020053527,0.9999998,0.31155928082168816,-0.10277005836600735
CANDIDAT,PPBZV2501070016121,1.0000001,0.035710524798763,0.4903609918471447
CANDIDAT,PPBZV2512180056015,1.0,0.3089849072017148,-0.031070395147718997
CANDIDAT,PPBZV2501200017674,1.0000001,0.1062520447628477,0.3866710107235246
COMPETENCE,http://data.europa.eu/esco/skill/1263904f-1c2c-48f5-a6ca-0176ef5d2060,1.0000005,-0.1897214682393631,-0.288222318190207
COMPETENCE,http://data.europa.eu/esco/skill/87a7c61b-732f-40e7-8012-48ed155c20e8,1.0,-0.09530710981536906,-0.13432134567369494
CANDIDAT,PPBZV2509150042758,0.99999946,0.3683428640276179,-0.28473328179478075
CANDIDAT,PPPNR2507040034383,1.0000002,0.20600491459575712,0.03586946470340449
CANDIDAT,PPPNR2508180039015,1.0000006,0.2831299080565755,-0.2264983100955394
CANDIDAT,PPPNR2507280036812,0.9999999,0.3385784808351354,-0.26118191929914963
CANDIDAT,PPPNR2504220026432,0.9999999,0.17138865998851444,-0.16725392793455307
COMPETENCE,http://data.europa.eu/esco/skill/3ddd316c-43c5-4e77-8ef9-1564851a4618,0.9999995,-0.23112812140983074,-0.05847824678821241
OFFRE_EMPLOI,OFFRE_003735_cc8edc36fd62,0.9999997,-0.5409895071418749,-0.10504750585484482
CANDIDAT,PPBZV2502060019664,0.9999999,0.21679381483188448,0.5176595930948658
CANDIDAT,PPBZV2512300057145,1.0000005,0.130944487918437,0.5128993425342218
CANDIDAT,PPPNR2508220039551,1.0000005,0.24316781924069306,-0.1809009298011001
CANDIDAT,PPBZV2505310030314,1.0,0.16438824623006174,0.47431124253795226
CANDIDAT,PPPNR2502280021574,1.0000006,0.03914244160824376,0.2649545434868229
OFFRE_EMPLOI,OFFRE_006392_1980e4d2757f,1.0,-0.5033888462493079,-0.14887494738695106
CANDIDAT,PPPNR2509130042659,0.99999964,0.2150619810877758,0.32803186366596954
CANDIDAT,PPBZV2506020030371,0.9999998,0.2546035116349691,-0.18586432427843333
CANDIDAT,PPAUT2506070031514,0.99999964,0.2150619810877758,0.32803186366596954
METIER,http://data.europa.eu/esco/occupation/5dd01019-3999-4d90-bc8a-7a04b0b208b0,0.99999994,-0.046416809050475794,-0.2701477474094263
CANDIDAT,PPPNR2505220029398,1.0000001,0.39599096608125683,-0.31819148667716257
OFFRE_EMPLOI,OFFRE_004343_1b0c46be0ab9,0.9999998,-0.5732486433945825,-0.02448136547364427
CANDIDAT,PPBZV2508050037723,0.9999996,0.1509397517165378,-0.06177841969712563
CANDIDAT,PPBZV2511070050472,1.0000001,0.32634537451629225,0.14705494689292897
COMPETENCE,http://data.europa.eu/esco/skill/3cb68bb2-66fc-495a-af82-012338a9402b,1.0000001,-0.2693195320849594,-0.1487524537942486
CANDIDAT,PPBZV2505210029311,0.99999976,0.14604854628094466,0.010698732027508932
COMPETENCE,http://data.europa.eu/esco/skill/f33435ca-ec16-4bf1-8569-abf2ce8f04e3,1.0000002,0.0860907229221165,-0.3582671403592875
OFFRE_EMPLOI,OFFRE_003820_7b0c2687e620,1.0000008,-0.682031115912034,0.05541465851628912
OFFRE_EMPLOI,OFFRE_009773_a85047b84237,0.9999999,-0.22993085697942836,0.330630085103857
CANDIDAT,PPBZV2501270018495,0.99999994,-0.10112647715790674,0.31177622454593407
CANDIDAT,PPPNR2502130020236,1.0,0.25522055136150673,-0.14854360278642004
CANDIDAT,PPBZV2511040050106,1.0000005,0.18772556964721795,0.46968374001319557
CANDIDAT,PPPNR2512020053570,0.9999996,-0.036871948958585435,0.17708967746463522
CANDIDAT,PPBZV2502110019969,1.0000005,0.21391351117352822,0.6126994316573083
CANDIDAT,PPPNR2512160055730,1.0000001,0.3518245035620629,0.03566104911276842
CANDIDAT,PPBZV2510100047216,1.0000004,-0.04663724204445343,0.1428348555731079
CANDIDAT,PPBZV2509290045481,0.99999964,0.16123067585458256,0.040217015498218406
COMPETENCE,http://data.europa.eu/esco/skill/bfe54838-37e3-44b5-a387-97ef728410df,1.0,-0.052408940910502466,-0.1813986360875636
COMPETENCE,http://data.europa.eu/esco/skill/5d5f0963-a8b7-4a4f-a8f5-05b3142752b9,0.99999994,-0.13820528603427937,-0.14598044416230418
OFFRE_EMPLOI,OFFRE_005642_fcd51ee8e77b,0.9999998,-0.5758809016002215,-0.08903757205501345
COMPETENCE,http://data.europa.eu/esco/skill/f0737aae-0908-4c1b-a016-8858deecd8d8,1.0000001,-0.1181193462047642,-0.3277038947161496
METIER,http://data.europa.eu/esco/occupation/068df7d1-516f-4829-b339-294cb0cf6318,0.9999998,-0.31626827329499896,-0.17877605415735354
COMPETENCE,http://data.europa.eu/esco/skill/2a314d49-c071-403b-9cc8-75aea53e7859,1.0000004,-0.3147149541404864,-0.11634352407088827
CANDIDAT,PPPNR2512300057149,0.9999995,0.20942795532797967,-0.1556857369280925
CANDIDAT,PPPNR2511040050129,0.99999964,0.05878928335872899,0.016630706847032446
OFFRE_EMPLOI,OFFRE_007516_78616bd437e9,1.0000002,-0.5562385770302913,-0.20564637391928936
CANDIDAT,PPBZV2503110022507,1.0000004,0.05374410575302949,0.48843237724605243
OFFRE_EMPLOI,OFFRE_013545_42c4c757e941,1.0000004,-0.05424121273046399,-0.13767467549177623
COMPETENCE,http://data.europa.eu/esco/skill/e5c8a118-7c1d-49c3-9c57-e72d987d6399,0.99999994,-0.15452924915140714,-0.20665031962581443
CANDIDAT,PPKOU2501220018058,0.99999994,0.18610966133105433,0.6705560222853352
OFFRE_EMPLOI,OFFRE_001008_231831811a8a,0.9999995,-0.3105183176171692,0.18991277838252055
CANDIDAT,PPPNR2511050050132,0.9999995,0.14020618831269546,0.016345012722762085
COMPETENCE,http://data.europa.eu/esco/skill/33e45139-5f77-45a6-b508-9d1cdca431a8,1.0,-0.07311878957518743,-0.31217210134003304
CANDIDAT,PPPNR2510090047036,0.99999976,0.11236338589629948,-0.0477485566741992
CANDIDAT,PPBZV2509260045316,0.99999976,0.510723476013646,0.00890801621895208
CANDIDAT,PPBZV2502070019735,1.0000005,0.130944487918437,0.5128993425342218
CANDIDAT,PPPNR2508060037945,0.9999998,0.24481515537109014,-0.19217492131554073
CANDIDAT,PPBZV2509070041381,1.0000005,0.0008140949708638553,0.2841652584285577
CANDIDAT,PPPNR2507240036461,0.9999997,0.10314340207389495,0.1781288466604333
CANDIDAT,PPBZV2502240021172,1.0000001,0.1372731471908806,0.2720585859461401
CANDIDAT,PPBZV2508150038755,1.0000002,0.013831359544688013,0.011370035065823444
COMPETENCE,http://data.europa.eu/esco/skill/25d168e5-ad10-42a8-9f00-9e1417c8ae36,0.9999997,-0.08768646059874866,-0.21336020715494636
CANDIDAT,PPPNR2510030046279,0.9999999,0.33918017466775024,-0.17430495051882752
COMPETENCE,http://data.europa.eu/esco/skill/2d158a78-179e-48e3-ab6f-dd5df7aedadb,1.0000001,-0.06796103573671272,-0.2727088387268557
OFFRE_EMPLOI,OFFRE_003757_6b3feed1ab56,1.0000006,-0.46998919324082156,0.23215392542017427
CANDIDAT,PPPNR2512010053308,0.99999964,0.20549465465055228,0.49918417913562774
COMPETENCE,http://data.europa.eu/esco/skill/886f4899-872a-4100-94ac-d331e827a99d,0.9999997,-0.2252669807150765,-0.1814154205198546
CANDIDAT,PPBZV2511170051517,0.99999994,-0.14621702659304509,0.22908188313980057
CANDIDAT,PPPNR2506110031626,1.0,0.37465601246804164,-0.05128292412167831
COMPETENCE,http://data.europa.eu/esco/skill/098a4bcc-05b1-41c2-a503-109a4f4ef035,1.0000002,-0.0043211043184905795,-0.3962580904767021
CANDIDAT,PPPNR2503110022515,1.0000001,0.06120297973528918,0.1125457058912528
CANDIDAT,PPPNR2509150042859,0.99999994,0.4250637519826014,-0.35307488283521277
COMPETENCE,http://data.europa.eu/esco/skill/e70bd0be-12c3-4d28-b440-7f706fa29733,0.9999999,-0.16907772620502862,-0.21674174555444742
CANDIDAT,PPPNR2512250056792,0.9999999,0.4313619073945016,-0.37558684498034983
CANDIDAT,PPPNR2512120055210,1.0000002,0.07632355412969105,-0.08410481613560336
CANDIDAT,PPBZV2508190039090,0.99999976,0.09326954186696931,0.4108624880456184
METIER,http://data.europa.eu/esco/occupation/a527f263-0feb-4d55-b416-0577e9dc7847,1.0000004,-0.1992100570784246,-0.109314979232731
CANDIDAT,PPBZV2506030030879,0.9999999,0.09776714312189928,0.032380622585885206
CANDIDAT,PPBZV2508030037547,1.0000002,0.1039671081262193,0.46231766993112433
OFFRE_EMPLOI,OFFRE_003718_ce3e1485d52a,1.0000006,-0.3942538816920471,0.37004194623156633
METIER,http://data.europa.eu/esco/occupation/1d6fbb43-f4c7-4839-8099-55eae5d424a5,0.99999964,-0.18801417330806186,0.07627138248259319
CANDIDAT,PPPNR2508040037580,1.0000001,0.03446001134990829,0.32134175011023597
CANDIDAT,PPPNR2510100047236,0.99999994,0.27762901697394887,-0.2502183050485182
CANDIDAT,PPBZV2505190029001,0.99999994,0.07251928289774975,0.19391057402181378
OFFRE_EMPLOI,OFFRE_006181_acdf7a1e4db0,1.0000004,-0.40187151733837884,-0.17169126194203815
CANDIDAT,PPPNR2504240026631,1.0,0.17273386064490945,-0.12545700347232114
OFFRE_EMPLOI,OFFRE_004392_e65d10968f99,0.9999995,-0.3915076263294158,-0.17617635416942956
COMPETENCE,http://data.europa.eu/esco/skill/c5422318-3218-4ce9-9bdd-f38b93ff63a3,1.0000001,-0.16576014962951927,-0.17684807754893847
CANDIDAT,PPBZV2507140035416,1.0000002,0.39134142790060794,-0.41371218192819464
CANDIDAT,PPBZV2506040030967,1.0000001,0.42467772840521223,-0.4114272047963306
OFFRE_EMPLOI,OFFRE_013462_4359568eb87d,0.99999994,-0.07563386188943091,0.22427300566402297
COMPETENCE,http://data.europa.eu/esco/skill/09037bf7-d66d-46d2-9d32-f3ff4aa25135,0.99999994,-0.2134902672657572,-0.3028707835253814
CANDIDAT,PPBZV2506160032302,0.9999998,-0.10717175317354587,0.2492421885293204
CANDIDAT,PPBZV2511040050086,1.0000001,-0.07003006640800137,0.09634991772888096
CANDIDAT,PPPNR2508190039095,1.0000002,0.45687714401317847,-0.42888422520561476
CANDIDAT,PPBZV2505310030307,0.9999995,0.21344963537063133,-0.022508869566790064
CANDIDAT,PPPNR2512150055485,1.0,0.2618569302273144,-0.06458668453981146
OFFRE_EMPLOI,OFFRE_005622_999e59cbca79,0.99999994,-0.4801403050790902,-0.032479310939507976
CANDIDAT,PPBZV2512030053669,1.0000001,0.4502176024730083,-0.16856408288056882
CANDIDAT,PPBZV2503260024027,0.9999998,0.059063469814706386,0.22064872349900913
COMPETENCE,http://data.europa.eu/esco/skill/08a65612-a801-4b84-933b-192bc8378e64,1.0000005,-0.08635253001519007,-0.245311818452927
METIER,http://data.europa.eu/esco/occupation/379a4f3f-4985-4764-8b2f-037946da855d,0.9999999,-0.14877317198069226,-0.04378656992035431
CANDIDAT,PPPNR2507300037238,1.0,0.08024784929105093,0.31326045186051044
CANDIDAT,PPBZV2503030021786,0.9999997,0.4195824366558095,-0.31585083319967155
CANDIDAT,PPBZV2503110022517,1.0,0.02569639192722741,-0.04691183061538375
COMPETENCE,http://data.europa.eu/esco/skill/633b72c4-1da1-45ae-b989-4d1a5bcab1a7,0.9999998,-0.24822968259679418,-0.08194162486892154
METIER,http://data.europa.eu/esco/occupation/4d102082-8d43-4c59-81ab-08a7509f3c40,0.9999997,-0.2532001210307136,-0.18239602770430274
CANDIDAT,PPBZV2512080054323,1.0,-0.020373744879770242,0.1147653408065628
OFFRE_EMPLOI,OFFRE_012125_aa9f496ea0fc,1.0000001,-0.03164286109684925,0.0732715768879065
CANDIDAT,PPPNR2506270033672,1.0000001,0.11064797133512824,0.21017483151713556
OFFRE_EMPLOI,OFFRE_004855_b197d694a2f9,0.9999999,-0.49456103426735926,0.013689607626534024
COMPETENCE,http://data.europa.eu/esco/skill/867ad40d-bd25-46d1-88b5-27381f673ad5,1.0000002,-0.1938592984933875,-0.2556023067897204
OFFRE_EMPLOI,OFFRE_011115_a0f004f7ee4f,1.0000001,-0.23713884178205644,-0.21160796802288737
OFFRE_EMPLOI,OFFRE_012468_85949253da1d,1.0000007,-0.07556399707354852,-0.03595007035512023
CANDIDAT,PPBZV2505270029989,1.0000002,0.24873256216687306,-0.07649931149703146
OFFRE_EMPLOI,OFFRE_008451_820396365a2f,0.99999964,-0.6509966595788551,0.01759717185209422
CANDIDAT,PPBZV2501100016679,0.9999998,0.06011810602281477,0.11995259951559524
CANDIDAT,PPBZV2508280039967,1.0000002,-0.14406585610603637,0.23525273312879955
CANDIDAT,PPBZV2510270049058,0.9999999,0.15264876929061963,0.2517810677771388
CANDIDAT,PPPNR2509010040383,1.0,0.23552467876163982,0.09986074155037393
CANDIDAT,PPBZV2509090041668,0.9999998,0.1594233804639144,0.023181704356536714
COMPETENCE,http://data.europa.eu/esco/skill/df5bbca9-dd22-45a8-b87f-bf84fdc98096,0.9999999,-0.16626769306320283,-0.30348707304884287
CANDIDAT,PPBZV2501280018694,0.99999994,0.15833146784725258,0.1839471508979792
OFFRE_EMPLOI,OFFRE_011055_d18f946309b4,1.0000001,-0.4712057845436009,-0.11351313555994405
OFFRE_EMPLOI,OFFRE_008279_7deba850fab7,1.0000001,-0.2648732270580945,0.018531528527820928
OFFRE_EMPLOI,OFFRE_006111_318e2dfbf36f,0.99999994,-0.519325604656349,-0.12387020319989679
COMPETENCE,http://data.europa.eu/esco/skill/562b1180-83e7-4041-8468-2f28d03b7893,1.0,-0.11939916813156382,-0.25809427129803264
CANDIDAT,PPBZV2508290040208,1.0000002,0.12015674816398468,0.5075095543906825
COMPETENCE,http://data.europa.eu/esco/skill/235b15d9-5ccd-4406-8993-f6dd0de2c4c9,0.99999964,-0.05282245787232474,-0.08876418560888591
CANDIDAT,PPBZV2506270033722,1.0,0.22877305884166907,-0.04725834417696734
CANDIDAT,PPBZV2511180051740,1.0000001,0.19147455455481316,0.5245443380135533
OFFRE_EMPLOI,OFFRE_003290_8f5cf9da8c56,1.0000004,-0.5394411894705514,-0.014648491562868257
OFFRE_EMPLOI,OFFRE_001794_67eb093924a3,0.99999934,-0.35863625624532697,0.29614364587945047
OFFRE_EMPLOI,OFFRE_000403_63d420ec4424,0.9999997,-0.27589014523602745,0.3219567487189134
OFFRE_EMPLOI,OFFRE_008683_e824757a8ff2,1.0000005,-0.46117366933927345,-0.12287012609673252
CANDIDAT,PPPNR2508040037589,0.9999995,0.3434060875841046,-0.18523577685167678
OFFRE_EMPLOI,OFFRE_005754_60991a3cf5bd,0.99999994,-0.519325604656349,-0.12387020319989679
METIER,http://data.europa.eu/esco/occupation/12142c2c-9b6f-4e4f-8153-f1a51554e4e0,0.9999999,-0.009632715197345007,-0.2649747723967611
OFFRE_EMPLOI,OFFRE_005645_70358077efc3,0.99999976,-0.6921759799748318,0.011462457146867219
CANDIDAT,PPBZV2507310037360,1.0,0.0909057909478901,0.2827887417015303
CANDIDAT,PPBOU2508130038609,0.99999994,0.19865519166441573,-0.1519302873821956
METIER,http://data.europa.eu/esco/occupation/72628f3a-fd49-499a-9741-870b0a1fcef2,1.0000004,-0.0908693653255013,-0.04730935997083378
CANDIDAT,PPBZV2510200048243,1.0000005,0.16973229102066573,0.4696308048678866
COMPETENCE,http://data.europa.eu/esco/skill/4b15a965-9bb4-42f1-8e44-1024aeb0b08c,1.0000001,-0.10156398934855672,-0.23109008430854588
COMPETENCE,http://data.europa.eu/esco/skill/a762f4cd-b6bb-419b-834a-71f3ed367e5c,1.0000001,-0.18135916452651377,-0.055524493882309865
OFFRE_EMPLOI,OFFRE_006585_2cad46d0ff80,1.0000002,-0.5490772973456706,0.05173943489443496
CANDIDAT,PPPNR2509160043258,1.0,0.0797346494297971,0.4860928005847705
CANDIDAT,PPBOU2511240052361,1.0,0.17273386064490945,-0.12545700347232114
COMPETENCE,http://data.europa.eu/esco/skill/7bb85eab-18df-437c-adce-7b729abb315e,1.0,-0.06924817725305185,-0.24188109539512087
CANDIDAT,PPBZV2505090027812,1.0000001,0.11064797133512824,0.21017483151713556
COMPETENCE,http://data.europa.eu/esco/skill/981616a1-2718-419c-b99f-53460cd873a8,1.0,-0.24953931899287818,0.01807352918345216
OFFRE_EMPLOI,OFFRE_007817_205fc1c37377,0.9999996,-0.34674432517429177,-0.04391260912729101
COMPETENCE,http://data.europa.eu/esco/skill/e2ba5755-d934-486e-b6cb-a938c2857b79,0.9999998,-0.07603389056881774,-0.30359788814673966
CANDIDAT,PPPLA2511030049833,1.0,0.23346583185380715,0.5888484567150476
CANDIDAT,PPPNR2504090025293,1.0,0.3866545050318028,-0.14456491681187497
CANDIDAT,PPPNR2507160035677,0.9999995,0.21492785021066074,0.6406358349669738
OFFRE_EMPLOI,OFFRE_004537_c0dd3a41449c,0.99999976,-0.643028167189312,-0.08990762677370279
CANDIDAT,PPBZV2501060015964,1.0000001,0.13904767161698464,0.47147294780575016
CANDIDAT,PPPNR2501150017148,0.9999994,0.26070704835846364,-0.14528262637475395
CANDIDAT,PPBZV2511110050894,0.9999997,0.0012056034597856715,0.2540526359538574
OFFRE_EMPLOI,OFFRE_008603_724c07786ede,1.0000001,-0.5273759156421439,0.07248933356552831
CANDIDAT,PPPNR2511210052115,0.9999996,0.0823373835856841,0.29176984165970565
CANDIDAT,PPBZV2509170043499,1.0000001,0.08041278212117099,0.2893705086203296
CANDIDAT,PPPNR2510020046153,0.99999964,0.47156875581924723,-0.3262068009312179
CANDIDAT,PPBZV2511130051208,0.99999994,0.059760910434694114,0.022491650830212213
OFFRE_EMPLOI,OFFRE_009185_765bc8840a88,0.9999997,-0.25863698501105187,-0.2763360707969508
COMPETENCE,http://data.europa.eu/esco/skill/0ecb719a-15b4-45c9-86b3-34153fd102ed,0.99999994,-0.1562267103856234,-0.3203115544269733
CANDIDAT,PPPNR2512050054036,0.9999998,0.12237922610177214,0.14749971097298017
CANDIDAT,PPPNR2506110031669,1.0,0.17273386064490945,-0.12545700347232114
CANDIDAT,PPBOU2507100034970,1.0000005,0.12689185841901773,0.01795808670693244
OFFRE_EMPLOI,OFFRE_003975_1bb7fc64db4c,1.0000004,-0.3215055103371267,0.27430807950750963
CANDIDAT,PPPNR2506250033312,0.99999994,0.33692167743699586,-0.22726873678569776
CANDIDAT,PPBZV2501280018605,0.9999999,0.22507132683428188,-0.08310318277452707
CANDIDAT,PPBZV2509120042443,1.0,0.0026940940120838653,-0.0010407763805049452
COMPETENCE,http://data.europa.eu/esco/skill/2d1af56f-9771-4b80-a0e5-0f004cd15aa3,0.9999999,-0.125552107397748,-0.04476318241643306
CANDIDAT,PPBZV2510050046462,1.0000001,0.1780268480237878,0.4824077362279893
COMPETENCE,http://data.europa.eu/esco/skill/7abf5b24-8f18-49c5-a64b-5a5870a03a56,1.0000002,-0.2681157434836134,-0.2243134311669191
CANDIDAT,PPPNR2512240056722,1.0,0.3484771198778573,0.08627814458222308
CANDIDAT,PPBZV2504070025054,1.0000004,0.22518549107808294,-0.05814719276819344
COMPETENCE,http://data.europa.eu/esco/skill/83e97138-899a-4af8-9187-47823e875841,1.0,-0.23636473805658087,0.031188292843054636
METIER,http://data.europa.eu/esco/occupation/e982a28b-9de2-460c-b85d-0f65ea0aa3ca,1.0000001,0.03461189742779226,-0.38062467465182886
CANDIDAT,PPAUTRE2511240052475,1.0000004,0.11800255401610985,0.1711628246564499
OFFRE_EMPLOI,OFFRE_002000_de8316f10e50,0.9999998,-0.08806231605202065,0.024046865580210974
CANDIDAT,PPBZV2510310049763,1.0000004,0.46960196759678563,-0.05758011432246528
CANDIDAT,PPBOU2510280049268,0.99999994,-0.028077229951371806,0.20603728699657414
COMPETENCE,http://data.europa.eu/esco/skill/857fefe9-c8f9-45d9-bf3b-923d46e15e64,1.0,-0.2598992021686622,-0.05041322334909881
OFFRE_EMPLOI,OFFRE_000966_8aa9950c06f5,0.9999995,-0.27537980667616546,0.319724992997508
CANDIDAT,PPBZV2507180035830,1.0000001,0.03446001134990829,0.32134175011023597
CANDIDAT,PPBOU2512240056770,0.99999976,-0.018166840313016755,-0.15330171576171125
CANDIDAT,PPPNR2512110054984,1.0,0.20449406357457997,0.6389694674249401
COMPETENCE,http://data.europa.eu/esco/skill/2c1683df-c037-4bdc-b008-3a8db0665cc8,1.0000001,-0.08750490031352108,-0.25170093582664976
COMPETENCE,http://data.europa.eu/esco/skill/608a5d9d-0007-4797-bd51-361e3aa51a48,1.0000004,-0.04811213680755,-0.46148074063944267
CANDIDAT,PPBZV2509120042437,0.9999997,0.08403402026992642,0.5149131378447165
CANDIDAT,PPPNR2501030015758,0.99999946,0.4309193989834115,-0.400118402431468
CANDIDAT,PPPNR2512110055170,0.99999994,-0.011386007792542051,0.13097578855378977
COMPETENCE,http://data.europa.eu/esco/skill/d128095a-9797-453b-af0a-daf6094e11ec,1.0000002,0.001425071050137727,-0.20245606296353208
OFFRE_EMPLOI,OFFRE_008706_785751082986,0.9999998,-0.3472570863433457,-0.14582238085159419
CANDIDAT,PPBZV2501210017897,0.99999994,0.12774380077273217,-0.05945989293458927
COMPETENCE,http://data.europa.eu/esco/skill/0138fdc7-edbb-485c-9aa9-544f723eb62f,1.0000001,-0.04863272634680905,-0.2669036065562719
COMPETENCE,http://data.europa.eu/esco/skill/0a099c81-6a0c-4f00-bb3b-990d23ec03a5,1.0,-0.27577501616297817,-0.08628641244903083
CANDIDAT,PPPNR2509180043896,1.0000002,0.07979918195064471,0.40171150566070163
OFFRE_EMPLOI,OFFRE_013066_f479b1e3e19a,0.9999999,-0.011077557552093298,-0.015182192606897692
COMPETENCE,http://data.europa.eu/esco/skill/28b461d2-4a53-4629-9e61-77f31998c9c8,1.0000002,-0.1838738215060536,-0.10881891681843975
OFFRE_EMPLOI,OFFRE_010426_7ed8522c8024,1.0,-0.13394860637573655,-0.2316192521490352
CANDIDAT,PPPNR2505230029511,0.9999997,0.4179591118636093,-0.3622203375459211
OFFRE_EMPLOI,OFFRE_010305_a55b78f72f93,1.0000008,-0.13045320731172053,-0.08061007716148753
OFFRE_EMPLOI,OFFRE_009495_2ec39519e0e5,1.0000004,-0.24653234023667583,-0.3014592654744214
CANDIDAT,PPPNR2507280036761,1.0000001,0.08101731385547785,0.20677888442117834
OFFRE_EMPLOI,OFFRE_002801_2d87f28fefde,0.9999997,-0.5409895071418749,-0.10504750585484482
OFFRE_EMPLOI,OFFRE_004979_9fdeedf295b5,0.99999976,-0.4545817011319448,-0.03283871420358079
OFFRE_EMPLOI,OFFRE_001337_f64b82e5fb5b,0.9999995,0.01018654411246255,-0.02402410452355222
CANDIDAT,PPBZV2506050031249,0.9999996,0.014143233143914007,0.24079462284641187
CANDIDAT,PPPNR2509160043180,1.0000002,0.2627227215947976,-0.17365506636808067
COMPETENCE,http://data.europa.eu/esco/skill/9bd51326-b2eb-451f-8aa7-c16d428c5e48,0.99999994,-0.15646376462518058,-0.3076390898890392
OFFRE_EMPLOI,OFFRE_004170_e583d25fb18d,0.9999999,-0.5988706589430176,-0.001503122454778377
OFFRE_EMPLOI,OFFRE_008162_441c3492e3c4,0.9999999,-0.590963659467804,0.1446015282805093
COMPETENCE,http://data.europa.eu/esco/skill/0cc9c234-f817-4f4c-908a-4d28fe3b0f4a,0.99999994,-0.34659517401113027,-0.049350775836375704
CANDIDAT,PPSAN2510010045968,1.0000004,0.06339819968952391,0.4579784134204268
OFFRE_EMPLOI,OFFRE_003967_c33d09f61ec5,0.99999976,-0.17759859167733338,-0.13551273062127442
OFFRE_EMPLOI,OFFRE_013353_e1f004f0d7b2,0.9999998,-0.10567364359002644,-0.12593901871603935
CANDIDAT,PPBZV2511160051486,1.0000005,0.2464685850127757,0.017567380708224042
CANDIDAT,PPBZV2502120020093,1.0,0.020962248407807475,0.00875930031583823
COMPETENCE,http://data.europa.eu/esco/skill/07469451-ae47-49af-98ea-99f8ef9d283c,1.0000001,-0.19452555719566805,0.006619062980940056
OFFRE_EMPLOI,OFFRE_008369_301fcd3a25b6,1.0000002,-0.7197289933211115,0.10211188697831453
CANDIDAT,PPBZV2507250036684,1.0000006,0.31745460254410224,-0.1602838258346383
CANDIDAT,PPPNR2502110020000,0.99999994,0.10602668232003398,0.011822292733446092
COMPETENCE,http://data.europa.eu/esco/skill/3bf93cf6-2b6f-46ad-b0ba-3b161379bac1,1.0000004,-0.09965429888163164,-0.21384075001448596
CANDIDAT,PPBZV2511110050984,0.9999996,0.15096128525637664,0.017224921190052856
COMPETENCE,http://data.europa.eu/esco/skill/f0866297-90ef-41ba-93e7-ddea0ef2193b,1.0000001,-0.21987905602498758,-0.07653370170243193
CANDIDAT,PPBZV2506140032162,1.0000001,0.21467360372846045,-0.16317475185603905
CANDIDAT,PPBZV2511290053076,1.0000001,0.12317251486044616,0.6587645473133172
CANDIDAT,PPPNR2509220044337,1.0000005,0.20985179097619083,-0.23193101235469446
COMPETENCE,http://data.europa.eu/esco/skill/78ebd783-feaa-466a-85ac-9cc44779c202,1.0000001,-0.08547104704139859,-0.09212403095103552
CANDIDAT,PPPNR2501270018505,0.9999998,0.34603251335802904,-0.1971638166222942
COMPETENCE,http://data.europa.eu/esco/skill/307f15be-4de3-4f72-84ff-4d2d41828332,0.9999994,-0.05609504159833438,-0.1645331758035833
CANDIDAT,PPPNR2501220017989,0.9999999,0.3331897772803094,-0.14102110066341086
COMPETENCE,http://data.europa.eu/esco/skill/fd082998-8cea-4abc-8504-03f7e4b7088e,1.0000001,-0.02137973284925747,-0.2102923867822079
CANDIDAT,PPPNR2503050021953,0.9999995,0.32185449882305117,0.1539801058066837
CANDIDAT,PPPNR2508130038574,1.0000001,0.16947214138780764,-0.09339444653043912
CANDIDAT,PPPNR2501150017230,1.0000002,0.3114068653859759,-0.0298525253553201
CANDIDAT,PPBZV2502280021582,0.9999999,0.07539750932055607,0.1920630457478561
CANDIDAT,PPBZV2510110047358,1.0000001,0.11619183178498814,0.40404586275287546
CANDIDAT,PPBZV2505160028763,0.9999995,0.16824547285574612,-0.1367811001564747
CANDIDAT,PPPNR2504300027118,0.99999994,0.1665623476886323,0.05832026486131351
CANDIDAT,PPPNR2504030024841,1.0000002,0.2627227215947976,-0.17365506636808067
CANDIDAT,PPPNR2503250023834,1.0,0.14543186998815327,0.3021287794843791
CANDIDAT,PPBZV2504020024700,1.0000005,0.16973229102066573,0.4696308048678866
CANDIDAT,PPBZV2503070022240,1.0000004,0.02446687860932739,0.47924722321051016
CANDIDAT,PPPNR2510220048591,1.0,0.07417915469350281,0.11138795880835196
CANDIDAT,PPBZV2502150020392,0.99999976,-0.07518879268358561,0.3819226174775951
CANDIDAT,PPBZV2501280018723,0.9999994,0.11001444561251837,0.5612472922118057
CANDIDAT,PPPNR2504290026945,1.0000007,-0.039799555449556406,0.3384077511482073
CANDIDAT,PPBZV2509120042571,1.0000006,0.2005519504826142,-0.10849899431141115
COMPETENCE,http://data.europa.eu/esco/skill/36c67907-7863-467e-99b3-a11d0c9448d2,0.99999994,-0.3190852626597478,-0.1259652380708217
CANDIDAT,PPPNR2506170032484,1.0000001,0.08041278212117099,0.2893705086203296
CANDIDAT,PPPNR2502040019357,1.0000002,-0.08227856941158566,0.07859196458283955
COMPETENCE,http://data.europa.eu/esco/skill/5c04b66a-44d3-4d09-b26d-9088dea49855,0.9999999,-0.14960805080848577,-0.20273559688672654
METIER,http://data.europa.eu/esco/occupation/c593ded7-2e97-44a5-a5f3-f6115ff98233,0.9999997,-0.174768591089302,0.036041501979690124
COMPETENCE,http://data.europa.eu/esco/skill/8474d1d3-1fea-43b2-b6ed-5b961faabe9e,1.0000002,-0.09961672746385353,-0.33318367859516607
CANDIDAT,PPBOU2512180056181,1.0000004,0.30025743722272413,-0.24435053193519884
OFFRE_EMPLOI,OFFRE_005983_f911c9d96bd5,0.9999998,-0.5758809016002215,-0.08903757205501345
COMPETENCE,http://data.europa.eu/esco/skill/d8726a5a-0614-4dc6-ad03-cf5e3b3caaa5,1.0,-0.37945320217033685,-0.10253227225461398
CANDIDAT,PPBZV2501140016959,0.9999995,0.16824547285574612,-0.1367811001564747
COMPETENCE,http://data.europa.eu/esco/skill/d53bd80e-25c0-490d-ae4b-f88ae3d0b6a9,0.99999964,-0.16103817543483975,-0.39032278100110157
CANDIDAT,PPPNR2508050037804,0.99999976,0.15590030123406473,0.5039398009082321
COMPETENCE,http://data.europa.eu/esco/skill/895b3eab-d1e7-443d-8ba3-745f67462207,1.0,-0.23809154622990508,-0.1516355019576899
CANDIDAT,PPPNR2509160043160,1.0000001,0.39599096608125683,-0.31819148667716257
CANDIDAT,PPPNR2504010024584,0.99999964,0.29214424222924795,-0.03466509820178249
CANDIDAT,PPKOU2509170043592,0.99999976,0.22471033906868595,0.4875089226297691
OFFRE_EMPLOI,OFFRE_000475_92b7479dd6e9,0.9999997,-0.27589014523602745,0.3219567487189134
CANDIDAT,PPPNR2506060031406,0.9999999,0.2036017643351578,-0.15597786279521908
CANDIDAT,PPBZV2512080054292,0.99999964,0.1312661422787301,0.2975933247952668
CANDIDAT,PPBZV2506160032255,1.0000004,0.4085696106589996,-0.3414343307926618
COMPETENCE,http://data.europa.eu/esco/skill/70159320-b7f9-4d3e-9f00-99e0adf3f77e,0.9999998,-0.12610884579345777,-0.1564078435550898
CANDIDAT,PPBZV2502270021386,0.9999999,0.11285632748467171,0.04190209684741972
CANDIDAT,PPPNR2509300045711,0.99999994,0.20221531280188246,0.6029730680665643
CANDIDAT,PPBZV2510020046199,1.0000002,0.20041859154665156,-0.034722219194840316
CANDIDAT,PPBZV2510270049143,1.0000007,0.1835169342021058,0.6044536766889672
CANDIDAT,PPBZV2503270024173,1.0000002,0.1643881636384378,0.4743113891823605
OFFRE_EMPLOI,OFFRE_008291_5ab5549434a7,1.0000004,-0.4001544897747566,0.014588518725504037
CANDIDAT,PPBZV2505250029669,1.0,0.12478857227158549,0.1698230329367909
OFFRE_EMPLOI,OFFRE_010247_bc45dcf8f5f7,1.0000001,-0.28042808843921324,-0.06189808666871126
OFFRE_EMPLOI,OFFRE_009758_3f957cb9c3eb,1.0000001,-0.12519344894715984,-0.19164280527565253
METIER,http://data.europa.eu/esco/occupation/0152b59d-5005-470c-9273-ef321477d8dc,1.0000001,-0.022399857081821437,-0.2640516563964422
CANDIDAT,PPBZV2507090034917,1.0000002,0.037064689003412414,0.3199566792963474
CANDIDAT,PPBZV2510290049422,0.9999999,0.025907187970668093,0.08827113204858457
METIER,http://data.europa.eu/esco/occupation/a7d6a377-3d3b-41cf-9301-f4a0a7ad3d96,0.9999999,-0.13065278724914545,-0.22690206972184201
CANDIDAT,PPPNR2505070027589,1.0000001,0.03446001134990829,0.32134175011023597
OFFRE_EMPLOI,OFFRE_011161_d773e206575c,0.99999976,-0.2768631458542867,-0.1346643786069537
CANDIDAT,PPPNR2509290045473,1.0000001,0.1858858340311372,0.6319812295000532
CANDIDAT,PPBZV2505010027188,0.9999999,0.3802433479076526,-0.27368232116210933
CANDIDAT,PPBZV2505260029729,1.0,0.30513708763218444,-0.22159867161806188
CANDIDAT,PPPNR2509010040439,0.99999994,0.16665175456718312,0.16861026468813572
CANDIDAT,PPPNR2509120042337,1.0000002,0.16042586500379621,-0.08735467098313057
OFFRE_EMPLOI,OFFRE_010977_1eee6e792405,1.0000007,-0.33594572841506426,0.06336819612476792
CANDIDAT,PPBZV2504110025498,0.99999976,0.041811479060132516,0.09407749105568575
CANDIDAT,PPBZV2509260045219,0.9999993,0.1602604919274537,0.46707497963436284
CANDIDAT,PPBZV2506040030990,1.0,-0.13661459216885158,0.23058137598327558
CANDIDAT,PPPNR2504170026143,0.9999999,0.251583437679995,-0.2884096846243435
CANDIDAT,PPPNR2508100038196,1.0000001,0.3446947976723,0.006599077755099758
CANDIDAT,PPPNR2512080054302,0.9999995,0.209719427252794,-0.0727399821555448
CANDIDAT,PPBZV2508310040362,0.99999994,0.13010389895113092,-0.005783461911876655
CANDIDAT,PPPNR2511100050742,1.0,0.17576135011036678,0.36566577833039154
CANDIDAT,PPPNR2509050041106,1.0000002,0.12216397931358712,0.4040190664830052
CANDIDAT,PPBZV2509150042921,1.0000011,-0.023447356371660035,-0.03380201993320029
CANDIDAT,PPBZV2511260052761,1.0000004,0.3573386684600491,-0.10816919763353115
CANDIDAT,PPPNR2509040040915,0.99999994,0.38261263303317705,0.032049446305684896
OFFRE_EMPLOI,OFFRE_000664_73e0331f6e42,1.0,-0.1843085496453006,0.09795302729212374
CANDIDAT,PPBZV2501030015697,1.0000002,0.33630142062188956,0.04097970211133414
CANDIDAT,PPPNR2506030030647,1.0000001,-0.06337453167618716,0.07435603270197733
COMPETENCE,http://data.europa.eu/esco/skill/c4f97536-866b-4a4f-b91d-da07809ef2d8,0.9999998,-0.06502852062445004,-0.28933965163805786
METIER,http://data.europa.eu/esco/occupation/7c6fc2f0-6e16-4429-8190-f6faac0c3853,0.99999976,-0.14743436448736086,-0.21768226389460163
CANDIDAT,PPPNR2510020046172,1.0000001,0.1763608053713197,-0.10651495657342036
CANDIDAT,PPBZV2508010037468,1.0000001,0.08041278212117099,0.2893705086203296
OFFRE_EMPLOI,OFFRE_008707_6c6988db13d7,0.9999998,-0.3472570863433457,-0.14582238085159419
COMPETENCE,http://data.europa.eu/esco/skill/6457122e-5eed-4817-9f67-c3edb607fef6,0.99999994,-0.1887425463712601,-0.026690690704163706
COMPETENCE,http://data.europa.eu/esco/skill/54ddd422-5905-44db-93d4-03b17b913c5e,0.9999997,-0.28406622586781977,-0.13322461985606165
OFFRE_EMPLOI,OFFRE_005692_2514dd044878,0.99999905,-0.47252701923369583,-0.07834397823284879
CANDIDAT,PPBZV2510200048252,0.9999996,0.2817877871444733,-0.11981828523884396
CANDIDAT,PPBZV2512120055316,0.99999994,0.2445645676856584,0.04004322893148336
CANDIDAT,PPBZV2512080054243,1.0000005,-0.05553339137270494,0.1588584945304049
COMPETENCE,http://data.europa.eu/esco/skill/3c1af34b-4562-4c39-a30e-0812b84a147e,1.0000004,-0.35177282831066276,-0.040678575862843125
CANDIDAT,PPPNR2506060031453,1.0,0.30661277849374186,-0.2842629766112188
OFFRE_EMPLOI,OFFRE_005379_50c97f882188,1.0000006,-0.6947995506002757,0.160374355998977
CANDIDAT,PPPNR2505070027556,1.0000002,0.06605585724917142,0.466705284430623
CANDIDAT,PPBZV2509030040879,1.0000002,-0.04251592503660063,0.20290008318130906
COMPETENCE,http://data.europa.eu/esco/skill/7e55b56a-5671-4a35-9cf0-57c959e65984,1.0000001,-0.0916368511570328,-0.27000752606241596
OFFRE_EMPLOI,OFFRE_008240_6abe22e419ae,0.9999997,-0.4470266617253425,0.04845458504505198
CANDIDAT,PPBZV2509010040479,0.9999999,0.2199342336464953,-0.04409987926937704
CANDIDAT,PPPNR2506270033677,1.0,0.3109049489745774,-0.014215060725208856
CANDIDAT,PPBZV2510290049355,1.0000001,0.016870117786788392,0.12158355451073169
CANDIDAT,PPPNR2510200048166,1.0000002,0.45687714401317847,-0.42888422520561476
COMPETENCE,http://data.europa.eu/esco/skill/ece25f2f-e91a-4186-a221-caa715195fd7,1.0000001,-0.33356991434916083,-0.127982963659414
CANDIDAT,PPBZV2509010040392,1.0000004,0.017966549813744664,0.2220204550666037
CANDIDAT,PPPNR2507240036442,1.0000004,-0.09813105127035436,0.05279937816765803
CANDIDAT,PPBZV2511040049980,1.0000001,0.16432687914616986,0.13794810619459008
CANDIDAT,PPPNR2511180051715,1.0000002,0.2761546642350835,0.03327093794213428
COMPETENCE,http://data.europa.eu/esco/skill/61ab84b5-7b8c-4d1f-a473-97dba10c88ac,0.99999994,-0.1094998633771413,0.17859380914408077
CANDIDAT,PPPNR2502130020284,0.99999976,0.15536066423403153,-0.005068741850525745
CANDIDAT,PPPNR2509280045410,1.0000004,-0.11540499938476088,0.08593404143303413
CANDIDAT,PPPNR2502170020517,0.99999976,0.19556303603913067,-0.1980307811074119
COMPETENCE,http://data.europa.eu/esco/skill/ae8f9a47-aff5-4ffc-9521-a1204f252b02,0.99999994,-0.22043341962886204,-0.2091482171338872
COMPETENCE,http://data.europa.eu/esco/skill/c1eb6a1a-e830-482a-8f13-f5c2f5b11b5d,1.0000002,-0.16763598295708274,-0.17436904930282984
CANDIDAT,PPBZV2505200029088,1.0000001,0.42467772840521223,-0.4114272047963306
COMPETENCE,http://data.europa.eu/esco/skill/656b2dab-4ace-4afa-bad4-d9ddef577e2b,0.99999964,-0.31283771349944683,-0.08471209744477705
COMPETENCE,http://data.europa.eu/esco/skill/46f2f6b5-3112-44f7-a272-ea37e85e922f,1.0,-0.0008599158906658841,-0.27973738240509993
CANDIDAT,PPBZV2505300030251,1.0000001,0.08041278212117099,0.2893705086203296
COMPETENCE,http://data.europa.eu/esco/skill/dbb0afa6-4dd1-4ded-84e7-b2c706164bcc,1.0000005,-0.12952223081463896,-0.3251178817495817
COMPETENCE,http://data.europa.eu/esco/skill/b4910ea9-578d-4767-bd68-00a315a64e09,1.0000006,-0.1906306342690366,-0.24253710877176346
CANDIDAT,PPPNR2505140028295,1.0000001,0.11883018102430067,0.27243877705944125
METIER,http://data.europa.eu/esco/occupation/e97ce81a-cf24-4012-b39e-f87bedc5b450,0.99999976,-0.18091830914404902,-0.032421918975671385
CANDIDAT,PPBOU2507040034402,1.0000005,0.21004664887473729,-0.06834272413570282
CANDIDAT,PPBZV2508180039029,1.0,0.19618154207047855,-0.034496040076907035
OFFRE_EMPLOI,OFFRE_009696_aad4d4fcd7da,0.99999994,0.024767917519132855,0.16888141716959854
OFFRE_EMPLOI,OFFRE_001847_20c7d26ce291,0.99999964,-0.3105184015408295,0.18991264940410058
OFFRE_EMPLOI,OFFRE_002139_7114e6908af7,1.0,-0.1843085496453006,0.09795302729212374
COMPETENCE,http://data.europa.eu/esco/skill/ab5c3fac-238f-4006-a122-1114082a2f46,1.0000002,-0.20336160575787318,-0.047917933204819275
CANDIDAT,PPPNR2503260023963,0.9999998,0.40203045117943925,-0.049147976683009256
CANDIDAT,PPBZV2512110055164,0.99999994,0.31099827130080154,-0.15142156055042405
COMPETENCE,http://data.europa.eu/esco/skill/25df422a-bf0a-4f76-8631-d0be91cb8751,0.9999997,-0.2457965477826101,-0.014006314519395519
OFFRE_EMPLOI,OFFRE_003251_e3ecebb3f9b6,0.9999999,-0.49456103426735926,0.013689607626534024
METIER,http://data.europa.eu/esco/occupation/4fef1907-cf82-413b-841a-02ef57e299a6,0.9999999,0.02369213980429516,-0.05563928831302629
CANDIDAT,PPPNR2511250052603,1.0000004,0.24167584755405874,0.1514121032555089
COMPETENCE,http://data.europa.eu/esco/skill/474a346e-fe75-4bbb-ae59-4c64936a68ad,1.0000004,-0.09948393993866261,-0.2983209397788207
CANDIDAT,PPBZV2507020034149,0.99999964,0.2150619810877758,0.32803186366596954
CANDIDAT,PPBOU2507250036605,1.0000005,0.21004664887473729,-0.06834272413570282
OFFRE_EMPLOI,OFFRE_000687_77fd864b50fc,0.99999994,-0.10064588240455553,-0.05983216543653444
COMPETENCE,http://data.europa.eu/esco/skill/017d3b78-ebfa-431d-acc5-8050e9b0fdc8,1.0000002,-0.05728747942983102,-0.19325823369515902
CANDIDAT,PPPNR2509210044199,1.0000004,0.05843794504788251,0.33407217918696497
CANDIDAT,PPBOU2507040034495,1.0000005,0.21004664887473729,-0.06834272413570282
CANDIDAT,PPNIA2512150055509,0.99999946,0.22253310888072897,0.09628880401011053
CANDIDAT,PPBZV2512120055370,0.9999998,0.14886978326893732,0.3751604289808193
CANDIDAT,PPPNR2503110022520,1.0000002,0.24798383221446899,-0.14844946207851592
CANDIDAT,PPPNR2503310024474,1.0000001,0.023420344318500992,0.33196322312728854
CANDIDAT,PPBZV2505190029004,1.0000007,0.11719817293021363,-0.06220207791216365
CANDIDAT,PPPNR2502200020873,0.9999998,0.3166980691089984,-0.25339806138642645
CANDIDAT,PPPNR2510100047158,1.0000007,0.04899561142585481,0.47831833340922836
CANDIDAT,PPBZV2501260018390,0.99999964,0.038878857325636416,0.03932537550411542
CANDIDAT,PPPNR2501220018002,1.0000001,-0.04575799511153876,0.1478697895021293
COMPETENCE,http://data.europa.eu/esco/skill/44711112-14b3-4625-bed3-8f07c3e85348,0.9999998,-0.045322308584204156,-0.30612105510719456
CANDIDAT,PPBZV2506060031466,0.9999997,0.44828682040528556,-0.29978163355730664
CANDIDAT,PPPNR2508190039068,0.9999999,0.21009140754291628,0.1807805294165384
CANDIDAT,PPPNR2508130038527,0.9999999,0.251583437679995,-0.2884096846243435
COMPETENCE,http://data.europa.eu/esco/skill/68d5d7e2-1e9e-4b2b-bce9-ff6c687e4f45,1.0000002,0.01543606863226342,-0.38640102422147915
OFFRE_EMPLOI,OFFRE_001656_6f1dca9cf121,1.0000002,0.042802865087902896,-0.17766775348952962
COMPETENCE,http://data.europa.eu/esco/skill/4b3138e1-c09e-4c5c-a13c-8d533747a1c3,0.99999976,-0.17821075643401987,-0.2816336517168362
COMPETENCE,http://data.europa.eu/esco/skill/2d82ef7d-788f-4ee5-a5dc-2c43a2006fe0,1.0000006,0.019970401006511557,-0.3303429938191629
CANDIDAT,PPBZV2511070050540,1.0000005,0.16569979767472703,0.4363399346260062
OFFRE_EMPLOI,OFFRE_000222_3c74797f548c,0.9999999,-0.013131107555748929,-0.07352301599453481
CANDIDAT,PPBZV2504090025354,1.0,-0.03434547637092747,0.14601125562456413
COMPETENCE,http://data.europa.eu/esco/skill/ace1a04d-b08b-4628-9311-d30a29e55d39,0.9999994,-0.18567972490523324,-0.15419455524952533
COMPETENCE,http://data.europa.eu/esco/skill/572c49a1-d974-46c1-a937-8358dcc97048,1.0000006,-0.09248202424823086,-0.07147599338240827
CANDIDAT,PPPNR2507110035123,0.9999998,0.30473465213475665,0.003314696275261188
OFFRE_EMPLOI,OFFRE_012029_9b270f71ad5a,1.0000002,0.02238539003929419,-0.18593279110906397
COMPETENCE,http://data.europa.eu/esco/skill/2b285a57-4add-453e-af5d-3d986a65c8fe,1.0000004,-0.2594457352805799,-0.06419057592748457
CANDIDAT,PPPNR2512170055856,0.9999998,0.10628803439286584,0.35035869759378296
CANDIDAT,PPPNR2504220026450,1.0000002,0.45687714401317847,-0.42888422520561476
CANDIDAT,PPPNR2509130042630,0.99999976,0.06867122677922728,0.3131223249509964
CANDIDAT,PPPNR2509150042994,0.99999976,-0.12066189308283992,0.17790331529631376
CANDIDAT,PPBZV2504170026189,1.0,0.26884992921982603,-0.0074019304402333
OFFRE_EMPLOI,OFFRE_001158_93f4e9596ef8,0.9999995,-0.27537952028893764,0.31972499784347785
OFFRE_EMPLOI,OFFRE_004426_b00962f74bd5,0.99999976,-0.4261767558193698,0.05917149028747513
CANDIDAT,PPBZV2510300049535,1.0000007,0.11719817293021363,-0.06220207791216365
COMPETENCE,http://data.europa.eu/esco/skill/f1302b71-c672-4c9a-9491-1b39a20b2c75,1.0,-0.12109205521087645,-0.2158956701856159
CANDIDAT,PPPNR2505230029618,1.0000005,0.30445705528731754,-0.13481257083583523
CANDIDAT,PPBZV2506160032359,1.0000001,0.19128421683439442,0.08417027190198262
CANDIDAT,PPPNR2505280030114,1.0,0.2750494859016849,0.029915644945699704
CANDIDAT,PPBZV2501240018287,0.9999998,0.37578338017321283,-0.38062906243267375
OFFRE_EMPLOI,OFFRE_009392_87fd8e15667e,1.0000001,-0.19993282487508893,0.021901461707528352
OFFRE_EMPLOI,OFFRE_013403_ac0840fc31cc,1.0000001,-0.17368241692143047,0.15535238548543795
CANDIDAT,PPBZV2506030030852,1.0000008,0.24584170291683738,0.5110803676011694
CANDIDAT,PPBZV2512050054006,0.9999998,0.058049148454007736,-0.015060781546463339
COMPETENCE,http://data.europa.eu/esco/skill/c0156cdb-8587-4278-89e0-075d83e3140b,0.9999996,-0.2148212962377148,0.06294882174142752
OFFRE_EMPLOI,OFFRE_003323_66a96f6f2001,0.9999999,-0.5621661158494895,0.02992288565865263
COMPETENCE,http://data.europa.eu/esco/skill/7e2f6f05-d6ef-45f3-a33c-5d6d0b07e1cf,0.99999976,-0.23020436373770525,-0.21816863290445876
CANDIDAT,PPPNR2504010024528,1.0000006,0.10855723628633411,0.18778938886884622
CANDIDAT,PPBZV2503200023484,1.0000004,0.017966549813744664,0.2220204550666037
CANDIDAT,PPPNR2510060046577,0.9999998,0.07960547364163659,0.10853506681995771
CANDIDAT,PPPNR2506180032586,1.0000007,-0.030475055098072953,-0.030559840108180338
OFFRE_EMPLOI,OFFRE_012805_26ffb6c25ae5,0.9999995,-0.1890780470114599,0.20260745223667384
CANDIDAT,PPBZV2512240056781,1.0000001,-0.008082092732202895,0.21452010511461703
COMPETENCE,http://data.europa.eu/esco/skill/438d5286-1cf8-4013-a1ef-cde62682ff7a,1.0000001,-0.3167442278980314,0.035411134026382546
OFFRE_EMPLOI,OFFRE_011541_0522cb77b4e1,0.9999998,-0.08801393198536045,-0.08158837617835933
OFFRE_EMPLOI,OFFRE_009450_05604158ad8d,1.0000005,-0.32493071733013873,0.038099795911285865
CANDIDAT,PPPNR2506270033711,0.99999994,0.08352376546189498,0.13651705662310157
CANDIDAT,PPBZV2510300049500,1.0000001,0.34298173736357357,0.11827561885888951
METIER,http://data.europa.eu/esco/occupation/73c3f018-71ce-4dc1-abdd-14cea7873717,0.9999998,-0.15217236978975182,0.050806698038229875
CANDIDAT,PPBZV2504080025219,0.9999999,0.27802706702295227,-0.05036981128566714
CANDIDAT,PPBZV2501240018330,1.0000002,-0.1406277574595531,0.03766215914189528
OFFRE_EMPLOI,OFFRE_013651_d16b471b3e5b,1.0000006,-0.23637043493766666,-0.07115114228450983
OFFRE_EMPLOI,OFFRE_006358_5db52420ca17,1.0000004,-0.5738406185882974,-0.02751108105431491
CANDIDAT,PPBZV2509140042717,1.0000002,0.1420893124236458,0.3146046124558478
COMPETENCE,http://data.europa.eu/esco/skill/f263da7f-0708-42c2-b1a9-39083416f632,0.9999996,-0.13218157284478138,-0.13584589201634403
COMPETENCE,http://data.europa.eu/esco/skill/3cd0ee1e-73b1-487e-b186-2e0c4fc3720f,1.0000004,-0.343951228178476,-0.09780660647584134
CANDIDAT,PPSAN2504280026891,0.9999998,0.2557796437350058,-0.058520713894029956
COMPETENCE,http://data.europa.eu/esco/skill/ac1b8a18-d6d0-4116-8191-93db991b3902,0.9999999,-0.04001729993581451,-0.30770627123155125
OFFRE_EMPLOI,OFFRE_000866_d99db1d094cc,1.0000002,-0.09961281886863582,-0.10867331897480005
CANDIDAT,PPPNR2512090054571,1.0,0.3564236661235391,-0.21945363216610372
CANDIDAT,PPBZV2512010053233,1.0000005,-0.09396020645250723,0.25814985272923324
CANDIDAT,PPPOO2501270018568,1.0,0.3002054517998403,0.0036666499066828366
COMPETENCE,http://data.europa.eu/esco/skill/277a2eba-ce6d-4ef5-857b-df8a66584839,1.0000001,-0.2525234167240269,0.0132252555750976
OFFRE_EMPLOI,OFFRE_000819_74a130e16c28,0.99999994,-0.10064588240455553,-0.05983216543653444
OFFRE_EMPLOI,OFFRE_013614_53ae31537a39,0.99999994,-0.3527027398373232,0.08868020557663576
CANDIDAT,PPPNR2502210021017,1.0,0.22162649041307472,-0.24612187911975877
OFFRE_EMPLOI,OFFRE_012051_cfa1bd367319,0.99999994,-0.2091414581945275,-0.09442496420560119
CANDIDAT,PPBZV2508290040280,1.0000001,0.28002237322118206,-0.27749592963829844
CANDIDAT,PPBZV2501270018453,0.99999946,0.0013934094049184117,0.2516588548787567
CANDIDAT,PPPNR2506180032622,1.0000002,0.33630142062188956,0.04097970211133414
CANDIDAT,PPBZV2510010046018,0.9999999,0.15128829579822672,0.5149718351893265
CANDIDAT,PPBZV2503190023339,1.0000007,0.11719817293021363,-0.06220207791216365
CANDIDAT,PPBZV2506200032852,1.0,0.08024784929105093,0.31326045186051044
CANDIDAT,PPBZV2505260029736,1.0000001,0.42467772840521223,-0.4114272047963306
COMPETENCE,http://data.europa.eu/esco/skill/89a94a26-29d4-4cd7-9e9d-faebc300c1b1,0.9999999,-0.06920865485918128,-0.2635929973975251
METIER,http://data.europa.eu/esco/occupation/7235d075-ecf6-42ba-8a60-d7e79bbce152,0.9999999,-0.16327678346220068,-0.31963996598764643
CANDIDAT,PPPNR2506160032206,1.0000007,0.13887515393439798,0.0008664943343048861
CANDIDAT,PPBZV2509230044538,1.0,0.1977369749870467,-0.20555111201291282
CANDIDAT,PPPNR2508260039795,0.99999976,0.010718081582808842,0.48537527686365367
COMPETENCE,http://data.europa.eu/esco/skill/834c3caf-077c-4d38-883f-1baa2e470efa,0.9999999,-0.09595224128214593,-0.15841412400836077
COMPETENCE,http://data.europa.eu/esco/skill/0d73a5c0-7f95-4ede-92f3-eac434a970a9,1.0000001,0.04272503232809273,-0.1741024333175367
COMPETENCE,http://data.europa.eu/esco/skill/f2a34d6b-131a-4b8f-a110-898b9c91d18f,0.9999998,-0.07518842077860971,-0.311976653882566
COMPETENCE,http://data.europa.eu/esco/skill/0e78d9c9-7c3c-4c5c-82cb-205c16edbcb8,1.0000004,-0.18167137043068218,-0.20864631582038587
COMPETENCE,http://data.europa.eu/esco/skill/071a4197-06b3-4226-b9a1-efd15913280a,1.0000001,-0.26882432110696597,-0.15845497213940934
CANDIDAT,PPBZV2512220056486,1.0000002,0.11097463667875143,0.035901809736147365
CANDIDAT,PPPNR2505130028073,1.0000001,-0.06337453167618716,0.07435603270197733
COMPETENCE,http://data.europa.eu/esco/skill/f96f5aa5-6ed7-40dc-a431-68b0a09d6d4b,0.9999994,-0.08931556544639671,-0.20085180481393491
COMPETENCE,http://data.europa.eu/esco/skill/b7eabcd9-d1c5-4028-9dcc-57c536d5a2e8,0.99999976,-0.23642954546261696,-0.016144874297385592
CANDIDAT,PPPNR2503270024159,0.9999996,0.0823373835856841,0.29176984165970565
OFFRE_EMPLOI,OFFRE_002553_676235e35474,0.99999994,-0.4292199026154266,-0.13363430998780695
COMPETENCE,http://data.europa.eu/esco/skill/b8d93b59-618a-47b5-8952-97cecc030cbb,0.99999976,-0.19841491033343164,-0.2955487480378261
CANDIDAT,PPBZV2510040046441,0.9999997,0.026690553362855245,0.00039171759044803316
CANDIDAT,PPBZV2509040041072,1.0000002,0.19881582167499723,-0.0980312792452591
OFFRE_EMPLOI,OFFRE_010039_d5a936722839,0.9999999,-0.511578814872921,-0.1269871954652377
OFFRE_EMPLOI,OFFRE_006119_c96c2da901db,0.99999976,-0.6426583388997168,-0.016819041669722538
COMPETENCE,http://data.europa.eu/esco/skill/4f4afd0b-07e5-48fd-a7d4-0e8746c608df,1.0000006,-0.2587752566979244,-0.09510313206632165
OFFRE_EMPLOI,OFFRE_003610_1ea785f69e62,0.9999997,-0.32305645075713824,0.3413806162148867
CANDIDAT,PPBZV2508050037832,0.9999996,0.335526699837189,0.1092498099235018
CANDIDAT,PPPNR2504010024580,1.0000002,0.35310692539319083,-0.03292428756438584
CANDIDAT,PPPNR2504290026936,0.9999997,0.44828682040528556,-0.29978163355730664
CANDIDAT,PPBZV2506170032394,0.9999999,0.10937062190458637,0.3932589192370917
CANDIDAT,PPPNR2510170047974,1.0000001,0.11075768301798561,0.3791589394503157
CANDIDAT,PPBZV2509100041926,0.9999999,0.17247170085444022,0.38063736357580885
CANDIDAT,PPPNR2511070050456,1.0000001,0.38628748875945595,-0.17338011880674387
COMPETENCE,http://data.europa.eu/esco/skill/97d9da44-c76f-4d91-be11-48956e520619,1.0000002,-0.2996182786129581,-0.09893742586455334
CANDIDAT,PPPNR2506230033039,1.0000002,-0.058760147553431674,0.2253515656023928
CANDIDAT,PPPNR2511050050156,0.9999998,0.15436142516022658,-0.26021673334450307
OFFRE_EMPLOI,OFFRE_001825_ae25f0746387,1.0000002,-0.09961281886863582,-0.10867331897480005
CANDIDAT,PPPNR2505130028077,1.0000002,0.30565507850168067,-0.13208435516352238
OFFRE_EMPLOI,OFFRE_008306_2bcd421edb76,0.9999999,-0.5988706589430176,-0.001503122454778377
CANDIDAT,PPPNR2512290057002,1.0,0.06743108722082257,0.014621301225381807
OFFRE_EMPLOI,OFFRE_013652_9484ffe90892,0.9999999,-0.32676366038217797,0.19022511692976637
CANDIDAT,PPAUT2509290045605,0.9999999,0.07992421517107515,0.397298544475428
CANDIDAT,PPPNR2505300030247,0.9999999,0.489193754768452,-0.018297595514150843
CANDIDAT,PPPNR2504170026162,1.0,0.3089849072017148,-0.031070395147718997
CANDIDAT,PPBZV2508090038187,1.0000001,0.19506202168458794,0.6589673970369883
OFFRE_EMPLOI,OFFRE_004905_afedfad3af76,0.9999999,-0.49456103426735926,0.013689607626534024
COMPETENCE,http://data.europa.eu/esco/skill/417d5c34-3261-4e88-a860-d0ac725965bf,1.0,-0.1801789218467937,-0.19677887043324152
CANDIDAT,PPPNR2510130047471,0.99999964,0.3345100348500104,-0.2131236950109948
OFFRE_EMPLOI,OFFRE_007948_8fc78532f466,0.99999905,-0.47252701923369583,-0.07834397823284879
OFFRE_EMPLOI,OFFRE_010768_57cc60f4f52f,1.0000002,-0.12353666206554856,-0.2574522510383951
CANDIDAT,PPBZV2508110038292,0.99999946,0.4309193989834115,-0.400118402431468
OFFRE_EMPLOI,OFFRE_012834_a78ea575f914,0.9999999,-0.07092994304060347,-0.1711457299938217
CANDIDAT,PPBZV2502270021435,0.9999998,0.26705611244459926,-0.0990288041587706
OFFRE_EMPLOI,OFFRE_011544_c85ba5a68686,1.0000001,-0.0867444170255931,-0.1535320781380335
CANDIDAT,PPBZV2512290056953,1.0000004,0.13103032307241372,-0.052474518419859804
OFFRE_EMPLOI,OFFRE_013643_e71934e73967,1.0000001,-0.29169630937480107,-0.02230622405359137
COMPETENCE,http://data.europa.eu/esco/skill/8ddd7e74-d187-48a1-9009-ff06b268f6cc,1.0,-0.05686479764925833,-0.2758572877304178
COMPETENCE,http://data.europa.eu/esco/skill/2358a146-6e8f-43cb-872f-a12ac9c57d60,1.0000004,-0.13785179051589563,-0.07865423797547405
CANDIDAT,PPPNR2512190056236,1.0,-0.038549407182212614,0.16335178644304146
CANDIDAT,PPBZV2508070038017,1.0000001,0.42467772840521223,-0.4114272047963306
CANDIDAT,PPPNR2508010037433,0.9999997,0.44828682040528556,-0.29978163355730664
CANDIDAT,PPBOU2507010034065,1.0,0.17273386064490945,-0.12545700347232114
CANDIDAT,PPPNR2501030015715,1.0000001,0.11064797133512824,0.21017483151713556
CANDIDAT,PPPNR2501270018442,0.99999964,0.021876046361053027,0.060679504446254015
CANDIDAT,PPBZV2501080016356,0.9999999,0.3888122554887021,-0.409038926156295
METIER,http://data.europa.eu/esco/occupation/1f1a45a8-8f5c-4b66-a8a1-e02490addc55,0.99999934,-0.07726096834224618,-0.16840830178246247
CANDIDAT,PPBZV2509030040744,0.9999997,0.11881794532660693,-0.05937194737272461
CANDIDAT,PPBZV2503210023571,0.9999999,0.4110283807249568,-0.06152200534309164
CANDIDAT,PPBZV2509300045751,1.0000005,0.062288015929415394,0.1745255135449857
CANDIDAT,PPKOU2508270039939,0.99999994,0.35014026642111556,-0.3464784995262045
CANDIDAT,PPBZV2511220052264,1.0,-0.11394425331231649,0.22489674133637771
OFFRE_EMPLOI,OFFRE_008868_2cc680a47c17,1.0000005,-0.46117366933927345,-0.12287012609673252
CANDIDAT,PPPNR2504230026587,0.99999976,0.2685854765094251,-0.21704251151306633
CANDIDAT,PPPNR2504290026994,1.0000002,0.06605585724917142,0.466705284430623
CANDIDAT,PPBZV2501060016061,1.0,0.1779382341903613,0.5088051594939594
OFFRE_EMPLOI,OFFRE_004936_8e64b4f7fa9b,0.9999999,-0.5988706589430176,-0.001503122454778377
CANDIDAT,PPBZV2512170055881,0.99999994,-0.03303204377729734,0.48341925961370535
CANDIDAT,PPBZV2501030015827,1.0,0.26416688559576845,-0.07327518707368103
CANDIDAT,PPBZV2512160055707,0.99999976,0.2923620957659899,-0.2345360998401285
CANDIDAT,PPBZV2505170028862,1.0000006,-0.04158617941171908,0.2452858692436808
CANDIDAT,PPBOU2507290037005,0.9999998,0.04922184562857292,-0.1347822038717032
CANDIDAT,PPPNR2511210052194,0.9999997,0.44828682040528556,-0.29978163355730664
CANDIDAT,PPPNR2504180026328,1.0000001,0.03479878943521426,0.2998059989846643
CANDIDAT,PPBZV2503200023483,0.9999998,-0.06423779440450265,0.18633108932015469
CANDIDAT,PPPNR2509080041419,1.0000001,0.11064797133512824,0.21017483151713556
COMPETENCE,http://data.europa.eu/esco/skill/550ed2f5-be07-4fee-9dbc-0299209a933a,0.99999994,-0.03959397251940751,-0.3501228859577412
CANDIDAT,PPAUT2509120042596,0.9999997,0.042865691917669146,0.06286919344488534
CANDIDAT,PPBZV2503260023999,1.0000001,-0.07592941879939834,0.08996906200117498
CANDIDAT,PPBZV2504290026981,0.9999996,0.10545782705140118,0.0867719911639707
CANDIDAT,PPPNR2501210017814,1.0000002,0.45687714401317847,-0.42888422520561476
CANDIDAT,PPPNR2506230033130,1.0000001,0.36562357189875166,0.04394484837120128
COMPETENCE,http://data.europa.eu/esco/skill/4d9a5cf4-8858-4ed4-afb6-9263612cd61e,0.9999997,-0.2496250830426997,-0.20181524877394955
COMPETENCE,http://data.europa.eu/esco/skill/54ad8d82-17ae-4544-898c-19005ff928d3,0.99999994,-0.21636990613032617,-0.34706479786131056
CANDIDAT,PPPNR2501060015969,1.0000005,-0.05154330736480584,0.35562730196269465
COMPETENCE,http://data.europa.eu/esco/skill/6561c8e7-3851-4878-bcf4-d2ffd63d835e,0.9999997,-0.16163066080216185,-0.054374670747958806
CANDIDAT,PPBZV2509100041908,1.0000001,0.19506202168458794,0.6589673970369883
CANDIDAT,PPPNR2506210032956,1.0,0.181274297711027,0.5378475432997071
CANDIDAT,PPBZV2507080034756,0.9999998,0.14414465101827825,0.4028337604959772
OFFRE_EMPLOI,OFFRE_000247_c5ccdac6f5a0,0.9999997,-0.27589014523602745,0.3219567487189134
COMPETENCE,http://data.europa.eu/esco/skill/c4b1f326-224a-420a-b8b3-814a8f13b6cb,1.0000004,-0.3404672871389292,-0.12800220256456665
CANDIDAT,PPPNR2507280036838,1.0000005,0.23372007833818298,-0.04915076528830875
COMPETENCE,http://data.europa.eu/esco/skill/2e310e04-e844-4c54-be9b-ab3ad0bb57fc,1.0000001,-0.12047143057370714,-0.31978995911944313
CANDIDAT,PPPNR2503030021686,0.9999994,0.133600716273631,0.28136599219912795
COMPETENCE,http://data.europa.eu/esco/skill/14f7bfe0-9eee-4e89-bf70-c7a4b7567ab7,0.9999997,-0.19851774754543294,-0.2377383494243668
COMPETENCE,http://data.europa.eu/esco/skill/be3e49f5-c9ff-4ddc-a811-c345a8010c35,0.99999976,-0.11246289307624298,-0.2867031721205849
CANDIDAT,PPPNR2510160047748,0.99999976,-0.19503648432714799,0.2312042409051309
COMPETENCE,http://data.europa.eu/esco/skill/1fd51289-0490-409f-8074-08af9382b7d0,1.0000002,-0.1867261038555949,-0.19534149525833963
COMPETENCE,http://data.europa.eu/esco/skill/4c06a716-6363-4308-b548-88f7a3e70097,1.0000001,-0.18189512419133003,-0.3896807808916593
METIER,http://data.europa.eu/esco/occupation/665266cb-50dd-44a5-a920-ab04c67e251a,0.99999994,-0.29191762911477975,0.07015353927567299
CANDIDAT,PPBZV2508050037708,0.9999998,0.25640334587003916,0.03449011463438372
OFFRE_EMPLOI,OFFRE_009578_39103d01d441,1.0000006,-0.20652296417241836,-0.19271794566745934
CANDIDAT,PPLEK2507040034390,0.99999976,0.1916025839759585,-0.04096238677121066
CANDIDAT,PPPNR2506230033108,1.0000001,0.3387618462880504,0.09372489481886626
OFFRE_EMPLOI,OFFRE_002402_e4689ef6b90f,1.0,-0.27647009546859913,0.31831955133860923
CANDIDAT,PPBZV2509080041448,0.9999999,0.1372870429810855,0.1628234907008002
OFFRE_EMPLOI,OFFRE_008398_d2311d0bb914,1.0000006,-0.6947995506002757,0.160374355998977
COMPETENCE,http://data.europa.eu/esco/skill/fc511e12-fe90-40a0-bec8-227abb5e4255,1.0000001,-0.3653238538193452,-0.17214773482180287
CANDIDAT,PPPNR2506150032184,0.9999998,0.11772962886085364,0.2641291924359537
CANDIDAT,PPPNR2503170023119,0.9999996,0.016679141688041722,0.10760756562602829
CANDIDAT,PPBZV2502200020913,1.0,-0.033596274751910474,0.3160413886369652
CANDIDAT,PPPNR2511180051695,0.9999995,-0.06768213262397471,-0.09276435890161876
CANDIDAT,PPBZV2509260045294,1.0000005,0.36783727128461463,-0.14478295212913533
OFFRE_EMPLOI,OFFRE_001329_80c643fb4c5d,0.9999998,-0.08806231605202065,0.024046865580210974
OFFRE_EMPLOI,OFFRE_005546_56de2d9405ce,0.99999905,-0.47252701923369583,-0.07834397823284879
CANDIDAT,PPPARIS2510280049308,0.99999964,0.37956483165747795,-0.19292565051700009
CANDIDAT,PPPNR2503170023111,0.99999976,0.22471033906868595,0.4875089226297691
METIER,http://data.europa.eu/esco/occupation/8d586ee9-0ab1-4155-a3b0-2ca786c8e48c,1.0000001,-0.08921867543000785,0.2019087573783974
CANDIDAT,PPPNR2509150042837,0.9999999,0.2892901689082477,0.03467010328308286
CANDIDAT,PPPNR2503070022292,0.9999998,0.14053982984684033,0.28397394197339515
CANDIDAT,PPBZV2511070050476,0.99999994,0.10870876501930177,-0.12660797839616764
CANDIDAT,PPPNR2511110050968,1.0000006,0.0958303312297946,0.30227413920084995
CANDIDAT,PPBOU2512310057182,1.0,0.17273386064490945,-0.12545700347232114
COMPETENCE,http://data.europa.eu/esco/skill/0023e7a5-43da-4b68-bee3-726ef21f986d,0.9999998,-0.3004185771476271,-0.04287399339155344
COMPETENCE,http://data.europa.eu/esco/skill/a9085ca4-a832-4d2e-818a-d84257295053,1.0000005,-0.12965939641224436,-0.330555000549942
OFFRE_EMPLOI,OFFRE_011505_630c9f26b345,1.0000002,-0.11495998712236613,-0.19856323919176158
CANDIDAT,PPBZV2511270052905,1.0000001,0.1725674389344422,0.47559542278343697
CANDIDAT,PPPNR2501210017832,1.0000001,-0.06337453167618716,0.07435603270197733
CANDIDAT,PPBZV2503250023907,0.9999997,0.12751550668347508,0.23773070000402785
OFFRE_EMPLOI,OFFRE_004653_4150aaac994b,1.0000001,-0.4900952409431381,0.002277250645980578
CANDIDAT,PPPNR2509210044176,0.99999934,0.18391299861662147,0.364924854824756
CANDIDAT,PPBZV2506040030978,1.0,0.1534560435934947,0.25719838525392164
COMPETENCE,http://data.europa.eu/esco/skill/6195c5f7-a4fb-425d-a3dd-c4467c4471a3,1.0,-0.09371509511896854,-0.12455795463778803
CANDIDAT,PPBZV2507290037092,1.0000005,0.16115635151817548,0.15220248957426957
COMPETENCE,http://data.europa.eu/esco/skill/36f3b02f-4511-4be9-a257-94f53513aa84,1.0,-0.09912371152647695,-0.1772279359145264
CANDIDAT,PPPNR2508050037714,1.0000006,0.0010219808784783014,0.07274266303863046
CANDIDAT,PPBZV2503100022459,0.99999994,0.02095445263459312,0.3254359815714901
COMPETENCE,http://data.europa.eu/esco/skill/5d74614d-32c8-4ca4-9818-6980e52424b1,0.99999964,-0.30364367496025774,-0.1320426003057286
COMPETENCE,http://data.europa.eu/esco/skill/8efb6150-2c43-4109-b3cd-41c3451698ea,0.9999999,-0.10749877470962571,-0.3302373395434492
CANDIDAT,PPPNR2508150038768,0.99999964,0.18435396629832151,0.04899661724169531
CANDIDAT,PPBZV2503280024175,1.0000005,0.2977900654367317,-0.1460689780521569
CANDIDAT,PPAUT2511120051024,1.0000006,-0.05567548193547677,0.06722253079200222
CANDIDAT,PPBZV2511130051220,1.0,0.11744375791021684,0.08663137604101276
OFFRE_EMPLOI,OFFRE_002004_aceeb14a5d49,1.0000002,0.042802865087902896,-0.17766775348952962
COMPETENCE,http://data.europa.eu/esco/skill/c0a5d549-9e67-4ba7-b608-bfeba6885dbf,1.0,-0.2217537841420141,-0.2275373334105411
CANDIDAT,PPPNR2511280053051,1.0000005,0.16973229102066573,0.4696308048678866
CANDIDAT,PPBZV2506050031159,1.0000001,0.39599096608125683,-0.31819148667716257
CANDIDAT,PPBZV2505130028180,1.0000006,0.10855723628633411,0.18778938886884622
CANDIDAT,PPPNR2502140020303,1.0,-0.03528371935156887,0.26100938229569126
OFFRE_EMPLOI,OFFRE_006628_0c3293f0c2fa,0.99999976,-0.643028167189312,-0.08990762677370279
CANDIDAT,PPBZV2509080041521,1.0000002,0.3117452004276396,0.24268375853904833
CANDIDAT,PPBZV2510160047819,0.9999999,0.07992421517107515,0.397298544475428
COMPETENCE,http://data.europa.eu/esco/skill/74a5e7dd-a07c-4ad7-9fbb-23ef2ec18d3c,1.0000002,-0.1630081308336052,-0.2752538588195777
METIER,http://data.europa.eu/esco/occupation/52c25b47-c36e-49ff-92ce-8a8c5413fde6,1.0000001,-0.07542745835061261,-0.13664566744676124
COMPETENCE,http://data.europa.eu/esco/skill/b8e0e484-955f-4396-b9b4-aaadde86017f,1.0,-0.06855011424849275,-0.16864037855327194
CANDIDAT,PPPNR2504080025252,0.9999997,0.1664308422415674,-0.0681908928610615
OFFRE_EMPLOI,OFFRE_007463_9f9c0160c5aa,1.0000001,-0.5790867000804185,0.07862108712945264
CANDIDAT,PPBZV2505120027918,1.0000001,0.42467772840521223,-0.4114272047963306
CANDIDAT,PPBZV2501080016432,1.0000002,0.1643881636384378,0.4743113891823605
CANDIDAT,PPBZV2509180043853,0.9999999,0.1881339528454593,0.11072957063547573
CANDIDAT,PPBZV2505190028992,0.9999999,0.2036017643351578,-0.15597786279521908
CANDIDAT,PPBOU2510300049490,0.9999998,0.2644979405290937,-0.084674687227891
CANDIDAT,PPBZV2501130016907,1.0000001,-0.11464112870646115,0.18538452117292226
CANDIDAT,PPPNR2509250044866,0.99999976,-0.21508775642592512,0.26695884946711934
CANDIDAT,PPPNR2507050034554,1.0000004,0.05843794504788251,0.33407217918696497
OFFRE_EMPLOI,OFFRE_007750_a09da5749986,1.0000002,-0.5562385770302913,-0.20564637391928936
COMPETENCE,http://data.europa.eu/esco/skill/6be902f1-9675-4e57-a398-f5be3598a1f0,1.0,-0.18480607434919472,-0.20350440719282087
CANDIDAT,PPBZV2509230044472,1.0,0.21104807808508896,-0.02930483488793947
OFFRE_EMPLOI,OFFRE_003769_41ff31ecd8ef,1.0000002,-0.4845767197554683,-0.029780270957016866
CANDIDAT,PPBZV2512240056740,1.0000002,0.19069812619453244,0.3091596986039799
CANDIDAT,PPPNR2505090027810,0.9999999,0.4110283807249568,-0.06152200534309164
CANDIDAT,PPBZV2512290056997,0.9999998,0.18961179214278964,0.5357427377019037
COMPETENCE,http://data.europa.eu/esco/skill/2167bb42-8f4c-452b-a091-50cf64e46b99,0.9999999,-0.09071957715740733,-0.07880273469545117
OFFRE_EMPLOI,OFFRE_008465_ab8c4a5e2133,0.9999997,-0.620790007356605,-0.03791859369984034
CANDIDAT,PPBZV2509150042982,1.0000002,0.11097463667875143,0.035901809736147365
CANDIDAT,PPPNR2508260039745,0.99999994,0.2546377479219453,0.11247086561302351
CANDIDAT,PPPNR2506290033798,1.0000005,0.47593556736528975,0.0072660212258241295
CANDIDAT,PPBZV2511050050278,1.0,0.10120878914902313,-0.0586931206616287
OFFRE_EMPLOI,OFFRE_012690_ee3ca34fc571,1.0,0.08023634866503314,-0.15477967246667954
CANDIDAT,PPBZV2510030046383,0.9999995,0.0979439198600922,-0.03798704835171412
CANDIDAT,PPBZV2510060046583,1.0000001,0.09442072241600531,-0.05117523082331385
CANDIDAT,PPPNR2510060046549,0.9999998,0.34603251335802904,-0.1971638166222942
CANDIDAT,PPPNR2508080038077,1.0,0.25917591604523743,-0.1280760316150579
OFFRE_EMPLOI,OFFRE_003094_871c335e1bdb,0.9999999,-0.49456103426735926,0.013689607626534024
OFFRE_EMPLOI,OFFRE_011529_e6ef453e4835,1.0,-0.03331068265669511,-0.2963589448803142
CANDIDAT,PPPNR2510240048902,0.99999964,0.13476534489430833,-0.04966294616895763
CANDIDAT,PPBZV2503270024084,1.0000001,0.10757698236758222,0.32229712647782527
CANDIDAT,PPBOU2508040037564,1.0,0.19938871403121022,-0.11580283542840107
COMPETENCE,http://data.europa.eu/esco/skill/75e48971-3242-4ea5-a1ba-4deec48ad41c,1.0000002,-0.25660983856170466,-0.09285238434619122
CANDIDAT,PPPNR2512110055116,1.0000001,0.3585222951248149,-0.18897450546480027
CANDIDAT,PPBZV2503060022101,1.0000008,0.3835459174383413,-0.2519613484493084
COMPETENCE,http://data.europa.eu/esco/skill/1d6ad7ed-a600-4bd4-8ae0-7bfc6625f480,0.99999964,-0.13499025437043677,-0.2675089263091814
CANDIDAT,PPBOU2507310037252,1.0000002,0.37651681377767493,0.05060530266717158
METIER,http://data.europa.eu/esco/occupation/418f3a43-a6b2-4101-aaa0-832fe7d82885,1.0000001,-0.015748322082007507,-0.14117354708739785
COMPETENCE,http://data.europa.eu/esco/skill/f404dcb3-4ed1-404e-9ab8-992918d836ac,1.0000001,-0.03845675023075538,-0.2479014280927363
CANDIDAT,PPPNR2505200029104,1.0000001,0.46275290480638115,-0.38769242465312603
COMPETENCE,http://data.europa.eu/esco/skill/1be9c62c-4cc6-4ac5-9935-122f67ea7672,1.0000007,-0.15496581134597798,-0.22867018137260423
OFFRE_EMPLOI,OFFRE_008737_83b0a7a0b6b2,0.9999995,-0.3697303485484246,-0.3320525456387812
CANDIDAT,PPBZV2509270045359,0.99999976,0.09295101704140103,0.737256981699296
CANDIDAT,PPBZV2502040019317,1.0000001,0.0882008820707612,0.14020936062646963
CANDIDAT,PPBZV2512170055948,1.0000006,0.0635794856984008,0.23280059373355105
CANDIDAT,PPPNR2506300033857,1.0,0.16505275588714363,0.7048048812049339
CANDIDAT,PPPLA2512030053747,0.9999997,0.2073962247673005,-0.07811343896407887
OFFRE_EMPLOI,OFFRE_005817_fd2c7828abf4,1.0000001,-0.685580462232668,-0.006395590971684403
COMPETENCE,http://data.europa.eu/esco/skill/02619401-8e21-46e5-8f19-204747fd755d,1.0000002,-0.01063453724633016,-0.30669182785660515
CANDIDAT,PPBZV2508270039872,0.9999999,-0.07621244008853252,0.08455150801301058
OFFRE_EMPLOI,OFFRE_005958_92ab427abef7,0.99999964,-0.6509966595788551,0.01759717185209422
CANDIDAT,PPBZV2507080034796,1.0000007,0.11719817293021363,-0.06220207791216365
CANDIDAT,PPBZV2507220036283,0.99999994,0.17511072779722034,-0.0594817126604514
CANDIDAT,PPPNR2510020046103,1.0000005,0.2721560085962399,-0.13437450946884003
CANDIDAT,PPPNR2506050031276,0.9999996,0.2398282894452398,0.008398574287757251
COMPETENCE,http://data.europa.eu/esco/skill/e1964543-0312-4deb-8cba-aa07f3fb0904,1.0,-0.2547857297306911,0.011526613199127048
CANDIDAT,PPPNR2510140047638,1.0000001,0.33761134488047284,-0.11330370869392407
OFFRE_EMPLOI,OFFRE_009119_45650090eb52,1.0000001,-0.3468882892565869,0.15146087182035226
CANDIDAT,PPPNR2502040019331,0.99999976,0.19655929998750465,-0.06135267182764266
CANDIDAT,PPBZV2504140025685,0.9999996,0.4465303528037982,0.000541261171023734
OFFRE_EMPLOI,OFFRE_003935_69fe5545be14,1.0000006,-0.46998919324082156,0.23215392542017427
CANDIDAT,PPPNR2508080038113,0.99999946,0.4309193989834115,-0.400118402431468
OFFRE_EMPLOI,OFFRE_011319_c3a7a414c7b3,0.99999976,-0.25075404093498654,-0.0615950823115087
CANDIDAT,PPBZV2507280036911,0.9999999,0.3902033905658465,-0.07222786209148908
CANDIDAT,PPBZV2512080054344,1.0000002,0.42491317359994224,-0.36265336229188666
COMPETENCE,http://data.europa.eu/esco/skill/876b2ab8-fc63-4643-ba12-c952df6a3abd,0.9999999,-0.12304102782349856,-0.3013011809041362
COMPETENCE,http://data.europa.eu/esco/skill/131df737-705c-4114-b556-27cc741ce020,1.0000002,-0.13570310012349898,-0.4027461350591545
CANDIDAT,PPPNR2506020030362,0.9999998,0.059063469814706386,0.22064872349900913
CANDIDAT,PPBZV2501070016194,0.9999997,0.11881794532660693,-0.05937194737272461
COMPETENCE,http://data.europa.eu/esco/skill/1d0c2220-6855-4689-aeea-16c9c615b284,1.0000007,-0.13671118004304536,-0.23350288723842277
OFFRE_EMPLOI,OFFRE_011758_0a6e137cebe9,1.0000004,-0.21755571136000604,-0.10198833383245608
CANDIDAT,PPBZV2501130016772,1.0000002,0.02385960017230393,-0.042049281237452704
CANDIDAT,PPBZV2509100041956,0.99999946,0.4309193989834115,-0.400118402431468
COMPETENCE,http://data.europa.eu/esco/skill/f19f2c6d-3f1d-4231-9fd9-ece77ed359d7,0.99999976,-0.25369772139446606,-0.17350652434966585
OFFRE_EMPLOI,OFFRE_012884_2c815cc13dc2,0.9999997,-0.15920938104970353,0.29872182759138977
CANDIDAT,PPPNR2512220056515,1.0000001,-0.06707874311093256,0.21932969291627893
CANDIDAT,PPPNR2509170043453,1.0,0.26400918350851293,-0.30054349388823054
COMPETENCE,http://data.europa.eu/esco/skill/20a41697-108d-4231-b230-ea7a16a659a6,0.99999964,-0.17764827286447846,-0.19720904514377752
COMPETENCE,http://data.europa.eu/esco/skill/d055b839-911d-4c93-aab1-09baba13af92,0.99999994,-0.040079797919629276,-0.1123170399059665
COMPETENCE,http://data.europa.eu/esco/skill/94506271-00d8-481b-9359-739ce2a06cde,0.9999999,-0.08929013980164315,-0.2916268987155162
CANDIDAT,PPBZV2512290057017,0.9999997,-0.02713175713389601,0.07734608496595351
CANDIDAT,PPPNR2503140022982,0.99999964,0.47156875581924723,-0.3262068009312179
CANDIDAT,PPBZV2502200020874,0.9999994,0.15415243364874615,-0.15100998894779688
COMPETENCE,http://data.europa.eu/esco/skill/b589ce7c-588f-4045-be2d-9332c2d2278d,1.0000001,-0.038944365479362274,-0.26402224880124187
METIER,http://data.europa.eu/esco/occupation/a504e79e-f146-4773-a1cf-2b15b9d614db,0.9999999,0.11564709395908912,-0.455785929461544
OFFRE_EMPLOI,OFFRE_011667_573a38292f7c,1.0000002,-0.05135227727943138,-0.17649800565280432
CANDIDAT,PPPNR2503290024324,0.9999998,0.15960283563422425,0.47404113113762864
OFFRE_EMPLOI,OFFRE_008460_1dbcd54e5445,0.99999964,-0.6509966595788551,0.01759717185209422
COMPETENCE,http://data.europa.eu/esco/skill/6e3e5c17-0d46-4376-9928-8dbaaea27164,1.0000007,-0.09585348308796335,-0.19521018582345354
COMPETENCE,http://data.europa.eu/esco/skill/cffe8b7d-20b2-4a7b-82f9-b290cb44b903,0.9999994,-0.25648247209907854,-0.22060447182589665
CANDIDAT,PPBZV2501070016100,0.9999998,0.2092915720419346,-0.08602798039310222
CANDIDAT,PPPNR2511240052391,1.0000004,0.1697394346718139,0.20226976741682998
CANDIDAT,PPBZV2512160055678,1.0000004,0.09340305600431603,0.2126694196431044
COMPETENCE,http://data.europa.eu/esco/skill/d3a0ec53-f758-4250-9372-7694860c804f,0.9999999,-0.22581348127282821,0.0027868582499426006
COMPETENCE,http://data.europa.eu/esco/skill/88f0a98e-4b90-479b-9b5a-f5f8cbe0b49e,1.0000004,-0.05071162090415856,-0.1544633736855207
CANDIDAT,PPPNR2510020046154,1.0000001,0.005117957570508865,-0.07359964122457739
CANDIDAT,PPPNR2512240056785,1.0000002,0.3047205427170926,0.2827209539937148
CANDIDAT,PPPNR2512110054948,1.0000002,0.10179165186990441,0.2660612346431518
CANDIDAT,PPPNR2504070025094,1.0000001,0.3707916166696014,-0.39919834812977917
OFFRE_EMPLOI,OFFRE_003804_517cefe95430,1.0000001,-0.5044464414308368,0.0023165208873445727
COMPETENCE,http://data.europa.eu/esco/skill/d0e23450-1409-4dd7-99ef-0f84ffd15da1,0.9999998,-0.13872618974469383,-0.3059782408915836
CANDIDAT,PPBZV2502280021623,1.0000002,0.16018737914426243,0.5153864602350142
CANDIDAT,PPBZV2510060046527,1.0000001,0.15601107253914567,-0.0772302070429194
CANDIDAT,PPBZV2511190051903,0.99999994,0.44647978994280985,-0.006688054544303462
COMPETENCE,http://data.europa.eu/esco/skill/9136cbf1-7916-4f1c-bc9a-0318ee1d6016,1.0000001,-0.1164338113317981,-0.24969062435466838
COMPETENCE,http://data.europa.eu/esco/skill/c7b1e520-8921-46dd-b444-e0637323bb7f,1.0000002,-0.18693264850625746,-0.1819058439258367
OFFRE_EMPLOI,OFFRE_009614_527568b9c5c7,1.0000004,-0.26270606139219443,0.28932081213612754
CANDIDAT,PPPNR2510010045936,1.0,-0.0793405732193441,0.2708639654866994
CANDIDAT,PPBZV2512150055518,1.0000001,0.11064797133512824,0.21017483151713556
OFFRE_EMPLOI,OFFRE_009874_e960e0ec410d,0.9999997,-0.30323267704922846,0.01161983624781919
COMPETENCE,http://data.europa.eu/esco/skill/0815979a-6506-47e2-951c-912414c98cbc,0.9999999,-0.2940371235648817,-0.03243105203994564
CANDIDAT,PPBZV2507020034184,0.99999994,-0.13910995278766322,0.15413971748507985
METIER,http://data.europa.eu/esco/occupation/615920c5-4f63-4eb3-8b60-afaaed3ab1ff,1.0000001,0.07239070181546996,-0.18896527811613972
CANDIDAT,PPPNR2510070046801,1.0000006,0.2005519504826142,-0.10849899431141115
OFFRE_EMPLOI,OFFRE_002720_cf20b7057980,0.99999994,-0.12999302995868536,-0.18481048581553147
CANDIDAT,PPBZV2508190039045,0.9999997,0.24896390759037917,-0.08802981927056926
OFFRE_EMPLOI,OFFRE_001119_37947244e44c,0.99999994,-0.10064588240455553,-0.05983216543653444
CANDIDAT,PPAUT2511280053056,0.99999994,0.1193417842887548,0.5140746188201611
COMPETENCE,http://data.europa.eu/esco/skill/ec66b111-d8d0-4516-88ba-ee0b6fe6f695,1.0,-0.31608631094528755,-0.2719650349919436
COMPETENCE,http://data.europa.eu/esco/skill/77bf865e-6360-424f-9d77-ce03918c7dcf,1.0000002,-0.24573075641111997,-0.1728639598933968
COMPETENCE,http://data.europa.eu/esco/skill/6ed67cf0-d8b9-4025-8b6e-a29a11e6b977,1.0,-0.04804187525179975,-0.3793737098777837
OFFRE_EMPLOI,OFFRE_005481_da78199d338b,1.0000001,-0.5790867000804185,0.07862108712945264
CANDIDAT,PPPNR2509160043136,1.0,0.1653054980163697,-0.09508540968139775
COMPETENCE,http://data.europa.eu/esco/skill/db654e8e-255c-4f63-a7c7-ed18b8f41a0e,0.99999964,-0.14513413780200154,-0.23721150396490334
CANDIDAT,PPPNR2504020024710,0.9999997,0.19869508587256066,0.6394030069930671
CANDIDAT,PPPNR2508080038089,0.99999934,0.35606023784284446,0.08669615439712064
OFFRE_EMPLOI,OFFRE_008884_ed2a48b044cf,0.9999994,-0.3547285628149512,0.10319640136964967
CANDIDAT,PPBZV2509250044884,1.0000002,0.1215831582764666,0.5397230387540864
OFFRE_EMPLOI,OFFRE_000749_1591b96106eb,0.9999995,0.01018654411246255,-0.02402410452355222
CANDIDAT,PPPNR2508290040149,1.0000001,0.38529724368443274,-0.1271214135208248
COMPETENCE,http://data.europa.eu/esco/skill/58250609-ba9b-45e5-a8e9-7a2263a28bf9,1.0,-0.07160061895162505,-0.3563616742248591
OFFRE_EMPLOI,OFFRE_007647_f3bc912e4d1c,0.99999994,-0.44411948424201364,0.28348709276281325
CANDIDAT,PPBZV2506100031592,0.99999934,0.09693939719878981,0.2560675854184097
CANDIDAT,PPBZV2507140035445,0.99999994,0.07251928289774975,0.19391057402181378
CANDIDAT,PPBZV2504300027136,0.99999976,0.07219036549011436,0.47409290539724186
CANDIDAT,PPPNR2512190056347,0.99999976,0.13795529705492973,0.389183885839784
COMPETENCE,http://data.europa.eu/esco/skill/34d734d5-2179-49e7-b641-96121f49231c,1.0000002,-0.11741785036752993,-0.26484209051666446
CANDIDAT,PPPNR2511120051025,1.0000006,-0.1260608318678706,0.21140151556156336
OFFRE_EMPLOI,OFFRE_008802_a2434848ec6d,1.0000002,-0.2877921706006146,-0.1862609805997845
COMPETENCE,http://data.europa.eu/esco/skill/d1a2b81b-a3b5-4e4c-958f-e361254c295e,1.0000002,-0.19497602985920365,-0.21603436198352388
CANDIDAT,PPPNR2509250044980,0.99999994,0.1716029156194078,0.5525178245004624
COMPETENCE,http://data.europa.eu/esco/skill/a8da58c7-42fc-4fd6-b25a-b06b74c00179,1.0000001,-0.028644090370012084,-0.18447111296378788
CANDIDAT,PPPNR2510240048931,0.99999976,0.510723476013646,0.00890801621895208
CANDIDAT,PPPNR2512090054382,1.0,0.13738433735043745,0.09375079702147768
CANDIDAT,PPPNR2507240036425,1.0,0.08024784929105093,0.31326045186051044
CANDIDAT,PPPNR2510310049658,0.9999998,0.15807847513991974,0.4486336997569028
COMPETENCE,http://data.europa.eu/esco/skill/a1a8e4ae-f1e3-44aa-9067-e587e69634cd,1.0,-0.2999182759877839,-0.2439778754637164
OFFRE_EMPLOI,OFFRE_000547_853ca2bbde68,0.99999934,-0.35863625624532697,0.29614364587945047
OFFRE_EMPLOI,OFFRE_010851_798820122f29,0.99999976,-0.3695922834398133,-0.1889325553780212
CANDIDAT,PPBZV2511180051789,1.0000001,0.1709177737839274,0.06924982020395483
CANDIDAT,PPBZV2504220026501,0.99999994,0.09077905811135117,0.6737476789712509
CANDIDAT,PPBZV2512170055853,0.99999976,0.062177589618747094,0.23277920945039254
CANDIDAT,PPPNR2507070034605,1.0000002,0.30800928144135364,-0.10532786475970238
CANDIDAT,PPPNR2506300033936,0.9999998,0.1370974708863283,-0.03144205702737534
CANDIDAT,PPBOU2510290049350,0.9999998,0.04922184562857292,-0.1347822038717032
CANDIDAT,PPPNR2510130047501,1.0000004,0.33178686888290615,0.007856981889380823
OFFRE_EMPLOI,OFFRE_008948_09e073ad7db2,1.0,-0.25258525608652727,0.22062799382878567
OFFRE_EMPLOI,OFFRE_007325_35af27226993,0.99999976,-0.6096143094799913,-0.026898361151315258
OFFRE_EMPLOI,OFFRE_011369_3857284f1719,1.0,-0.13351392116240254,0.01817325012510548
COMPETENCE,http://data.europa.eu/esco/skill/519c8b98-93cc-436b-9de9-71388a765c9e,1.0000005,-0.034868299303391234,-0.2852837689810814
COMPETENCE,http://data.europa.eu/esco/skill/4b2db903-cd8e-48ce-97fb-a92db4def54e,1.0000002,-0.09614400291548994,0.07891772517841625
CANDIDAT,PPBZV2506110031756,1.0000004,0.017966549813744664,0.2220204550666037
CANDIDAT,PPPNR2507240036450,1.0000002,0.3081858481364462,-0.1897794036216954
CANDIDAT,PPPNR2509100041916,1.0,0.14543186998815327,0.3021287794843791
COMPETENCE,http://data.europa.eu/esco/skill/b02b38c4-d46d-44da-9479-1310060bd74d,1.0000005,-0.025909165053408782,-0.17972213826403563
CANDIDAT,PPPNR2505070027550,0.99999994,-0.02553900026307405,0.42943529534362646
CANDIDAT,PPBZV2512160055670,1.0,0.2851741204264255,-0.053519520150558976
CANDIDAT,PPBZV2511160051497,0.9999996,0.16788590234960468,-0.01353987374271968
CANDIDAT,PPBZV2507080034812,1.0000004,0.005978120913222207,0.05339472636151538
CANDIDAT,PPPNR2503260023944,0.99999964,0.27809291971456285,-0.025283601530522993
CANDIDAT,PPPNR2509220044238,0.9999995,0.19824744802359115,0.14960864433284937
OFFRE_EMPLOI,OFFRE_011767_06e8fde19b0f,0.9999999,-0.1757515161659954,-0.10057895396469646
CANDIDAT,PPPNR2510240048877,1.0,-0.008274257524029237,0.25371789435818387
OFFRE_EMPLOI,OFFRE_009102_d46b8efd09a8,0.9999998,-0.20158229529490038,0.24745869527034522
COMPETENCE,http://data.europa.eu/esco/skill/e50e10e0-33df-4045-9cc1-8f09e09ec81a,0.99999976,-0.2814066502095457,-0.24867547580528904
CANDIDAT,PPPNR2510090047061,0.9999993,0.19548401736519708,-0.22135626836985364
CANDIDAT,PPPNR2503040021895,1.0000005,0.123234018719311,0.4178782777263589
CANDIDAT,PPBZV2510270049094,1.0,0.056923852492020144,0.393545361550849
CANDIDAT,PPPNR2505260029687,1.0,0.16680264929663566,-0.06541584950998063
CANDIDAT,PPBZV2509050041281,1.0000002,0.3097683492063134,-0.12527121653377885
COMPETENCE,http://data.europa.eu/esco/skill/313ca66d-01e6-49af-aa8c-cf8f27c00814,0.9999997,-0.010152414868209624,-0.20931928042927797
CANDIDAT,PPBZV2512010053241,1.0000001,-0.2789345072147836,0.2809264595385917
COMPETENCE,http://data.europa.eu/esco/skill/dbf4392b-820c-447a-93a1-29d38dcdd441,0.99999946,0.04372377059738434,-0.25659091533687456
CANDIDAT,PPPNR2509090041575,0.99999994,0.08352376546189498,0.13651705662310157
CANDIDAT,PPPNR2503070022307,0.99999964,0.2150619810877758,0.32803186366596954
OFFRE_EMPLOI,OFFRE_006091_3a4473e5be9e,0.99999905,-0.47252701923369583,-0.07834397823284879
CANDIDAT,PPBZV2507220036279,0.99999994,-0.06936896941310307,0.13074499803936404
CANDIDAT,PPPNR2504110025523,1.0000004,0.3573386684600491,-0.10816919763353115
OFFRE_EMPLOI,OFFRE_003912_a57e2c793e1f,0.99999946,-0.5217509623527667,-0.030955331295708252
COMPETENCE,http://data.europa.eu/esco/skill/359b86b4-c7ff-47f8-b128-64ca24bfea1c,1.0000002,-0.1775641377570563,0.021877277861355605
CANDIDAT,PPPNR2506030030850,1.0000001,-0.07592941879939834,0.08996906200117498
CANDIDAT,PPPNR2503060022149,1.0,0.1121476033235817,0.051898442796069616
OFFRE_EMPLOI,OFFRE_012369_c8aeed69832a,1.0000002,-0.26754464007835527,-0.06780190481866832
CANDIDAT,PPBZV2508180038926,0.99999994,0.12244779124972832,0.41049899703710757
OFFRE_EMPLOI,OFFRE_000910_22493910197a,0.9999999,-0.39191035252158446,-0.17413843734072995
CANDIDAT,PPBZV2503030021775,0.99999976,0.12866697512128544,-0.07307872912095924
CANDIDAT,PPPNR2507100035009,1.0000001,0.241029401249504,-0.07835051687794557
METIER,http://data.europa.eu/esco/occupation/219d1c30-3849-4de3-b0d6-07da187b6521,0.9999998,-0.10525599036157257,-0.35431544291062084
CANDIDAT,PPPNR2507190035961,1.0000001,-0.13802186675994302,0.2252506895471102
COMPETENCE,http://data.europa.eu/esco/skill/f46fb515-8de7-499b-a4d9-74ad7c19906c,1.0000001,-0.21590532861174647,-0.21973740238142506
CANDIDAT,PPPNR2507030034318,1.0,0.14543186998815327,0.3021287794843791
CANDIDAT,PPPNR2501300018921,0.9999996,0.016679141688041722,0.10760756562602829
OFFRE_EMPLOI,OFFRE_006692_3e18509313f2,1.0000004,-0.5265817847777117,-0.07345935788982559
OFFRE_EMPLOI,OFFRE_007611_6519acbdee2c,0.99999976,-0.643028167189312,-0.08990762677370279
COMPETENCE,http://data.europa.eu/esco/skill/73c22209-d78f-4847-b213-e48409d704a9,0.99999994,-0.013055308692599854,-0.2550002901006378
CANDIDAT,PPBZV2506030030878,0.99999946,0.3683428640276179,-0.28473328179478075
COMPETENCE,http://data.europa.eu/esco/skill/59ac89d7-12bb-470d-818b-222963d1c357,1.0,-0.2496660542173542,-0.06814984493168244
CANDIDAT,PPBZV2502060019601,1.0000007,-0.04264637886174039,0.1664109277881982
CANDIDAT,PPBZV2501060016047,0.9999997,0.11881794532660693,-0.05937194737272461
COMPETENCE,http://data.europa.eu/esco/skill/beaf0ed4-a51d-4856-97ec-c5701a6b44a2,1.0000001,-0.1395360967354549,-0.11343433001264482
OFFRE_EMPLOI,OFFRE_006036_f8b68d4c84e9,1.0000001,-0.4447097867690403,0.013372082484683832
COMPETENCE,http://data.europa.eu/esco/skill/7c155121-1ac5-4fc7-bd32-31c5e1f0514d,1.0000002,-0.13407446433598272,-0.16026858995611254
CANDIDAT,PPBZV2507070034693,0.9999995,0.21087033957223106,0.09993972281679554
CANDIDAT,PPBOU2510270049105,0.9999995,0.16824547285574612,-0.1367811001564747
CANDIDAT,PPPNR2505190028954,1.0000001,0.028842337347474562,-0.11527708408961847
CANDIDAT,PPPNR2506130032044,1.0,0.17273386064490945,-0.12545700347232114
CANDIDAT,PPBZV2512180056077,1.0000006,0.16888816273693735,0.10418393512614887
OFFRE_EMPLOI,OFFRE_003779_a8697867b71e,1.0000004,-0.5265817847777117,-0.07345935788982559
OFFRE_EMPLOI,OFFRE_008538_f241c3d7e309,1.0000001,-0.44315239890962443,0.04559425869183748
CANDIDAT,PPPNR2506250033431,1.0,0.3484771198778573,0.08627814458222308
CANDIDAT,PPBZV2501080016405,0.9999999,0.4110283807249568,-0.06152200534309164
COMPETENCE,http://data.europa.eu/esco/skill/4262ddf4-4985-4d23-ba82-f82a226b2bde,1.0000002,-0.07836851842545997,-0.13588636475013574
OFFRE_EMPLOI,OFFRE_008131_4fdca1ab7f80,1.0,-0.6117715355711726,0.01916195746597533
METIER,http://data.europa.eu/esco/occupation/16e65196-3449-4c88-b379-0aa98f43db2b,1.0000001,-0.1938988424691862,-0.08508758630873002
OFFRE_EMPLOI,OFFRE_010358_859cb0403c4e,1.0000007,-0.2543939129980502,0.2340774428010832
CANDIDAT,PPBZV2512090054528,0.9999999,0.17489456053260116,-0.06709145847174539
COMPETENCE,http://data.europa.eu/esco/skill/ec0449aa-ad5b-4231-8022-907ce82e1128,0.99999976,-0.12597093334116335,-0.23294919251282187
CANDIDAT,PPPNR2501240018273,0.9999998,0.3166980691089984,-0.25339806138642645
COMPETENCE,http://data.europa.eu/esco/skill/f15b591a-2522-44e4-a4ed-3b3a3e9801eb,1.0000001,-0.18524715018589563,-0.2600596069170763
CANDIDAT,PPPNR2512240056774,0.99999964,0.007167895420395114,0.14423495888931126
CANDIDAT,PPPNR2502260021306,0.9999995,0.38768522064736555,-0.29094469349086255
COMPETENCE,http://data.europa.eu/esco/skill/d48d6b43-c440-4e99-9bbe-84f24a6713a3,0.99999964,0.020050810041962026,-0.33344249251056973
COMPETENCE,http://data.europa.eu/esco/skill/c4f9fdcd-c0c4-4360-a7e9-64a55fc13263,1.0000001,-0.1053826722934097,-0.2029323777414043
CANDIDAT,PPBZV2512090054603,0.9999999,0.04669940910736878,0.19483348033827044
COMPETENCE,http://data.europa.eu/esco/skill/8259c2c0-2749-41e2-a4a8-4a64a76eab37,1.0,-0.0051352777063931035,-0.228754512644753
CANDIDAT,PPBZV2505270029862,1.0000002,0.2491661281490709,-0.3748855144938477
OFFRE_EMPLOI,OFFRE_005489_8270c9e33b5a,1.0000006,-0.6947995506002757,0.160374355998977
CANDIDAT,PPPNR2503260023966,1.0,0.2395716073392201,-0.06191874772091157
CANDIDAT,PPBZV2510170047972,0.99999964,0.3329735287591525,-0.32066660504751343
OFFRE_EMPLOI,OFFRE_000454_985abbf99748,1.0000005,-0.08792503697189458,0.021398929904364778
OFFRE_EMPLOI,OFFRE_007635_4ecd1f9c0b13,1.0000006,-0.6947995506002757,0.160374355998977
CANDIDAT,PPBZV2511260052791,0.9999997,0.20131100182042794,0.6251821706369992
COMPETENCE,http://data.europa.eu/esco/skill/e8848e94-2517-41b3-8a54-51b8a1287f08,1.0000001,-0.015871197238747477,-0.3714202757260647
COMPETENCE,http://data.europa.eu/esco/skill/3bb3021d-640d-4d12-9f6f-2929367b7968,0.9999995,-0.06803318991557186,-0.22096287673678408
CANDIDAT,PPPNR2505140028266,1.0000002,0.45687714401317847,-0.42888422520561476
COMPETENCE,http://data.europa.eu/esco/skill/6bc57b80-37c8-4c9a-be7b-960d2e44fb77,0.99999976,-0.2807090360864421,-0.18846424071510692
CANDIDAT,PPPNR2506200032833,1.0000001,-0.06337453167618716,0.07435603270197733
METIER,http://data.europa.eu/esco/occupation/4c86c7c1-0839-456e-856f-65396d1f39d7,1.0000002,0.06249049630039456,-0.2038855666494161
CANDIDAT,PPBZV2507120035242,1.0000001,0.11724645635939734,0.02573343301436451
CANDIDAT,PPPNR2502240021167,1.0000004,0.05843794504788251,0.33407217918696497
CANDIDAT,PPPNR2505200029155,1.0000007,0.15230602278212868,0.023632489114007896
CANDIDAT,PPBZV2503280024225,1.0000002,-0.10275578174644584,0.4070703546946813
CANDIDAT,PPBZV2509050041103,0.99999976,0.34092445604468236,0.12186568465680832
CANDIDAT,PPPNR2509260045301,1.0000002,-0.08911064865514387,-0.027524394953742967
CANDIDAT,PPPNR2512150055521,0.99999994,0.4797230832541082,-0.30938787534886664
CANDIDAT,PPBZV2506260033537,1.0,0.09560701775065901,0.2916142667677162
CANDIDAT,PPPNR2503280024235,1.0000005,0.21391351117352822,0.6126994316573083
CANDIDAT,PPPNR2501090016509,0.9999998,0.0035655960903161186,0.44483373217123673
CANDIDAT,PPPNR2503060022169,0.9999998,0.12420107409268422,0.5191192741504626
CANDIDAT,PPPNR2506200032935,0.99999964,0.0996879470613232,0.3181962487042141
CANDIDAT,PPPNR2505270029877,0.9999994,0.1521576432801308,-0.09723469537881886
CANDIDAT,PPBZV2506030030658,1.0000004,0.40390474993467307,-0.4126293809097996
CANDIDAT,PPPNR2510010046035,1.0000001,0.1780268480237878,0.4824077362279893
COMPETENCE,http://data.europa.eu/esco/skill/50747cbd-5160-4f1b-a6a1-f03f87ab26f2,1.0000006,0.03201380139110195,-0.30488233981692414
CANDIDAT,PPBZV2507250036596,1.0000002,0.07315433724067127,0.2345266978951416
COMPETENCE,http://data.europa.eu/esco/skill/988f696e-01c9-4aa5-b024-4aa96505ee0c,0.99999994,-0.1291936850125322,-0.36875072375739504
OFFRE_EMPLOI,OFFRE_007419_46edd24d4b0e,1.0,-0.44337037564711324,-0.06698548717542174
COMPETENCE,http://data.europa.eu/esco/skill/de278695-33e1-400a-8962-95f0ba5ce2e0,1.0,-0.16212515167928507,-0.36769549527529705
OFFRE_EMPLOI,OFFRE_009134_bddef2dc6650,1.0000004,-0.4911766400755011,-0.04139949055408655
COMPETENCE,http://data.europa.eu/esco/skill/7e8ca2c7-76b0-4083-9503-a6b82d1f01bd,1.0000001,-0.08642198659185783,-0.2606218708079023
METIER,http://data.europa.eu/esco/occupation/7f35043b-ebb5-40bf-9974-46a29915f6bf,0.9999999,-0.08743691441698898,-0.2611415707997792
CANDIDAT,PPBZV2510010045930,0.99999976,0.14957033952904647,0.06553330954945977
CANDIDAT,PPPNR2507280036770,1.0000002,0.3936202535908666,-0.3201923066959766
CANDIDAT,PPPNR2512020053453,1.0,0.20449406357457997,0.6389694674249401
OFFRE_EMPLOI,OFFRE_010875_e67222cb8810,1.0000002,-0.20926497912875439,-0.19614728060115377
