entity_kind,entity_id,label_fr,pc1,pc2
COMPETENCE,http://data.europa.eu/esco/skill/bb4f3174-8d64-478b-8d9b-5f37cbf557b7,gérer les flux de visiteurs dans des zones naturelles protégées,-0.11327163949943006,-0.06049519805587493
COMPETENCE,http://data.europa.eu/esco/skill/df1265b9-81fd-4a40-a746-f0442ffbf7ef,distribuer le courrier,-0.15248784988906844,-0.251834805318014
COMPETENCE,http://data.europa.eu/esco/skill/37992d18-8d7e-4122-ad52-fa5d2d52ebde,comprendre l'ourdou écrit,0.01719677452385362,-0.3027695796169601
COMPETENCE,http://data.europa.eu/esco/skill/d6380f06-1802-4ab0-b076-21894b35f84b,produits chimiques pour piscines,-0.19486512111246276,-0.060816973095866936
COMPETENCE,http://data.europa.eu/esco/skill/f9d70f2a-c3f0-475d-ac55-dc2e2ba856e8,diriger des inspections,-0.16653031223987486,-0.04271671715752064
COMPETENCE,http://data.europa.eu/esco/skill/e5e17773-3a63-40c5-99e4-10e036cf7b99,semi-conducteurs,-0.13565601651170278,0.13752862690388895
COMPETENCE,http://data.europa.eu/esco/skill/489b2571-ce18-4944-b452-ed1f54e55b68,Schoology,0.06372584434250365,-0.10455188957031504
COMPETENCE,http://data.europa.eu/esco/skill/a311f8ae-8244-45ef-9c3a-40e767940942,substances d’enrobage,-0.2708401436116511,-0.11167186972116955
COMPETENCE,http://data.europa.eu/esco/skill/99b163e8-7815-43e2-83f3-a47f3076354c,écritures comptables,0.10124403295229376,-0.03450381446069374
COMPETENCE,http://data.europa.eu/esco/skill/2a0ce341-43c6-4550-8cac-4c16d0826151,surveiller une déchiqueteuse,-0.34763200180628684,-0.12946052936196445
COMPETENCE,http://data.europa.eu/esco/skill/553e47b3-43d8-447f-b48b-501fd7355aa4,utiliser des outils pour réparer des moulages,-0.1871851721009511,-0.1292366371819031
COMPETENCE,http://data.europa.eu/esco/skill/eb13f8c5-8300-4422-a51f-475a7edb09ef,réaliser des essais sur des textiles,-0.1062548503615309,-0.2205426635698738
COMPETENCE,http://data.europa.eu/esco/skill/e29f0633-f168-48ab-8f94-1be573cea173,concevoir des opérations de post-tannage,-0.20096041765081932,-0.08587033073068569
COMPETENCE,http://data.europa.eu/esco/skill/d5ce57eb-3ec8-429b-9837-1cbd3aa0ec9a,matériel de plongée,-0.20809020338283152,-0.20050105024111886
COMPETENCE,http://data.europa.eu/esco/skill/6ac62059-f71c-4c4c-8aa8-91202816f773,badminton,-0.04980893739731078,-0.13403066117981227
COMPETENCE,http://data.europa.eu/esco/skill/8acf5d5e-2ba1-4880-adf5-61746253ec44,découper des verres pour lunettes,-0.1693214437992844,-0.22688852087724648
COMPETENCE,http://data.europa.eu/esco/skill/0aa02c52-077d-45f8-8c2d-7132c11ac16e,effectuer des recherches stratégiques,-0.0192342397498481,-0.3111364410293221
COMPETENCE,http://data.europa.eu/esco/skill/9542c4ec-2a56-42eb-af37-3e977df3e201,inspecter une sortie d'impression,-0.11523913627202971,-0.16143882007682708
COMPETENCE,http://data.europa.eu/esco/skill/f0c987fc-4d50-4f74-ac5f-4b970c6bd2e9,installer des pompes à béton,-0.237827425633252,-0.09815874939849664
COMPETENCE,http://data.europa.eu/esco/skill/66aad490-1c20-4e25-b189-634a218ee53e,gestion des affaires juridiques,-0.12976916359306503,-0.08969109326634385
COMPETENCE,http://data.europa.eu/esco/skill/334cd662-0415-44ac-bc8a-e24b320b4284,communiquer sur le bien-être de la jeunesse,0.08728910286924277,-0.2500009819806429
COMPETENCE,http://data.europa.eu/esco/skill/3baa5993-1438-41d3-b629-9412ea8833b1,passer d’un mode à l’autre sur un tunnelier,-0.12663416997401708,-0.18050338196526836
COMPETENCE,http://data.europa.eu/esco/skill/15952b07-e74b-4618-baf2-51f40a5edbc4,intermodalité,-0.2264521625419434,-0.18276815581182457
COMPETENCE,http://data.europa.eu/esco/skill/2cc30e4e-2139-411a-9fa9-f0d616b64c57,surveiller des tendances sociologiques,-0.20665897898972152,-0.25512935996881825
COMPETENCE,http://data.europa.eu/esco/skill/996243ee-543f-4c36-a31a-e0f2403c0c5d,réagir avec empathie,-0.10268605136395409,-0.2524666369575431
COMPETENCE,http://data.europa.eu/esco/skill/7a21689e-3f98-4284-8501-6e9b053262c9,charger la cargaison à bord des navires,-0.20929466211441367,-0.09392376729423828
COMPETENCE,http://data.europa.eu/esco/skill/6be902f1-9675-4e57-a398-f5be3598a1f0,calculer la cote,-0.1258348022014154,-0.2120228162310327
COMPETENCE,http://data.europa.eu/esco/skill/128f318e-1bc8-4921-821f-b0aad1d98922,déterminer un système de chauffage et de refroidissement approprié,-0.2830572180402756,-0.041442152447071036
COMPETENCE,http://data.europa.eu/esco/skill/0fad7d54-a1ac-412e-84d5-3740ba5cb7a1,utiliser des outils de serrurier,-0.24850239986901612,-0.15608327832899133
COMPETENCE,http://data.europa.eu/esco/skill/3e679f1c-e515-4f1b-82b3-2a7e848183a5,donner des conseils sur l’élaboration des politiques,0.07449435468298919,-0.16248867899788305
COMPETENCE,http://data.europa.eu/esco/skill/541c8568-1b37-4903-8655-222cc25f8158,appliquer la réglementation relative aux moteurs des navires,-0.08084802748218949,-0.19907291709068917
COMPETENCE,http://data.europa.eu/esco/skill/a4881e54-6055-4e61-855a-0a56ced7cfa3,évaluation de la stratégie web,0.1536350047667401,-0.20573956529576518
COMPETENCE,http://data.europa.eu/esco/skill/55d46c76-385c-4a86-bc8c-328b6e2f8824,analyser du jus de pomme pour la production de cidre,-0.3416479204144918,-0.10714588333915309
COMPETENCE,http://data.europa.eu/esco/skill/c643e59b-d74c-4f44-b76e-6e1d96c05ec4,utiliser un équipement de sécurité dans la construction,-0.1726525032530208,0.03866055723009636
COMPETENCE,http://data.europa.eu/esco/skill/6e0cc337-e95a-4686-932c-303e1d3fb0df,traduire une bande-son,-0.13776974402593145,-0.29155673071389504
COMPETENCE,http://data.europa.eu/esco/skill/aa66a033-8522-40e9-a5c0-ff2593e2669c,turc,-0.11340709646890665,-0.2059569694600817
COMPETENCE,http://data.europa.eu/esco/skill/6766e2e3-425b-4c6b-963d-82f9b2846e21,gérer un portefeuille de licenciés,-0.02092431354079259,-0.18365123662612684
COMPETENCE,http://data.europa.eu/esco/skill/a50d5e4e-3375-433b-a365-c3e4133a570e,organiser des activités de camp,-0.12010263043453569,-0.18490540480689027
COMPETENCE,http://data.europa.eu/esco/skill/37533674-1751-4c5c-882f-f0ff935a8cae,procédé de revêtement par trempage,-0.21226647088774975,-0.14914522456013865
COMPETENCE,http://data.europa.eu/esco/skill/bf298db2-b90e-4739-85ca-9c3003103fab,gérer la localisation de logiciels,0.03638215945622571,-0.08113395412298897
COMPETENCE,http://data.europa.eu/esco/skill/b4e083dd-e532-4bd5-870a-3815f8c94950,fournir des services de communication radio dans des situations d’urgence,0.04384008051352514,-0.12072512119983833
COMPETENCE,http://data.europa.eu/esco/skill/04bd6e5b-9f81-4c3d-a81f-d7ac2c08dfd9,comprendre le pendjabi parlé,0.04319290950146679,-0.15787466134924347
COMPETENCE,http://data.europa.eu/esco/skill/c051d374-68f8-4ad7-83b2-d7884fc0555d,élaborer un calendrier médiatique,-0.05211745617080607,-0.19148505802699697
COMPETENCE,http://data.europa.eu/esco/skill/5fa6cd2f-9bab-4afa-a184-2d2f1401b770,rédiger des comptes rendus de réunion,-0.021988579670133405,-0.23609138822646783
COMPETENCE,http://data.europa.eu/esco/skill/71581d4b-65e2-4d60-af92-50f07ae39e9c,variétés d’amidon,-0.1020455811816729,-0.16859926362529107
COMPETENCE,http://data.europa.eu/esco/skill/9f0e78ef-bbe4-4d25-a5a9-f0e98ee99da2,évaluer le comportement à risque de délinquants,-0.034799483728584366,-0.10402880749020797
COMPETENCE,http://data.europa.eu/esco/skill/c10d5d87-36cf-42f5-8a12-e560fb5f4af8,faire preuve de compétences interculturelles,0.13442972223257627,-0.380018736502304
COMPETENCE,http://data.europa.eu/esco/skill/80e7418e-7434-456c-85e1-e8aef626a8c0,coordonner la fourniture d’un service de restauration collective,-0.15721846854853674,-0.1172791533058183
COMPETENCE,http://data.europa.eu/esco/skill/eee446ff-f093-4cfe-abc4-cb58c7199f3b,surveiller un processus de mélange d'huiles,-0.2880050721345245,-0.2592136253860866
COMPETENCE,http://data.europa.eu/esco/skill/3652c7df-362c-4b44-a193-52713c566106,styles de nage,-0.15402867235250622,-0.12712011024725306
COMPETENCE,http://data.europa.eu/esco/skill/c0949c80-94c5-4bf1-8e05-ebed75807c01,assurer la liaison avec les membres du conseil d’administration,0.1810261863266519,-0.05862134272378398
COMPETENCE,http://data.europa.eu/esco/skill/64d1250f-1c2b-4bea-929e-626ba927ea35,approche factuelle en radiographie,0.0883447094537618,-0.10546743431563814
COMPETENCE,http://data.europa.eu/esco/skill/a833fceb-c552-4a5c-a5cf-4163313995c9,préparer les équipements pour les opérations de navigation,0.09165742767694528,-0.08343074390779995
COMPETENCE,http://data.europa.eu/esco/skill/364b3628-c750-436a-8f5c-1a75dd5c6648,se tenir informé des dernières parutions de livres,-0.18290490872727797,-0.2612199628037905
COMPETENCE,http://data.europa.eu/esco/skill/70c573a8-de56-45cc-ae69-0a1073eef2b3,méthodes d'épreuvage,-0.10956501918735659,-0.02251246222584323
COMPETENCE,http://data.europa.eu/esco/skill/6cd29d73-e352-40b4-89c5-cdb3faff0a38,gérer une équipe de sécurité,0.23466378771532176,-0.06575938756176603
COMPETENCE,http://data.europa.eu/esco/skill/4b905e0b-6323-49fb-aca2-e1bf8c3d5a81,superviser des activités de planification d’exploitation minière,-0.09311282651716773,-0.06156639286781926
COMPETENCE,http://data.europa.eu/esco/skill/33dd30c8-848d-4c65-87ce-a319e694ae46,alimenter une machine en verre miroir,-0.13381550953563898,-0.21130818304235197
COMPETENCE,http://data.europa.eu/esco/skill/1f618933-1c1b-4b49-91f7-d567d25406bf,assurer la liaison avec les entreprises de transport,-0.10534599926320364,-0.10397855891673269
COMPETENCE,http://data.europa.eu/esco/skill/247b9f2d-e2f6-4c12-87f7-8b6e4f9c4420,entretenir une zone de jeu,-0.09267783698908733,-0.1648410953841899
COMPETENCE,http://data.europa.eu/esco/skill/77390acd-7cf6-4cb2-895a-16bc6b6d2058,faune et flore sauvages,-0.24158376390408454,-0.10803330482195705
COMPETENCE,http://data.europa.eu/esco/skill/70bdcb55-eb38-4cfc-b346-a2dd9f65b06f,superviser l’impression de publications touristiques,-0.035105295947195594,-0.24765624057733768
COMPETENCE,http://data.europa.eu/esco/skill/f88002a8-6355-4d33-9496-285c166ff375,consommation électrique des TIC,-0.000701835014820965,-0.17525643387145845
COMPETENCE,http://data.europa.eu/esco/skill/6db3ac8e-8636-4ced-965b-75e35c3193c3,esthétique,-0.09991631092591148,-0.24893132021698894
COMPETENCE,http://data.europa.eu/esco/skill/84dfe7a9-2765-44c6-a5dd-d03c4e1a65c0,effectuer une biopsie,-0.26128656535298517,0.041226448440340464
COMPETENCE,http://data.europa.eu/esco/skill/44832432-3bcc-4e62-8696-0411dd28e4b7,procédés de récupération des liquides de gaz naturel,-0.18432223930998945,-0.03338445230127266
COMPETENCE,http://data.europa.eu/esco/skill/3597b613-de06-45d8-89a4-6b01ceb1c3a8,organiser des séances de groupe sur la nutrition,-0.06643020280973194,-0.1968058911599718
COMPETENCE,http://data.europa.eu/esco/skill/60358919-aa4c-4fc4-b687-14597dbbc752,réaliser une opération de microchirurgie reconstructrice,-0.13680634294752642,0.06955910300844706
COMPETENCE,http://data.europa.eu/esco/skill/73576419-31c2-4e45-8e30-ab1afec3db4e,utiliser des matériaux et composants durables,-0.26514851140060236,-0.13941750946330775
COMPETENCE,http://data.europa.eu/esco/skill/5b6abc4b-0cfe-4178-845d-479da3d2d699,pesticides,-0.2428299815211742,-0.054632082413882926
COMPETENCE,http://data.europa.eu/esco/skill/32a76797-6235-4659-869f-c691ffd30463,paléoclimatologie,-0.17919601191620763,0.060303230082993105
COMPETENCE,http://data.europa.eu/esco/skill/271a36a0-bc7a-43a9-ad29-0a3f3cac4e57,rédiger une évaluation des risques sur la représentation d'une production artistique,-0.13477103385949282,-0.31922005315882634
COMPETENCE,http://data.europa.eu/esco/skill/3e71ddfd-fff4-4c8d-a510-a46f4e2edb6b,procédures d’essai de dispositifs médicaux,-0.034032733432461604,0.11222478696789892
COMPETENCE,http://data.europa.eu/esco/skill/9b1da480-3212-420d-9eae-aaa71427f698,exploiter du matériel d’abattoir,-0.30465165176527453,-0.023535092388407
COMPETENCE,http://data.europa.eu/esco/skill/35ccdf6c-6928-4ad1-967f-c984134b6bd9,appliquer des couches de couleur,-0.4590559053722322,-0.15597576818203693
COMPETENCE,http://data.europa.eu/esco/skill/e56fc49b-b8e6-445f-87f6-4e671f1c189b,fournir des services liés à l’intimité physique,-0.041649179172275716,-0.1791255173171486
COMPETENCE,http://data.europa.eu/esco/skill/0e685cc5-df53-451f-b987-7fd6d7025447,fournir un traitement médical anti-cancéreux,-0.22539944042144175,0.007722799888203721
COMPETENCE,http://data.europa.eu/esco/skill/a432ffcd-b58d-4417-836c-ea3282b626ca,effectuer des simulations,-0.028523970124982416,0.0019173682852410335
COMPETENCE,http://data.europa.eu/esco/skill/92d199f8-0313-42df-94be-09e12e0ed5a6,manipuler les produits radiopharmaceutiques,-0.08078494683356444,-0.06207759100428111
COMPETENCE,http://data.europa.eu/esco/skill/b4b3b539-81ae-43aa-a540-0e2ea2c7e802,stockage des aliments,-0.2893916488930153,-0.19534345391975957
COMPETENCE,http://data.europa.eu/esco/skill/34dcd78b-1a9b-4626-9d65-628cf18f17fe,fixer des bandes de renfort en bois aux éléments d’un navire,-0.32255661383717626,-0.08167062157177218
COMPETENCE,http://data.europa.eu/esco/skill/84280b98-75f7-417d-9a74-7ba278c380e5,assurer la lubrification de machines pour un fonctionnement constant,-0.23874113089520774,-0.056423562050574375
COMPETENCE,http://data.europa.eu/esco/skill/c5e8abde-d2ba-4e8e-a65e-720b71180666,données non structurées,0.002883746575549467,-0.08437652109357378
COMPETENCE,http://data.europa.eu/esco/skill/4e673124-6a25-4bdd-a1c4-f02402c61d5d,régler une brocheuse,-0.23813082216533746,-0.1633187372688631
COMPETENCE,http://data.europa.eu/esco/skill/1e430736-abcd-43a6-aec6-8ca3c57d72c6,administrer un traitement ostéopathique à des animaux,-0.09906428271517634,-0.09664652001840923
COMPETENCE,http://data.europa.eu/esco/skill/cbe6e2a5-f7bc-4162-9803-fcb9ecd86052,réaliser un soin du visage,-0.20244228633923766,-0.2319179817129491
COMPETENCE,http://data.europa.eu/esco/skill/9da22795-4383-4bea-9ac5-e80fdf16ece5,effectuer une enquête sur l’endettement,-0.036072376544760046,-0.14224546458336165
COMPETENCE,http://data.europa.eu/esco/skill/f0f3e528-d984-4238-8ef7-58a6c300cabe,utiliser un détecteur de métaux,-0.12273683062434684,-0.01870075022729326
COMPETENCE,http://data.europa.eu/esco/skill/9f910a4f-6310-4337-a078-a1b4fe643afd,créer un modèle-maître,-0.3161515308945948,-0.07648464342075555
COMPETENCE,http://data.europa.eu/esco/skill/81a66a2f-6286-466f-be26-307c85136d6a,gérer les ressources financières de services liés à des véhicules,0.007503123085415385,-0.13420634010748253
COMPETENCE,http://data.europa.eu/esco/skill/b9747ec1-f3a7-4526-b226-59d903cbfa76,enfoncer des palplanches métalliques,-0.2430333203574885,-0.05661960690646153
COMPETENCE,http://data.europa.eu/esco/skill/c8186be4-15d4-4347-b34a-53bee7015f79,manipuler le bois,-0.19369372946293142,-0.14379587382244682
COMPETENCE,http://data.europa.eu/esco/skill/39020c4b-62b0-40f3-9d63-6228dbd6f3c3,déterminer les sources de communautés cibles potentielles pour une œuvre artistique,-0.06817431948726539,-0.3122298306565474
COMPETENCE,http://data.europa.eu/esco/skill/de7bef6f-80d9-4fbe-99fc-5feb1ec2fb4c,faire l’entretien de montres et d'horloges,-0.30206694594046335,-0.22727980837920211
COMPETENCE,http://data.europa.eu/esco/skill/8804d963-5a31-4609-b5df-f741b7199fb7,audit interne,-0.008479728931590677,-0.05838223155639836
COMPETENCE,http://data.europa.eu/esco/skill/9f23a9cc-36a4-477b-a38b-9d4cb4f58c54,transférer une installation de granulation,-0.19236748075052626,-0.08757745674336108
COMPETENCE,http://data.europa.eu/esco/skill/078e6210-224d-4331-9c8e-f881259b6bb0,usage sûr des pesticides,-0.20034739240273639,-0.034323676957502304
COMPETENCE,http://data.europa.eu/esco/skill/55bead5d-b9d7-48c2-b913-39d2d99e806b,rechercher les défauts de soudure,-0.1284712832281449,-0.22814412088802524
COMPETENCE,http://data.europa.eu/esco/skill/33051fa7-bc25-4a75-80ae-c3b7cf5c744d,travailler de manière autonome dans la production alimentaire,-0.19870658806650207,-0.08328677825546536
COMPETENCE,http://data.europa.eu/esco/skill/16c2b3fb-3a41-4b0e-bb35-06e659917b02,mener des entretiens pour la recherche de contacts,-0.19923410279874273,-0.07681448342915449
COMPETENCE,http://data.europa.eu/esco/skill/98815e0a-0bcc-41fc-ba9a-6ec1c4e8a8a0,placer des panneaux de signalisation,-0.0775565471676792,-0.03219032312480587
COMPETENCE,http://data.europa.eu/esco/skill/2fea2558-630e-480d-9e12-47a05bc19b55,mécanique de précision,0.013442136652511904,0.016050014013595716
COMPETENCE,http://data.europa.eu/esco/skill/7df446fb-7e76-4a7e-9954-88706be77c27,surveiller la sécurité d’un parc d’attractions,-0.08508765168229897,-0.06073781003456978
COMPETENCE,http://data.europa.eu/esco/skill/ea7386d0-6437-46d6-a85f-30b35da14f6b,former des guides,-0.13040780967238258,-0.18937115288138354
COMPETENCE,http://data.europa.eu/esco/skill/284ed642-3735-4453-8a43-41ce3d7cb1fc,définir une vision artistique,-0.03682280887440687,-0.3529156508657406
COMPETENCE,http://data.europa.eu/esco/skill/45af158b-b189-43a2-9b3e-4e69c9b8d799,exiger l'excellence de la part d'artistes,-0.12086431063940897,-0.29518529619708644
COMPETENCE,http://data.europa.eu/esco/skill/15277ff0-0308-486d-aeba-359774fc6a70,participer à un entraînement sportif,-0.06189144445622732,-0.12276216060832441
COMPETENCE,http://data.europa.eu/esco/skill/86d8a19f-1694-4314-9048-8f36c227a42c,gérer des bioréacteurs,-0.2569822670038074,0.02869330702247679
COMPETENCE,http://data.europa.eu/esco/skill/70745d59-51c2-43fe-81cf-d82e9827e551,nettoyer la cage à poissons,-0.31393351535532116,-0.13877418963064475
COMPETENCE,http://data.europa.eu/esco/skill/d08c420c-d3c6-4485-af6f-f2544e9aa0ac,appliquer la gestion des risques à des activités de plein air,-0.17432575511126894,-0.2672275208834756
COMPETENCE,http://data.europa.eu/esco/skill/978a76ca-0d14-43b5-a69d-1996dfeb22de,conduire une excavatrice,-0.3333482878510593,-0.041059325617247684
COMPETENCE,http://data.europa.eu/esco/skill/3d2a1f45-5367-47d2-a15a-a8fc72a45bbc,superviser le chargement de la cargaison,-0.1307419943454901,-0.12690298511335077
COMPETENCE,http://data.europa.eu/esco/skill/6c3031c8-fac1-449a-849f-c24c5009db33,fournir des verres correcteurs,-0.008753974023045624,-0.003366607451952397
COMPETENCE,http://data.europa.eu/esco/skill/9a97c406-e9c3-4a22-8d16-74bb2fae96b5,visionner des produits de production vidéo et cinématographique,-0.1524859681557935,-0.2120407621147412
COMPETENCE,http://data.europa.eu/esco/skill/7110bf9f-b245-4adc-9159-5081013fd64d,communiquer dans le domaine des soins de santé,-0.025310963699478706,-0.08317206701155075
COMPETENCE,http://data.europa.eu/esco/skill/52272cdd-7a52-4b88-a12b-7ca442c37f99,fournir des informations de projet sur des expositions,-0.0006717370048649804,-0.29454558394061164
COMPETENCE,http://data.europa.eu/esco/skill/2691f4d8-d090-423f-afd7-9e721f562e8d,donner des conseils sur les relations publiques,0.06745087969533968,-0.1987040403321934
COMPETENCE,http://data.europa.eu/esco/skill/e574c14e-eeb2-4db7-b7ce-a1b46d98f42b,installer un contrôleur d’ascenseur,-0.12811857780450192,0.06072512692332738
COMPETENCE,http://data.europa.eu/esco/skill/81513fdf-5ea9-4375-9bc4-67ad959ac5de,contacter des clients,0.08526848507146541,-0.17078007329082098
COMPETENCE,http://data.europa.eu/esco/skill/d56e2c2f-3e01-4b76-a7bb-ecb6d430172f,penser de manière globale,0.1190783814804337,-0.19620892587742028
COMPETENCE,http://data.europa.eu/esco/skill/c267819f-35d3-45be-8354-b3b2ad7e1f04,fixer des câbles de moteur d’ascenseur,-0.15306364342546183,0.011798510588597252
COMPETENCE,http://data.europa.eu/esco/skill/c1b0bfc2-4932-4e03-9077-92bc56042511,gérer des plans d’évacuation d’urgence,-0.09183508319267636,-0.1255318818215686
COMPETENCE,http://data.europa.eu/esco/skill/87a349c4-97f3-482e-b743-57e1cb543802,mettre en place des éléments d’animation,-0.09392476718607633,-0.28232934795629455
COMPETENCE,http://data.europa.eu/esco/skill/fa7be6bf-f906-4b8e-857d-48a9a7da901c,gérer les opérations d'un entrepôt,-0.04923744087085952,0.0504157183434189
COMPETENCE,http://data.europa.eu/esco/skill/16504009-552d-46b8-bfc3-b8dcaf556c9d,superviser le fonctionnement d’une machine de découpage au jet d’eau,-0.09500805833832122,0.0017841955870719708
COMPETENCE,http://data.europa.eu/esco/skill/2a05f2e9-e9c8-48a2-8155-1d052f781805,types de polymères,-0.24252681180670418,-0.09981033044100894
COMPETENCE,http://data.europa.eu/esco/skill/3ec9208f-991d-4253-a8b2-50d538bae017,estimer des coûts de récolte,-0.04453960873742117,-0.01566792052819843
COMPETENCE,http://data.europa.eu/esco/skill/7b56814d-5617-4e9a-af69-f30e63358759,vendre des produits cosmétiques,-0.17162294902660866,-0.22329314691869454
COMPETENCE,http://data.europa.eu/esco/skill/2d1d7366-8fa4-43df-a033-cbdd337b9468,assurer la mise au point d'un projecteur,-0.09047145479398065,-0.16455319360273474
COMPETENCE,http://data.europa.eu/esco/skill/aec4c9bf-9c44-4f9d-99f1-70011cebe1a8,tester du matériel d’instrumentation,-0.12423617288444296,0.048964200216731917
COMPETENCE,http://data.europa.eu/esco/skill/0a8941cf-969c-4136-901c-cee1dae65320,tester un mélange de nitroglycérine,-0.2277261040853935,-0.13216473166301065
COMPETENCE,http://data.europa.eu/esco/skill/63819d42-0f85-4f3c-a93d-cd84686be2ec,peser la quantité de feuilles par cigare,-0.27597463610907036,-0.19272772372451566
COMPETENCE,http://data.europa.eu/esco/skill/3ed454aa-1f92-46eb-ac8a-f860265dab5e,mettre en œuvre les compétences tactiques pertinentes pour atteindre le plus haut niveau en sport,0.10479093363840447,-0.08295057149544742
COMPETENCE,http://data.europa.eu/esco/skill/f9a6f35b-01a7-40c9-8b61-b6ee46f97272,systèmes d’exploitation,0.1304782917601424,-0.13482942378619323
COMPETENCE,http://data.europa.eu/esco/skill/28cd3cc4-5b92-47e6-9534-a0e1a4981103,chirurgie d’urgence,-0.13724033344585232,-0.13572934100004977
COMPETENCE,http://data.europa.eu/esco/skill/f399a9c1-be41-4117-bf86-a64b503c4cfd,surveiller la saisie de données,-0.1382939927744889,-0.0239181702879332
COMPETENCE,http://data.europa.eu/esco/skill/a61d58b6-f6f1-4b54-8cdd-54b3bb11b69c,découper des produits métalliques,-0.1667889976441146,-0.022641710816583772
COMPETENCE,http://data.europa.eu/esco/skill/378caeec-10a0-4162-b75c-ab374a42e93d,achats électroniques,-0.13409282922031623,0.010945400742279192
COMPETENCE,http://data.europa.eu/esco/skill/8bb1e784-f54f-48dd-aedd-23723e171898,superviser la préparation d’aliments,-0.08057209690515739,-0.1912212305430843
COMPETENCE,http://data.europa.eu/esco/skill/3e6f95e3-1b00-4a72-ac5d-704c383e03de,déterminer le potentiel commercial de produits d'occasion,-0.12955512343561296,-0.21557827748644073
COMPETENCE,http://data.europa.eu/esco/skill/e2e15494-65b9-4af5-8b86-53fb51e7e022,gérer des comptes,0.19701279524619353,-0.17073078011265794
COMPETENCE,http://data.europa.eu/esco/skill/51586df8-1c46-4b47-8583-773cb63bf00b,R,0.2494143636568437,-0.04004740836587751
COMPETENCE,http://data.europa.eu/esco/skill/c0f8207c-2377-4fe2-abc4-b173cc4c31c8,tenir un demandeur de subvention informé,0.04024391300421866,-0.14831285864888394
COMPETENCE,http://data.europa.eu/esco/skill/c50bfa91-0b9d-492f-bf64-fce6e9a25c7b,inspecter des élevages de poissons,-0.2333482508504814,-0.06438778167104868
COMPETENCE,http://data.europa.eu/esco/skill/2479ac51-f43f-42d1-a912-ff000b351439,coordonner des recherches forestières,-0.1577147575032266,-0.05779128940126382
COMPETENCE,http://data.europa.eu/esco/skill/b2bdd9ad-4ecb-4ced-80c3-623686ef5328,marquer des pilules,-0.28460963173435605,-0.18573806150615346
COMPETENCE,http://data.europa.eu/esco/skill/849c8e8f-0416-4604-85af-8520d93b17f5,utiliser une raboteuse,-0.19733145017107986,-0.1923199485205457
COMPETENCE,http://data.europa.eu/esco/skill/f4bcdb75-df28-441d-a52b-9730904f36a1,exercer des droits et des responsabilités,0.051208092646058294,-0.1865477310372678
COMPETENCE,http://data.europa.eu/esco/skill/a57d3310-3d0f-4678-aa8b-88df49e74f36,utiliser un laminoir à froid,-0.26612308914720795,-0.027409199801256685
COMPETENCE,http://data.europa.eu/esco/skill/a5591b3c-c426-45af-b0fe-eac9d0f39248,créer le calendrier d’une campagne,-0.15523804311699768,-0.14567665021771775
COMPETENCE,http://data.europa.eu/esco/skill/86f1b972-fcd4-478a-9bd7-2ecbbf901e21,élaborer des programmes de travail,-0.1888392781401536,-0.19647652001018295
COMPETENCE,http://data.europa.eu/esco/skill/ef2adfe8-d7a5-465d-bbe6-8f9e913ae7ed,mettre en place une infrastructure temporaire sur un chantier de construction,-0.14050976396553094,-0.09975325090744772
COMPETENCE,http://data.europa.eu/esco/skill/25410a05-6907-4a4e-ab99-f2ace65fdfce,encrer des plaques d'impression,-0.287635546265636,-0.13327450795136553
COMPETENCE,http://data.europa.eu/esco/skill/6f55e44d-4494-4079-9b8d-01ac6912529e,biélorusse,-0.18971468647029216,-0.08089295596765296
COMPETENCE,http://data.europa.eu/esco/skill/1ba59ce0-7fec-434b-8d5c-9b275250a26c,préparer des supports de présentation,0.003919903781258615,-0.24760472961470445
COMPETENCE,http://data.europa.eu/esco/skill/090ae6b3-12ab-4c72-b98a-17b790cf416e,élaborer de nouveaux produits alimentaires,-0.05384966436386515,-0.08074408170377136
COMPETENCE,http://data.europa.eu/esco/skill/4a92d8ce-ffd6-4da5-a50e-ef1bff5cc219,programmes de sécurité sociale d'un gouvernement,0.07579182598595051,-0.051242194534652744
COMPETENCE,http://data.europa.eu/esco/skill/b4814783-3fb4-422e-b00e-1c09b5d57dde,caractéristiques des ventes aux enchères,-0.2790375056620376,-0.1518195380771
COMPETENCE,http://data.europa.eu/esco/skill/b1338cfb-930c-4bcb-b77a-1034d76ddb0e,utiliser les outils d’une boîte à outils traditionnelle,-0.27112039427480034,-0.14785678689936274
COMPETENCE,http://data.europa.eu/esco/skill/d0f930bc-a67b-4096-9df1-d2745de72518,élaborer des politiques culturelles,0.03747347912011889,-0.24001012918927409
COMPETENCE,http://data.europa.eu/esco/skill/a2b566b0-1070-47a4-adc8-88839942ce25,systèmes de commande hybrides,-0.08176944030616919,-0.07015517264581024
COMPETENCE,http://data.europa.eu/esco/skill/af7fcc0f-bdd9-40b4-9649-f22f939ca699,recommander du matériel de télécommunication à des clients,0.08133880141234444,-0.10379121736713788
COMPETENCE,http://data.europa.eu/esco/skill/5641a2af-9eb2-4209-9fc6-856f78f2d2f2,législation sur la pollution,-0.07662509639191362,0.012365959430634397
COMPETENCE,http://data.europa.eu/esco/skill/7655b81b-0fff-4c04-927a-25c6662d31a8,peindre des motifs décoratifs,-0.21743502492610295,-0.27345872281230904
COMPETENCE,http://data.europa.eu/esco/skill/07ebc888-0f3f-46e7-99d2-a7c7ebd7ffe3,logiciel de gestions des réservations,0.08247494943901762,-0.04187373817799503
COMPETENCE,http://data.europa.eu/esco/skill/56d51dce-23bc-4135-a0a3-07d77cc1c0fd,sélectionner des matériaux artistiques pour créer des œuvres d’art,-0.22941642646850433,-0.17892289460920152
COMPETENCE,http://data.europa.eu/esco/skill/9af252ce-bf4d-411b-8daa-beb91df4257d,marketing réseau,-0.07937872881430871,-0.2869581883733172
COMPETENCE,http://data.europa.eu/esco/skill/3cc1fa63-1b28-44df-a93c-d09b12389a2f,interagir verbalement en basque,-0.05321920019145966,-0.18246438656285419
COMPETENCE,http://data.europa.eu/esco/skill/9aba81c6-b5b3-4c32-ab93-4280c17179fc,gérer les relations avec des artistes,-0.1383256903667901,-0.3151480483204492
COMPETENCE,http://data.europa.eu/esco/skill/05a5f39f-e6c3-47b9-9824-f5d15e0bc885,procéder à l’épuration de mollusques et crustacés,-0.17054863535337944,-0.09777442102343328
COMPETENCE,http://data.europa.eu/esco/skill/360c095b-b086-4613-a909-c12469f50364,contrôler des feuilles de verre,-0.1669494794174623,-0.14339997345043848
COMPETENCE,http://data.europa.eu/esco/skill/e05b9e06-d298-4646-b762-acbd485a20e9,Pendjabi,-0.06312877484737875,-0.1449889496202352
COMPETENCE,http://data.europa.eu/esco/skill/a4346013-a967-4a58-a533-6b32ad1364c5,protection des données,-0.0019704432452622225,-0.2189326820666053
COMPETENCE,http://data.europa.eu/esco/skill/338dc4d9-e833-4084-82cd-7deba192390c,ingénierie de la coque des navires,-0.19626755127485293,0.11888929040307832
COMPETENCE,http://data.europa.eu/esco/skill/d66dfb6a-9963-4b4a-840d-ee5ab367167b,cire d’abeille,-0.2671682712618892,-0.08355843217805804
COMPETENCE,http://data.europa.eu/esco/skill/ab0bc977-8b71-48f7-bfcc-a8f92ec03e34,faire des recherches sur l’histoire d’une famille,-0.129880771801598,-0.14118916913992058
COMPETENCE,http://data.europa.eu/esco/skill/9b63d92b-5a3a-46b0-b2ba-c98b39ea5aaf,système de santé,-0.05132401010576625,0.004109698780101555
COMPETENCE,http://data.europa.eu/esco/skill/286e486c-a094-4715-8e5b-a2370b09a408,gérer des mesures correctives,0.02841596025207677,-0.04278314634368995
COMPETENCE,http://data.europa.eu/esco/skill/f81c9684-dc31-4883-9bee-42c7e02527db,modéliser un système électrique,-0.12002197241644737,-0.13321466066270987
COMPETENCE,http://data.europa.eu/esco/skill/e0701805-94ab-4c79-9624-39a7202cbe4f,calculer la dépréciation d’un bien,-0.16511408450111784,-0.14705568157825633
COMPETENCE,http://data.europa.eu/esco/skill/27bcdf34-aebd-413b-9c02-e8ac63558e6a,inspection sanitaire vétérinaire avant abattage,-0.019015363477247322,0.11184644757903706
COMPETENCE,http://data.europa.eu/esco/skill/3556c075-eee0-4549-b730-48ae70cb5af9,modes de financement,0.05432811954326524,-0.13664067466754334
COMPETENCE,http://data.europa.eu/esco/skill/b99ffdda-699d-4d55-b361-23036da33f1e,donner des conseils en matière de mesures de sécurité,0.008768819714387442,-0.13778199568118377
COMPETENCE,http://data.europa.eu/esco/skill/1f1cdba2-4887-45ef-9eb0-235e7f63fa8b,dessiner un schéma de câblage électrique,-0.07271729263396245,-0.03149272862930473
COMPETENCE,http://data.europa.eu/esco/skill/3010a749-02b7-4489-99a7-64f213691e9e,brocher des cahiers,-0.26092141672947783,-0.12573519826398025
COMPETENCE,http://data.europa.eu/esco/skill/5d74614d-32c8-4ca4-9818-6980e52424b1,planifier un test logiciel,0.105715117410828,-0.08182866677368365
COMPETENCE,http://data.europa.eu/esco/skill/f37dbb3c-dafc-4835-86d1-de9615626f9b,kazakh,-0.05047274141301535,-0.07492101556144591
COMPETENCE,http://data.europa.eu/esco/skill/eb44d926-143f-4921-8150-4e537434b904,enseigner les principes économiques,-0.07286809368390991,-0.10690547007420685
COMPETENCE,http://data.europa.eu/esco/skill/374062e6-29ce-4ccb-b492-9e82e0357176,communication interprofessionnelle dans le domaine psychosocial,0.13213276733074067,-0.13767255114146681
COMPETENCE,http://data.europa.eu/esco/skill/d04e4bde-05fa-499c-9237-1fe5e4560525,procédures des établissements d’enseignement secondaire,-0.026452018559675126,-0.01951188759017099
COMPETENCE,http://data.europa.eu/esco/skill/0efbd0a0-0272-445d-90a8-ebb2a9b5058b,comprendre le bosnique parlé,-0.010343992378977167,-0.1689842790707654
COMPETENCE,http://data.europa.eu/esco/skill/e2088cd0-b174-468a-adc0-921efdadb337,langue des signes,-0.04820388991004109,-0.32270380143601346
COMPETENCE,http://data.europa.eu/esco/skill/7f1a7abb-9208-48b7-8b84-2c1f283a50a0,routage d'appels,-0.13002237109434786,-0.21299745090477665
COMPETENCE,http://data.europa.eu/esco/skill/4b38ae9d-28a3-467f-a8bb-88ac4696d8cf,affections dentaires équines,-0.1816007176165272,-0.024097614588566404
COMPETENCE,http://data.europa.eu/esco/skill/ab10ec2c-8605-4cfe-a58b-fec1114a5584,psychosociologie,-0.0590446993250431,-0.2513677236280571
COMPETENCE,http://data.europa.eu/esco/skill/f8249dd0-c832-47d4-a9b5-0dad85d2bd16,superviser une production sonore,-0.12805432504436268,-0.21407273350208994
COMPETENCE,http://data.europa.eu/esco/skill/ee2cf42a-0664-4b53-aaf9-f4fbe55bd37a,prévoir les conditions météorologiques,-0.15916542833980482,-0.12823037316258046
COMPETENCE,http://data.europa.eu/esco/skill/607f81ad-93c3-4c62-aa8b-0f8756d90a04,appliquer les procédures de l'armée de l'air,-0.1236378163812384,-0.10639295558597396
COMPETENCE,http://data.europa.eu/esco/skill/dae7b6eb-dea0-4298-9554-d951656e9389,concevoir des espaces ouverts,0.029079554065409366,-0.2687132331100793
COMPETENCE,http://data.europa.eu/esco/skill/32f20d0e-d127-4901-a971-a53e26dfef14,conseiller des clients sur la domotique,-0.025251104106959785,-0.25906694484606985
COMPETENCE,http://data.europa.eu/esco/skill/e2b0d44f-df0f-47a7-882a-f8d7ffd40e60,vendre des fleurs,-0.2489781668131803,-0.13411701760611716
COMPETENCE,http://data.europa.eu/esco/skill/f13cae48-a480-44d3-b692-0e77c4dbb519,installer un fourneau de chauffage,-0.28848666826009145,-0.04876556495682033
COMPETENCE,http://data.europa.eu/esco/skill/ac6e266a-5362-4690-8937-b71a2d9311d1,effectuer la réparation de motos,-0.1967112827230693,-0.06436648303890352
COMPETENCE,http://data.europa.eu/esco/skill/575f79e8-8500-4ddf-91ec-5e6de73d35a3,composants mécaniques des véhicules,-0.1580988423961871,-0.10575061683691384
COMPETENCE,http://data.europa.eu/esco/skill/468e27bb-d5fa-4062-9d22-97e0d7546717,administrer des produits anesthésiants à des patients,-0.07745969053167628,-0.07176759910914501
COMPETENCE,http://data.europa.eu/esco/skill/8899ee6c-7df4-41dd-9dc5-36be940864ee,coordonner les activités de transport à l'exportation,-0.2531222906931483,-0.13641114215262895
COMPETENCE,http://data.europa.eu/esco/skill/c2ff1e5f-77ba-4527-bd88-dc7e5d67e2b9,s’assurer que les véhicules sont dotés d’équipements d’accessibilité,-0.13725000557516395,-0.0812980746146668
COMPETENCE,http://data.europa.eu/esco/skill/b091d04a-bb5d-4998-afc9-d71e6c96fb80,engins de construction destinés à la manutention de matériaux de construction,-0.21990158085009745,-0.1292943821982946
COMPETENCE,http://data.europa.eu/esco/skill/a571791c-50aa-40d1-ba82-b3f1f4185426,surveiller les activités d’un évènement,-0.12683718081328582,-0.3228896809323199
COMPETENCE,http://data.europa.eu/esco/skill/382c11ed-20d5-4ae7-b60e-15fec527fa6c,appliquer des techniques d’analyse statistique,0.11310394263144191,0.07131918805482529
COMPETENCE,http://data.europa.eu/esco/skill/d5a59ca8-2e91-472e-8571-d12ce4478679,méthode de gestion de projets procédurale,-0.031117798528902722,-0.13862372217176505
COMPETENCE,http://data.europa.eu/esco/skill/f5db895c-533b-421b-8e7a-0ea39aadf3e5,pièces d’horlogerie,-0.32143101635246213,-0.19587364919592323
COMPETENCE,http://data.europa.eu/esco/skill/0d254d2f-f6c7-49ac-be0d-a2651c222f7a,métaux précieux,-0.05849717832816295,-0.1944193704660162
COMPETENCE,http://data.europa.eu/esco/skill/e67ca3fb-2d77-4741-a759-fc11110f869e,laver des bicyclettes,-0.23444905328716031,-0.19012086289837382
COMPETENCE,http://data.europa.eu/esco/skill/2ce49caf-8d84-4aa1-b0be-5d4d8de0532a,décharger des fournitures,-0.056295200745732125,-0.07051589744045703
COMPETENCE,http://data.europa.eu/esco/skill/2d64f29c-a50a-43fa-917b-448bed81ae85,déterminer le sexe d’un animal,-0.10027990718481275,-0.21077664672334215
COMPETENCE,http://data.europa.eu/esco/skill/4adb861b-3ad8-4f0d-9343-decf59748d56,faire preuve d'une attitude professionnelle vis-à-vis de clients,0.19034902773597784,-0.3126236481600141
COMPETENCE,http://data.europa.eu/esco/skill/f143bbc9-cc9d-4629-87d5-4d747838ddb3,stratégies de gestion des cas d’agression sexuelle,-0.18710735275028137,-0.13029153894195275
COMPETENCE,http://data.europa.eu/esco/skill/558337fa-2e6a-4733-ba02-3bc00a7ca26e,mécanismes de verrouillage,-0.2582789945435264,-0.05608261821203269
COMPETENCE,http://data.europa.eu/esco/skill/f90d4810-8bac-4e5e-b870-3e35a4138ff7,assumer ses responsabilités,0.1766457571208237,-0.18702964119912102
COMPETENCE,http://data.europa.eu/esco/skill/73b4cc3b-3827-4c54-ac54-d912e5cdae21,types de tissus,-0.18712506615201965,-0.07007835793991661
COMPETENCE,http://data.europa.eu/esco/skill/badbd33c-3da8-43ae-a504-de388b988f4a,nanomatériaux,-0.17862610044865135,-0.025934076693829435
COMPETENCE,http://data.europa.eu/esco/skill/68117f21-c66a-4769-87b0-586fe17f9ab5,mesurer des feuilles de papier,-0.296462136661227,-0.08838038235797131
COMPETENCE,http://data.europa.eu/esco/skill/0e355580-bd4a-465a-8058-92984623070e,travailler en extérieur,-0.34002313315632177,-0.2203803031924192
COMPETENCE,http://data.europa.eu/esco/skill/69bece91-c806-42ad-bde4-db28c7f8fc4b,systèmes mécaniques,-0.14621247999312384,-0.0722534882861222
COMPETENCE,http://data.europa.eu/esco/skill/ef6cb992-07d1-435b-a150-45d92228db1e,installer des équipements sanitaires,-0.13210563234657252,-0.10398341286059642
COMPETENCE,http://data.europa.eu/esco/skill/06a4004d-ee47-44ff-ae2f-a038ba0c0256,réaliser une étude de faisabilité sur l’énergie produite par des petites éoliennes,-0.28762717188669173,0.012284674780329423
COMPETENCE,http://data.europa.eu/esco/skill/d4c4df36-5f61-4677-afa4-82d9e93c657b,négocier la vente de produits de base,-0.20890269571894238,-0.21098222782320628
COMPETENCE,http://data.europa.eu/esco/skill/47e349cb-b0a8-4877-b368-c30a2ee4668b,gemmes,-0.2613195017586319,-0.12619276722667722
COMPETENCE,http://data.europa.eu/esco/skill/2af29864-c941-40a5-ae7b-2b6c4b92c0d7,reconnaissance vocale,0.02488557723047575,-0.13360212793541337
COMPETENCE,http://data.europa.eu/esco/skill/c1750417-79c3-442d-844f-50d65fb812e9,photographie radiologique,-0.1040094141743774,-0.04866304746630544
COMPETENCE,http://data.europa.eu/esco/skill/c07a22bb-565e-4eb6-bb1e-a333b4297946,évaluer des séances de thérapie artistique,-0.21059253923752136,-0.20152112415876405
COMPETENCE,http://data.europa.eu/esco/skill/bb127774-3166-4541-ad4c-cc3070fd93c5,gérer les retours,-0.05644004477975439,-0.30449008831024316
COMPETENCE,http://data.europa.eu/esco/skill/cf6d564c-6d88-44f6-bdaa-8e134f9c7b9f,installer des détecteurs sur une voie ferrée,-0.1323372592844313,-0.021369340720251415
COMPETENCE,http://data.europa.eu/esco/skill/ffc1e455-ced2-4e67-bdb3-1c50f9683859,Capture One,0.06032703060103978,-0.08308498792184657
COMPETENCE,http://data.europa.eu/esco/skill/bc07c4cf-0449-4bc3-ac51-eadac814383e,effectuer des opérations d’entretien liées au carburant d’avions,-0.22949533926138457,-0.053658506867434334
COMPETENCE,http://data.europa.eu/esco/skill/42c3ffa5-d6a9-4a57-942a-6b79f0bbfcd7,préparer des rapports de solvabilité,0.03852944977226022,-0.10738922580141239
COMPETENCE,http://data.europa.eu/esco/skill/de5c97d3-ad28-49e8-bc97-fa5c7521d6f2,tisser des liens avec les jeunes,-0.14442354395541807,-0.3208774928451777
COMPETENCE,http://data.europa.eu/esco/skill/51e53aff-6f8a-42ca-9cb9-47335130f4d7,physiologie humaine,-0.16875134978639408,-0.008248802819043985
COMPETENCE,http://data.europa.eu/esco/skill/2aed5d29-15c3-44ba-bb5c-80750a815b3c,suivre les commandes des clients,-0.10575120116424089,-0.28101091696167374
COMPETENCE,http://data.europa.eu/esco/skill/f5426502-4264-4c0d-a24d-9f760cc24683,analyser des céréales broyées,-0.12645483208754008,-0.11040337719012883
COMPETENCE,http://data.europa.eu/esco/skill/940a70fa-7c58-423b-8d03-34920b59f0f7,gérer des processus,-0.07760702899476934,-0.29555088150875913
COMPETENCE,http://data.europa.eu/esco/skill/96d901a6-c931-4e8d-b685-a47e1deaaa1b,définir des besoins en énergie,-0.21008561680273527,-0.09180953876637304
COMPETENCE,http://data.europa.eu/esco/skill/734d2bf1-c905-46ff-8dba-91a113872033,législation sur le nucléaire,-0.03852789476439256,0.07533032720819133
COMPETENCE,http://data.europa.eu/esco/skill/8c5d42a6-a3a3-4d77-b704-4a92030f941f,installer des étaiements,-0.16895925067842202,-0.16481696151463165
COMPETENCE,http://data.europa.eu/esco/skill/03598f35-15f1-41fa-bd8a-313e74523307,utiliser des équipements de joaillerie,-0.12489074848390193,-0.079589867973487
COMPETENCE,http://data.europa.eu/esco/skill/599c3e57-1874-45e8-a83c-8ca2171b5e82,superviser l’apprentissage d’une langue parlée,-0.12629357400240954,-0.2385437901149719
COMPETENCE,http://data.europa.eu/esco/skill/6377cf07-2b3c-432f-9ba5-0db9698b5fa2,assembler des pièces de bijoux,-0.22674095129724647,-0.13548375385165626
COMPETENCE,http://data.europa.eu/esco/skill/0568517d-3d5f-470f-ac29-0b6509dd85b8,restaurer la sellerie de voitures de collection,-0.26096887953627657,-0.25637972829680444
COMPETENCE,http://data.europa.eu/esco/skill/d965ae65-5297-4cfb-94c7-a7003cae8cc2,transférer un vernis,-0.19407230918291654,-0.13908126991973085
COMPETENCE,http://data.europa.eu/esco/skill/cbe9ad5c-8b21-4765-bbd8-775ab9bca9de,participer à des programmes scolaires sur les bibliothèques,0.1019320622063394,-0.026774883716834674
COMPETENCE,http://data.europa.eu/esco/skill/51d094d1-dcd6-4d83-a478-d1e299321f67,réaliser une stimulation magnétique transcrânienne,-0.10655729907798389,0.05843917516938961
COMPETENCE,http://data.europa.eu/esco/skill/eecbbdd5-5c07-41a4-9486-c0373de7fbab,mener des recherches sur la faune,-0.22152003071917029,-0.20143163364662414
COMPETENCE,http://data.europa.eu/esco/skill/5c5dae25-f511-4bdd-bbd4-572ab3e6e962,donner des conseils sur les dossiers médicaux,-0.029390652219888083,-0.049839093449433707
COMPETENCE,http://data.europa.eu/esco/skill/ed3d1616-58bf-4ef2-8c00-d902168780e5,assister à une vente aux enchères de véhicules,-0.2947897053050662,-0.1867467445791112
COMPETENCE,http://data.europa.eu/esco/skill/7905835c-da6f-4162-8040-7c9aabc2f2d3,faire prêter serment,0.00757448122101289,-0.23692733575850283
COMPETENCE,http://data.europa.eu/esco/skill/3398504d-9137-4a38-a91c-b37416eba276,exigences de sécurité des marchandises transportées par canalisations,-0.15974518624096962,0.018453929165385827
COMPETENCE,http://data.europa.eu/esco/skill/ff662ffe-d8c8-420e-9931-4acc311261fd,préparer de la soude,-0.06866460334843291,-0.19002805171843482
COMPETENCE,http://data.europa.eu/esco/skill/58287dcf-66a1-4023-b35b-b859242162aa,travailler dans une équipe de restauration,-0.26080055421209647,-0.2458701906451882
COMPETENCE,http://data.europa.eu/esco/skill/f66b2fc3-2952-41e5-89bf-a9157ea29420,assurer le respect de la législation environnementale dans la production alimentaire,-0.1216168701357819,-0.051687766471166845
COMPETENCE,http://data.europa.eu/esco/skill/ddb8588c-7b89-4f38-ab5b-0d3e60b8c34d,appliquer une thérapie systémique,-0.15733042200735517,-0.21196337545482583
COMPETENCE,http://data.europa.eu/esco/skill/b79955b0-8ca8-4a9f-8134-41c06cdbc234,garantir le respect de la réglementation en matière d’aviation civile,-0.048897454877551635,-0.093968523175095
COMPETENCE,http://data.europa.eu/esco/skill/6dc2dfac-3e21-44dd-a71c-9a1c8fe2514c,prendre des décisions opérationnelles indépendantes,0.08169948924684246,-0.10128100791397947
COMPETENCE,http://data.europa.eu/esco/skill/3ab7c355-94f2-4b07-ab1b-4dcb29745b0e,types d’instruments optiques,-0.06215449934543359,-0.02063740324745825
COMPETENCE,http://data.europa.eu/esco/skill/dff0087d-25e4-40bf-979e-32fdf2445438,élaborer des stratégies de réduction des déchets alimentaires,0.07980748276194323,-0.1001975865997209
COMPETENCE,http://data.europa.eu/esco/skill/e066455a-3c92-45a8-ad35-91d4c70edf0b,enseigner les procédures au personnel navigant,-0.03675056546336284,-0.10738142897825581
COMPETENCE,http://data.europa.eu/esco/skill/f191c306-f0eb-4cb8-82fb-3331adbbc6f1,adapter des plans de distribution d’énergie,-0.2165652940121983,-0.04931873572675098
COMPETENCE,http://data.europa.eu/esco/skill/256203c5-80f6-4467-81fc-431058741fcf,vendre du poisson et des fruits de mer,-0.28053604204298466,-0.15997794881323052
COMPETENCE,http://data.europa.eu/esco/skill/5cd95955-9634-4068-b64f-d5d127e19aea,acheter des armes de scène,-0.055766457426553354,-0.3280436063720214
COMPETENCE,http://data.europa.eu/esco/skill/e8099ae4-3443-4395-9f9a-002a65905abf,types de presse écrite,-0.1743838460727845,-0.19250083987404987
COMPETENCE,http://data.europa.eu/esco/skill/b2f9eb81-eda4-49a9-8453-3ba345da2d98,transformer en objet animé,-0.04661372769219155,-0.18534177442479643
COMPETENCE,http://data.europa.eu/esco/skill/4039158b-2e58-484a-8771-ad215e065c12,communiquer pendant le spectacle,-0.04292226640495847,-0.33012506982072753
COMPETENCE,http://data.europa.eu/esco/skill/73dafc95-adf1-4699-b996-79235c588b1e,hindouisme,-0.15404058863684192,-0.20107553599818015
COMPETENCE,http://data.europa.eu/esco/skill/3fcc2323-b90f-4eeb-9640-0f8742034117,examiner des animaux,-0.16685911762473313,-0.1458491960659303
COMPETENCE,http://data.europa.eu/esco/skill/945b8655-5577-4c3a-946a-842d4527afa8,traitement numérique d’images,-0.10084988025435343,-0.23742365418917857
COMPETENCE,http://data.europa.eu/esco/skill/d31fab87-2a7d-485c-b699-2901ca294b15,utiliser la programmation fonctionnelle,0.13206706117938932,0.06516921858377374
COMPETENCE,http://data.europa.eu/esco/skill/f18822b9-bc6b-4343-aa5a-f756cd4bf9dc,pédo-psychologie,-0.08768369614173566,-0.1001793354657348
COMPETENCE,http://data.europa.eu/esco/skill/b1fd9eda-3d2e-48ef-9c1d-0ba318e3c7e6,superviser des travaux,-0.05823469676937102,-0.16561442345982455
COMPETENCE,http://data.europa.eu/esco/skill/74be20a7-fcfe-4715-bb62-8937a547a982,techniques d'interprétation dramatique,0.012025191110840086,-0.20349433118281865
COMPETENCE,http://data.europa.eu/esco/skill/7f70572d-f0c1-4039-9954-b57dc69981f6,se tenir au courant d’innovations dans divers secteurs économiques,0.10254886918515273,-0.12419568517621098
COMPETENCE,http://data.europa.eu/esco/skill/2dde0f6e-fa08-4c0e-b55b-0dd9f061d6d5,attribuer un casier,-0.007845296033153468,-0.14111842239486247
COMPETENCE,http://data.europa.eu/esco/skill/209a5498-3449-4689-8ed9-bd08cab4fd78,principes d’ingénierie,-0.08527227418718267,-0.05921714302065129
COMPETENCE,http://data.europa.eu/esco/skill/112a2d79-fff0-4b9b-92e9-7fe40cd6104b,audiométrie,-0.0963992166458731,-0.001134045000920819
COMPETENCE,http://data.europa.eu/esco/skill/c2fddf67-6b53-4cd4-8483-82e97e0f2a81,évaluer l’hygiène en milieu industriel,-0.30385360215829493,0.0030761028994410996
COMPETENCE,http://data.europa.eu/esco/skill/790a0f2a-5250-4b6b-a013-c23160fcea65,interagir verbalement en pendjabi,-0.04221703501918948,-0.2268532977268485
COMPETENCE,http://data.europa.eu/esco/skill/694f1a0a-b6bd-453f-af6d-a833503da307,gérer une base de données météorologiques,-0.19798890105852873,-0.2813418987546469
COMPETENCE,http://data.europa.eu/esco/skill/31c7add0-0150-4029-bf33-47872c23fcf1,tenir à jour un inventaire de fournitures de bureau,-0.12060107856460847,-0.055784803110261294
COMPETENCE,http://data.europa.eu/esco/skill/a9441b7f-6917-4d42-8d1c-88bd1784d3da,assurer le bien-être d’étudiants,0.05931212073622099,-0.12315520508553023
COMPETENCE,http://data.europa.eu/esco/skill/5ef0c719-5bcb-49f8-b8eb-824388225333,utiliser la programmation de scripts,0.10982256419589471,0.06257583707410189
COMPETENCE,http://data.europa.eu/esco/skill/d09b3fbb-6677-4f5d-9430-b51e7635bba4,effectuer l’avitaillement,-0.32478993913125703,-0.1280825633137024
COMPETENCE,http://data.europa.eu/esco/skill/ee46e1d3-a52c-4113-aab9-38dbc907085d,protocoles de consensus pour les technologies de registres distribués,0.013054502540400723,0.05993730036596038
COMPETENCE,http://data.europa.eu/esco/skill/8c8da904-cdb3-47d9-bfbf-15ade747d9ec,travailler en équipe dans le secteur d l’hébergement de loisirs,-0.03937803465159461,-0.18018012601703348
COMPETENCE,http://data.europa.eu/esco/skill/52cf3037-ab53-4806-85ed-7fd21ea7f6a1,Groovy,0.1877260593259949,0.011638396755125653
COMPETENCE,http://data.europa.eu/esco/skill/397da142-ab35-48fe-b154-7c38f447adfb,systèmes numériques,-0.03694697276664304,-0.08124415508710352
COMPETENCE,http://data.europa.eu/esco/skill/2abfac2e-ad51-49fd-bbed-34953c95ab20,superviser la planification de systèmes de sécurité,0.15197483135026446,0.050271481212980765
COMPETENCE,http://data.europa.eu/esco/skill/76b936e6-7e67-43d4-9a01-c0f4a6df2050,réviser des textes traduits,0.036735910624764466,-0.08986321221821997
COMPETENCE,http://data.europa.eu/esco/skill/2f4cdc7e-d98d-4e6c-9811-3dc28255c7ff,entreprise sociale,0.037531085883217,-0.0690080098578867
COMPETENCE,http://data.europa.eu/esco/skill/c3fb1757-a529-4336-8898-4e96cd99f95f,utiliser du matériel d’analyse chimique,-0.2628556440576757,-0.034915012390185594
COMPETENCE,http://data.europa.eu/esco/skill/0d6714c6-720e-4985-9791-5ab85d28da79,collecter des données,-0.13933104370224667,-0.19792170099559023
COMPETENCE,http://data.europa.eu/esco/skill/bc5deb5a-5b54-4241-b52e-68389d9a1e92,dessiner des croquis d’architecture,0.0635561386452686,-0.2083238557638636
COMPETENCE,http://data.europa.eu/esco/skill/d28bf3f7-4659-4405-9979-b1270c4c4322,gérer la ventilation d’un four,-0.266474854913531,-0.142234479575738
COMPETENCE,http://data.europa.eu/esco/skill/301bcf97-4444-461d-82a5-78f3830f9185,repérer des talents,0.010056680406402854,-0.3392357141363353
COMPETENCE,http://data.europa.eu/esco/skill/936a42f0-a586-4595-9e47-ca93210761fd,traiter les réservations,-0.02445974394672662,-0.2938935386329809
COMPETENCE,http://data.europa.eu/esco/skill/ed5fab0c-e68c-4205-adfb-34b578a7fbba,préparer les expéditions dans les temps,-0.15224747339021957,-0.1667273150697189
COMPETENCE,http://data.europa.eu/esco/skill/afdb41dd-5dd5-4fbb-bf9e-e041422698b4,coordonner des activités opérationnelles,0.023410445608405828,-0.026359482713030118
COMPETENCE,http://data.europa.eu/esco/skill/89cd5be3-b045-4172-82a3-f23b9faca79d,rédiger un projet de brevet,-0.16493619400046075,-0.30995753893262623
COMPETENCE,http://data.europa.eu/esco/skill/38a5c459-c591-4f76-a358-37de342bb11d,offres d’emploi,-0.18059487171393576,-0.1798355069577349
COMPETENCE,http://data.europa.eu/esco/skill/910d3486-db3e-40ec-a632-fea4db55dc59,utiliser un vérin hydraulique de levage,-0.28317101302077313,-0.18729272294362587
COMPETENCE,http://data.europa.eu/esco/skill/0a34aa62-441b-4aa4-ab21-db70656f0878,utiliser un four en brique,-0.2236998820047265,-0.07880735493098898
COMPETENCE,http://data.europa.eu/esco/skill/726800bd-0ce5-401c-a13f-2388ab5df796,maintenir la propreté dans des vestiaires,-0.2060028939257212,-0.1332613417259276
COMPETENCE,http://data.europa.eu/esco/skill/bbff1ad2-cdb9-4def-9c16-1d36af146a30,stades de développement normal,-0.12346358214753217,-0.20985035094805474
COMPETENCE,http://data.europa.eu/esco/skill/351e3f8f-4631-412d-963f-25b5fd4efe48,tenir des registres d’opérations d’exploitation minière,-0.16710458078062454,-0.1348692838295262
COMPETENCE,http://data.europa.eu/esco/skill/63e9ebb3-3089-4692-80ed-76b9026c52c7,fournir des soins chiropratiques maternels,-0.18808063551003776,-0.0033974063782959696
COMPETENCE,http://data.europa.eu/esco/skill/ec112344-c88b-444a-be66-3e39781bad38,patinage sur glace,-0.16050448415792845,-0.22561769437982396
COMPETENCE,http://data.europa.eu/esco/skill/972465ce-3f6a-45c2-9a79-98b9ce97bdd2,réaliser un examen dentaire clinique,-0.16387302033976311,-0.039693702290949734
COMPETENCE,http://data.europa.eu/esco/skill/e2d0daae-2aa1-40cc-99e2-b340b02f97d3,gestion des données produit,0.0008159077827756533,-0.1067392582032731
COMPETENCE,http://data.europa.eu/esco/skill/76907859-b798-4683-8d22-ed364a38e7aa,utiliser des tenailles de forge,-0.08855356407090591,-0.0020287443124751897
COMPETENCE,http://data.europa.eu/esco/skill/b92e3a3d-f714-46a1-ba6b-5dd44bc50fba,évaluer les taux d’hydrogénation d’huiles comestibles,-0.26359252786981374,-0.2249863388950411
COMPETENCE,http://data.europa.eu/esco/skill/2704b00a-5d70-40ad-997d-212b323fb32d,comprendre le turc écrit,-0.01913480362528597,-0.28854165686812183
COMPETENCE,http://data.europa.eu/esco/skill/9eb2cbeb-1501-455a-a82b-402857bb1fb8,appareil reproducteur des animaux,-0.2518891581675653,-0.15396933440627303
COMPETENCE,http://data.europa.eu/esco/skill/4327690a-e639-4b58-98b5-d078d6b90b07,faire de l'improvisation,-0.008943027338719857,-0.2964495159249043
COMPETENCE,http://data.europa.eu/esco/skill/8fea133a-8e3d-4ae6-89b6-94961445ee85,assurer une bonne pression de gaz,-0.2403535420760281,-0.004514734461975771
COMPETENCE,http://data.europa.eu/esco/skill/2fb8480e-de3c-462b-b169-e8bbb344da68,processus d’innovation,0.02674676608945901,-0.19492683024755164
COMPETENCE,http://data.europa.eu/esco/skill/7fafdbcc-01e5-41df-b269-37dffc49c678,esthétique d'une pièce,-0.2002461471777893,-0.32063758258596214
COMPETENCE,http://data.europa.eu/esco/skill/c0741fed-6b1f-4f1e-8c68-68393cfe67aa,procédures de nettoyage de trains,-0.10517091704518146,-0.12892399992354778
COMPETENCE,http://data.europa.eu/esco/skill/7814e88f-c133-4c3b-b27f-857afa145d42,législation sur la sécurité des TIC,0.18112651951895972,0.06764517856567524
COMPETENCE,http://data.europa.eu/esco/skill/b43e06ef-2f3e-496b-8ea4-4dbf68109183,gérer les demandes de nouveaux produits,-0.16730705197265608,-0.2607000358945495
COMPETENCE,http://data.europa.eu/esco/skill/741ef95e-f1cf-4cf4-a021-b293e25eb005,interagir verbalement en maltais,-0.019240041980786195,-0.2091333346044041
COMPETENCE,http://data.europa.eu/esco/skill/0a9244d7-00a9-46d6-8ea9-77a63567522b,envoyer des convocations,0.035664595757513115,-0.13861679769223662
COMPETENCE,http://data.europa.eu/esco/skill/d205b276-7f2b-4831-b22b-01427cb53f36,sélectionner des artistes musicaux,0.02323835759568262,-0.20757825606630403
COMPETENCE,http://data.europa.eu/esco/skill/156f8c5b-894a-4ccc-a70e-37a2726f3f00,travailler de façon ergonomique,-0.0980805305582912,-0.20263436880664268
COMPETENCE,http://data.europa.eu/esco/skill/666e7d29-247b-4032-a3ce-8ee27554a044,droit douanier,-0.01857824164286801,-0.25462564053252157
COMPETENCE,http://data.europa.eu/esco/skill/3ed71257-d3ca-4ccf-96ae-3b448da8c6d3,utiliser des équipements de signalisation,-0.039534291226465096,-0.07691026175706754
COMPETENCE,http://data.europa.eu/esco/skill/138e45b0-8825-4647-97f9-60addea47f7e,planifier des effets pyrotechniques,-0.08354401328930722,-0.0874126673759968
COMPETENCE,http://data.europa.eu/esco/skill/297c8dc3-0417-413b-8905-c4590ab8036f,rédiger des rapports sur les défauts des rails,-0.07927466815530694,-0.0953974046433476
COMPETENCE,http://data.europa.eu/esco/skill/3982571a-e9ce-442a-a4a0-fdfc97727091,tenir une caisse,0.012731905735633771,0.028469483604361218
COMPETENCE,http://data.europa.eu/esco/skill/aafb8d62-1592-4488-bd40-7bdfb751ff98,gérer le retour de biens loués,-0.19069043110821407,-0.29723730148947514
COMPETENCE,http://data.europa.eu/esco/skill/e43ecf07-e89c-4a1e-8ef9-78c68b7f91e9,approvisionnement en produits chimiques colorants,-0.17518951954750514,-0.2041291914587134
COMPETENCE,http://data.europa.eu/esco/skill/95760903-58e9-4194-842a-a24e0af43074,présenter des demandes d'indemnisation auprès de compagnies d'assurance,0.11873076653709404,-0.10799931213206382
COMPETENCE,http://data.europa.eu/esco/skill/d98c1a49-4616-4500-9109-05e445b705cf,utiliser des techniques de pliage du métal,-0.15755381594057277,-0.020517661578985456
COMPETENCE,http://data.europa.eu/esco/skill/f2ce1560-2a29-41e9-b81b-bbe1554202d8,appliquer des techniques de piquage,-0.2197581737559567,-0.0563329274895916
COMPETENCE,http://data.europa.eu/esco/skill/3c03ee71-4a23-448f-b79e-81fd75d27dca,appliquer la gestion du changement,0.023815608796547417,-0.1972783641123022
COMPETENCE,http://data.europa.eu/esco/skill/c55caed2-de9e-4a25-819e-a0b0e83fba1b,faire une présentation en direct,-0.08057644659151038,-0.3120478462611427
COMPETENCE,http://data.europa.eu/esco/skill/97b23993-8836-4e66-9092-19c7b3324e5f,effectuer l'analyse d'une marque,-0.0488993368595893,-0.13386730961585103
COMPETENCE,http://data.europa.eu/esco/skill/9531fe02-1e1f-4a36-95f7-a76a77cd4b8d,consulter les clients d'une entreprise,0.10123640106595742,-0.219262278428997
COMPETENCE,http://data.europa.eu/esco/skill/65ca5e3c-940c-46b2-b277-aff394cfdd4c,établir des priorités quotidiennes,-0.014005410014698015,-0.24074946161228433
COMPETENCE,http://data.europa.eu/esco/skill/1f1d2ff8-c4c1-45cc-9812-6a7ee84a73cb,diriger une équipe,-0.07539774678432928,-0.31589279271259785
COMPETENCE,http://data.europa.eu/esco/skill/660060e4-c418-4049-836b-beade5f8a4a8,élaborer un budget annuel de marketing,-0.13289499321726758,-0.17446617626396563
COMPETENCE,http://data.europa.eu/esco/skill/78521a78-d0b6-41ca-ae11-d1af9da8a3cb,sciences agroalimentaires,-0.058881955242294275,0.011697017508296874
COMPETENCE,http://data.europa.eu/esco/skill/f5f776fa-0a89-4fad-bb4a-87f2b254ae73,clarifier de l’huile par ébullition,-0.35514887888606855,-0.08206654070025397
METIER,http://data.europa.eu/esco/occupation/76884a72-d8b8-4819-bd40-71d6420a9a42,coordonnateur de jury de cour/coordonnatrice de jury de cour,0.027089445489409118,-0.06183292845287861
METIER,http://data.europa.eu/esco/occupation/d8ed1703-9c03-4ea0-83cc-b6169bc54ffd,assistant ressources humaines/assistante ressources humaines,0.05385683337060463,0.01884165576873838
METIER,http://data.europa.eu/esco/occupation/a1cf1406-3632-494c-bff3-0bd5d5327d8f,agent recenseur/agente recenseuse,0.07865021870775525,-0.10890035075153223
METIER,http://data.europa.eu/esco/occupation/ac7c07d1-bc11-4f19-bca5-e468e9b1a53c,spécialiste des travaux en hauteur du bâtiment,-0.21202912342600808,0.08751737954471521
METIER,http://data.europa.eu/esco/occupation/22f86890-f68b-402f-a711-3e6df4913271,dactylographe,-0.033829936620789675,-0.16668260479240202
METIER,http://data.europa.eu/esco/occupation/9ae8251e-cb8e-4324-9d77-d967d43e6b46,opérateur de purification des graisses/opératrice de purification des graisses,-0.13818621613151835,0.017080556537788855
METIER,http://data.europa.eu/esco/occupation/acb6b99a-6c13-482a-81b1-8b5614e0153e,technicien plateau/technicienne plateau,0.03453763540606287,-0.0430276890657183
METIER,http://data.europa.eu/esco/occupation/41a51397-089d-459d-9b7e-f1cdee5ad6bb,peintre décorateur/peintre décoratrice,-0.17497289731320953,-0.20965920622025025
METIER,http://data.europa.eu/esco/occupation/02b5b7b0-b856-4ac7-924c-8c35c7880b2a,enduiseur industriel/enduiseuse industrielle,-0.23444704246945017,0.053698766418333696
METIER,http://data.europa.eu/esco/occupation/ec0e64c9-6d9b-4a9f-a022-a418f3b381fe,céramiste,-0.03822142354675916,-0.050098977073120915
METIER,http://data.europa.eu/esco/occupation/59c724f9-0cfe-4d51-8a7f-9ee182d9e2c2,professeur en langue des signes/professeure en langue des signes,-0.04279230359692688,-0.15862387706694608
METIER,http://data.europa.eu/esco/occupation/03b9d7c4-9590-4e0d-97a7-470254e165d4,vendeur en bricolage/vendeuse en bricolage,-0.14344840030194103,-0.1170438553757954
METIER,http://data.europa.eu/esco/occupation/16811760-fb2d-42cf-912d-2215f085898f,opérateur sur machine à découper au plasma/opératrice sur machine à découper au plasma,-0.2232434062683053,0.003441060993993051
METIER,http://data.europa.eu/esco/occupation/e52b5707-7097-4dbc-ac61-054e917da241,dentiste,-0.19012131239480984,0.07017856342858218
METIER,http://data.europa.eu/esco/occupation/114e1eff-215e-47df-8e10-45a5b72f8197,conseiller en énergies renouvelables/conseillère en énergies renouvelables,-0.006153344227389439,0.021136716158516124
METIER,http://data.europa.eu/esco/occupation/7309ab2d-e2ba-4ccb-b658-6b0a8bd8c4eb,opérateur de touraillage du malt/opératrice de touraillage du malt,-0.2600141007198018,-0.08249380533332663
METIER,http://data.europa.eu/esco/occupation/f2ee2cda-9d02-49c3-8280-da5892d0055b,électricien d’éclairage public/électricienne d’éclairage public,-0.10082559546421244,0.02889535715416308
METIER,http://data.europa.eu/esco/occupation/5d549551-d94a-4e98-8444-d6608d70c8d8,chef de chantier de forage,-0.1172768299644,-0.12433567671930627
METIER,http://data.europa.eu/esco/occupation/7591db5b-ee01-4b6b-b626-ddaf892458d4,intervenant psychosocial/intervenante psychosociale,-0.07091673487326315,-0.052999543057741925
METIER,http://data.europa.eu/esco/occupation/9b51a2d2-999a-43a6-a814-63dd30a585fa,inspecteur de l’éducation nationale/inspectrice de l’éducation nationale,0.18839907923725824,-0.00945072077425114
METIER,http://data.europa.eu/esco/occupation/ebe936e2-64e7-4777-94d6-42caa5a12409,scénariste,-0.2446352907463459,-0.21251771170895445
METIER,http://data.europa.eu/esco/occupation/dd89e26f-bb5c-45cb-91c6-8b4d5d82a31f,démolisseur/démolisseuse,-0.0707196848385107,-0.06981721182418811
METIER,http://data.europa.eu/esco/occupation/0ea36a48-a27d-4515-b61f-3cab395cf60f,technicien en microélectronique/technicienne en microélectronique,0.053924384819508,0.2782122848706667
METIER,http://data.europa.eu/esco/occupation/bfdc096e-e450-424d-9340-46968047ed68,opérateur de machine de neutralisation de nitroglycérine/opératrice de machine de neutralisation de nitroglycérine,-0.10355651751078532,0.06003668640037175
METIER,http://data.europa.eu/esco/occupation/65b88636-2ebb-4049-b509-2f6da5d6ea1c,conducteur de machine de fabrication d’articles de papeterie/conductrice de machine de fabrication d’articles de papeterie,-0.292269763955325,0.040944668533422705
METIER,http://data.europa.eu/esco/occupation/0cd0082a-ca15-4dcd-b352-b7600c916d8e,coordinateur d’opérations navires/coordinatrice d’opérations navires,-0.13849152542805265,0.04594271761244163
METIER,http://data.europa.eu/esco/occupation/61053604-8091-4a8e-9c63-5151051722e3,consultant en santé publique/consultante en santé publique,0.10943589711758853,0.12572590599834002
METIER,http://data.europa.eu/esco/occupation/8d410283-865d-4cbb-acae-ac7f69d9cf26,ingénieur automobile/ingénieure automobile,-0.09185965390720689,0.09058367675281792
METIER,http://data.europa.eu/esco/occupation/43841fa5-f8ae-43ce-834d-5482ec23ef9e,fabricant de produits laitiers/fabricante de produits laitiers,-0.18351298775882902,-0.2101240982643289
METIER,http://data.europa.eu/esco/occupation/ddac39cf-5d8b-416a-b24b-9ce3a8a4a668,spécialiste en import-export de parfumerie et de produits de beauté,-0.13688560567639088,-0.019419523808545103
METIER,http://data.europa.eu/esco/occupation/d08b4700-758c-467d-ab77-d5a8029c4070,acheteur public indépendant/acheteuse publique indépendante,-0.16023679445995975,-0.1106717886253862
METIER,http://data.europa.eu/esco/occupation/599c2ce9-0e1b-4f63-9d65-1f19b3847efb,technicien de forge/technicienne de forge,-0.013621676366840344,0.1783222514521752
METIER,http://data.europa.eu/esco/occupation/5a2d0031-5dfd-46e8-8eb4-cf1d03876940,négociant grossiste en produits laitiers et huiles comestibles/négociante grossiste en produits laitiers et huiles comestibles,-0.1506364025776989,-0.22721545065227294
METIER,http://data.europa.eu/esco/occupation/5a16dff6-ca31-4a39-85dd-4b5aa0f45419,agent de manœuvre du réseau ferré/agente de manœuvre du réseau ferré,-0.15687241820931605,-0.013124436055178573
METIER,http://data.europa.eu/esco/occupation/ec21ce88-ce14-49b6-be0a-cc53cf5a3a67,ingénieur chimiste/ingénieure chimiste,-0.15827886795974433,0.10829278527826161
METIER,http://data.europa.eu/esco/occupation/6d765c21-267d-4d3d-a989-9b7596670477,coloriste textile,-0.05893252412019587,-0.1618623758431542
METIER,http://data.europa.eu/esco/occupation/faed05c0-c1d1-4e34-b575-0dea96459e56,directeur de la construction immobilière/directrice de la construction immobilière,-0.07125721371381606,0.0414388662512898
METIER,http://data.europa.eu/esco/occupation/58db3ac6-5217-4d46-8a4c-126598be1d13,ingénieur en production d’électricité/ingénieure en production d’électricité,-0.2055366999804868,0.17088346680892447
METIER,http://data.europa.eu/esco/occupation/12dc4509-7d36-46d8-aca0-c147c7ecd806,armurier/armurière,-0.06411434392071888,-0.02439131409064214
METIER,http://data.europa.eu/esco/occupation/d3ac4c05-79e2-42da-b8c6-e55765aee381,spécialiste en import-export de déchets et débris,-0.12308757926106736,0.018359934804052916
METIER,http://data.europa.eu/esco/occupation/21fe7141-68fa-4db7-9ee2-53097cef541a,manœuvre en construction de voies navigables,-0.2310821672547972,-0.08783233318833643
METIER,http://data.europa.eu/esco/occupation/e8b93ce7-e39b-4261-a25a-9b84764eb724,professeur de philosophie/professeure de philosophie,0.0575708823839281,-0.07366329202291506
METIER,http://data.europa.eu/esco/occupation/070e94a8-a933-4557-9b95-fefe7f4f1763,directeur d’agence publique pour l’emploi/directrice d’agence publique pour l’emploi,-0.02717219539649304,-0.07063494218739928
METIER,http://data.europa.eu/esco/occupation/ab4086a0-0e2f-436e-80f8-a3291e594bd1,lithographe,-0.18276893159415938,-0.14294720232001143
METIER,http://data.europa.eu/esco/occupation/9757122b-1161-4f4a-8286-a603d4ad7012,opérateur de distillerie/opératrice de distillerie,-0.18606240234850488,-0.04133830405986638
METIER,http://data.europa.eu/esco/occupation/8a0c1556-f616-4d41-a03c-8a093a644807,technicien qualité en fabrication d’articles chaussants/technicienne qualité en fabrication d’articles chaussants,-0.13085554546094422,0.118016823712352
METIER,http://data.europa.eu/esco/occupation/fd86ebe1-bad4-4486-9b76-01a48030e49a,électricien sur le matériel roulant/électricienne sur le matériel roulant,-0.24289853692991054,0.05889402202047896
METIER,http://data.europa.eu/esco/occupation/8b273f5e-bdc5-4b73-80bd-3e324a20309b,préparateur en fabrication de peintures/préparatrice en fabrication de peintures,-0.1648973228904382,0.07718254599496624
METIER,http://data.europa.eu/esco/occupation/f235bc5a-dbf6-4f9e-bbdb-cf313d32b75b,animateur d’atelier musical/animatrice d’atelier musical,-0.09503310306714373,-0.1030129560867907
METIER,http://data.europa.eu/esco/occupation/4a215d87-8363-4db2-a661-3c0d816b2a70,mineur de surface/mineuse de surface,-0.2862250360484694,-0.011273518460367985
METIER,http://data.europa.eu/esco/occupation/87e40e79-16fb-4391-9dcb-c15f40e026c1,directeur d'agence de paris/directrice d'agence de paris,0.006946150440424977,-0.06550951940940906
METIER,http://data.europa.eu/esco/occupation/b3867d0a-e902-4d88-b0c2-3e0d2cf35c83,inspecteur du contrôle de conformité en gestion des matières dangereuses/inspectrice du contrôle de conformité en gestion des matières dangereuses,-0.1488555684876063,0.06196314316074892
METIER,http://data.europa.eu/esco/occupation/5f50290d-f520-4a69-85c7-1390d2a4a8b6,testeur d’utilisabilité/testeuse d’utilisabilité,-0.00391385066162848,0.010485110344009462
METIER,http://data.europa.eu/esco/occupation/c593ded7-2e97-44a5-a5f3-f6115ff98233,enseignant-chercheur en science politique/enseignante-chercheuse en science politique,0.12220242415616207,0.05831284380675805
METIER,http://data.europa.eu/esco/occupation/5c4ba833-da16-4bd0-a4b2-c08a2eaf5884,conducteur de four en industrie du verre et de la céramique/conductrice de four en industrie du verre et de la céramique,-0.2094315114823686,0.06897907229110561
METIER,http://data.europa.eu/esco/occupation/8712c91f-defb-4483-9e99-d9f896664a11,vendeur en électroménager/vendeuse en électroménager,-0.06433443295011815,-0.06554921222382161
METIER,http://data.europa.eu/esco/occupation/9db7d74c-b46d-45c0-b611-6bcb7456ecc6,responsable de la recherche informatique,0.25384194225735934,-0.014094644642412838
METIER,http://data.europa.eu/esco/occupation/f4f671d5-208f-4423-a250-c049de8d9adc,hydrothérapiste animalier/hydrothérapiste animalière,-0.1350383369822755,-0.0006046894979920308
METIER,http://data.europa.eu/esco/occupation/dc14bed4-87ca-4e6c-9f69-458e2689d2d6,opérateur en fonderie/opératrice en fonderie,-0.20097984716836959,-0.0617575446286357
METIER,http://data.europa.eu/esco/occupation/0bf5d25a-2b4d-43b5-b053-beeb210fa43a,enseignant-chercheur en médecine/enseignante-chercheuse en médecine,-0.034651493261892624,0.061685390285469016
METIER,http://data.europa.eu/esco/occupation/de80bbf0-447d-4a6a-845a-fdba4e0dc30c,chef de marque,-0.14959985311266527,-0.1420850034507703
METIER,http://data.europa.eu/esco/occupation/96514fed-b9a9-4df3-ab0b-20676369297d,opérateur sur presse à caoutchouc et matières plastiques/opératrice sur presse à caoutchouc et matières plastiques,-0.20778711081893633,-0.09120525369251269
METIER,http://data.europa.eu/esco/occupation/0f2c04f1-9001-4a77-884f-1ea16949f6f6,technicien en génie ferroviaire matériel roulant/technicienne en génie ferroviaire matériel roulant,-0.10804616680690436,0.20468825099165855
METIER,http://data.europa.eu/esco/occupation/b176e5d7-1f94-495c-907f-80a7f61aed59,technicien en télédétection/technicienne en télédétection,0.03758761236040854,0.1507642488906347
METIER,http://data.europa.eu/esco/occupation/d0e85fe6-78e3-4218-b21a-99b75438b775,directeur de maison de courtage/directrice de maison de courtage,-0.025906056754737544,-0.1267460384407539
METIER,http://data.europa.eu/esco/occupation/062d666b-8b5f-4ff2-9047-113831eb3e9f,poissonnier/poissonnière,-0.3126398277015329,-0.022740390345750636
METIER,http://data.europa.eu/esco/occupation/4eada7b3-5026-4030-936b-4a80aed37252,professeur de tourisme/professeure de tourisme,0.042479955034671946,-0.12034972697672194
METIER,http://data.europa.eu/esco/occupation/8a42240b-2b5c-4f6f-8787-f0547fbc46c5,pilote d’avion privé,-0.13556921239324818,-0.18498409458731413
METIER,http://data.europa.eu/esco/occupation/d2df16f3-87d7-4c6e-a640-95cee39a8f4e,expert en cidre/experte en cidre,0.045925720509812244,0.11723747147826578
METIER,http://data.europa.eu/esco/occupation/c262bb96-03bb-4c97-a45b-0cf36db5b048,assistant enseignant-chercheur/assistante enseignante-chercheuse,0.10212114548556753,0.1352240975624217
METIER,http://data.europa.eu/esco/occupation/ea4c9aa1-cb9d-4037-a748-ac1305af7129,équipier secouriste d’urgence/équipière secouriste d’urgence,-0.05482528663870656,-0.058388643662999354
METIER,http://data.europa.eu/esco/occupation/a2bc52c2-9802-4929-a95c-6379d9f19204,responsable d'atelier finissage cuir,-0.024585749837587018,0.04401027774622987
METIER,http://data.europa.eu/esco/occupation/949f1dc9-fb19-4212-8ac6-35ce83c88921,technicien prompteur/technicienne prompteur,0.08850342833677961,0.027956521381384818
METIER,http://data.europa.eu/esco/occupation/dec7ed73-8688-4328-bc50-c72d31b25956,assembleur d’instruments de précision/assembleuse d’instruments de précision,0.030743201666844473,0.03240175144295513
METIER,http://data.europa.eu/esco/occupation/9a903a4a-282d-4724-a7de-1918b41d2965,contrôleur qualité des assemblages en véhicules automobiles/contrôleuse qualité des assemblages en véhicules automobiles,-0.0666414112449872,0.07417644180943384
METIER,http://data.europa.eu/esco/occupation/4a30b421-2fda-42d6-b7e1-1c31753f061d,façonneur de tubes isolants/façonneuse de tubes isolants,-0.16316624714214015,0.10493861696699806
METIER,http://data.europa.eu/esco/occupation/6e0e068b-cd5c-4400-8899-54056087fa14,opticien/opticienne,0.0019221391844887702,-0.007148625644623908
METIER,http://data.europa.eu/esco/occupation/802d3a2f-b966-42e3-94df-683adfcff20c,technicien de production de juvéniles/technicienne de production de juvéniles,-0.22155353342553927,0.03244190447339134
METIER,http://data.europa.eu/esco/occupation/2d5a50c6-0bf4-45c3-805c-44d1bf1e3d12,employé d’un centre d’hydrothérapie/employée d’un centre d’hydrothérapie,-0.02704963124899644,-0.06157502741165558
METIER,http://data.europa.eu/esco/occupation/b8139469-92cc-4f57-9e69-a0d9f7fc3817,sapeur-pompier formateur/sapeuse-pompière formatrice,0.01948343677138088,-0.07275252830581684
METIER,http://data.europa.eu/esco/occupation/102e75c8-3b47-4964-9b47-30a980aed25c,analyste de la reprise des activités informatiques,0.14251262615045085,0.02395862078518297
METIER,http://data.europa.eu/esco/occupation/4efee3ed-de09-44c6-bd4a-d9eaafd04683,ingénieur de recherche métallurgie physique/ingénieure de recherche métallurgie physique,-0.07569706985052968,0.17961489212969745
METIER,http://data.europa.eu/esco/occupation/0a7b874b-e5c0-4dea-8b88-dadba9efee1d,négociant grossiste en parfumerie et produits de beauté/négociante grossiste en parfumerie et produits de beauté,-0.2051428073294702,-0.16432001486089282
METIER,http://data.europa.eu/esco/occupation/02e19186-458f-40eb-9e78-31c656d12ac7,responsable de l’hébergement,-0.0715854266555596,-0.14285260226273086
METIER,http://data.europa.eu/esco/occupation/0ddbf393-38f1-4c22-b14c-fe775008f321,directeur du marketing/directrice du marketing,0.06708438582096816,-0.21816272552789198
METIER,http://data.europa.eu/esco/occupation/ad404c6b-291f-439e-9ad4-c93ddabd3c13,"responsable de la logistique distribution de machines pour l'extraction, la construction et le génie civil",-0.1614938725666122,-0.0008365777636708204
METIER,http://data.europa.eu/esco/occupation/b9836ed2-1ca7-49b4-9f0e-bb5d2ca14443,responsable maintenance des véhicules de transport routier,-0.10625411338409031,0.07370909958384554
METIER,http://data.europa.eu/esco/occupation/4e3fede9-5522-4624-91bc-b59c79fada02,ingénieur machines d’emballage/ingénieure machines d’emballage,-0.017526788554933097,0.1593181043016129
METIER,http://data.europa.eu/esco/occupation/aaa485d0-6787-45c0-8596-b266c0b687fd,serrurier/serrurière,-0.23145378820940454,0.030302458626407746
METIER,http://data.europa.eu/esco/occupation/81f8d141-3f67-4fb0-a349-db0147ef7b3a,professeur d’enseignement professionnel/professeure d’enseignement professionnel,0.1788463776488485,0.008946706904248628
METIER,http://data.europa.eu/esco/occupation/fc9a86ec-7ad5-4ccb-a08f-1e369197e14a,ouvrier cartonnier de finition/ouvrière cartonnière de finition,-0.2648162916775884,-0.17279863124615577
METIER,http://data.europa.eu/esco/occupation/62979364-6fac-41f2-87ca-202bca19a6ab,opérateur de conception assistée par ordinateur/opératrice de conception assistée par ordinateur,0.07378520642994459,0.028869459869590722
METIER,http://data.europa.eu/esco/occupation/b01affdd-c8a9-4121-bc50-a5be17f014eb,praticien en shiatsu/praticienne en shiatsu,0.03199782145778584,-0.035647707128524275
METIER,http://data.europa.eu/esco/occupation/2104ee38-2fd1-4647-8f60-d2200f069805,chef de culture viticole,-0.15185494003965233,-0.022254437768860064
METIER,http://data.europa.eu/esco/occupation/00030d09-2b3a-4efd-87cc-c4ea39d27c34,directeur technique/directrice technique,0.004882604108023161,-0.10971593919108522
METIER,http://data.europa.eu/esco/occupation/f14194e2-8e7f-4fc9-9c8c-78d9ae2e7284,ingénieur nucléaire/ingénieure nucléaire,-0.1239157050983367,0.24342877390762455
METIER,http://data.europa.eu/esco/occupation/c36fc197-1f5b-4563-acd8-6f1d06aa1c03,ingénieur en construction navale/ingénieure en construction navale,-0.11491850955334962,0.1752855873033473
METIER,http://data.europa.eu/esco/occupation/37442765-f7bb-4ccd-9de1-4790296f3d37,responsable de la sécurité,0.02897459851434492,0.10630903454859619
METIER,http://data.europa.eu/esco/occupation/bd378c4e-f656-46af-a728-fcfb40b113ef,scieur bois/scieuse bois,-0.1749291520725311,-0.0382300560455048
METIER,http://data.europa.eu/esco/occupation/3fa9a480-ceb3-4c2a-8a91-0508e1bb6ba5,patronnier CAO-DAO d'articles chaussants/patronnière CAO-DAO d'articles chaussants,-0.21334756885703174,-0.04208576828917423
METIER,http://data.europa.eu/esco/occupation/98f9909b-016d-4c62-90ae-893b0cbabbca,gérant de librairie papeterie/gérante de librairie papeterie,-0.055749048695715626,-0.14286054622865277
METIER,http://data.europa.eu/esco/occupation/30058b71-fe16-45ea-a2b8-d5461c706372,enseignant-chercheur en entrepreneuriat/enseignante-chercheuse en entrepreneuriat,0.1466111358104991,0.0016631965257181203
METIER,http://data.europa.eu/esco/occupation/5ac65daa-0896-4193-9f0e-8b00746b78a1,assistant de recherche/assistante de recherche,0.16791200573634074,0.13869769959639167
METIER,http://data.europa.eu/esco/occupation/929ef41d-afd0-4d5a-b85b-69eab68fa368,assistant de cabinet juridique/assistante de cabinet juridique,0.11866051516448554,0.07574532304420287
METIER,http://data.europa.eu/esco/occupation/66fb9704-0d56-4673-8e69-7823816b73e1,chargé d’études de marché/chargée d’études de marché,0.011587383985085126,-0.0625915060921682
METIER,http://data.europa.eu/esco/occupation/1a953e5a-f53f-461d-818b-6b2e655a751f,réparateur de systèmes horlogers/réparatrice de systèmes horlogers,-0.27729873944120437,-0.11981645138710531
METIER,http://data.europa.eu/esco/occupation/75fb7771-0403-4116-9c01-9c5717bec600,gérant de magasin de meubles/gérante de magasin de meubles,-0.051230531020728894,-0.05375086752247715
METIER,http://data.europa.eu/esco/occupation/6140be85-2d45-44b2-b0ba-412aadcead1e,généticien/généticienne,-0.07365369453478848,-0.012494715240154343
METIER,http://data.europa.eu/esco/occupation/38eb308f-0075-451e-9c1a-c557fd173022,agent d’entretien de parc d’attractions/agente d’entretien de parc d’attractions,-0.14026924926868958,-0.06985237017006564
METIER,http://data.europa.eu/esco/occupation/341b405b-12cd-4ece-9b4b-cbfae3551ea3,dessinateur en ingénierie automobile/dessinatrice en ingénierie automobile,-0.008928004801063932,0.11825335289962415
METIER,http://data.europa.eu/esco/occupation/0477b9b0-8d2d-4eec-aaad-bac11092e98b,opérateur de mélangeur/opératrice de mélangeur,-0.3142388915871815,-0.16130363346130258
METIER,http://data.europa.eu/esco/occupation/c76dda38-938c-404e-8a6d-78c8705eebc0,responsable des caisses,0.017475983639863097,-0.017705036860474036
METIER,http://data.europa.eu/esco/occupation/f6f1a9c5-a956-4a10-98ad-b83525e843fb,opérateur de remplissage/opératrice de remplissage,-0.09071832315914406,-0.1684697191072896
METIER,http://data.europa.eu/esco/occupation/0cd729a6-ed11-4338-ac4b-d4b924390128,historien/historienne,-0.06771261430971552,-0.17786655284551112
METIER,http://data.europa.eu/esco/occupation/7b8b6118-6876-4a71-81a6-4b5fa9bfa221,technicien de la thérapie respiratoire/technicienne de la thérapie respiratoire,-0.06311361976230401,0.2427263850577525
METIER,http://data.europa.eu/esco/occupation/116b4c55-5bd0-41e9-9227-98d7ecffeaf6,enseignant-chercheur en sociologie/enseignante-chercheuse en sociologie,0.12996574331121394,-0.05379074676912028
METIER,http://data.europa.eu/esco/occupation/16bc69b8-5abc-49e4-a860-befb734d54d3,technicien qualité chimie en fabrication d’articles textiles/technicienne qualité chimie en fabrication d’articles textiles,-0.148208721053581,0.09964245271815024
METIER,http://data.europa.eu/esco/occupation/219d1c30-3849-4de3-b0d6-07da187b6521,évaluateur de coût de fabrication,-0.18883078431899497,-0.0952713331453718
METIER,http://data.europa.eu/esco/occupation/4b3201cb-ffc5-4f61-9fc3-5c0f0038fa5f,responsable de l’analyse commerciale des technologies de l’information et de la communication,0.22415376121662428,-0.03470086555252166
METIER,http://data.europa.eu/esco/occupation/268565be-d94f-4983-a33f-2b7dabc61f24,marchand de confiseries/marchande de confiseries,-0.13072007755218928,-0.04072769174160364
METIER,http://data.europa.eu/esco/occupation/7843a4c6-a9f6-4095-94b9-45b384d4bd57,agent d’enquêtes/agente d’enquêtes,0.07503799421570244,-0.11944975834280155
METIER,http://data.europa.eu/esco/occupation/dcfeb6e4-f39d-49fb-96cd-23292fb3e037,technicien en génie optoélectronique/technicienne en génie optoélectronique,0.09595783121406781,0.21657014441711872
METIER,http://data.europa.eu/esco/occupation/1f97f6e6-0ac7-4e77-88ab-2e3801c5a223,ingénieur en génie climatique/ingénieure en génie climatique,-0.12484538651957622,0.19438892674289218
METIER,http://data.europa.eu/esco/occupation/d792974a-077b-44a7-9421-b3ab7fdc7c40,opérateur sur machine à rétreindre/opératrice sur machine à rétreindre,-0.06653917949482267,-0.04261691044141263
METIER,http://data.europa.eu/esco/occupation/35f62568-eb4e-4a09-9d83-ecc73116f94c,chocolatier/chocolatière,-0.13572709100021282,-0.01893508193290412
METIER,http://data.europa.eu/esco/occupation/f6811475-94d4-4d13-8d5f-f173978ae7ec,secrétaire et représentant officiel de parti politique/secrétaire et représentante officielle de parti politique,0.07559895090255858,-0.1666058730821913
METIER,http://data.europa.eu/esco/occupation/a491c5c1-e126-4414-9ac9-3625a4a79513,garde-chasse,-0.1572181023265817,-0.1362714867042119
METIER,http://data.europa.eu/esco/occupation/d515e82a-ca9f-4be4-9823-33694dff7304,concepteur de produits en maroquinerie/conceptrice de produits en maroquinerie,-0.160521502177285,0.020669187773695887
METIER,http://data.europa.eu/esco/occupation/98164d70-93a8-409c-aa9f-7d56314f4d7f,mortaiseur/mortaiseuse,-0.3115355247306455,-0.040116903404489944
METIER,http://data.europa.eu/esco/occupation/aac62c63-b6bf-4387-8ba3-75a487f25824,conducteur de turbines à vapeur/conductrice de turbines à vapeur,-0.23126916793586044,0.019766349298992583
METIER,http://data.europa.eu/esco/occupation/6a29d804-f775-446c-bec7-35fc4e28ac97,consultant en gestion d’entreprise/consultante en gestion d’entreprise,0.13436542046991515,0.05592900671124438
METIER,http://data.europa.eu/esco/occupation/c8fa93eb-7c2c-42c3-b135-c2e825a6615e,ingénieur d’essais/ingénieure d’essais,0.045840658886588614,0.09988645943222878
METIER,http://data.europa.eu/esco/occupation/58db35e3-fe1f-44d2-8a9e-ab652fc1cec2,négociant grossiste en viandes et produits à base de viande/négociante grossiste en viandes et produits à base de viande,-0.16301292436979095,-0.23169077105087155
METIER,http://data.europa.eu/esco/occupation/68dd0dfc-c8b0-4fd0-9a6e-b0864925fa56,formateur de conducteurs ferroviaires/formatrice de conducteurs ferroviaires,-0.1424992878824429,0.1180559161641755
METIER,http://data.europa.eu/esco/occupation/90a73720-642d-4f45-88e7-8f593a5e0df2,formateur technologies des transports/formatrice technologies des transports,-0.03602498372158014,-0.05262423574180878
METIER,http://data.europa.eu/esco/occupation/c0a35355-be44-44c0-82d2-acf8363ed45e,contrôleur qualité de produits métalliques/contrôleuse qualité de produits métalliques,-0.05195983965633861,0.08528601640655462
METIER,http://data.europa.eu/esco/occupation/d4edb527-2e5d-440c-9f8c-cd5caa9cc4d6,astronaute,-0.0181130845444439,0.1035763226844811
METIER,http://data.europa.eu/esco/occupation/0d93706d-32fd-4de3-aa08-be1003e325da,chimiste,-0.19117549260438757,0.032870987938237596
METIER,http://data.europa.eu/esco/occupation/920c22e1-10a1-4afa-86b3-c43da8488391,enseignant-chercheur en travail social/enseignante-chercheuse en travail social,0.0036583442019500587,-0.03186483011503188
METIER,http://data.europa.eu/esco/occupation/ee37a4a5-5360-4e94-a749-a2b8ead08500,mélangeur de poudre traceuse/mélangeuse de poudre traceuse,-0.25254498731356173,-0.032934721843157246
METIER,http://data.europa.eu/esco/occupation/22585d1e-48aa-45a6-a8c3-d072b4ff1b31,opérateur de systèmes d’intégration des médias/opératrice de systèmes d’intégration des médias,0.04954227624575708,-0.01568032072528389
METIER,http://data.europa.eu/esco/occupation/a7d6a377-3d3b-41cf-9301-f4a0a7ad3d96,responsable de production agroalimentaire,-0.052168105328399626,0.004981143754980747
METIER,http://data.europa.eu/esco/occupation/28d82e8d-7379-4245-a5a0-c5a68864a528,opérateur de centrifugeuse/opératrice de centrifugeuse,-0.08389134724326358,0.10150172917216002
METIER,http://data.europa.eu/esco/occupation/4d34a9ee-2653-4da0-bef7-f59294577224,ingénieur électronicien/ingénieure électronicienne,-0.024245473817872988,0.20972665864464554
METIER,http://data.europa.eu/esco/occupation/2c027db0-d2a6-43f0-9c4a-caff27c7c54a,moniteur de bateau-école/monitrice de bateau-école,-0.08693266388152486,-0.04739251712838775
METIER,http://data.europa.eu/esco/occupation/51ec004e-aec8-4f89-b114-952bcc56b0b0,blogueur vidéo/blogueuse vidéo,-0.0693504842204163,-0.24294076296712921
METIER,http://data.europa.eu/esco/occupation/caa75a5b-b32f-4d57-bffa-03dbb91058cf,coordonnateur de l’approvisionnement de café vert/coordonnatrice de l’approvisionnement de café vert,-0.24215922896863482,-0.07214797177501506
METIER,http://data.europa.eu/esco/occupation/0f7c84c5-1c0d-4fc1-8949-07dbe8bd34ef,designer textile/designeuse textile,0.0842966817817353,-0.14177518197555886
METIER,http://data.europa.eu/esco/occupation/13331bd9-0599-47c0-9812-29650c218de3,technicien en génie des eaux/technicienne en génie des eaux,-0.007322525735067762,0.16560604610941945
METIER,http://data.europa.eu/esco/occupation/93f61216-b9c8-4051-bb1e-32839c1566c1,professeur de coiffure/professeure de coiffure,-0.05748306262408518,-0.08943397471054121
METIER,http://data.europa.eu/esco/occupation/a945757e-e171-46a9-847a-13cf04f7cd27,opérateur de scie à ruban/opératrice de scie à ruban,-0.32081931135662867,-0.005500848198933295
METIER,http://data.europa.eu/esco/occupation/a8d05b64-f60b-4dd9-91c2-e2e63d82f2f5,consul/consule,0.0727605547234462,0.03968073795678491
METIER,http://data.europa.eu/esco/occupation/abc849b6-9e75-41ce-b1aa-4d488280a8a3,contrôleur en production laitière,-0.16136384231603826,-0.02977723199394122
METIER,http://data.europa.eu/esco/occupation/13b12b2d-e223-46f5-a6c0-cb77fe37f03a,responsable de la logistique distribution de machines en industrie textile,-0.15758252453869773,-0.025514934480237374
METIER,http://data.europa.eu/esco/occupation/5001506f-dd7d-4801-92ac-6f7e93b45133,conducteur d’installations robotisées/conductrice d’installations robotisées,-0.14434413593808504,0.10408896781927597
METIER,http://data.europa.eu/esco/occupation/0bf68df5-e808-4c27-abf2-6f85440f2d7f,standardiste,0.0756875668320978,-0.21212866859323143
METIER,http://data.europa.eu/esco/occupation/bb95ef58-9139-4967-bfc1-da8386a4e672,responsable de l’approvisionnement en technologies de l’information et de la communication,0.22225418637122948,-0.05706479529600303
METIER,http://data.europa.eu/esco/occupation/754c349d-67d5-48e5-81c1-e84d2fab59d0,conseiller en aromathérapie/conseillère en aromathérapie,-0.09088173888622303,-0.18632813518145755
METIER,http://data.europa.eu/esco/occupation/4edbde9f-218e-49c7-812f-c45262fb4128,assistant de service social - logement/assistante de service social - logement,-0.008902511422081004,0.12115511672860342
METIER,http://data.europa.eu/esco/occupation/b2eacfdf-5de5-4e8c-a8cb-3d32e201c210,opérateur de conduite en centrale nucléaire/opératrice de conduite en centrale nucléaire,-0.17006275159562845,0.20060294589138547
METIER,http://data.europa.eu/esco/occupation/591c5063-69ce-4551-ba60-e2304111130f,responsable communications de données aéronautiques,0.08224289576506756,-0.07433792994756823
METIER,http://data.europa.eu/esco/occupation/15620506-fb5d-49cd-87a2-1c9047fb406a,peintre en bâtiment,-0.1772459828890674,-0.029558055496379385
METIER,http://data.europa.eu/esco/occupation/e9665bdf-2989-4dc5-9aa9-7b791e489779,géotechnicien/géotechnicienne,-0.05837346457069638,0.18839979209716654
METIER,http://data.europa.eu/esco/occupation/b4f08f2e-3c97-4484-9094-446a17dad802,opérateur de laboratoire cinématographique/opératrice de laboratoire cinématographique,-0.12584065393521646,-0.05728919459266773
METIER,http://data.europa.eu/esco/occupation/c0a15ec7-10e6-45e7-b69c-b85ff6f4f87f,ouvrier d’élevage en aquaculture/ouvrière d’élevage en aquaculture,-0.19427463646069906,-0.07455652970946833
METIER,http://data.europa.eu/esco/occupation/fd8b68c0-7341-44bb-855d-9b1254eade33,télépathe,0.06757143801816493,-0.16424095951650652
METIER,http://data.europa.eu/esco/occupation/cc9fcab5-a5c6-4cc9-9606-cbcc2852537f,jardinier botaniste/jardinière botaniste,-0.09288768216956472,-0.037437702240440233
METIER,http://data.europa.eu/esco/occupation/3c305542-a51b-4b96-8d45-af11ca05eaa2,vétérinaire enseignant-chercheur/vétérinaire enseignante-chercheuse,0.029462049235794586,0.039304299914555606
METIER,http://data.europa.eu/esco/occupation/f444e8ec-5eed-4777-866e-7127aa06ce4f,technicien de pilotage de procédés en industrie textile/technicienne de pilotage de procédés en industrie textile,-0.048532733786880417,0.1308872554967008
METIER,http://data.europa.eu/esco/occupation/e246eca2-2cec-45b4-ae76-aa1f37d07bc5,responsable de la promotion touristique,-0.008413477733517746,-0.12016778865804895
METIER,http://data.europa.eu/esco/occupation/631aaef2-2d67-45c6-93a6-1b1abdf57542,prêteur sur gages/prêteuse sur gages,0.049997809659899126,-0.15716125530850467
METIER,http://data.europa.eu/esco/occupation/b3b32930-05f0-4b2e-93bf-34d1e3f89a3b,pilote instructeur aéronautique/pilote instructrice aéronautique,0.005438527811005095,0.03577351214205924
METIER,http://data.europa.eu/esco/occupation/cae71f3f-ad4d-480e-b501-bff22827e60c,conducteur de bulldozer/conductrice de bulldozer,-0.36280210888589015,0.055175800249520734
METIER,http://data.europa.eu/esco/occupation/353a22a7-1c55-410c-a7a7-c531692b5e50,installateur de fenêtres/installatrice de fenêtres,-0.1442458897973533,-0.03686977030520279
METIER,http://data.europa.eu/esco/occupation/af69484e-b43f-4685-b22d-f3418df45c4d,psychothérapeute,-0.009920775927652555,-0.04002986729647544
METIER,http://data.europa.eu/esco/occupation/a0f9903e-2ba5-4b9d-bb0a-a8646db15221,opérateur extrusion en métallurgie/opératrice extrusion en métallurgie,-0.2232586387182625,0.09806205424656711
METIER,http://data.europa.eu/esco/occupation/16e65196-3449-4c88-b379-0aa98f43db2b,infirmier anesthésiste/infirmière anesthésiste,-0.010950151183746504,0.0010717600438176435
METIER,http://data.europa.eu/esco/occupation/1562c7a3-c7d9-419d-b9b6-db26610bcf84,concepteur d’entrepôt de données/conceptrice d’entrepôt de données,0.13801826829300812,-0.06565585743852544
METIER,http://data.europa.eu/esco/occupation/9c9752b7-3e3b-4a08-8553-b63a013f8072,responsable de l’expérience client,0.15908890855408217,-0.09719555877564905
METIER,http://data.europa.eu/esco/occupation/8ae1e637-840b-4be0-a5df-8653375d8949,responsable d’installation de stockage de déchets,-0.06566272553177319,-0.06931680578523347
METIER,http://data.europa.eu/esco/occupation/89a6d6e5-8362-4b99-b745-1c68bffbda77,agent d’entretien des fosses septiques/agente d’entretien des fosses septiques,-0.06622457237042458,0.06980509857845466
METIER,http://data.europa.eu/esco/occupation/57a12047-4f1e-40ed-add5-9736923f231b,astronome,-0.14490280833880048,-0.039474760333923296
METIER,http://data.europa.eu/esco/occupation/e8461d2e-3d75-477c-93a2-ea8d342bb55b,technicien de l’environnement/technicienne de l’environnement,-0.18889704789788317,0.16954603282050465
METIER,http://data.europa.eu/esco/occupation/310ad9e0-ffc9-4980-b47c-1e856a404eff,opérateur de conduite en raffinerie/opératrice de conduite en raffinerie,-0.1658223616772207,-0.00394628084290278
METIER,http://data.europa.eu/esco/occupation/316309e4-5fce-4dca-85d1-07702217ea19,responsable de production cuir,-0.14690830251807557,-0.045978383271851025
METIER,http://data.europa.eu/esco/occupation/0ec62c2e-30c9-434e-bf36-5277a0840450,technicien en remise à neuf de véhicules/technicienne en remise à neuf de véhicules,-0.13048250033668604,0.04825118252989296
METIER,http://data.europa.eu/esco/occupation/bda98f02-4f92-4015-a0c8-b86b8abc711a,modéliste en industrie de l’habillement et du textile,-0.19594551530811966,-0.07869255112931839
METIER,http://data.europa.eu/esco/occupation/18459eb0-5506-4692-9889-d1f9a2b989eb,opérateur sur machine à graver/opératrice sur machine à graver,-0.17416832451383035,-0.12433751201617667
METIER,http://data.europa.eu/esco/occupation/211716b7-2857-40c8-a078-da983c78c70a,vitrier automobile/vitrière automobile,-0.12414647908009466,-0.05270670732851848
METIER,http://data.europa.eu/esco/occupation/da00cd76-22fe-450d-aefc-f4e4a3864171,opérateur de fabrication de circuits imprimés/opératrice de fabrication de circuits imprimés,-0.05641608613777071,0.059364690696646356
METIER,http://data.europa.eu/esco/occupation/50a66df6-c141-4b4a-937a-d3bc55737ae3,agent de recouvrement/agente de recouvrement,0.051101623860353045,-0.04820884044297563
METIER,http://data.europa.eu/esco/occupation/b874b541-2cb3-460b-96d7-4f83fe04b41d,technicien d’installation de transport par câbles/technicienne d’installation de transport par câbles,-0.07936855454489002,0.0848994667612132
METIER,http://data.europa.eu/esco/occupation/e4ad2547-9188-4fbd-897a-c91b3c097779,président d'université/présidente d'université,0.16676254830569076,-0.03267029258911428
METIER,http://data.europa.eu/esco/occupation/c3760388-d070-491a-9c1f-be305a576815,coordinateur des pilotes de navire/coordinatrice des pilotes de navire,-0.024107758062597746,-0.02862984204197761
METIER,http://data.europa.eu/esco/occupation/9851c83c-5670-4da0-964a-1ef0e682e30b,chercheur en thanatologie/chercheuse en thanatologie,-0.08986880224739101,0.011223361702655784
METIER,http://data.europa.eu/esco/occupation/42a96d07-1e1d-49ae-9399-c1f4be27ddea,conseiller à l’emploi/conseillère à l’emploi,-0.08207474070208519,-0.13136983422251233
METIER,http://data.europa.eu/esco/occupation/2b871272-bd61-4206-bd1a-0b96d7023098,hôte de caisse/hôtesse de caisse,-0.08882325575140355,-0.08590007586637563
METIER,http://data.europa.eu/esco/occupation/8a3498c7-470a-4067-b48e-f330d9b702e8,preneur ferme en valeurs mobilières/preneuse ferme en valeurs mobilières,-0.092056363001658,-0.16041085455760146
METIER,http://data.europa.eu/esco/occupation/976c7f50-7f9e-4347-bbb9-f0dc842046a3,psychologue de la santé,-0.06479471639731327,-0.04800107112410083
METIER,http://data.europa.eu/esco/occupation/021663ca-a367-472e-a1f0-6d8ab5b2d860,tuteur/tutrice,-0.06771402037988612,0.036589040431764835
METIER,http://data.europa.eu/esco/occupation/36494988-69d2-4420-9db4-eb56605ac983,infirmier de pratique avancée/infirmière de pratique avancée,0.048094896269930375,0.0921007526510189
METIER,http://data.europa.eu/esco/occupation/46bbecf4-368a-44a8-9262-dcd775ae2c46,puisatier/puisatière,-0.2664766115479248,0.09934248129229642
METIER,http://data.europa.eu/esco/occupation/24161923-e3e6-4096-b377-f1ee8a7ea31b,ingénieur des satellites/ingénieure des satellites,0.10094767575617868,0.16166296655456028
METIER,http://data.europa.eu/esco/occupation/9fcce643-276b-435f-aa94-4516c2414686,responsable de la logistique distribution de déchets et débris,-0.15836708835913088,-0.11255630148287733
METIER,http://data.europa.eu/esco/occupation/fb022de4-920a-4eb0-80f9-fbb8ecfc36b1,responsable de service d’archives culturelles,-0.12508244053147716,-0.04386896348741078
METIER,http://data.europa.eu/esco/occupation/5f770d3d-5c42-4c22-bc06-23bebd182a37,gérant d'animalerie/gérante d'animalerie,-0.06181100976566839,-0.023434236770252092
METIER,http://data.europa.eu/esco/occupation/1de91afd-9da2-47ab-a7e7-19bf931709a4,officier des forces spéciales/officière des forces spéciales,0.07149956457113053,-0.09958388588486217
METIER,http://data.europa.eu/esco/occupation/e19fe26f-0759-4bb1-af71-5bbecf3df69f,conseiller en immigration/conseillère en immigration,0.008230361936683741,-0.011476659668436796
METIER,http://data.europa.eu/esco/occupation/898f99f7-8c0a-4212-9e58-9ab00379e5ae,tourneur ajusteur/tourneuse ajusteuse,-0.251127319501252,-0.09431390329369518
METIER,http://data.europa.eu/esco/occupation/b156960c-8508-4067-908d-f167847c55b1,chef de carrière,-0.10691791788629583,0.03422287566733543
METIER,http://data.europa.eu/esco/occupation/e1416610-ad08-4f37-8b46-9f99632a5c0f,ébéniste,-0.2749996461623583,-0.1957764924449232
METIER,http://data.europa.eu/esco/occupation/18a98579-f0b1-4dde-944f-1758dc113099,étinceleur en électroérosion/étinceleuse en électroérosion,-0.20463351605830338,0.04148482315570319
METIER,http://data.europa.eu/esco/occupation/04f39bfa-bc03-4480-98bc-b18ce4fe4b4b,directeur comptable/directrice comptable,0.14919732502126912,0.07327544675617131
METIER,http://data.europa.eu/esco/occupation/1313aeea-63a9-4b4d-82d1-dbe00ff9ed10,responsable RSE - responsabilité sociale de l'entreprise,0.1421806829198997,-0.08890168425817617
METIER,http://data.europa.eu/esco/occupation/094b9f9b-7e89-4f34-adbb-fbaf7246f7a4,agent de réseau d’eau/agente de réseau d’eau,-0.2317853423165851,-0.0786445769361273
METIER,http://data.europa.eu/esco/occupation/632e61c8-4e4b-44c7-b213-6dd5a174b143,responsable de la logistique distribution,-0.08848951258259584,-0.17660496269772838
METIER,http://data.europa.eu/esco/occupation/728b9e5b-3da4-4dbd-ac36-614ebdb6c8c0,opérateur de désencrage par flottation/opératrice de désencrage par flottation,-0.3873725929909015,0.0635022707977743
METIER,http://data.europa.eu/esco/occupation/a8ccc522-f57d-4800-a821-2e5c910e8301,agent de laboratoire en métallurgie/agente de laboratoire en métallurgie,-0.21506804977264413,0.10433139311883541
METIER,http://data.europa.eu/esco/occupation/6667bf29-a3e3-4513-a71b-82c67206045b,accueillant familial thérapeutique auprès d’enfants/accueillante familiale thérapeutique auprès d’enfants,-0.1193803688928133,-0.058907571962854656
METIER,http://data.europa.eu/esco/occupation/ec5b72d1-0206-4179-9abd-570c66bc44b9,développeur de systèmes d'enseignement en ligne/développeuse de systèmes d'enseignement en ligne,0.03966091391326022,-0.005214631663635847
METIER,http://data.europa.eu/esco/occupation/08edf4c5-3551-4690-9d09-f9b8b9194c90,cintrier/cintrière,-0.05480303279744455,-0.09218607710819646
METIER,http://data.europa.eu/esco/occupation/066a9d8f-3948-409c-a3cf-ed8ed37cfe22,ouvrier d’atelier de séchage du tabac/ouvrière d’atelier de séchage du tabac,-0.3023530746369825,-0.0021271853332128867
METIER,http://data.europa.eu/esco/occupation/3a3fac9d-323e-4ba6-989b-0e1d44e113cc,marin de la marine marchande,-0.21118720903132887,-0.03341392090947534
METIER,http://data.europa.eu/esco/occupation/f8438d21-c726-4534-8d7c-1c5aa9ef05ef,nettoyeur de moquettes et autres textiles/nettoyeuse de moquettes et autres textiles,-0.23779952116354708,-0.2011782634175286
METIER,http://data.europa.eu/esco/occupation/89a0af2a-edf4-4d1a-8526-f4a8f476cea2,repéreur de décors/repéreuse de décors,-0.15568375688338584,-0.2230094125473288
METIER,http://data.europa.eu/esco/occupation/ac37627c-a999-4779-997e-9795cc4f9a3d,ingénieur études transport-distribution/ingénieure études transport-distribution,-0.2751099376390775,0.14828461267423237
METIER,http://data.europa.eu/esco/occupation/3f7b7ce5-94b6-4e0c-98e7-a4ee5a6accf4,toxicologue,-0.18966459799034743,0.02334328557700573
METIER,http://data.europa.eu/esco/occupation/565987b2-b980-4881-891c-cc4d5ab61d07,graveur sur pierre/graveuse sur pierre,-0.16745081677572,-0.19992915095674615
METIER,http://data.europa.eu/esco/occupation/0b14d5d7-1bbe-4403-b9e6-7b0f37fc44fc,auxiliaire de soins aux animaux,-0.0825776403726175,-0.024303864939498987
METIER,http://data.europa.eu/esco/occupation/5520bfd0-49d3-47e5-abe0-d72354711bc0,nettoyeur de fèves de cacao/nettoyeuse de fèves de cacao,-0.1999470245804786,-0.016331964556145825
METIER,http://data.europa.eu/esco/occupation/c0eb9240-4f70-4393-bdf0-723ce7fdbd36,opérateur de fabrication de panneaux de bois/opératrice de fabrication de panneaux de bois,-0.322460319240689,0.06276028258134365
METIER,http://data.europa.eu/esco/occupation/a10eb17a-3c78-4f7a-a1da-8f31146339d3,aide jardinier/aide jardinière,-0.05127801514079858,-0.09455989766472013
METIER,http://data.europa.eu/esco/occupation/186ef31e-f26f-4320-a307-c5f95d6cb284,consultant en action sociale/consultante en action sociale,0.11589354325077557,0.05250947650506777
METIER,http://data.europa.eu/esco/occupation/64c180d0-029b-4dc7-b582-77899d171186,fabricant de boissons non alcoolisées/fabricante de boissons non alcoolisées,-0.303093551573306,-0.17054925318263983
METIER,http://data.europa.eu/esco/occupation/3d974e0c-8ed9-47a7-aec2-ebdb34391c87,bagagiste aéroportuaire,-0.1572462156354504,-0.09720528191242331
METIER,http://data.europa.eu/esco/occupation/5aeaea2f-6585-4d3d-8f3e-1fdd9903aa32,chef de station fruitière,-0.2863282398744651,-0.13954260787517758
METIER,http://data.europa.eu/esco/occupation/f4b4fb1d-0224-4e6b-b7c9-84bcf133be00,vendeur en téléphonie/vendeuse en téléphonie,0.00883620270518382,-0.05243084195303195
METIER,http://data.europa.eu/esco/occupation/2f5e38a0-6578-4665-bdbd-e2ab505be140,barman/barmaid,-0.33181153039810085,-0.15146814729920638
METIER,http://data.europa.eu/esco/occupation/379a4f3f-4985-4764-8b2f-037946da855d,agent du service central des courses et jeux/agente du service central des courses et jeux,-0.014904534840618622,-0.021935150396734188
METIER,http://data.europa.eu/esco/occupation/b206a740-c7eb-407d-9cdb-93502368c4d8,superviseur de conducteurs de grue/superviseuse de conducteurs de grue,-0.1010019441308915,0.06046148393816462
METIER,http://data.europa.eu/esco/occupation/67b31696-9722-4b41-84d4-b25657266d59,monteur en orfèvrerie/monteuse en orfèvrerie,-0.21739276239940716,0.011766809373356177
METIER,http://data.europa.eu/esco/occupation/58ff0ec2-08ba-4b21-b765-babb6d76ca36,steward/hôtesse,-0.19995276264488254,-0.10112439484992249
METIER,http://data.europa.eu/esco/occupation/72d03aad-2003-404e-ae71-a37206e3566b,artisan/artisane sur cuir,-0.181244760034683,-0.17402201012378885
METIER,http://data.europa.eu/esco/occupation/82d75f3b-644a-4582-ad6b-a2a1833e44cb,spécialiste des essais non destructifs,-0.13289778507397643,-0.09635843760075881
METIER,http://data.europa.eu/esco/occupation/2a8d6b4c-661d-4620-8f68-2c99e78f512e,modeleur mouliste/modeleuse mouliste,-0.1075057091251823,-0.0666553823931026
METIER,http://data.europa.eu/esco/occupation/82b5c6dc-6a4d-4415-80d8-5cfedfc54de7,assistant/assistante de recherche cliniques,0.017416176206637674,0.17676500063302902
METIER,http://data.europa.eu/esco/occupation/e6c298a4-62de-4b62-b48e-c5fdca8f6071,attaché technico-commercial en machines et équipements de bureau/attachée technico-commerciale en machines et équipements de bureau,-0.0036248732474445378,0.11280160146135194
METIER,http://data.europa.eu/esco/occupation/98588703-5f5c-41c6-a240-3411b6518b83,spécialiste en import-export de produits pharmaceutiques,0.02507370196018737,0.04139185286191096
METIER,http://data.europa.eu/esco/occupation/701f9161-72e4-4ff3-a9e8-8e6352664ef0,pédicure pour bovins,-0.22348214933848598,-0.09038825595855289
METIER,http://data.europa.eu/esco/occupation/55a785db-0636-41b8-950f-0b65abe5e81b,enseignant-chercheur en pharmacie/enseignante-chercheuse en pharmacie,0.14577342726339088,0.031731601722654414
METIER,http://data.europa.eu/esco/occupation/ef0363cf-361a-47df-9431-d94afb757ce0,producteur de podcast/productrice de podcast,-0.034040153042025324,-0.1386260129449472
METIER,http://data.europa.eu/esco/occupation/5b9a678a-7c35-4c50-a804-754b82652ee6,guide accompagnateur/guide accompagnatrice,-0.016600024610543416,0.048886856480672536
METIER,http://data.europa.eu/esco/occupation/cd3f5356-a16f-4aca-9d4b-ceba2b2afec5,tapissier d’ameublement/tapissière d’ameublement,-0.10158015269609041,0.02440546731085069
METIER,http://data.europa.eu/esco/occupation/834aab9b-2246-4c3e-ab4a-cf3de1267e1a,moniteur automobile/monitrice automobile,-0.15434040033295243,-0.052045551915777075
METIER,http://data.europa.eu/esco/occupation/c418ed9a-132f-48cd-ae5c-dd375070ee0e,agent chargé du développement commercial,-0.11051711733085835,-0.10266955060566109
METIER,http://data.europa.eu/esco/occupation/61a61a3b-6fcd-4525-9f5c-0a1415a9a51f,responsable de la logistique distribution de produits du tabac,-0.09143074231423018,-0.09719656859855683
METIER,http://data.europa.eu/esco/occupation/a001cf0d-b0eb-420a-a110-9408448ba8b8,carrier fendeur de fond/carrière fendeuse de fond,-0.27726819565406546,-0.02259371856316324
METIER,http://data.europa.eu/esco/occupation/586fe133-1987-41f4-b89a-f39d4bc58e1e,responsable du commerce électronique,-0.004993284464967813,-0.07589823348465576
METIER,http://data.europa.eu/esco/occupation/c6a26e11-bdf1-47a1-849d-fdcf819d458d,officier des forces armées/officière des forces armées,0.01279831187351529,-0.15455869553021645
METIER,http://data.europa.eu/esco/occupation/3f6fc9db-18c1-45e8-819e-baf7b6cfe372,chef de juridiction,0.05630217954729442,-0.02907735307977418
METIER,http://data.europa.eu/esco/occupation/a79d9e58-36be-4e67-a4db-ea6c8ff445fc,chef de rayon,-0.06576183174802006,-0.06142247911222853
METIER,http://data.europa.eu/esco/occupation/d07a4984-e775-46a7-b967-a3d0b3a54268,polisseur de métaux/polisseuse de métaux,-0.21406406907769163,0.036068323560722725
METIER,http://data.europa.eu/esco/occupation/5c1eba1e-7820-4287-9746-4c5906320100,assistant des ventes/assistante des ventes,0.14343334262095178,0.019824325718470395
METIER,http://data.europa.eu/esco/occupation/b65530b8-0b50-49da-8e9e-331b161374a5,rédacteur de journal radio ou télévisé/rédactrice de journal radio ou télévisé,-0.012065019643151393,-0.10766351351674006
METIER,http://data.europa.eu/esco/occupation/24a170fc-be68-43a5-93f1-7a5c31c6062b,assembleur-monteur d’instruments médicaux/assembleuse-monteuse d’instruments médicaux,-0.12955626074329465,0.08344011817716523
METIER,http://data.europa.eu/esco/occupation/139fba7b-6c1f-40ee-8acf-78f97e57c905,superviseur en gestion de déchets/superviseuse en gestion de déchets,-0.05292584023288432,0.015105092477388308
METIER,http://data.europa.eu/esco/occupation/b4c6d1b0-929e-48be-9f67-47bd8c30658b,couvreur/couvreuse,-0.2220645323008819,-0.09710765374353122
METIER,http://data.europa.eu/esco/occupation/22799921-76a1-44c4-a7c3-c6a548e8ad85,artiste de cirque,-0.14012435267819387,-0.3627600929825934
METIER,http://data.europa.eu/esco/occupation/2aa7fbbb-f06e-4454-8ff8-2d799e86ba51,technicien de machines textiles/technicienne de machines textiles,-0.11192052105607746,0.13990505066671388
METIER,http://data.europa.eu/esco/occupation/431f0055-43ca-406c-99f0-fb10a73d684e,corroyeur en industrie du bois/corroyeuse en industrie du bois,-0.2784327952244641,0.03729848671567377
METIER,http://data.europa.eu/esco/occupation/fa6bd9e9-9631-4abe-b2f8-fad7bf8a819d,responsable structure d'accueil pour enfants,-0.023458491846437043,-0.015661946895076183
METIER,http://data.europa.eu/esco/occupation/a2494c65-11a8-4853-9371-c89333c33be1,conseiller spécialisé d'ambassade/conseillère spécialisée d'ambassade,0.20832076781539255,0.03200652275331118
METIER,http://data.europa.eu/esco/occupation/abae06d8-525f-4a2d-8bbd-67b559aad8f2,agent de contrôle de la température/agente de contrôle de la température,-0.21536632704331896,0.021625990008345256
METIER,http://data.europa.eu/esco/occupation/e69697d0-2639-4aad-b73a-05e0b98357b1,ingénieur électricien des mines/ingénieure électricienne des mines,-0.12199177747017931,0.15640954112858055
METIER,http://data.europa.eu/esco/occupation/d7a9f9e0-e2f5-4804-a0e0-b21ebb1403ee,coordinateur d’inventaire/coordinatrice d’inventaire,-0.13010280403020547,-0.016679406559559077
METIER,http://data.europa.eu/esco/occupation/b4f4b21e-7664-45ca-9697-9123cfd8c9ef,conducteur de sonnette/conductrice de sonnette,-0.19862645207804736,-0.04097964101738572
METIER,http://data.europa.eu/esco/occupation/32fcdc6f-1c8a-44e9-99b8-5519e4db4414,technicien d’impression en industrie textile/technicienne d’impression en industrie textile,-0.028473319918629694,0.056368598679085766
METIER,http://data.europa.eu/esco/occupation/bc659adc-f42c-4ef6-89fe-fd030033f446,cosmologiste,-0.11677968587469725,-0.03743551981110578
METIER,http://data.europa.eu/esco/occupation/abab3d6a-82b9-49bd-8a4b-7bc678130558,chargé d’orientation et d’insertion professionnelle/chargée d’orientation et d’insertion professionnelle,0.106136160584836,-0.0587808791226828
METIER,http://data.europa.eu/esco/occupation/59bce29f-5c8b-47cf-bfd4-6ec003f5323a,répétiteur/répétitrice,0.09230263324162871,-0.11715030749617272
METIER,http://data.europa.eu/esco/occupation/8529edc5-96ad-4cde-b34a-f86ad3753e4d,ingénieur technico-commercial/ingénieure technico-commerciale,-0.04105793843582544,0.1801865970885822
METIER,http://data.europa.eu/esco/occupation/b148e7a3-e5b0-4edc-b770-85ab81f36ac9,responsable import-export d'articles ménagers,-0.06584336018434059,-0.09581899964443019
METIER,http://data.europa.eu/esco/occupation/4791e217-d607-40d5-9f84-df1d0a071cbc,chargé de marketing/chargée de marketing,0.02037202843382206,-0.20102552993586079
METIER,http://data.europa.eu/esco/occupation/d26a941d-443a-4301-a648-3cb3a4427775,opérateur d’installations de traitement de gaz/opératrice d’installations de traitement de gaz,-0.13403388937639368,-0.01797864952224161
METIER,http://data.europa.eu/esco/occupation/4f1bb8b4-3fff-4e68-b427-8c892534a181,parqueteur/parqueteuse,-0.1350061754404211,-0.08543808564746094
METIER,http://data.europa.eu/esco/occupation/f0978ec0-ae7d-4c4a-8f80-3fd200edddac,inspecteur qualité construction/inspectrice qualité construction,-0.09935612442246959,0.14782415605707708
METIER,http://data.europa.eu/esco/occupation/a9411821-4f54-406e-ba37-4c6e5a39f9fe,auxiliaire juridique - transfert de titres,-0.06146576782839634,-0.2049609836797282
METIER,http://data.europa.eu/esco/occupation/202e1870-77d7-4efa-bf2c-7a032af30b7e,superviseur assemblage naval/superviseuse assemblage naval,-0.0458808690657914,0.07184208518856777
METIER,http://data.europa.eu/esco/occupation/4ca8ba6c-dc55-40c0-ae6c-d55c94dd2e03,agent du renseignement/agente du renseignement,0.06204259893463665,0.060304747015811455
METIER,http://data.europa.eu/esco/occupation/ac160654-0d3e-49aa-b798-1861ce9d78b6,tourneur sur bois/tourneuse sur bois,-0.3180293564439251,-0.17645982068173444
METIER,http://data.europa.eu/esco/occupation/5a58da2b-2fa0-40d4-a9f5-fead48e7de88,architecte naval/architecte navale,0.008587409983558215,0.11018788796488041
METIER,http://data.europa.eu/esco/occupation/095169ac-feee-4fcf-bff7-222ab6d84bc4,acheteur de café vert/acheteuse de café vert,-0.27211469877260913,-0.21348015825503638
METIER,http://data.europa.eu/esco/occupation/7b99007f-c6bf-4703-85d3-f168bc6a9f28,ingénieur planification minière/ingénieure planification minière,-0.1489265877660704,0.1580554205991793
METIER,http://data.europa.eu/esco/occupation/b50ae5f6-3f67-4cc7-92bb-6cec7214bfc4,testeur de moteurs en industrie automobile/testeuse de moteurs en industrie automobile,-0.05769731854796172,0.011111390193330071
METIER,http://data.europa.eu/esco/occupation/f00154a5-d27f-429e-b9a4-1d65c672cee7,agent d’accueil vétérinaire/agente d’accueil vétérinaire,0.03309025531605717,0.03765962906297752
METIER,http://data.europa.eu/esco/occupation/e0433bbb-8a93-4ab4-ac7a-84ccc1a04637,responsable de la logistique distribution de boissons,-0.24503751334319032,-0.1643118978531908
METIER,http://data.europa.eu/esco/occupation/e3cc09ba-7ad5-4411-940c-20613000863a,agent chargé de protection et sauvegarde du patrimoine naturel/agente chargée de protection et sauvegarde du patrimoine naturel,-0.18613191115450986,-0.03062851973950275
METIER,http://data.europa.eu/esco/occupation/b680251e-b3c7-4029-9849-66a95081801c,trésorier de banque/trésorière de banque,-0.12304404824262542,-0.010099861009063972
METIER,http://data.europa.eu/esco/occupation/05ebeb56-6ceb-488d-ba91-ed15088efc8e,superviseur de la construction de ponts/superviseuse de la construction de ponts,-0.08577395552681814,-0.058317465493327725
METIER,http://data.europa.eu/esco/occupation/9ce12690-c3bf-4135-b7a5-b666bb8c68f5,technicien de levés miniers/technicienne de levés miniers,0.024679894584245594,0.11323027301387288
METIER,http://data.europa.eu/esco/occupation/0d6bb2cc-06b0-481c-b553-2a973be03254,technicien d’aquaculture en milieu aquatique naturel/technicienne d’aquaculture en milieu aquatique naturel,-0.12559471697173452,0.14429858409455265
METIER,http://data.europa.eu/esco/occupation/afcf9d03-6e51-4548-8cec-cfa50972929d,"responsable import-export de sucre, chocolat et produits de confiserie",-0.04071959213450959,0.0328814524178538
METIER,http://data.europa.eu/esco/occupation/3594efa8-cd69-411e-a345-d88ba756b758,classeur de pâtes à papier/classeuse de pâtes à papier,-0.22721431063752281,-0.18302163133677302
METIER,http://data.europa.eu/esco/occupation/eb6efbb9-9216-4e86-bc3b-de2223cd4667,vétérinaire,-0.07523308432707544,0.05524413248560953
METIER,http://data.europa.eu/esco/occupation/e7f6e98a-cef5-41be-b65c-70cf1feed11d,gérant de jardinerie/gérante de jardinerie,0.012028032326335973,-0.05018489299532179
METIER,http://data.europa.eu/esco/occupation/bd206ee9-61d6-45de-a369-0c71b8429efa,perruquier/perruquière,0.010898777600445766,-0.17839196906316399
METIER,http://data.europa.eu/esco/occupation/b27854dd-3fbe-406e-a750-54f677d55936,coordinateur en maintenance aéronautique/coordinatrice en maintenance aéronautique,-0.10148385052297589,0.0496920106266188
METIER,http://data.europa.eu/esco/occupation/1f305576-f57c-42c7-a139-728c72393cd4,négociateur en énergie/négociatrice en énergie,-0.26653223159716355,-0.0609153654625687
METIER,http://data.europa.eu/esco/occupation/d9004a14-bda2-4c63-ab64-17ca163ac1bd,assistant parlementaire/assistante parlementaire,0.12994285388340918,0.12054852567009823
METIER,http://data.europa.eu/esco/occupation/c5902c47-0c2e-45aa-94dd-951ad641449c,mouleur en fonderie/mouleuse en fonderie,-0.27234078624090613,-0.06555696616188376
METIER,http://data.europa.eu/esco/occupation/3b755cda-c4b0-4fa1-8621-372f28ccc2e9,professeur des écoles Steiner-Waldorf/professeure des écoles Steiner-Waldorf,0.10099733205860932,-0.1272377314921591
METIER,http://data.europa.eu/esco/occupation/15ab8475-549d-48a7-9d4a-5bb310015312,chef lingerie,-0.12700664270183343,-0.14989577199774828
METIER,http://data.europa.eu/esco/occupation/0a5001af-ce4b-4787-92e8-62af70089e53,monteur à la main/monteuse à la main,-0.28411668658017175,-0.0891739567494403
METIER,http://data.europa.eu/esco/occupation/f5576c5b-8d03-4a3d-9cb7-b8c4ac07a7ef,directeur de maison des jeunes/directrice de maison des jeunes,0.008659251609787814,-0.1400560741127409
METIER,http://data.europa.eu/esco/occupation/16cb1f72-3d8c-4404-84ec-9c31fbd7c86c,ingénieur soudeur/ingénieure soudeuse,-0.12306544012219561,0.12395589367988577
METIER,http://data.europa.eu/esco/occupation/f3e23761-0663-4ae0-97a2-0b2dd3fa38a1,ingénieur biochimiste en industrie/ingénieure biochimiste en industrie,-0.012077800020442076,0.2101028076768057
METIER,http://data.europa.eu/esco/occupation/1d8545df-e3d8-4ece-9449-0f2940e97e7c,rectifieur/rectifieuse,-0.1400481368531975,0.13074437224459332
METIER,http://data.europa.eu/esco/occupation/bcb7efae-2374-4ea7-a8e7-a77e4c6ecfc8,opérateur de broyeur/opératrice de broyeur,-0.27615828150165983,-0.018228070844000473
METIER,http://data.europa.eu/esco/occupation/b493b10d-7131-4814-93bb-a2c1be4a095f,réparateur de matériel de bureau/réparatrice de matériel de bureau,0.031517904161362464,0.22168211385178016
METIER,http://data.europa.eu/esco/occupation/88c56310-14bc-4956-8450-ce0e178ae847,opérateur de séchoir pour produits céramiques/opératrice de séchoir pour produits mécaniques,-0.21229710915389569,0.029566951189262752
METIER,http://data.europa.eu/esco/occupation/ce8145f5-d7ea-40ea-b12e-ef168f11184a,artiste sonore,-0.09893561695445179,-0.24262781514768264
METIER,http://data.europa.eu/esco/occupation/b2dab4fb-b7f7-4f57-94b2-9c0f0848564a,monteur en isolation/monteuse en isolation,-0.2802040072513881,0.0036249720283419115
METIER,http://data.europa.eu/esco/occupation/998a0bf4-b1be-42ab-aee5-0096c9be3319,technicien en ingénierie de la qualité/technicienne en ingénierie de la qualité,-0.05187493401259772,0.29657268123022446
METIER,http://data.europa.eu/esco/occupation/fc35b7ca-ecec-40d7-91b5-5065f662d955,directeur de département aéroportuaire/directrice de département aéroportuaire,0.06142951789029843,-0.04036327914728568
METIER,http://data.europa.eu/esco/occupation/754ce08f-b4d9-4b9c-b9d2-06f15258a3ce,directeur d'agence bancaire/directrice d'agence bancaire,-0.04986114001050659,-0.027297829176616117
METIER,http://data.europa.eu/esco/occupation/03e02554-15d1-4697-960c-8909e7d36f7e,conducteur de tramway/conductrice de tramway,-0.12389953305598408,-0.0871941042012592
METIER,http://data.europa.eu/esco/occupation/35553663-deab-4d9a-bf22-15c1625d28e8,ingénieur en intelligence artificielle/ingénieure en intelligence artificielle,0.16250115727637754,0.11724321232992001
METIER,http://data.europa.eu/esco/occupation/72bcb223-da77-4ed5-a03a-796fd5ece728,intervenant en arts visuels/intervenante en arts visuels,-0.12896743000888133,-0.17924581190217143
METIER,http://data.europa.eu/esco/occupation/c302791c-6864-4ec5-9a6c-2fca38764f0e,inspecteur de conformité en sécurité incendie/inspectrice de conformité en sécurité incendie,-0.09267672895657181,0.1384069053514059
METIER,http://data.europa.eu/esco/occupation/d6bffef4-f09a-4711-9ecb-92ec04353b21,assistant social dans un service de lutte contre les addictions/assistante sociale dans un service de lutte contre les addictions,0.04062870227095673,0.10040841210561728
METIER,http://data.europa.eu/esco/occupation/699057b7-7aeb-4b5c-bb90-01d935ff32c1,conducteur d'engins forestiers/conductrice d'engins forestiers,-0.14998538921481935,-0.0002424387453932878
METIER,http://data.europa.eu/esco/occupation/02f26b2f-879c-4811-8381-65e8dd3f4a16,responsable qualité chaussure,0.020672121575962352,0.0655268784362609
METIER,http://data.europa.eu/esco/occupation/33da5532-8c4e-4d1b-b52e-c201ee1bc7ab,ergothérapeute,-0.028206284018980118,-0.19823330519461765
METIER,http://data.europa.eu/esco/occupation/f4e3dd1c-f86b-4a69-8887-547255eadc79,directeur d’office de tourisme/directrice d’office de tourisme,0.033436478050469745,-0.060168476320283715
METIER,http://data.europa.eu/esco/occupation/511c8e9f-b19e-4ae8-9959-c047e7410441,inspecteur infrastructures ferroviaires/inspectrice infrastructures ferroviaires,0.007213273871405825,0.15996963641215428
METIER,http://data.europa.eu/esco/occupation/31db6bd9-ee84-4a57-ac9e-87e243ba1c69,opérateur en entrepôt d’articles en cuir/opératrice en entrepôt d’articles en cuir,-0.18582430332796088,-0.054618597981105105
METIER,http://data.europa.eu/esco/occupation/c4a81f47-6ed8-4a17-ab4a-21a2e67fa1d9,babysitter,-0.11718197489573413,-0.16239201871040407
METIER,http://data.europa.eu/esco/occupation/bcde2372-fcf3-4270-8f62-c5583d1bb9ec,installateur de fibres optiques/installatrice de fibres optiques,-0.026536235052046126,-0.006357526185293033
METIER,http://data.europa.eu/esco/occupation/c9839843-6cac-4564-8aa7-de4a5b9b62e1,courtier en organismes de placement collectif - OPCVM/courtière en organismes de placement collectif - OPCVM,-0.03632225622123195,-0.07733741412775173
METIER,http://data.europa.eu/esco/occupation/4ce42c3c-8a46-40b6-9274-1f5cee3c5cba,inspecteur vétérinaire,-0.07204970542721316,0.13239677682933423
METIER,http://data.europa.eu/esco/occupation/41beead9-98ad-4c89-b6e0-a14149f4eeab,pompiste,-0.2882244062191696,-0.20970301444625153
METIER,http://data.europa.eu/esco/occupation/b89f5984-3fb7-4339-80d5-00d1b0750b53,chef de partie en casino,-0.09495378099638066,-0.11736616155956021
METIER,http://data.europa.eu/esco/occupation/21de0f3b-a71a-4263-a9ba-90c5f3721b4d,planificateur financier/planificatrice financière,0.12501035545926925,0.08737977057907136
METIER,http://data.europa.eu/esco/occupation/35fbb8cd-c044-49a1-850c-010481c99b4a,agent administratif back-office marché/agente administrative back-office marché,0.052019301895587226,-0.04589317986086472
METIER,http://data.europa.eu/esco/occupation/0019b951-c699-4191-8208-9822882d150c,contrôleur qualité des instruments de précision/contrôleuse qualité des instruments de précision,0.0984855360232168,0.1644228694668392
METIER,http://data.europa.eu/esco/occupation/c956be07-53a3-4b01-b8f8-f0c5a428eaa8,attaché technico-commercial/attachée technico-commerciale,-0.04075846096622565,0.03859927220045058
METIER,http://data.europa.eu/esco/occupation/92df4ee3-bce3-45f6-a693-597df1b96f43,écoutant social/écoutante sociale,-0.020057578179602006,-0.08451939512237833
METIER,http://data.europa.eu/esco/occupation/e1587bbb-2d4e-4726-839a-7f4895c440e7,chef d'établissement scolaire,-0.02462309979572201,0.033313706352627634
METIER,http://data.europa.eu/esco/occupation/9e1e8379-6377-4969-b141-0d2337218fc9,coordonnateur du développement économique/coordonnatrice du développement économique,-0.04203694584822295,-0.08427613897230567
METIER,http://data.europa.eu/esco/occupation/7b1b5da8-573a-49bb-a38e-68725a949f4f,responsable de la technologie,0.16827834512694512,0.07016335653075274
OFFRE_EMPLOI,OFFRE_002715_074e67aaca3c,"RESPONSABLE FINANCIER/ÈRE, RH ET LOGISTIQUE",0.1747575174368679,0.009746601130781468
OFFRE_EMPLOI,OFFRE_009822_2a8819acaaef,SENIOR HR MANAGER (H/F),0.2671041204669651,-0.24635000740106158
OFFRE_EMPLOI,OFFRE_004866_4de678bd2b94,ATTACHE COMMERCIAL RESEAU,0.5738662895008451,-0.3082498190674667
OFFRE_EMPLOI,OFFRE_005678_1144fa1f1b92,UN AGENT IMMOBILIER,0.3652253932612926,-0.08821775612793381
OFFRE_EMPLOI,OFFRE_012568_6a14596588bc,Laborantin Experimente,-0.13717973988744114,0.05249893440156927
OFFRE_EMPLOI,OFFRE_005060_3cf01a812f9f,Chargé(E) De Projets Informatiques,0.6311450851194025,-0.23486887738131704
OFFRE_EMPLOI,OFFRE_011852_3526a738596b,Coordinateur Produit Et Services,0.07013774044445693,0.14617143267764096
OFFRE_EMPLOI,OFFRE_012035_39b3790f68b2,Chef D'Agence Adjoint,0.12807025846030654,0.2787551047658602
OFFRE_EMPLOI,OFFRE_007087_1becf1ac4e9a,Offre D'emploi: CADRE CHARGE DE LA RESTAURATION DES MOYENS D'EXISTENCE,0.4343028864202057,-0.23174567154210618
OFFRE_EMPLOI,OFFRE_000618_4f2d74ba477b,Cadre comptable,0.419657671955982,0.29535861421814413
OFFRE_EMPLOI,OFFRE_004365_cce20aed0216,"Caisières, Cuisinières",0.35157958353753826,-0.2118680374609862
OFFRE_EMPLOI,OFFRE_011450_cef0e5193f7b,Agent Voyage,-0.03634231480661681,0.1257472422649253
OFFRE_EMPLOI,OFFRE_013896_f182e17ff225,Principal Systèmes Ingénieur,0.17630632152741982,0.15018219801372235
OFFRE_EMPLOI,OFFRE_001483_9ea10d8e7904,Cadre administratif,0.45295270517019603,0.33171814499760716
OFFRE_EMPLOI,OFFRE_009547_1ab5a3643344,Chauffeur,0.09147779824311712,-0.0936727427447376
OFFRE_EMPLOI,OFFRE_011607_a32e5920d8e4,Informaticien,0.267416209585009,0.25507127846758676
OFFRE_EMPLOI,OFFRE_002623_24c9ecc39746,01 NUTRITIONNISTE et 01 DIÉTÉTICIEN (NE) pour le projet NUTRIMBOA,0.2922780115439007,0.059155102188930254
OFFRE_EMPLOI,OFFRE_006906_e777dd9b46c4,Chef De Projet Digital H/F,0.6311450851194025,-0.23486887738131704
OFFRE_EMPLOI,OFFRE_010199_323cdc249de5,Webmaster Administrateur de Sites Internet,0.2187549756471305,-0.17823413085838033
OFFRE_EMPLOI,OFFRE_009313_0649d6df1712,Chauffeur,0.25642881488314184,-0.22731537929218268
OFFRE_EMPLOI,OFFRE_005666_5e4fe1c93a51,Digital Brand Content Manager,0.6730569977998732,-0.20037888084442107
OFFRE_EMPLOI,OFFRE_007872_bc2d4acc6981,Agent D’entretien/Nettoyeur WCS Paysage Nord Cameroun,0.29119588212048764,-0.1272249418787109
OFFRE_EMPLOI,OFFRE_011187_1fce206a1236,Community Manager – BPO International - Télétravail,0.2958339290574895,0.028451296549260086
OFFRE_EMPLOI,OFFRE_011344_430b3e342ae9,Agent De Buanderie,0.02960027088691444,0.1589705373383783
OFFRE_EMPLOI,OFFRE_000581_2f2dcc4efd44,Employé de Ménage,-0.0964440899257463,0.27497956391828654
OFFRE_EMPLOI,OFFRE_002275_07d1537764e8,Enseignant du Secondaire,0.2657768564049011,-0.14769180140214394
OFFRE_EMPLOI,OFFRE_011539_5ebef1c06fe0,Charge De Portefeuille,-0.05692999647894525,0.08250830641825072
OFFRE_EMPLOI,OFFRE_003118_580df9a7a9b6,VOLONTAIRE - ADMIN & RH,0.6269995943326866,0.011002425065485707
OFFRE_EMPLOI,OFFRE_005365_18b809b91728,COMMERCIAUX/COLLECTEURS,0.5416958996895004,-0.2753648793238021
OFFRE_EMPLOI,OFFRE_001603_6b98b3de58f8,"Cadre Sécurité, Hygiène et Environnement",0.4240461272259586,0.3398417228780955
OFFRE_EMPLOI,OFFRE_006282_99ca24a4be74,Stage Préembauche En Marketing Digital Ou Web Marketing,0.6400622907971314,-0.3083347295860971
OFFRE_EMPLOI,OFFRE_013290_e4fc849d942e,Ingénieur Travaux,-0.2052482071426532,0.20965444809770767
OFFRE_EMPLOI,OFFRE_008465_ab8c4a5e2133,Call For Application: Baseline Study Consultant,0.6348248728554238,-0.2533830508164865
OFFRE_EMPLOI,OFFRE_010650_4d4be95bb7ea,Recrutement des Commerciaux,0.14158187992638754,-0.17580237824491152
OFFRE_EMPLOI,OFFRE_008185_01614afb3b08,RESPONSABLE SERA,0.40306711829792324,-0.21026192066250937
OFFRE_EMPLOI,OFFRE_005977_7d26a0509062,Customer Service Representative- Export,0.5416958996895004,-0.2753648793238021
OFFRE_EMPLOI,OFFRE_007908_102e946ec631,AVIS D’APPEL A CANDIDATURE POUR LE RECRUTEMENT DE TROIS (03) CAISSIERS REGIONAUX POUR LE PASSR,0.4724550004207856,-0.18976901410823963
OFFRE_EMPLOI,OFFRE_000306_204073b1e86d,Employé de Ménage,-0.0964440899257463,0.27497956391828654
OFFRE_EMPLOI,OFFRE_007740_d599d3949d1a,Appel À Candidature Pour La Sélection De (03) Trois Prestataires Externes (Individuel - Entreprise),0.4872849152282277,-0.2644263945656961
OFFRE_EMPLOI,OFFRE_009381_dee256b6d605,Chef Service Recouvrement,0.19667059488539063,0.02354957389825303
OFFRE_EMPLOI,OFFRE_012072_1a4798826486,Assistant Logistique,-0.006094790339635972,0.16930458879742438
OFFRE_EMPLOI,OFFRE_005733_206fe35eac94,CONSEILLER.E TECHNIQUE JUNIOR SUIVI ET EVALUATION (H/F) - YAOUNDÉ - GIZ CAMEROUN,0.6490204817456016,-0.23321927038967705
OFFRE_EMPLOI,OFFRE_012343_0309bbf8d0bf,Mécanicien Oq,-0.07769536726082327,0.13616791840739378
OFFRE_EMPLOI,OFFRE_006819_b5d1fed8bff8,02 ADMINISTRATEURS ACHATS H/F,0.6902677219494107,-0.13004373902108185
OFFRE_EMPLOI,OFFRE_009217_47ff780c39e6,Stage professionnel au poste d'Assistante Comptable,0.44665266657009906,-0.016058046158489298
OFFRE_EMPLOI,OFFRE_003537_69eec52503e1,COMPTABLE (H/F),0.5996650273874645,0.022387771953372333
OFFRE_EMPLOI,OFFRE_000132_84b87828e6cb,Agent d'entretien,-0.022501318748575656,0.11578568416184883
OFFRE_EMPLOI,OFFRE_001524_3b71c5a352a8,Gestionnaire des ressources humaines,0.3484938231869522,0.21732607095192602
OFFRE_EMPLOI,OFFRE_000890_43adf9ac2fb6,Agent d'entretien,-0.028386603525943237,0.11444867286651476
OFFRE_EMPLOI,OFFRE_005945_c2262426f550,Rédacteurs Assistants,0.6730569977998732,-0.20037888084442107
OFFRE_EMPLOI,OFFRE_012536_08a01ffb907a,Fiscaliste,0.025392859555463193,0.22522723172183265
OFFRE_EMPLOI,OFFRE_002729_7bb54a79388b,STAGE PRE-EMPLOI Ventes et Community Management,0.10722142236835985,-0.07643343045484538
OFFRE_EMPLOI,OFFRE_003146_f2ab78a611fb,COMMERCIAUX,0.6400622907971314,-0.3083347295860971
OFFRE_EMPLOI,OFFRE_006169_f729c4ab73be,"RECRUTEMENT DE 12 TECHNICIENS SIGNALISATION, ÉNERGIE ET TÉLÉCOM, 11 CHEFS BRIGADE VOIE ET 01 TOPOGRAPHE",0.5196295560659603,-0.05411973456510556
OFFRE_EMPLOI,OFFRE_010743_11c90bfb9124,"SITE MANAGER – CAMEROUN, SÉNÉGAL, MAURITANIA",0.1141868002298331,0.01771303442176325
OFFRE_EMPLOI,OFFRE_009746_719e3a6a50b1,Rédacteur Web (H/F) - Job Etudiant,0.4304427089013032,-0.16726416395029228
OFFRE_EMPLOI,OFFRE_013387_6f5df987553d,Technicien Junior(Technicien Planneur),0.0525615292318207,0.23355212543660278
OFFRE_EMPLOI,OFFRE_012599_c438782b9225,Responsable Administration Ressources Humaines Et Paie,0.1883388011916279,0.07412767205595971
OFFRE_EMPLOI,OFFRE_008931_ebd903fd392e,Child Protection in Emergency Officer,0.3237284898040318,0.10287372879391311
OFFRE_EMPLOI,OFFRE_011755_fb295060ab4b,Serveur,-0.04633561980139422,0.07738788161347294
OFFRE_EMPLOI,OFFRE_003453_531c7c21f8a2,ASSISTANT(E) COMMERCIAL(E) ARNO Global Beverages (AGB),0.5851939399316786,-0.31266304457554284
OFFRE_EMPLOI,OFFRE_007539_e4e9ee02d126,Commerciaux,0.4021080797569776,-0.14747474521475526
OFFRE_EMPLOI,OFFRE_000171_b2603f370ee3,Employé de Ménage,-0.0964440899257463,0.27497956391828654
OFFRE_EMPLOI,OFFRE_002056_9307b3ad6983,Employé de Ménage,-0.08382720764497283,0.31493987469342355
OFFRE_EMPLOI,OFFRE_000657_34d9c5107f29,Contrôleur du travail,0.022737430763775934,0.2631457207384577
OFFRE_EMPLOI,OFFRE_010220_f6a9efdf6e19,Commercial (H/F),0.20302347331549683,-0.1762609166708715
OFFRE_EMPLOI,OFFRE_013307_c00a68f5e556,Commercial,0.03253706763750582,-0.0032838193738025144
OFFRE_EMPLOI,OFFRE_004114_7a481e41b489,Superviseur Des Ventes Terrains,0.5508565017433528,-0.2958425152735476
OFFRE_EMPLOI,OFFRE_010816_b745c4e7ee00,Commercial / Commerciale,0.009142142195755213,-0.23471502037807848
OFFRE_EMPLOI,OFFRE_007402_a2986443b9f7,CHEF COMPTABLE (H/F),0.5996650273874645,0.022387771953372333
OFFRE_EMPLOI,OFFRE_011876_74e70d6eb602,Chauffeurde Direction,-0.13005492778517355,0.17682937351440273
OFFRE_EMPLOI,OFFRE_005312_e862a1e678c2,04 Technicens Plombiers Dla/Yde,0.5196295560659603,-0.05411973456510556
OFFRE_EMPLOI,OFFRE_000535_d98cb25cc7c8,Cadre administratif,0.45295270517019603,0.33171814499760716
OFFRE_EMPLOI,OFFRE_012016_8811409b991e,Magasinier,-0.18917265453147541,0.2650848938694366
OFFRE_EMPLOI,OFFRE_002339_da9d69b3b8b5,Vendeur en magasin,0.061413529446197074,0.16057230914312615
OFFRE_EMPLOI,OFFRE_007710_6a86d0607a62,RESPONSABLE DU CENTRE DE FORMATION,0.6413754829890003,-0.09867275232674484
OFFRE_EMPLOI,OFFRE_007526_b05fd24d1aa6,10 INGENIEURS DE SUIVI,0.2580886124642037,-0.03014049152026789
OFFRE_EMPLOI,OFFRE_008551_00e1c92189d4,SALES ENGINEER,0.17358620467732383,0.1695320208746135
OFFRE_EMPLOI,OFFRE_005390_0eb9fd78185e,Directeur (Trice) Expérience,0.6902677219494107,-0.13004373902108185
OFFRE_EMPLOI,OFFRE_013705_358ab9bd415f,Contenu creator/videographer Role,0.02313809158223774,-0.12339906923138168
OFFRE_EMPLOI,OFFRE_004495_55271f023ed3,Serveuse Snack,0.5447958793035136,-0.26393005101612665
OFFRE_EMPLOI,OFFRE_009044_402ecb93a519,Comptable Confirmé H/F,0.41466253514330736,0.21511488835296233
OFFRE_EMPLOI,OFFRE_012797_6144e46cb22f,Superviseur De L'Equipe De Nettoyage,0.18405171621333585,0.1494467916757515
OFFRE_EMPLOI,OFFRE_002162_1f4b86b0deab,Cadre comptable,0.4183039299624969,0.29570772925331235
OFFRE_EMPLOI,OFFRE_013911_6578758dd38c,Vp de Numérique Enablement et Technology,0.21327505188264984,-0.01702750895397945
OFFRE_EMPLOI,OFFRE_002429_af6dea73a865,Contrôleur du travail,0.020192866287208882,0.2625667197083606
OFFRE_EMPLOI,OFFRE_007160_41a724921349,Environmental Health Manager (Buea With Regular Movement To Bamenda),0.6490204817456016,-0.23321927038967705
OFFRE_EMPLOI,OFFRE_006843_9dc6d6bc2361,National Expert - Heritage And Development,0.6490204817456016,-0.23321927038967705
OFFRE_EMPLOI,OFFRE_011564_f23df23cdeec,Hse,0.06418722999687736,0.1566978756820024
OFFRE_EMPLOI,OFFRE_006299_2232a9e29c66,GUICHETIER,0.5987266131733853,-0.027326111007335563
OFFRE_EMPLOI,OFFRE_013055_eb4d37e9b7be,Ingénieur Intégrité Puits,-0.12408193065388035,0.23162735255783015
OFFRE_EMPLOI,OFFRE_000669_254a06472fe2,Contrôleur du travail,0.022737430763775934,0.2631457207384577
OFFRE_EMPLOI,OFFRE_000039_b9343917c565,Employé de Ménage,-0.0964440899257463,0.27497956391828654
OFFRE_EMPLOI,OFFRE_013245_e8fb77c6dd3f,Agent Adm En Charge Des Diverses,0.04797319273866387,-0.11003465592443638
OFFRE_EMPLOI,OFFRE_007162_9c7079325314,Chef Cuisinier,0.4786216666625009,-0.25789539231251357
OFFRE_EMPLOI,OFFRE_013456_5954de6c8a83,Caissier,0.06653304223214267,0.18704896189037548
OFFRE_EMPLOI,OFFRE_004755_5625b9f46af8,Développeur Web,0.6311450851194025,-0.23486887738131704
OFFRE_EMPLOI,OFFRE_012594_433571aa3c33,Directeur Financier Et Controle,0.1554876652015078,0.19865548282049786
OFFRE_EMPLOI,OFFRE_008125_6da2fde81241,Offre D'emploi: Consultant Indépendant,0.34797488367000967,-0.1775922814197484
OFFRE_EMPLOI,OFFRE_007882_c56eeace4cbe,CONSEILLER/E TECHNIQUE – GOUVERNANCE,0.5447370114237897,-0.06686438023427148
OFFRE_EMPLOI,OFFRE_000754_e52dfac5d705,Enseignant du Secondaire,0.2662859456374892,-0.14206283179052256
OFFRE_EMPLOI,OFFRE_011137_24bdcc3deffd,Stagiaire en Journalisme - Yaoundé,0.15375429624822748,-0.1665048352532494
OFFRE_EMPLOI,OFFRE_001302_89fbdb1fe1e5,Cadre comptable,0.419657671955982,0.29535861421814413
OFFRE_EMPLOI,OFFRE_005286_74ca84ae90c5,Développeurs Mobile Et Web,0.6730569977998732,-0.20037888084442107
OFFRE_EMPLOI,OFFRE_004427_76232a1031e8,Market Analyst,0.6400622907971314,-0.3083347295860971
OFFRE_EMPLOI,OFFRE_000971_49b3d902596c,Enseignant du Secondaire,0.2656688211855631,-0.15351658744808408
OFFRE_EMPLOI,OFFRE_012889_970ad5a1f7e7,Agent Des Affaires Sociales,-0.0870613101353167,0.18002438507243046
OFFRE_EMPLOI,OFFRE_012184_81cf5e0dc212,Opérateur Presse,-0.12386323667445226,0.15235406856577313
OFFRE_EMPLOI,OFFRE_008598_11b6cf97695f,Commercial H/F - Yaoundé,0.1971754905649334,-0.12619145007174043
OFFRE_EMPLOI,OFFRE_001395_ded59bc0da1f,Vendeur en magasin,0.06724482876124668,0.1946347780034429
OFFRE_EMPLOI,OFFRE_011051_ff92b13ad65c,Assistante de Direction - Yaoundé,0.3293550595946559,0.0004495547984861514
OFFRE_EMPLOI,OFFRE_002127_3f68daa4fc78,Cuisinier Domestique,0.24368452842593816,0.30963063794244894
OFFRE_EMPLOI,OFFRE_013144_71d464f231c2,Agent Commercial,0.2241744914418557,0.018676547670800975
OFFRE_EMPLOI,OFFRE_007061_1d1cc3bc2b19,COMMERCIAUX – Douala,0.5425185633280144,-0.26730996636147136
OFFRE_EMPLOI,OFFRE_010694_604ee5748a58,COMMERCIAL / BUSINESS DEVELOPER OIL AND GAS H/F GHANA,0.11108856703155257,-0.014256864990942452
OFFRE_EMPLOI,OFFRE_007465_450666d71a1e,AGENTS COMMERCIAUX,0.5425185633280144,-0.26730996636147136
OFFRE_EMPLOI,OFFRE_007574_4852bed89f74,DIRECTEUR..TRICE DE COMPOSANTE,0.3849435658361448,-0.11266409017216963
OFFRE_EMPLOI,OFFRE_013110_ed4cfda861ae,Menuisier,-0.07212811892256986,0.1545111402827502
OFFRE_EMPLOI,OFFRE_010564_8bcb0ef3b12e,Un/Une Responsable commercial (e) et Marketing,0.22857877476255098,-0.3319073638877313
OFFRE_EMPLOI,OFFRE_006772_714aee8752d3,(01) Développeur Web & Mobile,0.6311450851194025,-0.23486887738131704
OFFRE_EMPLOI,OFFRE_002602_8092e5b2bfb5,ASSISTANTE RH,0.2062505658624144,0.03041682511670799
OFFRE_EMPLOI,OFFRE_003443_7c5d02e4e74b,Stagiaire Comptable,0.5948511975116346,-0.08339658686244439
OFFRE_EMPLOI,OFFRE_000902_cb7c3a3e46a7,Agent d'entretien,-0.028386603525943237,0.11444867286651476
OFFRE_EMPLOI,OFFRE_012737_bc160631fadb,Superviseur Projet,0.041746368015013836,-0.008926869900396019
OFFRE_EMPLOI,OFFRE_006135_55e956ded4b0,ASSISTANTS PROJET - YOKADOUMA,0.5811180434148827,-0.3046531183764479
OFFRE_EMPLOI,OFFRE_005199_1b4d3af35e13,INFORMATICIEN DE GESTION,0.6311450851194025,-0.23486887738131704
OFFRE_EMPLOI,OFFRE_013385_44c21301c8bd,Technico- Commercial( Pssr Junior),0.10909582735487801,0.05537675465376041
OFFRE_EMPLOI,OFFRE_007826_78c820fa9ab1,REGIONAL SITE SUPERVISOR,0.19888232461783265,0.04385724900019628
OFFRE_EMPLOI,OFFRE_012702_eea1c8227d2b,Agent D'Entretien,-0.009834710365962122,0.0991422150548055
OFFRE_EMPLOI,OFFRE_006154_ffa25d6ce0ff,Offre De Stages / Alternance – Assistant(E) Marketing Et Commercial(E),0.6400622907971314,-0.3083347295860971
OFFRE_EMPLOI,OFFRE_000242_bcc9406ebb52,Scieur,-0.14808984612836093,0.27563408634882436
OFFRE_EMPLOI,OFFRE_001949_133dfe3cbc31,Cadre comptable,0.4196579923391845,0.29535853841263804
OFFRE_EMPLOI,OFFRE_008152_3d59eb4b815e,Associé De Sécurité Sur Le Terrain,0.5827617253102025,-0.11357964737768754
OFFRE_EMPLOI,OFFRE_000799_a95073417ded,Cadre administratif,0.45295270517019603,0.33171814499760716
OFFRE_EMPLOI,OFFRE_003021_c44ed471a0d7,STAGE PROFESSIONNEL REMUNERE - ASSISTANT COMPTABLE,0.5948511975116346,-0.08339658686244439
OFFRE_EMPLOI,OFFRE_002279_4c800702300f,Vendeur en magasin,0.061413529446197074,0.16057230914312615
OFFRE_EMPLOI,OFFRE_011541_0522cb77b4e1,Chef Barman,-0.0988689054971825,0.15488231348347864
OFFRE_EMPLOI,OFFRE_009885_0ebbaf6eb04e,Commercial (H/F),0.22173840938865533,-0.2787969853073416
OFFRE_EMPLOI,OFFRE_002478_c4fa393d9ee7,Enseignant du Secondaire,0.263913407764128,-0.14821889673759878
OFFRE_EMPLOI,OFFRE_010232_7bfd1bfd9441,Planning Manager H/F,0.22056048853391658,0.2646439307236512
OFFRE_EMPLOI,OFFRE_001685_b5091ba6323a,Cadre comptable,0.419657671955982,0.29535861421814413
OFFRE_EMPLOI,OFFRE_000332_d6a729f01b1b,Cadre administratif,0.45295270517019603,0.33171814499760716
OFFRE_EMPLOI,OFFRE_009604_7ac366d9d45d,Agent Commercial H/F,0.34589809292313917,-0.14607071862222748
OFFRE_EMPLOI,OFFRE_003640_f51219d83729,Ingénieur En Énergie/Environnement,0.467573179235818,-0.23051655138064134
OFFRE_EMPLOI,OFFRE_008642_e7929787c2d3,Finance Reporting Sr. Analyst,0.423469138171292,-0.11828523983705194
OFFRE_EMPLOI,OFFRE_006115_ddfe1783bbd2,GESTIONNAIRE DE STOCKS,0.44760480078483994,-0.10051650060268907
OFFRE_EMPLOI,OFFRE_007654_f9f57908829f,26 Vendeurs Et Vendeuses,0.5416958996895004,-0.2753648793238021
OFFRE_EMPLOI,OFFRE_003828_d9a1f5605108,STAGIAIRE En Graphisme,0.45306300132496014,-0.27359497191975407
OFFRE_EMPLOI,OFFRE_012849_ea1ff9ac80e4,Chefs D'Equipe Mecaniciens,-0.09689100386372194,0.11661872203321542
OFFRE_EMPLOI,OFFRE_001331_c12421e7b3bd,Enseignant du Secondaire,0.2656688211855631,-0.15351658744808408
OFFRE_EMPLOI,OFFRE_002378_7e77a4935a7b,Cadre comptable,0.4183039299624969,0.29570772925331235
OFFRE_EMPLOI,OFFRE_004551_d32518185ba5,UN STAGIAIRE PROFESSIONNEL « STATISTICIEN ANALYSTE DE DONNEES »,0.6311450851194025,-0.23486887738131704
OFFRE_EMPLOI,OFFRE_000904_fa8e65450214,Cuisinier Domestique,0.24368452842593816,0.30963063794244894
OFFRE_EMPLOI,OFFRE_005494_8b544606d482,Ouvrier D'Entrepôt,0.6902677219494107,-0.13004373902108185
OFFRE_EMPLOI,OFFRE_001163_bcc62d8f7452,Enseignant du Secondaire,0.2656688211855631,-0.15351658744808408
OFFRE_EMPLOI,OFFRE_010796_6e5cc04ba12f,Support Office (Janitor),0.4002931725607343,-0.2208152983301805
OFFRE_EMPLOI,OFFRE_001913_4a572a3e46a7,Cadre comptable,0.419657671955982,0.29535861421814413
OFFRE_EMPLOI,OFFRE_012254_6fb29657cb8a,Responsable Contrôle Interne,0.1631848795142465,0.2737932153393888
OFFRE_EMPLOI,OFFRE_001923_b06c3f82f914,Cuisinier Domestique,0.24368452842593816,0.30963063794244894
OFFRE_EMPLOI,OFFRE_009719_dff6baa31d76,Responsable Magasins Matières Premières,0.020294750555713618,-0.052288849273054924
OFFRE_EMPLOI,OFFRE_012981_b48719b6f023,Conducteur De Travaux Mécanique Usine,-0.15823728774225085,0.1783800538836853
OFFRE_EMPLOI,OFFRE_003798_6c6435155d9b,DIRECTEUR D'EXPLOITATION,0.5987266131733853,-0.027326111007335563
OFFRE_EMPLOI,OFFRE_008533_a2a392d976fd,Livreur à Domicile,0.09810683570577107,-0.30348793748080666
OFFRE_EMPLOI,OFFRE_000571_9c8090cbabba,Cadre administratif,0.45295270517019603,0.33171814499760716
OFFRE_EMPLOI,OFFRE_011879_0f1ad8f5cb61,Technicien Informatique,0.2812641579026974,0.23146491801343755
OFFRE_EMPLOI,OFFRE_011554_1b29dd8d475f,Electricien,-0.0393652547247387,0.2236560139565812
OFFRE_EMPLOI,OFFRE_003063_ae7c83509ba5,Assistant (E) De Direction,0.6902677219494107,-0.13004373902108185
OFFRE_EMPLOI,OFFRE_002264_d5f6e2d4892b,Gestionnaire des ressources humaines,0.3484937232793951,0.21732595691162726
OFFRE_EMPLOI,OFFRE_010309_beb534950bf1,"Développeur BI, Java ou DotNet",0.2518817214679241,-0.11001547791051891
OFFRE_EMPLOI,OFFRE_003232_0f81637051d1,COMPTABLE MONÉTIQUE,0.48913267034517216,-0.01653190363795606
OFFRE_EMPLOI,OFFRE_006597_023158613e9c,ATTACHE DE DIRECTION,0.5894433634520689,-0.14230302014805263
OFFRE_EMPLOI,OFFRE_001013_2f9b4f37199c,Employé de Ménage,-0.08382720764497283,0.31493987469342355
OFFRE_EMPLOI,OFFRE_003569_301e9cc89ac9,STAGIAIRES COMPTABLES,0.5948511975116346,-0.08339658686244439
OFFRE_EMPLOI,OFFRE_009773_a85047b84237,Comptable Externe,0.28125944642785206,0.12036804884723608
OFFRE_EMPLOI,OFFRE_011614_9777602ef8d2,Commercial,0.03635659633820195,0.014651556420046763
OFFRE_EMPLOI,OFFRE_006405_15adb5b99736,Deputy Director Of Programs,0.6490204817456016,-0.23321927038967705
OFFRE_EMPLOI,OFFRE_010200_e9303f5ac58e,Cuisinier / Cuisinière,-0.07875378002801271,-0.218303480128662
OFFRE_EMPLOI,OFFRE_013816_829a0bb44d17,Stocks Control Associé - 1st Shift,0.012805121973278917,0.13570522481124328
OFFRE_EMPLOI,OFFRE_008365_c44c1cde5241,Responsable Du Développement Des Programmes D'éducation Cameroun Maroua,0.3817436915063848,-0.21209367213417646
OFFRE_EMPLOI,OFFRE_012141_3c6bebbe60fa,Ambulancier,-0.16812230500441983,0.09355057966871748
OFFRE_EMPLOI,OFFRE_006522_355e72a5fa7c,SALES REPRESENTATIVE H/F,0.5416958996895004,-0.2753648793238021
OFFRE_EMPLOI,OFFRE_006591_7bb21441515f,CHEF SERVICE DES AFFAIRES JURIDIQUES ET DES RH,0.5306552638719403,-0.20139862023281366
OFFRE_EMPLOI,OFFRE_013955_935464def44c,Civil Engineering - Utilities& Public Works Chef de projet,0.1822590846026812,-0.03464019288258985
OFFRE_EMPLOI,OFFRE_013525_8344356eeb54,Superviseur De Maçonnerie,-0.0589405838185482,0.1747123506629153
OFFRE_EMPLOI,OFFRE_009760_d17af464c498,Assistant Marketing et Communication,0.3170796551878487,-0.2741707635408733
OFFRE_EMPLOI,OFFRE_004984_9c9020ad7e8d,(01) INGENIEUR MECANIQUE,0.3088202515875599,-0.09131341272610245
OFFRE_EMPLOI,OFFRE_009317_4b8e12bb31c8,Deux comptable Comptable H/F,0.4455585961655488,-0.08602753286029775
OFFRE_EMPLOI,OFFRE_011432_e581ea9f2cd6,Administratif D'Atelier Technique,-0.04385792224768211,0.16857982809812416
OFFRE_EMPLOI,OFFRE_012990_956608fab9cb,Chef De Service Régulation Et Automatisme,0.08157422825900383,0.19276488670578978
OFFRE_EMPLOI,OFFRE_001472_24ce52be27b8,"Cadre Sécurité, Hygiène et Environnement",0.4240461272259586,0.3398417228780955
OFFRE_EMPLOI,OFFRE_009902_0a1f6caeeb3b,Responsable Production Avicole,-0.03758038401355139,-0.10013139750981484
OFFRE_EMPLOI,OFFRE_003159_abcf0a133857,Conseillers(E)S D’Orientation,0.3926855910513168,-0.10439657521624085
OFFRE_EMPLOI,OFFRE_002668_8de468f5e9d7,GESTIONNAIRE DES DONNEES,0.27756796736636385,0.12796500439290281
OFFRE_EMPLOI,OFFRE_006215_6ed611e1ed7f,01 Directeur(Trice)/Gestionnaire Et 02 Marketistes/Communicateurs(Trices) H/F,0.5387346506129287,-0.2539327993607341
OFFRE_EMPLOI,OFFRE_005435_145f53fc5932,Chauffeur - STS,0.4021080797569776,-0.14747474521475526
OFFRE_EMPLOI,OFFRE_013886_5c59e0315fc3,Bookkeeper,0.4143029954352592,0.14429489780366211
OFFRE_EMPLOI,OFFRE_004181_a5d028bca5b3,STAGIAIRE PROPARCO,0.4790433359234889,-0.018545111132703237
OFFRE_EMPLOI,OFFRE_013102_46d667342498,Monteur,-0.23637867365398574,0.1738248161150872
OFFRE_EMPLOI,OFFRE_012501_eee11a2b5dfa,Graphiste,0.07963711807172826,0.002864096980499648
OFFRE_EMPLOI,OFFRE_013922_7324d3c8ea5e,Tax Superviseur,0.2846059366416744,0.2456062493133477
OFFRE_EMPLOI,OFFRE_002555_1b37dd044398,ENSEIGNANTS,0.2426502832147242,-0.05881278519919983
OFFRE_EMPLOI,OFFRE_007228_5bbcfe03911c,UN (01) TRESORIER (H/F),0.6187364136061471,-0.12736727872925824
OFFRE_EMPLOI,OFFRE_005674_0666d6354905,Finance Assistant - (2204767),0.5987266131733853,-0.027326111007335563
OFFRE_EMPLOI,OFFRE_013260_abe1332cb151,Ingenieur Genie Civil,-0.04403545237630907,0.2562447891174171
OFFRE_EMPLOI,OFFRE_007917_ef97efb6fc9e,Un Architecte Industriel,0.6286070063560862,-0.21738769413804537
OFFRE_EMPLOI,OFFRE_010026_200d1c979de4,Procurement and Logistics Officer,0.380265744942514,-0.35445100245967714
OFFRE_EMPLOI,OFFRE_002434_6953133c464a,Agent d'entretien,-0.026475039343210684,0.11986860105647675
OFFRE_EMPLOI,OFFRE_006584_d3a73376d991,Analyste Economiste,0.47113461170646775,-0.13849078116114621
OFFRE_EMPLOI,OFFRE_005683_fb7a646a4d8e,03 Candidats-CICR,0.6490204817456016,-0.23321927038967705
OFFRE_EMPLOI,OFFRE_001807_0a82121b0b40,"Cadre Sécurité, Hygiène et Environnement",0.4240461272259586,0.3398417228780955
OFFRE_EMPLOI,OFFRE_012390_871a28d39af6,Responsable Des Opérations,-0.08166507230524989,0.1736558747522637
OFFRE_EMPLOI,OFFRE_008800_d64963fe777d,Commercial H/F,0.24093291443332945,-0.287181785578976
OFFRE_EMPLOI,OFFRE_002022_15bbefecd30f,Cadre administratif,0.45295270517019603,0.33171814499760716
OFFRE_EMPLOI,OFFRE_000537_5f94696d337d,Contrôleur du travail,0.020811903191563483,0.26050903735490627
OFFRE_EMPLOI,OFFRE_011403_2c36cfb3e852,Responsable De Nuit,-0.026008349570196036,0.20564327784941036
OFFRE_EMPLOI,OFFRE_008404_7a5f35a83d31,ICLA Programme Development Manager Cameroon Maroua,0.6490204817456016,-0.23321927038967705
OFFRE_EMPLOI,OFFRE_008915_53ada2326c9b,CHEF DE PROJET (TELECOM) H/F,0.39767927544668635,0.0004472999752466596
OFFRE_EMPLOI,OFFRE_006139_5f7a19b552ba,03 Ouvriers Agricoles-Apace Cameroun,0.4668387408806248,-0.13569184385946004
OFFRE_EMPLOI,OFFRE_004881_29d9e68f1bd3,"Stagiaire Marketing, Logistique Et Qualité",0.412945864980264,-0.2256126048391009
OFFRE_EMPLOI,OFFRE_002403_952c7b11c749,Cadre administratif,0.45295270517019603,0.33171814499760716
OFFRE_EMPLOI,OFFRE_002053_e3b2641dafa8,Agent d'entretien,-0.028386603525943237,0.11444867286651476
OFFRE_EMPLOI,OFFRE_003773_1f1f127ef102,Développeur Informaticien,0.6311450851194025,-0.23486887738131704
OFFRE_EMPLOI,OFFRE_001136_8642d3c6f6b6,"Cadre Sécurité, Hygiène et Environnement",0.4240461272259586,0.3398417228780955
OFFRE_EMPLOI,OFFRE_006049_48afe2f6b5e8,DEVELOPPEUR WORDPRESS À YAOUNDE MBS,0.6311450851194025,-0.23486887738131704
OFFRE_EMPLOI,OFFRE_001514_364f2597b2c0,Agent d'entretien,-0.028386603525943237,0.11444867286651476
OFFRE_EMPLOI,OFFRE_003519_65593c0c3420,Commercial,0.48337292581867186,-0.0329490666643688
OFFRE_EMPLOI,OFFRE_000964_8f5709fce720,Cuisinier Domestique,0.24368452842593816,0.30963063794244894
OFFRE_EMPLOI,OFFRE_000735_6a308a9ba08b,Vendeur en magasin,0.06724482876124668,0.1946347780034429
OFFRE_EMPLOI,OFFRE_011904_3365fefeace4,Coordinateur Contrat & Achat,-0.10740015443586791,0.09471153243406644
OFFRE_EMPLOI,OFFRE_002991_1e3571e51cd0,"ONE HEALTH, ANTIMICROBIAL RESISTANCE (AMR) & Zoonotic Diseases Lead",0.43726114753463446,-0.15817974167187213
OFFRE_EMPLOI,OFFRE_010164_6512d44db4c1,Directeur Financier,0.2768719113308223,-0.31051992069892637
OFFRE_EMPLOI,OFFRE_002202_9659d4391639,Enseignant du Secondaire,0.263913407764128,-0.14821889673759878
OFFRE_EMPLOI,OFFRE_001225_415f2cdf2c80,Scieur,-0.14572458432053753,0.27099731330183124
OFFRE_EMPLOI,OFFRE_006971_c85085d39ed0,Commercial Contractor,0.5425185633280144,-0.26730996636147136
OFFRE_EMPLOI,OFFRE_008116_3a0bce4a703c,02 Coordonnateurs De Projets,0.3682584826228944,-0.1222068764536756
OFFRE_EMPLOI,OFFRE_005884_9e5e9658f3ed,Développeur Web /Mobile Full Stack,0.6311450851194025,-0.23486887738131704
OFFRE_EMPLOI,OFFRE_009425_fe79662f6fe6,CPiE Project Coordinator,0.35233008635861335,0.1714136177308506
OFFRE_EMPLOI,OFFRE_005795_80a7c71d6587,Formateur Digital,0.5307988523925079,-0.16806194309797984
OFFRE_EMPLOI,OFFRE_006729_509924f89eac,Administrative And Logistics Assistant – Yaoundé,0.6077922444302869,-0.14898859035534007
OFFRE_EMPLOI,OFFRE_011813_124c5692fa7f,Pompiste,-0.022166007071879622,0.031452454364134706
OFFRE_EMPLOI,OFFRE_004184_fec8737166b1,CONTRÔLEUR COMPTABLE,0.5386235025306585,0.005998450312155281
OFFRE_EMPLOI,OFFRE_005208_e58ebb0a27bf,Appel D'offres International Pour La Fourniture De Matériel Informatique Au Siège De L'OAPI,0.6902677219494107,-0.13004373902108185
OFFRE_EMPLOI,OFFRE_000422_06e6cd539cf9,Scieur,-0.14808984612836093,0.27563408634882436
OFFRE_EMPLOI,OFFRE_012056_26b158d8d5b6,Assistant De Direction,0.12285595219388673,0.22697917034833426
OFFRE_EMPLOI,OFFRE_007545_499baa131bd0,REGIONAL SITE SUPERVISOR,0.12756032230495898,-0.026707090107957587
OFFRE_EMPLOI,OFFRE_012475_29cabc73a7db,Employé Commercial,0.04099698775365614,0.05078905940211811
OFFRE_EMPLOI,OFFRE_011308_3129985401ab,Superviseur Des Jardiniers,-0.0003879988168705676,0.10255996932945287
OFFRE_EMPLOI,OFFRE_008587_d43bbd516325,ASSISTANT (ES) MARKETING EN ALTERNANCE H /F,0.29565014208244944,-0.17432426488129046
OFFRE_EMPLOI,OFFRE_002271_50db9a856b67,Cadre administratif,0.45295270517019603,0.33171814499760716
OFFRE_EMPLOI,OFFRE_012357_5df3367317f5,Ouvrier Qualifié,0.053776814970815344,0.209468175420366
OFFRE_EMPLOI,OFFRE_006067_8381eb3996ab,Commercial-Afreetech,0.5425185633280144,-0.26730996636147136
OFFRE_EMPLOI,OFFRE_002248_57d10e8d5e99,"Cadre Sécurité, Hygiène et Environnement",0.4300366647072224,0.33911930895916786
OFFRE_EMPLOI,OFFRE_000518_290211e959c0,Agent d'entretien,-0.022501318748575656,0.11578568416184883
OFFRE_EMPLOI,OFFRE_008127_ebad833116f9,Project Coordinator,0.5734033377838745,-0.29992478222405855
OFFRE_EMPLOI,OFFRE_003708_2b609ad4b7bb,PROGRAMS ASSISTANT,0.5398599664446537,-0.15312791438771595
OFFRE_EMPLOI,OFFRE_008455_c9f7b8e68b78,Finance Associate,0.600322621940681,-0.05111767909420109
OFFRE_EMPLOI,OFFRE_010857_5e77c441ac38,Développeur Mobile et Web,0.43505998836547277,-0.20789911801263755
OFFRE_EMPLOI,OFFRE_012637_4622e6413385,Assistant Social,0.11849763776161214,0.21833133174000835
OFFRE_EMPLOI,OFFRE_012768_8b9615e0d984,Comptable Specialiste Des Rapprochements,0.14469669558775916,0.2113427085025891
OFFRE_EMPLOI,OFFRE_000802_48723be82f58,Enseignant du Secondaire,0.2662859456374892,-0.14206283179052256
OFFRE_EMPLOI,OFFRE_003608_a939a44367c2,Gestionnaire De Comptes Grandes Entreprises,0.4545529261524686,-0.22840514020745475
OFFRE_EMPLOI,OFFRE_001409_6486d42dcf6c,Employé de Ménage,-0.08382720764497283,0.31493987469342355
OFFRE_EMPLOI,OFFRE_008609_63ddf3852a47,Logistics Assistant SC5,0.3573894073013096,0.11485814856126533
OFFRE_EMPLOI,OFFRE_006913_4afb89bb99d6,Administrative And Procurement Officer,0.6902677219494107,-0.13004373902108185
OFFRE_EMPLOI,OFFRE_001112_0c80284d9237,"Cadre Sécurité, Hygiène et Environnement",0.4240461272259586,0.3398417228780955
OFFRE_EMPLOI,OFFRE_009924_a311e8eae359,Chargé Reporting Réglementaire,0.33949124406872655,0.030973136237372887
OFFRE_EMPLOI,OFFRE_007680_734126982ff5,"COMMERCIAUX (H/F) – Yaoundé, Douala, Bafoussam, Ngaoundéré",0.5881803608886121,-0.2712093024461968
OFFRE_EMPLOI,OFFRE_011887_bda43de11962,Contremaître De Quart,-0.057251246575776286,0.19096016534551638
OFFRE_EMPLOI,OFFRE_009331_c00d991a1559,Infographe/ Comptable/ Marketiste,0.4522880084424184,-0.20266671904270558
OFFRE_EMPLOI,OFFRE_003806_7f56365102a8,"Team Assistant Yaounde, Cameroon|Req30853",0.6840654892757096,-0.061700475984963095
OFFRE_EMPLOI,OFFRE_011748_0fce2864c4bd,Responsable De La Filiere Production Vegetale,-0.0489301186286984,0.35210645192950857
OFFRE_EMPLOI,OFFRE_008245_e121e8b69a7e,14 GESTIONNAIRES De COMPTES - Clientèle Des Particuliers Et Des Professionnels,0.47892918474503987,-0.04463915552810117
OFFRE_EMPLOI,OFFRE_004667_a3b1db34f1af,Responsable Des Opérations,0.6309557943288756,-0.281161610096167
OFFRE_EMPLOI,OFFRE_002827_5f177d5cf1a2,HUMANITARIAN ACCESS AND SECURITY MANAGER M/F,0.4708707554039519,-0.13638619222258205
OFFRE_EMPLOI,OFFRE_003984_92ffe0ef95d8,SUPPLY CHAIN OFFICER,0.47221637770363817,-0.20926393455790077
OFFRE_EMPLOI,OFFRE_011712_d39c620ed8d7,Opérateur De Salle De Controle,-0.05523645485399788,0.18740304087643025
OFFRE_EMPLOI,OFFRE_003534_38aa96a55a09,CHARGÉ.E De PROJETS,0.6311450851194025,-0.23486887738131704
OFFRE_EMPLOI,OFFRE_001489_b0f9a9dd4dc7,Scieur,-0.14572458432053753,0.27099731330183124
OFFRE_EMPLOI,OFFRE_006804_12ea279be674,Chef Des Opérations D’Agence,0.5987266131733853,-0.027326111007335563
OFFRE_EMPLOI,OFFRE_005955_a580b60f4957,ANALYSTE IMMOBILIER,0.4724550004207856,-0.18976901410823963
OFFRE_EMPLOI,OFFRE_004021_7757dabbfa11,71 CLINICAL MENTORS / SITE LEADS,0.43726114753463446,-0.15817974167187213
OFFRE_EMPLOI,OFFRE_006465_e4e35474fb78,Job Etudiant-Douala,0.6866878150962815,-0.2458025966277523
OFFRE_EMPLOI,OFFRE_012150_594f3dcce3e1,Operateur,-0.10241457935488651,0.009673774544128034
OFFRE_EMPLOI,OFFRE_008854_a566904cfcb0,"Dévelopeur C# , ASP - Douala, Akwa",0.5000729938559939,0.03325651807830453
OFFRE_EMPLOI,OFFRE_006241_f99dcfb210a1,Seeks A Business And Industries Volunteer,0.6490204817456016,-0.23321927038967705
OFFRE_EMPLOI,OFFRE_001554_7c1feaf33ba1,Cadre comptable,0.419657671955982,0.29535861421814413
OFFRE_EMPLOI,OFFRE_005906_abc3e0d80224,Traducteurs (2 Postes),0.6064810201712542,-0.21469604212819166
OFFRE_EMPLOI,OFFRE_005583_57220f7b18aa,Serveur,0.6311450851194025,-0.23486887738131704
OFFRE_EMPLOI,OFFRE_013803_ad5954d64113,Juridique Assistant Juridique Access Agent,0.3086414168550919,0.044505611860722494
OFFRE_EMPLOI,OFFRE_010236_07ba8b72e6f3,CONDUCTEUR D’ENGINS – BOUÉE,0.20474522424817954,-0.1973393328105059
OFFRE_EMPLOI,OFFRE_008420_b712ae56c9d0,Coordinateur·trice RRM – Cameroun – Maroua,0.6490204817456016,-0.23321927038967705
OFFRE_EMPLOI,OFFRE_005017_7f7d8897c454,Family Planning & Reproductive Health Research Associate,0.31041596899993734,-0.07002640640325289
OFFRE_EMPLOI,OFFRE_005418_bf73908043f4,Community Manager,0.5111131401205764,-0.2821063025069769
OFFRE_EMPLOI,OFFRE_011326_459b9e049b37,Superviseur Technique,-0.038350647605152034,0.18771689080487572
OFFRE_EMPLOI,OFFRE_001965_e856323b3a62,Enseignant du Secondaire,0.2662859456374892,-0.14206283179052256
OFFRE_EMPLOI,OFFRE_000973_f65ff38e6ec8,Scieur,-0.14572458432053753,0.27099731330183124
OFFRE_EMPLOI,OFFRE_005111_daed07682199,TECHNICIEN(NE) SUPPORT,0.6311450851194025,-0.23486887738131704
OFFRE_EMPLOI,OFFRE_003018_d15e4b272a74,RESPONSABLE SAV Service Après-Vente,0.5881803608886121,-0.2712093024461968
OFFRE_EMPLOI,OFFRE_007327_96518110f97a,QHSE (H/F),0.4668387408806248,-0.13569184385946004
OFFRE_EMPLOI,OFFRE_000081_bd98668775f5,Enseignant du Secondaire,0.26082324043538335,-0.1460394221356519
OFFRE_EMPLOI,OFFRE_004967_07b8c208d232,Développeur Web,0.6311450851194025,-0.23486887738131704
OFFRE_EMPLOI,OFFRE_001808_2dccb5e5e614,Contrôleur du travail,0.022737430763775934,0.2631457207384577
OFFRE_EMPLOI,OFFRE_001677_7c8c9e395041,Enseignant du Secondaire,0.2662859456374892,-0.14206283179052256
OFFRE_EMPLOI,OFFRE_010305_a55b78f72f93,Câbleur en Electronique (H/F),0.0950425874260176,0.09098477563726126
OFFRE_EMPLOI,OFFRE_000052_bef5a5ea16a1,Cadre comptable,0.4206882659087278,0.29765370236813354
OFFRE_EMPLOI,OFFRE_012005_81bbb00fc6a3,Ingénieur Securité Technique,-0.012039974792338112,0.30395293689624014
OFFRE_EMPLOI,OFFRE_001995_6f3d442bfa73,Cuisinier Domestique,0.24368452842593816,0.30963063794244894
OFFRE_EMPLOI,OFFRE_009627_9a5f1ce5d805,Agent de Marketing en Education,0.42559337561197275,-0.18132788965648156
OFFRE_EMPLOI,OFFRE_009333_a22f659c1822,ENGLISH SPEAKING TELEMARKETER,0.2976477836927224,-0.2139857008684238
OFFRE_EMPLOI,OFFRE_000911_36d1ee5c8c58,Enseignant du Secondaire,0.2656688211855631,-0.15351658744808408
OFFRE_EMPLOI,OFFRE_002730_65352cb6db14,WAREHOUSE OFFICER,0.18731999786983483,0.250003853801194
OFFRE_EMPLOI,OFFRE_006671_2be7d0f0901d,Fixed Asset Manager H/F,0.688273219568723,-0.18671640000668172
OFFRE_EMPLOI,OFFRE_000331_b4ffd1072e71,Cadre comptable,0.42068834656594073,0.2976539572544806
OFFRE_EMPLOI,OFFRE_012449_d67ed9eb9be5,Personnel De Direction Et D'Encadrement,-0.0816650335748466,0.12498237458220314
OFFRE_EMPLOI,OFFRE_005481_da78199d338b,AGENT GENERAL EN ASSURANCES Vie,0.6187364136061471,-0.12736727872925824
OFFRE_EMPLOI,OFFRE_000103_aa0bf863d5e0,Contrôleur du travail,0.020811903191563483,0.26050903735490627
OFFRE_EMPLOI,OFFRE_004233_7e53959e4cb4,PROGRAMME ASSOCIATE,0.35987433762625454,-0.04715317925193034
OFFRE_EMPLOI,OFFRE_001646_f2f834059c70,Vendeur en magasin,0.06724482876124668,0.1946347780034429
OFFRE_EMPLOI,OFFRE_004841_7bbee9086617,Responsable Des Demandes De Subventions (Grants),0.5987266131733853,-0.027326111007335563
OFFRE_EMPLOI,OFFRE_005377_54418efa96bc,AVIS D’APPEL A CANDIDATURE POUR LE RECRUTEMENT D’UN ASSISTANT ADMINISTRATIF POUR LE PROJET EPIC/GLOBAL FUND,0.6706682142280461,-0.20230878803007685
OFFRE_EMPLOI,OFFRE_005427_97597ef2db72,Chef De Projet Digital,0.6730569977998732,-0.20037888084442107
OFFRE_EMPLOI,OFFRE_012717_99cf9d5e8299,Assistant Ressources Humaines,0.17703501046437292,0.09327314995122016
OFFRE_EMPLOI,OFFRE_013761_ccad874b1d32,Demand Planificateur,0.19535702301002023,-0.08094449705125001
OFFRE_EMPLOI,OFFRE_013862_da99dbc559ae,Certified Médical Assistant,0.4255367080915096,-0.03684776522472732
OFFRE_EMPLOI,OFFRE_004425_99a721a695ea,Présélection De 164 Agents Cartographes/Enumérateurs Et De 543 Enquêteurs - INS,0.39972293100876133,-0.2919352996083267
OFFRE_EMPLOI,OFFRE_005595_f5520662fb2e,ASSISTANT.E ADMINISTRATIF.VE - RÉCEPTIONNISTE TEMPORAIRE (H/F) - YAOUNDE - GIZ CAMEROUN,0.6902677219494107,-0.13004373902108185
OFFRE_EMPLOI,OFFRE_004451_cb629a509c62,Cuisinier(Ère),0.4786216666625009,-0.25789539231251357
OFFRE_EMPLOI,OFFRE_002982_41c3189b7a4f,COMMERCIAUX TERRAIN,0.4801893019592367,-0.23962850097722235
OFFRE_EMPLOI,OFFRE_009689_bdef8bbe8469,Directeur Général - Douala,0.3703591212780189,-0.19460092065158513
OFFRE_EMPLOI,OFFRE_011863_a408f62045aa,Responsable De La Blanchisserie,-0.00620829767932575,0.1435471935923638
OFFRE_EMPLOI,OFFRE_006140_4af06329724d,Assistant Marketing,0.6400622907971314,-0.3083347295860971
OFFRE_EMPLOI,OFFRE_012368_70dc82814d03,Assistant Achats Et Opérations,-0.0652536606564513,0.17692220027920647
OFFRE_EMPLOI,OFFRE_008305_cb43d9432dc5,Human Resource & Administrative Associate,0.5538783723078682,-0.18590120688292092
OFFRE_EMPLOI,OFFRE_012373_a7e8a102af9a,Responsable Marketing,0.03146113567022686,0.003004127319568928
OFFRE_EMPLOI,OFFRE_013787_561399969fc1,Communication Stagiaire,0.2945465188319861,-0.10473688551495232
OFFRE_EMPLOI,OFFRE_013713_4a8175fbf3e8,Régional Commercial Responsable,-0.12107330416748653,0.13409432171302643
OFFRE_EMPLOI,OFFRE_010476_fae1f7318813,Junior Sales Manager,0.19461877713444087,-0.2038756628960887
OFFRE_EMPLOI,OFFRE_011571_3659378ccbf6,Assistant Logistique,-0.0826465366996159,0.18845654359681163
OFFRE_EMPLOI,OFFRE_011058_f938b64ad974,Spécialiste en Marketing des Réseaux Sociaux - Douala,0.34696156652072463,-0.0876433600804027
OFFRE_EMPLOI,OFFRE_006837_8ff15afda857,Offre D'emploi: 05 LIVREURS/VENDEURS EXPERIMENTES,0.5416958996895004,-0.2753648793238021
OFFRE_EMPLOI,OFFRE_012076_8c1c45d0f86a,Agent De Terrain,0.013053752685718378,0.02271873997998016
OFFRE_EMPLOI,OFFRE_003819_10a5195d10f7,Commerciaux- Vendeurs,0.5425185633280144,-0.26730996636147136
OFFRE_EMPLOI,OFFRE_005070_0c90ca223738,CHARGÉ.E ADMINISTRATIF.VE EN CHARGE DES ACHATS & DES CONTRATS (H/F),0.38613958194887193,-0.20397461690639254
OFFRE_EMPLOI,OFFRE_001643_e8d586771478,Gestionnaire des ressources humaines,0.3484937232793951,0.21732595691162726
OFFRE_EMPLOI,OFFRE_005063_a69a6a282c60,Chargé(E) De Recherche Associé(E),0.43726114753463446,-0.15817974167187213
OFFRE_EMPLOI,OFFRE_001882_5990c1c56fb9,Enseignant du Secondaire,0.2656688211855631,-0.15351658744808408
OFFRE_EMPLOI,OFFRE_011644_83793d980e52,Responsable Desressourses Humaines,-0.03213276457677862,-0.002553040689555189
OFFRE_EMPLOI,OFFRE_005535_e2d42918ee74,Un.E Assistant.E Logistique Capitale À Yaoundé,0.6902677219494107,-0.13004373902108185
OFFRE_EMPLOI,OFFRE_008656_d68db760f9e9,Communication & Media Coordinator,0.4131661875365349,-0.2064144412253446
OFFRE_EMPLOI,OFFRE_001957_47cabd524f95,Agent d'entretien,-0.028386603525943237,0.11444867286651476
CANDIDAT,PPBZV2510160047793,Designer industriel,-0.06439918904053665,0.39364391337531607
CANDIDAT,PPPNR2507250036644,Technicienne,-0.11184888802769885,0.3701775777479572
CANDIDAT,PPPNR2508170038837,Agent QHSE,0.11877911600011337,0.48302273465147744
CANDIDAT,PPPNR2506020030502,Chauffeur,-0.3004173405909161,0.1883381019407778
CANDIDAT,PPPNR2504290026912,ElectroTechnicien,-0.03828076718753602,0.5313127040051076
CANDIDAT,PPBZV2503170023166,Secrétaire de direction,0.11076083955521172,0.10666967724325087
CANDIDAT,PPBZV2507020034099,Manœuvre,-0.22462388998417482,0.1320943753027428
CANDIDAT,PPBZV2505030027235,Technicien en maintenance industrielle,-0.1094684712440006,0.5313397218372352
CANDIDAT,PPBZV2512160055764,Interprete,0.21460000388810235,0.2178523593161728
CANDIDAT,PPBZV2505130028196,Etudiant,0.06362761631346142,0.3003165167682641
CANDIDAT,PPBZV2502250021261,Mécanicien,-0.27112250861826326,0.2552585886713142
CANDIDAT,PPBZV2510020046201,Assistant comptable,0.23027176492590917,0.39227897979993076
CANDIDAT,PPBZV2505140028360,Diplômé sans emploi,-0.07792180872295693,0.2912384590529202
CANDIDAT,PPBZV2501100016686,APS,0.12093167592937386,0.24800983487123224
CANDIDAT,PPPNR2510060046665,Serveur,-0.19652183397906667,0.19876987689608344
CANDIDAT,PPPNR2502270021456,Homme de pont,-0.30098288143643886,0.09336408811976064
CANDIDAT,PPPNR2501300018860,Assistant IT,0.33000836062640737,0.23930032169369597
CANDIDAT,PPPNR2501030015717,Administrateur des ventes,-0.02422368656352952,0.030293376343518953
CANDIDAT,PPBZV2509090041614,Valet des Chambres,-0.11149207337316157,0.0737112900248422
CANDIDAT,PPBZV2505080027756,Coffreur,-0.21347101119947812,0.2780389850853768
CANDIDAT,PPAUTRE2509040040959,RH,0.04772751191146645,0.26814692751113645
CANDIDAT,PPBZV2501160017424,Gestionnaire de Stock,-0.07047965085337807,0.3949193629302691
CANDIDAT,PPPNR2509120042382,Comptable,0.14695522974889416,0.42065177851253194
CANDIDAT,PPBZV2511250052620,Superviseur Steward,0.014669717408373915,0.3465545749197632
CANDIDAT,PPPNR2501280018720,Informaticien,0.2519185790257501,0.4113573103661044
CANDIDAT,PPBZV2505150028661,Administratrice réseaux et systèmes,0.22539480794306888,0.20202353515035618
CANDIDAT,PPBOU2507030034275,Superviseur Opérationnel,-0.06376171130996013,0.345821001952352
CANDIDAT,PPPNR2505150028574,Opérateur Télécom,0.11264237636991002,0.2521724017635232
CANDIDAT,PPBZV2510180048045,Gestion de caisse,0.005143147737251952,0.30426092961578644
CANDIDAT,PPPNR2501090016521,Assistant Contrôle de Gestion,0.1036752720198671,0.4129834463164277
CANDIDAT,PPPNR2501030015680,Tuyauteur/Chaudronnier,-0.21437958271932286,0.3984398545565418
CANDIDAT,PPBZV2505060027537,Administrateur,0.20109844244714545,0.494267573448193
CANDIDAT,PPPNR2507220036276,Etudiant(e),0.07262166536931274,0.3838173963718334
CANDIDAT,PPPNR2504180026283,Technicien de surface,-0.18029582761371543,0.28475598131071966
CANDIDAT,PPBZV2510280049285,Maçon,-0.05612483621744635,0.3098572652380392
CANDIDAT,PPPNR2506040030925,Mécanicien,-0.26214276835020944,0.30529238129667396
CANDIDAT,PPBZV2510040046416,Chef cuisinier,-0.13423234926888505,0.2924918444187145
CANDIDAT,PPPNR2501290018776,Soudeur,-0.2459924245351633,0.3255294220683296
CANDIDAT,PPBZV2506050031158,Manœuvre,-0.22462388998417482,0.1320943753027428
CANDIDAT,PPBZV2503250023927,Technicien Systèmes d'Information,0.20047711663666035,0.3623634156039234
CANDIDAT,PPBZV2506050031165,Agent de sécurité,0.1586472200142333,0.3979250451378473
CANDIDAT,PPPNR2506300033821,Mécanicien,-0.26214276835020944,0.30529238129667396
CANDIDAT,PPBZV2507210036079,APS,0.12093167592937386,0.24800983487123224
CANDIDAT,PPPNR2505270029950,Administration et des Ressources Humaines,0.185807289779798,0.39416706588465944
CANDIDAT,PPBZV2503310024459,Assistant(e),0.1506520652532887,0.30608130807257555
CANDIDAT,PPBZV2507100035062,Ingénieur en télécommunications,0.32686609562929053,0.41325952143982386
CANDIDAT,PPPNR2503260024006,Acheteur,-0.1972671951934707,0.35232818838966273
CANDIDAT,PPPNR2509150042797,Technicien QHSE,0.08410693527069424,0.5394353752099363
CANDIDAT,PPPNR2504240026649,Secrétaire,0.13467354810324725,0.22339811332073703
CANDIDAT,PPPNR2502140020375,Conducteur Cariste,-0.16944328508475215,0.2991572101428516
CANDIDAT,PPBZV2511190051874,Chef cuisinier,-0.10526809409701471,0.41196770774109337
CANDIDAT,PPPNR2509260045111,Tuyauterie,-0.2761180919165584,0.2757103208234741
CANDIDAT,PPPNR2506050031132,Ingénieur génie pétrolier,-0.00858286213075579,0.31398218812741746
CANDIDAT,PPPNR2506230033144,Logisticienne,-0.1609142718367808,0.48349559626226163
CANDIDAT,PPBZV2511240052395,ASSISTANT PROJETS,0.13989857242217513,0.2323775592051617
CANDIDAT,PPBZV2503100022473,Agent immobilier,0.13915118356476894,0.40286894407084595
CANDIDAT,PPBZV2504280026870,Coffreur,-0.2635047802661851,0.18897460161613763
CANDIDAT,PPPNR2508080038111,Chauffeur,-0.26484005320970533,0.25185064077164
CANDIDAT,PPPNR2512180056085,Tuyauteur,-0.1761619150289932,0.2985941258917083
CANDIDAT,PPBZV2503140022974,Economiste,0.20867367750425117,0.2129310215589506
CANDIDAT,PPPNR2510310049636,Chauffeur,-0.3004173405909161,0.1883381019407778
CANDIDAT,PPPNR2504020024641,Électricien,-0.13041336316699337,0.36758139554738256
CANDIDAT,PPPNR2505050027415,Energétique et ingénieurie,-0.1934238880431516,0.2604761777218019
CANDIDAT,PPPNR2501240018229,Mécanicien,-0.26000471519609647,0.13877861007855277
CANDIDAT,PPBZV2505270029857,Administrateur,0.24080407519465827,0.3493215133770403
CANDIDAT,PPBZV2511260052807,Administrateur de systèmes et réseaux,0.2602748113067846,0.1940392923771977
CANDIDAT,PPBZV2503200023502,Électricien,-0.22365561834413894,0.2145063750310931
CANDIDAT,PPPNR2506230033020,Assistant comptable,0.23293990909676723,0.4052472540299304
CANDIDAT,PPPNR2501070016185,Convoyeur de produits pétroliers,-0.09540632340474864,0.24507836158857835
CANDIDAT,PPPNR2510060046623,Informaticien,0.29353176297615313,0.39544756828519945
CANDIDAT,PPBZV2511240052448,Serveuse,-0.16927521617464095,0.1979870311539731
CANDIDAT,PPBZV2509150043048,Comptable,0.14695522974889416,0.42065177851253194
CANDIDAT,PPPNR2511260052756,Plombier,-0.15066392355851294,0.08151136863807902
CANDIDAT,PPBZV2501100016691,Agent Administratif,0.22054009934070404,0.4932606981558714
CANDIDAT,PPBZV2501270018560,Administrateur réseau,0.35704474964319705,0.3297392198394255
CANDIDAT,PPBZV2507070034609,Chargé de communication interne,0.1835897761228262,0.0832402599953507
CANDIDAT,PPPNR2501170017483,HSE,0.1307162718475296,0.3268836773137973
CANDIDAT,PPBZV2504010024605,Manœuvre,-0.29623186856961703,0.1648625596590306
CANDIDAT,PPPNR2508300040308,BANQUE ET FINANACE,0.15152530999890382,0.40343885265511803
CANDIDAT,PPPNR2509120042384,Electricité Indistruel,-0.20962873515022853,0.319741285374201
CANDIDAT,PPAUT2506260033615,Administrateur de systèmes et réseaux,0.2857378070095914,0.14634600575617823
CANDIDAT,PPBZV2507140035290,Acheteur,-0.09108873696751339,0.28015016171351864
CANDIDAT,PPBZV2507250036664,Chauffeur de poids lourd,-0.3079436671770055,0.19940654136319155
CANDIDAT,PPBZV2501050015882,Etanchéiste,-0.05131391079373535,0.22711741800497107
CANDIDAT,PPBZV2504020024627,Agente administrative,0.1787865284221565,0.3740280178852962
CANDIDAT,PPPNR2511190051886,Chef de dépôt,-0.18469390052503373,0.4018159620915346
CANDIDAT,PPPNR2501070016224,HSE,0.038934161001931526,0.32260866292620627
CANDIDAT,PPBZV2501030015699,Agent Administratif,0.22054009934070404,0.4932606981558714
CANDIDAT,PPBZV2510090047039,Economiste,0.2160333475406733,0.22156339779990378
CANDIDAT,PPPNR2510110047332,Opérateur RTG,-0.09441484048591928,0.19393159515570815
CANDIDAT,PPBZV2509090041770,Chargé de clientèle,-0.11024639103109439,0.11464542096816843
CANDIDAT,PPBZV2508280040109,Administrateur de systèmes et réseaux,0.23429446371967327,0.22586963722231726
CANDIDAT,PPBZV2512030053716,Ouvrier,-0.23167642213452858,0.04425173938133803
CANDIDAT,PPPNR2503020021659,Informaticien,0.31303005001486905,0.3425890980719824
CANDIDAT,PPBZV2509050041225,Cariste,-0.24188184798886705,0.20366155911050243
CANDIDAT,PPPNR2507040034437,Mécanicien,-0.24016085284940658,0.2402040322235943
CANDIDAT,PPBZV2506260033527,Opérateur de production,-0.22477796436464784,0.2455057534942269
CANDIDAT,PPBZV2503170023073,Armateurs,-0.10557232939873339,0.1546532265826255
CANDIDAT,PPBZV2508130038544,Agent d'entretien,-0.055391585527653095,0.22465456987534502
CANDIDAT,PPPNR2512010053264,Assistant comptable,0.2700107621058836,0.3820521110323064
CANDIDAT,PPBZV2511210052131,Chauffeur de poids lourd,-0.34529378499605123,0.24621327534397539
CANDIDAT,PPBZV2506270033739,Développeur web,0.19776268103962386,0.2517496245613913
CANDIDAT,PPPNR2511130051169,chauffeur de poid lourd,-0.372401437281924,0.21739466444770866
CANDIDAT,PPPNR2509210044175,Agent Logistique,-0.166873068752766,0.2901644122709947
CANDIDAT,PPPNR2507240036541,Assistant QHSE,0.1847405465682601,0.5218256797859312
CANDIDAT,PPPNR2507140035421,Opérateur pétrolier,-0.1613441411489336,0.14208050146456647
CANDIDAT,PPBZV2501200017653,Manœuvre,-0.14596651649924583,0.15645950721419727
CANDIDAT,PPBZV2506140032145,Informaticien,0.2519185790257501,0.4113573103661044
CANDIDAT,PPPNR2505060027521,Administration et des Ressources Humaines,0.23454669593009211,0.37880307686594616
CANDIDAT,PPPNR2505230029513,Informaticien,0.2974317839437488,0.3972791245572905
CANDIDAT,PPPNR2512090054388,Techniciens des télécommunications,0.2924335366204333,0.32613884575092766
CANDIDAT,PPBZV2512280056899,ASSISTANT (E) RESSOURCES HUMAINES (H/F),0.03170710969023761,0.12342422272026056
CANDIDAT,PPBZV2501100016702,Couturière,-0.20911677377041657,0.0715363159821689
CANDIDAT,PPPNR2506040030971,Juriste,0.20505748222859735,0.13537426762639243
CANDIDAT,PPPNR2508220039557,Agent de sécurité,0.17361822723209264,0.4940793380297375
CANDIDAT,PPBZV2506030030792,Réseaux et télécommunication -,0.26623732523724936,0.1427221088343822
CANDIDAT,PPPNR2509240044763,Transitaire,-0.07306454424656277,0.22065716047105616
CANDIDAT,PPBZV2511130051211,Aucune,-0.05153784469294015,0.2864871452654857
CANDIDAT,PPBZV2512260056865,Chef de département vente et marketing,-0.11677176594933268,0.0018310465699467675
CANDIDAT,PPBZV2510290049436,Agriculteur,-0.03148289356618837,0.42194264925291725
CANDIDAT,PPPNR2512290056948,Cariste,-0.16678234837072145,0.2527682693404497
CANDIDAT,PPBZV2508290040211,Chauffeur de poids lourd,-0.3158434303511533,0.22916238904522368
CANDIDAT,PPBZV2510200048209,Chauffeur,-0.26484005320970533,0.25185064077164
CANDIDAT,PPPNR2508160038793,PRODUCTION PETROLIERE,-0.12468778127628703,0.3984726623348181
CANDIDAT,PPBZV2509190043935,Coiffeuse,-0.2902250750459745,0.13610137884705129
CANDIDAT,PPBZV2503110022535,Pompiste,-0.24195938627091537,0.09396030480089866
CANDIDAT,PPPNR2509100041886,Technicien en environnement,-0.10209867910763362,0.35547269666670017
CANDIDAT,PPBZV2504020024649,chauffeur polyvalent,-0.2602657079213736,0.19367308941812542
CANDIDAT,PPPNR2512080054130,Gestionnaire,0.01187401201988983,0.3017013840066453
CANDIDAT,PPBZV2501300018944,Agent de sécurité,0.09300981535222397,0.42920847113772986
CANDIDAT,PPPNR2510270049049,Cuisinier,-0.29438048384956433,0.24507350088052987
CANDIDAT,PPPNR2501030015745,Homme de pont,-0.28057639459934913,0.026138493109972852
CANDIDAT,PPPNR2510030046327,Gestionnaire de Stock,-0.12563080529136975,0.2753966872339571
CANDIDAT,PPBZV2502210020982,Pompiste,-0.15178131485422033,0.24211444280190977
CANDIDAT,PPBZV2501030015813,Greser huile,-0.2520881611041658,0.20948310121812402
CANDIDAT,PPPNR2510280049225,Bâtiment,-0.12314450880761331,0.2859679341600887
CANDIDAT,PPBZV2505190029039,Electricité Indistruel,-0.13481259389860115,0.42894036202294517
CANDIDAT,PPPNR2508220039528,Coiffeuse,-0.30690968257295975,0.09028877225262448
CANDIDAT,PPBZV2508060037880,Informaticien,0.2984477418311443,0.3476928763328079
CANDIDAT,PPPNR2505230029560,Etudiant(e),0.0824250150808638,0.39462313062369186
CANDIDAT,PPBZV2506200032847,Technicien de fibre optique,0.11091455933099413,0.2831136990569635
CANDIDAT,PPPNR2509030040726,Électricien,-0.2214133444388705,0.22325112457673998
CANDIDAT,PPBOU2511110050819,Applicateur de produits phytosanitaires (herbicides),-0.05880968398915555,0.16876502577234195
CANDIDAT,PPPNR2503030021804,Qualité Hygiène sécurité et Environnement,0.00949337859500781,0.5026993606621238
CANDIDAT,PPPNR2507300037165,Agent Marketing,0.09840632120990661,0.10661525894190896
CANDIDAT,PPCUV2501270018586,Agent de sécurité incendie,0.0741183271055498,0.39400265382239547
CANDIDAT,PPBZV2508110038230,Chauffeur de poids lourd,-0.28823586386255345,0.25292926636953306
CANDIDAT,PPBZV2502070019774,Agent Administratif,0.22054009934070404,0.4932606981558714
CANDIDAT,PPPNR2504100025398,Opérateur pétrolier,0.005975143966922094,0.2782545688255483
CANDIDAT,PPPNR2509230044566,Responsable magasin,-0.027359492374222597,0.4749931556868402
CANDIDAT,PPPNR2503280024257,Echafaudeur,-0.24727848500100497,0.23659007656811507
CANDIDAT,PPBZV2511180051766,Agent de sécurité,0.19933827983135244,0.477980846277256
CANDIDAT,PPBZV2510060046509,Logisticien,-0.1620525801488667,0.44486779811277066
CANDIDAT,PPBZV2510090047016,technicienne de surface,-0.06915335282093475,0.2098562264758705
CANDIDAT,PPPNR2504100025424,Chauffeur de poids lourd,-0.3779582818252071,0.2028707599216183
CANDIDAT,PPBZV2507290037065,Economiste,0.14651755587278945,0.15346302627252803
CANDIDAT,PPPNR2505140028370,Mécanicien,-0.2861384220489397,0.25652612605563124
CANDIDAT,PPBZV2511070050440,assurance banque et finance,0.20214064114286634,0.42637344487505946
CANDIDAT,PPBZV2502050019523,Électricien,-0.13041336316699337,0.36758139554738256
CANDIDAT,PPBZV2506050031281,Manœuvre,-0.14596651649924583,0.15645950721419727
CANDIDAT,PPBZV2509120042443,Conseiller client,0.09884730569051374,0.11622637855560153
CANDIDAT,PPBZV2508010037486,Etudiant,0.02532127675090087,0.4153796151899678
CANDIDAT,PPBZV2512180056104,Assistante administrative,0.3185113248076308,0.41288435156133435
CANDIDAT,PPPNR2507220036247,Ménagère,-0.20297139946817916,0.10205126044566368
CANDIDAT,PPBZV2506140032150,Agent d'opération à la clientèle,-0.10477207591934937,0.07576625476269366
CANDIDAT,PPPNR2509130042647,Informaticien,0.20488748921867592,0.34510005214740225
CANDIDAT,PPPNR2509190043959,chauffeur mecanicien,-0.2552520763021748,0.2636129972244213
CANDIDAT,PPPNR2502120020117,Electricité Indistruel,-0.20962873515022853,0.319741285374201
CANDIDAT,PPBZV2506230033115,Agent de sécurité,0.06667969597693917,0.4333036026397219
CANDIDAT,PPPNR2504300027106,Agent de transit,-0.1349051817730713,0.304855274042287
CANDIDAT,PPPNR2512090054544,Economiste,0.1228095582069311,0.11232863230360864
CANDIDAT,PPBZV2507010034005,Etudiante,-0.02905523441033271,0.24277864218512674
CANDIDAT,PPBZV2501290018772,Ferrailleur,-0.24810589769996785,0.18719309316853872
CANDIDAT,PPBZV2504280026862,Comptabilité,0.20161712939975687,0.5252670263216568
CANDIDAT,PPBZV2505150028575,Manœuvre,-0.14596651649924583,0.15645950721419727
CANDIDAT,PPPNR2508090038180,Agent de transit,-0.11294970187615211,0.214166980030386
CANDIDAT,PPBZV2501290018788,Logisticien,-0.10378548897239916,0.32518066833261855
CANDIDAT,PPPNR2509300045690,Assistante administrative et comptable,0.275446985861361,0.5571172944674508
CANDIDAT,PPBZV2512070054085,comptabilité gestion d'entreprise,0.0848899381342685,0.31636491957876484
CANDIDAT,PPBZV2512190056308,E-commerce,0.011566450777874698,0.09629629357813309
CANDIDAT,PPBZV2504280026852,Maçon,-0.052215903432163015,0.3111806342673371
CANDIDAT,PPPNR2507010034002,Comptabilité et gestion d'entreprise,0.1742412900518172,0.46497311042996686
CANDIDAT,PPPNR2509030040754,Mécanicien Généraliste,-0.04525128515072272,0.37043881477229457
CANDIDAT,PPBZV2512290057007,Marketing digital,0.15080005092135984,0.16604338334980764
CANDIDAT,PPBZV2505300030268,chauffeur de poid lourd,-0.3110847991421508,0.2336059148555076
CANDIDAT,PPBZV2509100041939,Hôtelier,-0.14675910465810674,0.19194741383521155
CANDIDAT,PPPNR2503310024338,APS,0.12110234047214392,0.2585989217825942
CANDIDAT,PPCVO2509040041075,Plongeur,-0.17187029902855577,0.20536012355358763
CANDIDAT,PPPNR2510090047003,Administration et des Ressources Humaines,0.1627498711943004,0.3699725055586784
CANDIDAT,PPBZV2505150028507,Agent Commercial,0.038723577179822964,0.15449901860311924
CANDIDAT,PPBOU2510270049105,Manœuvre,-0.22462388998417482,0.1320943753027428
CANDIDAT,PPPNR2509210044168,Caissier(e),0.0446613440160472,0.32693270191420704
CANDIDAT,PPBZV2510010045940,Commerçant,-0.10998570162889817,0.10994921580924209
CANDIDAT,PPPNR2512120055276,Informaticien,0.264479529641873,0.2978681737850276
CANDIDAT,PPPNR2504220026429,Manutentionnaire,-0.11382697888075015,0.1950733265983992
CANDIDAT,PPBZV2512300057086,Serveuse,-0.05133505272858577,0.202892950901454
CANDIDAT,PPBZV2503070022273,Bagagiste,-0.23573002902827853,0.15118130466484583
CANDIDAT,PPBZV2509080041510,Conseiller client,0.1524154532482105,0.3168195468075652
CANDIDAT,PPBZV2504040024929,Opérateur,-0.16610408518839256,0.2870067639374637
CANDIDAT,PPPNR2505070027664,Responsable logistique,-0.0062139614936499955,0.3752095746399254
CANDIDAT,PPBZV2506040030917,menuisier charpentier confrère,-0.19182052872887345,0.14767793270570637
CANDIDAT,PPPNR2506110031784,Chauffeur,-0.2317521351682782,0.16059301601304643
CANDIDAT,PPPNR2508300040303,Opérateur de production,-0.30863687975089604,0.1947456755549118
CANDIDAT,PPPNR2511040050031,Etudiant,0.06118065276560617,0.29639548442695207
CANDIDAT,PPPNR2508120038365,Homme de pont,-0.30297167675819425,0.08383575763119229
CANDIDAT,PPPNR2501210017770,Ressource Humaine,0.09221636773472247,0.23111912918602665
CANDIDAT,PPPNR2504030024807,Opérateur,-0.18828198406994712,0.2758235371382285
CANDIDAT,PPPNR2509220044230,Administrateur public,0.277711437021144,0.40974822064831906
CANDIDAT,PPBZV2505270029947,Chauffeur,-0.2155414537143808,0.2507863966412593
CANDIDAT,PPBZV2506170032521,Etudiant,0.0148209963943359,0.37375341581652727
CANDIDAT,PPBZV2509180043861,Secrétaire de direction,0.10847973516767652,0.1394122634248221
CANDIDAT,PPBZV2502210020972,Pompiste,-0.19421142519471335,0.19581716409026467
CANDIDAT,PPPNR2508090038177,ElectroTechnicien,-0.0716275262944646,0.5466886445874392
CANDIDAT,PPPNR2512150055558,Technicien en maintenance industrielle,-0.06555504036358868,0.4496010664885266
CANDIDAT,PPPNR2507210036046,Conducteur Cariste,-0.22573398388594107,0.2429343572117901
CANDIDAT,PPBZV2507020034193,Manœuvre,-0.14596651649924583,0.15645950721419727
CANDIDAT,PPBZV2505160028682,ElectroTechnicien,-0.06614139728864785,0.4690925916542228
CANDIDAT,PPPNR2512010053207,Chauffeur de poids lourd,-0.2822605742140111,0.3140543170905671
CANDIDAT,PPBZV2507210036117,Etudiante,-0.0012383842866009812,0.26486842085694245
CANDIDAT,PPBZV2507140035425,Hôtelière,-0.21232933230322815,0.1334100505383679
CANDIDAT,PPBZV2510060046634,Agent d'entretien,0.016525729982880533,0.16363203103690832
CANDIDAT,PPBZV2506270033696,Etudiante,-0.0012383842866009812,0.26486842085694245
CANDIDAT,PPPNR2507010034047,Mécanicien,-0.2861384220489397,0.25652612605563124
CANDIDAT,PPBZV2502270021476,Électricien,-0.191088751478359,0.20905357277837333
CANDIDAT,PPBZV2509090041783,Comptable,0.14695522974889416,0.42065177851253194
CANDIDAT,PPPNR2505280030071,Chargée HSE,0.024523021134071885,0.4541546443517015
CANDIDAT,PPPNR2501030015686,Commercial,0.02704279758616901,0.26369452741708144
CANDIDAT,PPPNR2507080034722,chauffeur de poid lourd,-0.2999268519136455,0.262081383296815
CANDIDAT,PPBZV2509220044245,Chauffeur,-0.23917278530194389,0.19293885728657786
CANDIDAT,PPPNR2501160017364,Chauffeur de poids lourd,-0.3364598077674767,0.263014304485853
CANDIDAT,PPPNR2506020030542,Agent de sécurité,0.06667969597693917,0.4333036026397219
CANDIDAT,PPPNR2509180043896,Secrétaire,0.154308984570431,0.4199260498789809
CANDIDAT,PPPNR2501130016895,Chauffeur,-0.3057596785722499,0.17596201031674646
CANDIDAT,PPBZV2512180056032,Manœuvre,-0.14596651649924583,0.15645950721419727
CANDIDAT,PPPNR2512090054494,QHSE,0.02797665809842114,0.3503002012185896
CANDIDAT,PPPNR2508270039901,Vendeur comptoir,-0.11439003218342302,0.012635491311590993
CANDIDAT,PPPNR2509250044916,Banque et finance,0.1413828721034791,0.38805037387673064
CANDIDAT,PPPNR2506300033860,Assistant comptable et gestion des organisations,0.25119451661638426,0.5162285437268348
CANDIDAT,PPPNR2505160028744,Chauffeur de poids lourd,-0.3779582818252071,0.2028707599216183
CANDIDAT,PPBZV2501170017564,Chargé de communication,0.10074087491799344,0.0940777528791712
CANDIDAT,PPBZV2509260045129,Infirmier diplômé d'état,0.09306389459442832,0.25639783574335795
CANDIDAT,PPBZV2511030049942,Agent Commercial,0.09440802905699523,0.29893805477964974
CANDIDAT,PPBZV2503220023662,Réseaux informatiques,0.25007249285322436,0.2750425568381788
CANDIDAT,PPPNR2501130016849,Soudeur,-0.22476607796273604,0.14514211785008674
CANDIDAT,PPBZV2509260045252,Cuisinier,-0.2984345598841435,0.23528990887352502
CANDIDAT,PPPNR2502210020994,Technicien en génie civil,0.02624849696678412,0.3623297618682516
CANDIDAT,PPBZV2502130020189,Logisticien,-0.13311804112508271,0.40852042522283727
CANDIDAT,PPPNR2509020040584,HSE Superintendent,0.18514874863525785,0.2963697289066994
CANDIDAT,PPPNR2501240018277,Hygiène Sécurité Environnement,-0.03341875884614176,0.39725324389773164
CANDIDAT,PPBZV2512150055486,Ouvrier,-0.18613542942410446,0.1424978354426592
CANDIDAT,PPPNR2501300018987,Comptabilité,0.23689828600212373,0.5536152784462633
CANDIDAT,PPPNR2502280021563,Banque et finance,0.11363460326003218,0.3048892230943282
CANDIDAT,PPBZV2502130020208,Economiste,0.18575916479396562,0.2166474500933324
CANDIDAT,PPPNR2512300057076,Comptabilité et Gestion Financière,0.18970407500132414,0.5596353594463035
CANDIDAT,PPPNR2512300057129,chauffeur de poid lourd,-0.372401437281924,0.21739466444770866
CANDIDAT,PPPNR2511270052913,Assistant de direction,0.1900563043711661,0.381393792450889
CANDIDAT,PPBZV2512100054830,Manœuvre,-0.22462388998417482,0.1320943753027428
CANDIDAT,PPBZV2505180028896,Comptable,0.20651926536242157,0.49660811573815605
CANDIDAT,PPBZV2512260056799,E-commerce,0.12107361898084129,0.12815638602442095
CANDIDAT,PPCUV2508260039862,Technicien en génie civil,0.02624849696678412,0.3623297618682516
CANDIDAT,PPBZV2503040021938,Agent QHSE,0.11877911600011337,0.48302273465147744
CANDIDAT,PPPNR2507110035164,Manœuvre,-0.22462388998417482,0.1320943753027428
CANDIDAT,PPBZV2506230033098,Technicien de laboratoire,-0.019008522185414437,0.5153549889134746
CANDIDAT,PPBZV2511210052101,Administrateur réseau,0.36689252491238883,0.33679890681424074
CANDIDAT,PPBZV2512180056170,Etudiant,-0.01033482380806279,0.25830932725998085
CANDIDAT,PPPNR2505220029493,Dessinateur en bâtiment,-0.1820186038950194,0.08016915463477911
CANDIDAT,PPPNR2503050022084,Agent Logistique,-0.14915736667664126,0.29532270233986135
CANDIDAT,PPBZV2509130042664,Comptable,0.14695517349921494,0.42065171989927613
CANDIDAT,PPPNR2509120042569,Agent QHSE,0.11877911600011337,0.48302273465147744
CANDIDAT,PPPNR2504160026067,Agent Logistique,-0.166873068752766,0.2901644122709947
CANDIDAT,PPPNR2507070034655,Aide Comptable,0.22901600046642567,0.5489782403538307
CANDIDAT,PPBZV2512230056665,Comptable,0.15630900878091078,0.3511332647977882
CANDIDAT,PPPNR2509080041533,Agent de Santé,-0.07399269073164705,0.3106685602594389
CANDIDAT,PPBZV2504240026704,Commerciale,-0.0958869847913823,0.15370653690568337
CANDIDAT,PPBZV2505150028618,Responsable administratif,0.3411376549579564,0.49601620139257985
CANDIDAT,PPPNR2504050025015,Administration et des Ressources Humaines,0.15572907710737904,0.3728654493254628
CANDIDAT,PPPNR2504030024814,Maçon / Ferailleur,-0.05433652031132409,0.30996780221729603
CANDIDAT,PPBOU2510180048050,Chauffeur poids lourds semi remorque,-0.2947778079349729,0.20263470735941283
CANDIDAT,PPBZV2505130028116,Gestion des ressources humaines,-0.015701920944748145,0.4002398145227148
CANDIDAT,PPBZV2505230029635,Agent Logistique,-0.166873068752766,0.2901644122709947
CANDIDAT,PPBZV2508080038169,Gestionnaire des ressources humaines,-0.09866770006553069,0.24166784194591015
CANDIDAT,PPPNR2508160038803,Electromecanicien,-0.20138979679591495,0.3047266230989926
CANDIDAT,PPPNR2510130047470,Conducteur d'engins,-0.24738048965638468,0.20925661820263253
CANDIDAT,PPPNR2512120055197,ElectroTechnicien,-0.028531785126650062,0.5353930647069644
CANDIDAT,PPPNR2511270053004,Agent de saisie,0.2306410337008504,0.23937775999851965
CANDIDAT,PPNIA2510020046095,Grutier,-0.2888015721511405,0.31532274529090726
CANDIDAT,PPBZV2501080016302,AOC,0.15588543295385468,0.2751595064876838
CANDIDAT,PPPNR2510060046585,Echafaudeur,-0.11371692568473277,0.2871790758738672
CANDIDAT,PPPNR2511250052596,Chauffeur et Conducteur,-0.2784251798821402,0.17747267495127872
CANDIDAT,PPBZV2510080046967,Etudiante,0.11353394520435421,0.2945289174861829
CANDIDAT,PPPNR2506050031134,Agent de Prévention et de Sécurité,0.10897605900814114,0.30706288257226877
CANDIDAT,PPPNR2503100022401,Informaticien,0.2799891747452489,0.2912435434140399
CANDIDAT,PPBZV2507230036332,Manœuvre,-0.08100905757918275,0.1877797409800658
CANDIDAT,PPBZV2510060046558,Manœuvre,-0.1552440331937059,0.14434349008307273
CANDIDAT,PPBZV2505090027859,Manœuvre,-0.22462388998417482,0.1320943753027428
CANDIDAT,PPPNR2510220048473,chauffeur kavaki,-0.26924622385388813,0.21488453256867704
CANDIDAT,PPBZV2509080041500,Manœuvre,-0.14596651649924583,0.15645950721419727
CANDIDAT,PPLIK2507270036750,Assistant administratif et paie,0.020737939162670412,0.25340074818933933
CANDIDAT,PPPNR2507300037201,ElectroTechnicien,-0.02335415890228801,0.5627339979865424
CANDIDAT,PPPNR2508130038501,Informaticien,0.31303005001486905,0.3425890980719824
CANDIDAT,PPBZV2509100042050,Agent Administratif,0.22054009934070404,0.4932606981558714
CANDIDAT,PPBZV2511070050484,Technicien Réseau,0.204650014941792,0.3118388339028836
CANDIDAT,PPPNR2508220039564,Conducteur,-0.18431558048136093,0.3198505451087647
CANDIDAT,PPBZV2512180056026,Chauffeur,-0.21680075491135578,0.23156462647019538
CANDIDAT,PPBZV2511030049964,Aide Comptable,0.22901600046642567,0.5489782403538307
CANDIDAT,PPBOU2512240056777,Mécanicien,-0.2861384220489397,0.25652612605563124
CANDIDAT,PPBZV2506050031273,Gestionnaire de Stock,-0.11675524926800367,0.2880128738206619
CANDIDAT,PPBZV2502070019728,Serveuse,-0.18915252839176916,0.17636186783852567
CANDIDAT,PPPNR2509260045092,Directeur d’école,0.06482481374104934,0.2029514013398725
CANDIDAT,PPPNR2503050021939,Assistant comptable,0.26239941016202334,0.6028378533608806
CANDIDAT,PPBZV2503060022145,Comptabilité et Gestion Financière,0.1785872165042499,0.522249134543399
CANDIDAT,PPBZV2507170035796,Ingénieur procédés industriels,0.01860502756939061,0.36354351203493407
CANDIDAT,PPPNR2506230033061,chauffeur de poid lourd,-0.3275950071296304,0.27970772170341124
CANDIDAT,PPBZV2509090041773,Agent Commercial,-0.033588239743602144,0.17433567637610278
CANDIDAT,PPBZV2510140047649,Manœuvre,-0.08100905757918275,0.1877797409800658
CANDIDAT,PPBZV2505140028309,technicienne de surface,-0.09220513015575435,0.22962087782099022
CANDIDAT,PPLIK2505190029072,Ménagère,-0.21357912404886034,0.08723456986142278
CANDIDAT,PPPNR2512230056653,Soudeur,-0.24813582860174774,0.15644531175788923
CANDIDAT,PPBZV2501150017257,Pointeur,-0.2869543447384499,0.21481414224145462
CANDIDAT,PPPNR2503040021927,Administrateur,0.2355110845373826,0.38932199078720275
CANDIDAT,PPPNR2505180028909,Commercial,-0.06743905252559415,0.1582808055654404
CANDIDAT,PPBZV2509150042757,assurance banque et finance,0.11118081160418528,0.4809570965051399
CANDIDAT,PPBZV2511270052906,Agent Commercial,0.04020158922512999,0.2223069690880781
CANDIDAT,PPPNR2509190044007,Banquière,0.1294689269186492,0.4529785502935813
CANDIDAT,PPBZV2507210036115,Etudiant,0.06118065276560617,0.29639548442695207
CANDIDAT,PPBZV2503200023425,Agent de sécurité,0.06667969597693917,0.4333036026397219
CANDIDAT,PPBZV2502030019191,Administrateur réseau,0.2352139034204025,0.2420394331092526
CANDIDAT,PPBZV2502270021405,Chauffeur,-0.3004173405909161,0.1883381019407778
CANDIDAT,PPPNR2501230018081,Chauffeur de poids lourd,-0.3166478085613358,0.23949129083431323
CANDIDAT,PPPNR2509010040518,Mécanicien,-0.23108620977147018,0.25497487408864206
CANDIDAT,PPPLA2511040050028,Vendeur,0.0018841006293978475,0.07878679776666399
CANDIDAT,PPAUT2506100031599,Administrateur de systèmes et réseaux,0.23429446371967327,0.22586963722231726
CANDIDAT,PPPNR2512170055855,HSE,0.1214743710966819,0.33705496527507667
CANDIDAT,PPPNR2510020046122,Électricien,-0.23110681387260398,0.22930194078913615
CANDIDAT,PPPNR2504180026254,Technicienne en réseaux,0.1858988723297594,0.20344295098958665
CANDIDAT,PPBZV2508010037437,Manœuvre,-0.1189566623935501,0.24125693226073888
CANDIDAT,PPBZV2502070019695,Etudiant,0.02532127675090087,0.4153796151899678
CANDIDAT,PPPNR2501160017418,Tuyauteur/Chaudronnier,-0.3061869293469997,0.2580885117608506
CANDIDAT,PPBZV2509010040396,Gestionnaire comptable et financière,0.216967924160916,0.5324695505159823
CANDIDAT,PPPNR2509180043819,Cordiste,-0.170183375257822,0.2260316835356727
CANDIDAT,PPBZV2511130051190,Manœuvre,-0.1342547950851345,0.26222309703886315
CANDIDAT,PPBZV2510210048421,Assistant de direction,0.11759131210025904,0.3585196044742362
CANDIDAT,PPBZV2510270049109,Assistant comptable,0.21789744672436126,0.40533552224053016
CANDIDAT,PPBZV2507180035838,Agent Commercial,-0.033588239743602144,0.17433567637610278
CANDIDAT,PPPNR2509160043174,Soudeur,-0.12045584889378803,0.33098145091600395
CANDIDAT,PPBZV2506020030396,Electromecanicien,-0.10588638558076141,0.4694949069181836
CANDIDAT,PPBZV2508270039938,Assistant Administratif et comptable,0.28921100337511596,0.5742148947790321
CANDIDAT,PPPNR2504170026222,agent de sûreté,0.2048439314123882,0.24349800587957265
CANDIDAT,PPBZV2509050041123,Chargé de conformité,0.017799233647391947,0.3598501448738763
CANDIDAT,PPBOU2506120031964,Génie des procédés industriels,-0.02366103003566842,0.25941026033639325
GROUPE_BASE_MEPC,7801,Couturiers,-0.3432318275518343,-0.2396517860101129
GROUPE_BASE_MEPC,3603,Spécialistes des sciences sociales et du clergé,0.07673764975357433,-0.12347582000661424
GROUPE_BASE_MEPC,4401,"Professions intermédiaires des services juridiques, des services sociaux et des religions",0.0955212082738963,-0.04371048223409042
GROUPE_BASE_MEPC,7401,Relieurs,-0.11015129678380836,-0.2538995552119338
GROUPE_BASE_MEPC,6500,Ouvriers de l'assemblage,-0.168510734874885,-0.17213331123847841
GROUPE_BASE_MEPC,2302,"Directeurs et Cadres de Direction des services de vente, commercialisation et développement",-0.0975537954198867,-0.18687025512653335
GROUPE_BASE_MEPC,3401,Spécialistes en finances,0.23046859430134284,0.08388974105113926
GROUPE_BASE_MEPC,5303,Employés du service de transports,-0.11795711270971876,-0.24867604849539088
GROUPE_BASE_MEPC,4202,"Personnel infirmier, aide-soignant et sages-femmes",0.017034299985337994,-0.11913755414903546
GROUPE_BASE_MEPC,3405,Autres spécialistes en administration des entreprises,0.17165353166102998,-0.02247077712904128
GROUPE_BASE_MEPC,7106,"Artisans et ouvriers du cuir (cordonnier, maroquinier, réparateur de chaussure/sac)",-0.325222050753243,-0.22628459282116634
GROUPE_BASE_MEPC,7605,Poissonniers,-0.3666654323364922,-0.24701969365906423
GROUPE_BASE_MEPC,7601,Boulangers / Pâtissiers,-0.2797578926350521,-0.16380687127259674
GROUPE_BASE_MEPC,4303,Agents de services commerciaux,0.049186304288727764,-0.18013106735700407
GROUPE_BASE_MEPC,2204,"Dirigeants et cadres supérieurs d'organisation humanitaire, d'ONG et d'associations",0.025365562373357343,-0.159368659909268
GROUPE_BASE_MEPC,6101,Agents d'accompagnement et assimilés,-0.0995749910335166,-0.11428592243886836
GROUPE_BASE_MEPC,1502,"Guides de chasse, pisteurs",-0.1298352004135153,-0.10503531774635148
GROUPE_BASE_MEPC,4502,Techniciens des télécommunications et de la radio diffusion,0.03940009689811643,-0.0717578858027445
GROUPE_BASE_MEPC,6102,"Cuisiniers, aides de cuisine et assimilés",-0.20144773494647258,-0.1536701356908273
GROUPE_BASE_MEPC,4206,Professions intermédiaires de l'enseignement primaire et pré-primaire,0.13762881313085587,-0.08032037412029322
GROUPE_BASE_MEPC,4201,Techniciens de la médecine et de la pharmacie,-0.04448528143009272,0.15775193994561687
GROUPE_BASE_MEPC,7202,Charpentiers,-0.3591530369045894,-0.2649562947083109
GROUPE_BASE_MEPC,6103,Serveurs et barmen,-0.1192113504776133,-0.32950810487841126
GROUPE_BASE_MEPC,1101,Exploitants agricoles,-0.22676988122576863,-0.1627082172609113
GROUPE_BASE_MEPC,3205,Praticiens paramédicaux,-0.08605371259780922,-0.17894801245897168
GROUPE_BASE_MEPC,7203,Tôliers (poseurs de tôles et de tuiles),-0.25363213190582906,-0.19898771612475957
GROUPE_BASE_MEPC,4106,Contrôleurs et techniciens des moyens de transport terrestre,-0.10118167392071882,0.060933838720656386
GROUPE_BASE_MEPC,1402,"Exploitants des produits forestiers non ligneux, les cueilleurs et assimilés",-0.25277020956433655,-0.1236938205405561
GROUPE_BASE_MEPC,8204,Sous officiers,-0.07960613210475322,-0.22865886618961864
GROUPE_BASE_MEPC,7205,Ferrailleurs,-0.23216961930074756,-0.17113860124252772
GROUPE_BASE_MEPC,6405,Conducteurs de machines pour la fabrication de produits textiles et d'articles en fourrure et en cuir,-0.22481876364886902,-0.0024482808471824077
GROUPE_BASE_MEPC,3503,Autres spécialistes des technologies de l'information et des communications,0.1501325836617087,-0.07540353098275394
GROUPE_BASE_MEPC,7403,Stéréotypeurs,-0.09907300381383077,-0.23113641299803508
GROUPE_BASE_MEPC,8103,Inspecteur de Police,0.05178115876040912,0.06440824126336035
GROUPE_BASE_MEPC,7602,Confiseurs,-0.1004128489973006,-0.20875114056026461
GROUPE_BASE_MEPC,6406,Conducteurs de machines pour la fabrication de denrées alimentaires et de produits connexes,-0.26731913528250245,-0.006625372380425888
GROUPE_BASE_MEPC,3201,Médecins et assimilés,-0.03809992535137675,-0.08181658175542711
GROUPE_BASE_MEPC,1204,Eleveurs de volailles et des oiseaux,-0.25179186051139385,-0.27476025243123114
GROUPE_BASE_MEPC,4210,"Documentation, patrimoine",0.02685017556709077,-0.11711622380145335
GROUPE_BASE_MEPC,6301,Vigiles et agents de sécurité privée,0.003917594725220032,-0.0947493489234577
GROUPE_BASE_MEPC,4102,"Contremaitres, mines, industries manufacturières et bâtiment",-0.20312106877201389,-0.05160308186234747
GROUPE_BASE_MEPC,6607,Matelots de pont et assimilés,-0.23195856441333515,-0.3036517727657245
GROUPE_BASE_MEPC,7604,Laitiers,-0.0627908569457314,-0.3378678844858505
GROUPE_BASE_MEPC,4209,"Education sportive, sport professionnel",0.045269059326981484,-0.2475364583778898
GROUPE_BASE_MEPC,3105,"Architectes, urbanistes, géomètres, ingénieur de Génie civil et assimilés",0.10791785692437444,0.03006419199814528
GROUPE_BASE_MEPC,7804,Chapeliers,-0.2109969642529553,-0.2517401524757394
GROUPE_BASE_MEPC,5401,Autres employés de type administratif,0.12011403506051792,-0.09267020357697413
GROUPE_BASE_MEPC,2402,Dirigeants et Gérants des petites entreprises dans les industries manufacturières,-0.2391384904769626,-0.19477757728227998
GROUPE_BASE_MEPC,6107,Aides-personnes âgées,-0.05440448459278832,-0.17350747116637616
GROUPE_BASE_MEPC,7502,Mécaniciens et ajusteurs d'appareils électroniques,-0.16115160837418246,-0.07531022591663077
GROUPE_BASE_MEPC,2301,"Présidents Directeurs Généraux, Directeurs Généraux, Directeurs et Cadres de Direction des Affaires Générales (Administratives, Financières ; Ressources Humaines)",0.13203166476924957,0.015991397255642237
GROUPE_BASE_MEPC,7108,"Métiers de creusage (creuseurs de puits, fosses…)",-0.31040990113249517,-0.19858948326666376
GROUPE_BASE_MEPC,7107,"Artisans et ouvriers de l'alimentation, des boissons et du tabac (y.c. cueilleurs de vin)",-0.21976234648954637,-0.24247935893387373
GROUPE_BASE_MEPC,3206,Vétérinaires,-0.07925173554310047,-0.016941339154124758
GROUPE_BASE_MEPC,2401,"Dirigeants et Gérants des petites entreprises dans l'agriculture, la chasse et la pêche",-0.263790435788341,-0.2621530190030004
GROUPE_BASE_MEPC,2305,Directeurs et Cadres de Direction des services spécialisés non compris ailleurs,0.09704091498253763,-0.14491774559786066
GROUPE_BASE_MEPC,8304,Gardien chef de Prison,-0.05374689265637595,-0.011334322330002774
GROUPE_BASE_MEPC,4403,"Professions intermédiaires de la culture, de la création artistique et des activités culinaires",-0.04474994036899157,-0.17463235187092432
GROUPE_BASE_MEPC,6603,Chauffeurs de taxi et conducteurs d'automobiles et de camionnettes,-0.22860927906824594,-0.22686391127607877
GROUPE_BASE_MEPC,6105,Gouvernantes et concierges,-0.1498651755840727,-0.17084909507864032
GROUPE_BASE_MEPC,5103,Opérateurs sur clavier,-0.11148595107219722,-0.27996412221833883
GROUPE_BASE_MEPC,7302,Mouleur fondeur,-0.24639808735503688,-0.09232396148271663
GROUPE_BASE_MEPC,7805,Artisans et ouvriers de la chaussure et assimilés,-0.2653445230960697,-0.31889267993954884
GROUPE_BASE_MEPC,8301,Cadres des généraux,-0.080680555814586,-0.16715905699738637
GROUPE_BASE_MEPC,7802,Brodeurs,-0.3052896937939492,-0.2780550433540746
GROUPE_BASE_MEPC,3301,Professeurs d'université et d'établissements d'enseignement supérieur,0.07833647689703137,-0.08717916911446644
GROUPE_BASE_MEPC,7702,Ebénistes,-0.25273886520642186,-0.2028148888540699
GROUPE_BASE_MEPC,7603,Charcutiers,-0.22050059744245354,-0.27994187220825967
GROUPE_BASE_MEPC,1503,Taxidermiste ou empailleur,-0.34916456005974644,-0.17327722052156555
GROUPE_BASE_MEPC,4304,Secrétaires d'administration et secrétaires spécialisés,0.10323060656308652,0.021787265201273918
GROUPE_BASE_MEPC,2409,Dirigeants et Gérants des Petites Entreprises non compris ailleurs,-0.06074273878901636,-0.288297010051117
GROUPE_BASE_MEPC,8101,Commissaire de Police,0.11875738740526583,-0.08789107727585498
GROUPE_BASE_MEPC,4501,"Techniciens, opérations et soutien aux utilisateurs des technologies de l'information et des communications",0.1270662432739359,-0.04045122483819403
GROUPE_BASE_MEPC,2101,Membres de l'Exécutif,0.055075434637339084,-0.08539560120383133
GROUPE_BASE_MEPC,4207,"Autres personnels d'enseignement, personnels d'éducation",0.08705536546295312,-0.11203197674433857
GROUPE_BASE_MEPC,4203,Praticiens des médecines traditionnelles et des médecines complémentaires,-0.14044964226195694,-0.15458224098761278
GROUPE_BASE_MEPC,1201,Eleveurs de bovins,-0.15101455838254807,-0.11857550116014383
GROUPE_BASE_MEPC,4402,Travailleurs du secteur des sports et des activités de remise en forme,0.08427863950491961,-0.23893118406056135
GROUPE_BASE_MEPC,3502,Spécialistes des bases de données et des réseaux d'ordinateurs,0.06349030582857396,-0.1424792256130719
GROUPE_BASE_MEPC,4301,Professions intermédiaires de la finance et des mathématiques,0.2814444589092342,-0.03843555544434669
GROUPE_BASE_MEPC,7406,Sérigraphes,-0.07806425551940664,-0.29807761940548916
GROUPE_BASE_MEPC,8302,Cadres des administrateurs de Prison,0.03819266843546208,-0.16120126942021482
GROUPE_BASE_MEPC,7304,Monteur de charpentes métalliques,-0.2644375559609696,-0.025461466274575677
GROUPE_BASE_MEPC,6109,"Laveurs de véhicules et de vitres, laveurs de linge et autres nettoyeurs manuels",-0.03522035264913653,-0.21138508390429828
GROUPE_BASE_MEPC,4305,Professions intermédiaires de l'application de la loi et assimilées,0.2140183175480902,-0.08563329330524225
GROUPE_BASE_MEPC,7207,Vitrier,-0.27105207934084313,-0.2293718865328569
GROUPE_BASE_MEPC,6110,Autres personnels des services directs aux particuliers,-0.03188479093223422,-0.23023927422644258
GROUPE_BASE_MEPC,6104,"Coiffeurs, esthéticiens et assimilés",-0.1968743827435876,-0.23946432683759505
GROUPE_BASE_MEPC,7402,Compositeurs typographes (Monteurs),-0.03513934415699776,-0.2597906591226463
GROUPE_BASE_MEPC,6601,Conducteurs de locomotives et assimilés,-0.2347484982944182,-0.14116383683727268
GROUPE_BASE_MEPC,6605,Conducteurs de poids lourds et de camions,-0.330840204860818,-0.17435064937225192
GROUPE_BASE_MEPC,5101,"Employés de bureau, fonctions générales",0.10565324230393755,-0.014705027328548516
GROUPE_BASE_MEPC,1401,Exploitants forestiers,-0.21668506319084646,-0.20001691942644242
GROUPE_BASE_MEPC,1501,Chasseurs/collecteurs et assimilés (non compris cueilleurs de vin),-0.18426242563734604,-0.3068961254677135
GROUPE_BASE_MEPC,7210,Plombiers en bâtiment,-0.2627319196300953,-0.12923027173711518
GROUPE_BASE_MEPC,7501,Mécaniciens et ajusteurs d'appareils électriques,-0.15115893636791947,-0.22677204128406686
GROUPE_BASE_MEPC,3103,"Spécialistes des sciences de la vie, de la terre et assimilés (sauf spécialistes de la santé)",-0.04418022969456363,0.1414728153754142
GROUPE_BASE_MEPC,3802,Spécialistes des services postaux,-0.10038873823696048,-0.06665931126493652
GROUPE_BASE_MEPC,6202,"Commerçants, vendeurs en magasin",-0.013739266020308172,-0.14679395728251618
GROUPE_BASE_MEPC,2404,Dirigeants et Gérants des petites entreprises dans le commerce de gros et de détail,-0.14520190993284132,-0.33334713816699163
GROUPE_BASE_MEPC,4601,Personnel de rang de la douane,0.14113852400803203,-0.14013786891407604
GROUPE_BASE_MEPC,7105,Artisans et ouvriers de la céramique et poterie,-0.24692709630382623,-0.24091976216532202
GROUPE_BASE_MEPC,2406,"Dirigeants et Gérants des petites entreprises dans les transports, l'entreposage et les communications",-0.07646602093112143,-0.25373224056169225
GROUPE_BASE_MEPC,4101,Professions intermédiaires des sciences physiques et techniques,-0.020164036152454864,0.13115483415630905
GROUPE_BASE_MEPC,5302,Employés d'approvisionnement et de classification spatio-temporelle,-0.054931342960710616,-0.21755423381650416
GROUPE_BASE_MEPC,3303,"Professeurs, enseignement secondaire général et normal",0.11807694046660298,-0.010076211294153592
GROUPE_BASE_MEPC,8102,Officier de Police,0.0507307627537434,-0.06904869941729806
GROUPE_BASE_MEPC,5301,Employés des services comptables et financiers,0.1398327190426238,-0.07959546922851339
GROUPE_BASE_MEPC,8201,Officiers généraux,-0.1553913581657687,-0.2689037115161613
GROUPE_BASE_MEPC,1203,Eleveurs de porcins,-0.20819645430560557,-0.19371647368355963
GROUPE_BASE_MEPC,8303,Intendant de Prison,0.03806284368242799,-0.21533896549651074
GROUPE_BASE_MEPC,7301,Soudeur/cuviste,-0.1804778118123399,-0.09387041084012077
GROUPE_BASE_MEPC,1206,Bergers et autres ouvriers de l'élevage,-0.1530535203481329,-0.19450390030424453
GROUPE_BASE_MEPC,5102,Secrétaires (fonctions générales),0.05737262281808953,-0.08931068133005222
GROUPE_BASE_MEPC,2405,Dirigeants et Gérants des petites entreprises dans la restauration et l'hôtellerie,-0.2507399875425912,-0.29232778683469623
GROUPE_BASE_MEPC,3501,Concepteurs et Analystes de logiciels et de multimédia,0.3472547088232449,-0.10574246669362525
GROUPE_BASE_MEPC,2408,"Dirigeants et Gérants des petites entreprises de services de soins personnels, de nettoyage et de services similaires",-0.0351755491412597,-0.22871269431527777
GROUPE_BASE_MEPC,2201,Dirigeants et cadres supérieurs de parti politique,-0.11622059660542965,-0.17988180992473618
GROUPE_BASE_MEPC,3801,Logisticien,-0.1713972799417971,-0.028368259152450177
GROUPE_BASE_MEPC,6403,Conducteurs d'installations et de machines pour la fabrication des produits chimiques et photographiques,-0.22723836068068848,-0.049632143672997654
GROUPE_BASE_MEPC,6602,Conducteurs de motocycles,-0.1273924412668396,-0.10906482340077579
GROUPE_BASE_MEPC,7101,Artisans et ouvriers du textile,-0.24631611087454772,-0.27796807881949936
GROUPE_BASE_MEPC,3702,Conseillers et animateurs de la jeunesse,0.036529818564369154,-0.19682953662975666
GROUPE_BASE_MEPC,6204,Autres vendeurs et autres professions auxiliaires à la vente,-0.10839431030022297,-0.23081752596756114
GROUPE_BASE_MEPC,2104,Chefs traditionnels,-0.022034751257060666,-0.08920433462915335
GROUPE_BASE_MEPC,2102,"Membres des Corps Législatifs (Parlement : Sénat, Assemblée Nationale)",0.08732021368011868,-0.0043408250052152835
GROUPE_BASE_MEPC,5201,"Guichetiers, encaisseurs et assimilés",-0.1408314243119905,-0.20407761071108138
GROUPE_BASE_MEPC,3202,Cadres infirmiers et sages-femmes,0.0066548646719002905,-0.1296517506492843
GROUPE_BASE_MEPC,3102,"Mathématiciens, actuaires, statisticiens et démographes",-0.04675464982349007,-0.06697494194120263
GROUPE_BASE_MEPC,3605,Artistes créateurs et exécutants,-0.049479850377443235,-0.29864167841869693
GROUPE_BASE_MEPC,7201,Maçons,-0.25148314080478534,-0.10501016563707548
GROUPE_BASE_MEPC,4105,Contrôleurs et techniciens des moyens de transport maritime et aérien,-0.1851552519782413,0.014056625931836974
GROUPE_BASE_MEPC,1504,Autres professions fauniques non comprises ailleurs (Captureurs),-0.14288543876201962,-0.20422392022797903
GROUPE_BASE_MEPC,7204,Peintres en bâtiment,-0.27474294133820865,-0.16942709973843378
GROUPE_BASE_MEPC,7102,Artisans et ouvriers du bois,-0.2943578255451289,-0.27108716163183716
GROUPE_BASE_MEPC,5304,Manœuvres des transports et de l'entreposage,-0.29776093202668086,-0.1409896167889645
GROUPE_BASE_MEPC,1301,Pécheurs de la pêche artisanale,-0.2537656538605452,-0.2219115727082095
GROUPE_BASE_MEPC,7206,Marbrier/Carriers,-0.333919334112155,-0.1749649220055222
GROUPE_BASE_MEPC,6106,Gardes d'enfants et aides-enseignants,-0.13676032696207255,-0.173421101829066
GROUPE_BASE_MEPC,3203,Ingénieurs et techniciens médicaux-sanitaires,-0.05144046885160478,0.16865493558260436
GROUPE_BASE_MEPC,3601,Juristes,0.10562664731341338,-0.11863011400399744
GROUPE_BASE_MEPC,2403,Dirigeants et Gérants des petites entreprises dans les travaux publics,-0.21853851173893324,-0.23103613337097814
GROUPE_BASE_MEPC,4104,"Techniciens et travailleurs assimilés des sciences de la vie, de la terre et assimilés",-0.06720069618505461,0.10230201579296481
GROUPE_BASE_MEPC,3404,Spécialistes en gestion des projets,0.11126247952989304,-0.20047532578464963
GROUPE_BASE_MEPC,7305,Forgerons/outilleurs,-0.19928154669928413,0.016292491486849543
GROUPE_BASE_MEPC,7303,Tôlier-Chaudronnier,-0.269504003494859,-0.008762204606369861
GROUPE_BASE_MEPC,8104,Gardien de la Paix,-0.10831139220857444,-0.028992909934017697
GROUPE_BASE_MEPC,6407,Conducteurs d'installations pour la fabrication du papier et pour le travail du bois,-0.32134957276798337,-0.1413004354127644
GROUPE_BASE_MEPC,2304,"Directeurs et Cadres de Direction, Industrie Manufacturière, Mines et Distribution",-0.20702108252896004,-0.07368428086059031
GROUPE_BASE_MEPC,2407,Dirigeants et Gérants des petites entreprises d'intermédiation et de services aux entreprises,-0.09779589015610199,-0.229974208464449
GROUPE_BASE_MEPC,7209,Fendeurs de pierre / Tailleurs de pierre,-0.29822623450036945,-0.17578457411719836
GROUPE_BASE_MEPC,1205,"Autres éleveurs (apiculteurs, aviculteurs, aulacodiculteurs, etc.)",-0.17747824592563619,-0.10395797070428332
GROUPE_BASE_MEPC,6404,"Conducteurs de machines pour la fabrication de produits en caoutchouc, en matières plastiques et en papeterie",-0.2518391799427162,0.061392166868378256
GROUPE_BASE_MEPC,6203,Commerçants sur Call box des produits de téléphonie,-0.01842372534495084,-0.18847680886107487
GROUPE_BASE_MEPC,7803,Tailleurs,-0.18478262938501236,-0.35536744831776373
GROUPE_BASE_MEPC,1303,Aquaculteurs,-0.3670850510071189,-0.22554055379760143
GROUPE_BASE_MEPC,7104,Artisans et ouvriers du plastique,-0.21824665705786692,-0.26098720653387214
GROUPE_BASE_MEPC,7103,Artisans et ouvriers de la vannerie,-0.3000413291151401,-0.2902531727249723
GROUPE_BASE_MEPC,7306,Mécaniciens/réparateurs des machines et d'engins,-0.1711308343979763,-0.06552850885191558
GROUPE_BASE_MEPC,8203,Officiers subalternes,-0.10517552071314838,-0.17898661875181612
GROUPE_BASE_MEPC,7405,Graveurs,-0.24723864021527092,-0.30036508155413305
GROUPE_BASE_MEPC,8205,Militaires du rang,-0.06169168621443608,-0.06090200747491128
GROUPE_BASE_MEPC,3207,Autres spécialistes des professions de la santé,-0.037833888143755184,0.05434151319413854
GROUPE_BASE_MEPC,3104,Ingénieurs de l'électrotechnique et des télécommunications,0.033847855300161635,0.07120656047784989
GROUPE_BASE_MEPC,1304,Ouvriers de la pêche et de l'aquaculture,-0.2515510212658234,-0.17999807758759528
GROUPE_BASE_MEPC,6401,Conducteurs d'installations d'exploitation minière et d'extraction des minéraux,-0.2959939693777057,0.026342681406950997
GROUPE_BASE_MEPC,7806,Teinturiers,-0.23542611758765566,-0.20805293876474812
GROUPE_BASE_MEPC,1102,Ouvriers agricoles,-0.25279020173925076,-0.16737953379665946
GROUPE_BASE_MEPC,8305,Gardien de Prison,-0.054704040959367144,-0.07511898514761685
GROUPE_BASE_MEPC,6108,Aides de ménage et agents d'entretien,-0.0869820602155906,-0.1238970506399446
GROUPE_BASE_MEPC,3604,"Auteurs, journalistes et linguistes",0.022119490193276508,-0.2685404081577948
GROUPE_BASE_MEPC,6606,Conducteurs de matériels et engins mobiles,-0.1865729801448209,-0.06417521725733363
GROUPE_BASE_MEPC,4602,Personnel de rang des eaux et forêts,-0.030808485227086586,-0.24473416119832508
GROUPE_BASE_MEPC,1302,Pécheurs de la pêche industrielle,-0.2406347394618116,0.012042942685070113
GROUPE_BASE_MEPC,6604,Conducteurs d'autobus et de tramways,-0.17063150191084067,-0.1450029606711336
GROUPE_BASE_MEPC,6402,Conducteurs d'installations de transformation et de traitement superficiel des métaux,-0.15470686364179542,-0.08648631518983864
GROUPE_BASE_MEPC,3403,"Spécialistes des ventes, de la commercialisation et des relations publiques",0.0006355633857174159,-0.08811115655803133
GROUPE_BASE_MEPC,7503,Monteurs et réparateurs d'installations télégraphiques et téléphoniques,-0.01627163616206435,-0.14139078764791765
GROUPE_BASE_MEPC,2205,Dirigeants et cadres supérieurs d'organismes spécialisés non classés ailleurs,-0.18902809886934951,-0.23850905226883115
GROUPE_BASE_MEPC,3701,Conseillers d'orientation,-0.005490739128552513,-0.2011426911709775
GROUPE_BASE_MEPC,4103,"Conducteurs, techniciens et contrôleurs de processus industriels",-0.2189462981675573,0.13297599766202733
GROUPE_BASE_MEPC,2103,Directeurs Généraux et Cadres Supérieurs de l'Administration Publique (y compris ceux des EPA),0.10659849318461702,-0.08725338256447684
GROUPE_BASE_MEPC,4302,"Agents de vente et d'achat, courtiers",0.05470410290646667,-0.21025583677251736
GROUPE_BASE_MEPC,3402,Spécialistes des fonctions administratives,0.22484119924216533,0.01118697328069545
GROUPE_BASE_MEPC,2303,"Directeurs et Cadres de Direction, Agriculture, Pisciculture",-0.09260409848677482,-0.20909007867480073
GROUPE_BASE_MEPC,4204,Techniciens et assistants vétérinaires,0.12078489866093868,0.023046779537109187
GROUPE_BASE_MEPC,7208,Carreleur,-0.24510655416142713,-0.15639200851803484
GROUPE_BASE_MEPC,2203,Dirigeants et cadres supérieurs d'organisation professionnelle des employeurs,-0.014218197061813476,-0.18677360699101833
GROUPE_BASE_MEPC,4208,Formation continue,-0.1822581102375124,-0.16142383959909712
GROUPE_BASE_MEPC,3302,"Professeurs, enseignement secondaire technique et professionnel",0.11854166037577674,-0.06335319489451889
GROUPE_BASE_MEPC,7701,Menuisiers,-0.2875515272063112,-0.1515050669927895
GROUPE_BASE_MEPC,8202,Officiers supérieurs,-0.11486311661290936,-0.09311125433458031
GROUPE_BASE_MEPC,2202,Dirigeants et cadres supérieurs d'organisation professionnelle de travailleurs,-0.01920919444368737,-0.17548114664863557
GROUPE_BASE_MEPC,3602,"Archivistes, bibliothécaires, documentalistes et assimilés",0.07642963721867618,-0.13758862070307595
GROUPE_BASE_MEPC,7404,Imprimeurs,-0.07339769258288799,-0.29317084478677974
GROUPE_BASE_MEPC,1202,Eleveurs de caprins et ovins,-0.14986562304810228,-0.2172480041774655
GROUPE_BASE_MEPC,5202,Employés chargés d'informer la clientèle/usagers,0.07845886054412499,-0.2224909221422254
GROUPE_BASE_MEPC,6302,Autres personnels civils de protection et de sécurité privée,0.05477975637104343,-0.042516148003135884
GROUPE_BASE_MEPC,7211,Staffeurs/Plâtrier,-0.18418958474485372,-0.2247085141403851
GROUPE_BASE_MEPC,6201,Vendeurs sur les marchés et vendeurs ambulants de comestibles,-0.16207311235094155,-0.336408825270134
GROUPE_BASE_MEPC,3304,Autres spécialistes de l'enseignement,0.129105604674692,0.026122085721299176
GROUPE_BASE_MEPC,3204,Spécialistes des médecines traditionnelles et des médecines complémentaires,-0.07772741955394484,0.018349892494757467
GROUPE_BASE_MEPC,6408,Autres conducteurs de machines et d'installations fixes,-0.2388755196616182,0.00885625484187044
GROUPE_BASE_MEPC,7606,Bouchers,-0.20036491284316157,-0.2356656481204276
GROUPE_BASE_MEPC,7504,Monteurs et réparateurs de lignes électriques,-0.23272179551342947,-0.09880329253471117
GROUPE_BASE_MEPC,3101,"Physiciens, chimistes et assimilés (sauf ingénieur de l'électrotechnique cf. 3104)",-0.10812281627969494,0.10861104958999096
GROUPE_BASE_MEPC,4205,Autres professions intermédiaires de la santé,0.01741923515979457,0.1042816041529376
GROUPE_BASE_MEPC,3106,Autres personnels spécialistes des sciences et techniques,0.019272142751217233,0.06356542216220548
GROUPE_BASE_MEPC,7212,Métiers du bâtiment et assimilés non classés ailleurs,-0.13767991606120183,-0.17233170153135896
DOMAINE_DETAILLE_NCF,4204,Techniques administratives,0.23595651360169237,-0.034368479423670426
DOMAINE_DETAILLE_NCF,5408,Cartographie,-0.08425748798106145,-0.2825383559885585
DOMAINE_DETAILLE_NCF,7109,Autres formations en ingénierie et techniques apparentées n.c.a,-0.03870628908628387,-0.047056494522901816
DOMAINE_DETAILLE_NCF,8402,Santé publique vétérinaire,-0.2084142645878521,0.01020316625343709
DOMAINE_DETAILLE_NCF,9203,"Travail social (service social, rééducation, réhabilitation, éducation sociale spécialisée, administration des affaires sociales)",-0.03172463982579167,0.012010054077278268
DOMAINE_DETAILLE_NCF,5301,Chimie minérale,-0.15084791769369246,-0.01789098869199611
DOMAINE_DETAILLE_NCF,5102,"Biologie animale (bactériologie, toxicologie, zoologie, entomologie, ornithologie, génétique, physiologie animale…)",-0.07679804443989352,0.11244351409337738
DOMAINE_DETAILLE_NCF,8304,Océanographie,-0.05301784452604755,-0.16572206332454417
DOMAINE_DETAILLE_NCF,7105,Électronique et automatisation,0.092941573976941,-0.06421891506173821
DOMAINE_DETAILLE_NCF,7108,"Exploration pétrolière et gazière, prospection géologique et minière, transport et stockage de pétrole et gaz",-0.2103223564973453,0.03594228752435319
DOMAINE_DETAILLE_NCF,5406,Paléontologie,-0.18792731442719615,-0.018857384300161664
DOMAINE_DETAILLE_NCF,5405,Océanographie,-0.070636191704552,-0.12261702368859065
DOMAINE_DETAILLE_NCF,7303,Géomatique,0.0645760422333634,-0.10511679685210863
DOMAINE_DETAILLE_NCF,5305,Physique,-0.11827275994712842,-0.15243832921281922
DOMAINE_DETAILLE_NCF,2106,"Arts du spectacle (Musique, théâtre, danse, cirque)",-0.04995387206269227,-0.22301680166639173
DOMAINE_DETAILLE_NCF,4306,Formation en droit des affaires,0.09472158725003474,-0.13634498192951522
DOMAINE_DETAILLE_NCF,2101,"Production multimédia (photographie, cinématographie, production musicale, …)",-0.05798819037128927,-0.2016608385700255
DOMAINE_DETAILLE_NCF,9106,Pharmacie,0.035714659811190395,-0.03439972813857831
DOMAINE_DETAILLE_NCF,6205,Technologies de télécommunication non classées ailleurs,0.13408347330267817,-0.07072104588484783
DOMAINE_DETAILLE_NCF,5304,Chimie physique,-0.27078666724621653,-0.07349223707572043
DOMAINE_DETAILLE_NCF,2107,"Art Graphique (Infographie, Sérigraphie, imprimerie, …)",0.07915787781128444,-0.2339011254629989
DOMAINE_DETAILLE_NCF,10401,Transport maritime,-0.1825181785901281,-0.015634913716965924
DOMAINE_DETAILLE_NCF,3107,"Formation sur la paix et les conflits, droits de l'homme",0.055949045195990206,-0.27749362390551974
DOMAINE_DETAILLE_NCF,6201,Radio communication,0.13340658554385523,-0.10178202338735133
DOMAINE_DETAILLE_NCF,7309,"Autres formations en architecture, bâtiment et travaux publics n.c.a",-0.04494216005992935,-0.16123921691475435
DOMAINE_DETAILLE_NCF,3202,"Formation à la gestion des bibliothèques, de la documentation et de l'archivage",0.10037094240355285,-0.09740572000402503
DOMAINE_DETAILLE_NCF,4101,"Finance, banque, assurance, analyse des investissements",0.05774102021577119,0.055218220787858485
DOMAINE_DETAILLE_NCF,6106,Administration des systèmes et réseaux,0.15735905479249232,-0.08552599017970593
DOMAINE_DETAILLE_NCF,5401,Minéralogie,-0.20168103714319421,-0.08569554474322066
DOMAINE_DETAILLE_NCF,9201,Soins gérontologiques et aux adultes handicapés,0.008975517514102508,-0.06579786785066971
DOMAINE_DETAILLE_NCF,9108,"Formation de délégué médical, vendeur en pharmacie, secrétaires médicaux",-0.015024141591238964,0.01897916007711929
DOMAINE_DETAILLE_NCF,10101,Services domestiques,-0.16586453280012384,-0.23101772656101696
DOMAINE_DETAILLE_NCF,10202,Sécurité aérienne,-0.097304008610289,-0.09075123091502871
DOMAINE_DETAILLE_NCF,2302,"Littérature et linguistique (interprétariat, traduction, …)",0.04397066092667738,-0.10214970708474831
DOMAINE_DETAILLE_NCF,4102,Approvisionnement et stocks,0.01787790639017353,-0.16090838244691422
DOMAINE_DETAILLE_NCF,5501,"Mathématiques (y compris la recherche opérationnelle, l'analyse numérique, sciences informatiques)",-0.07337991307025954,0.018244222310360134
DOMAINE_DETAILLE_NCF,3209,Autres formations en communication et information n.c.a,0.09664725884852231,-0.18420793174127556
DOMAINE_DETAILLE_NCF,8303,Gestion des pêches,-0.16291032078434783,-0.08399968134588985
DOMAINE_DETAILLE_NCF,10409,Autres formations en services de transport n.c.a,-0.15309995054697545,-0.0735297181193363
DOMAINE_DETAILLE_NCF,7302,Urbanisme,-0.11420819175849774,-0.15803792628103794
DOMAINE_DETAILLE_NCF,4308,Formation en droit public,0.12058109295782504,-0.08168612202429988
DOMAINE_DETAILLE_NCF,10302,"Protection des biens et des personnes (police, ..)",-0.0553368064401638,-0.16831925409392945
DOMAINE_DETAILLE_NCF,10301,"Défense (militaires, gendarmes, etc.)",-0.05102652291531525,-0.03807065098617359
DOMAINE_DETAILLE_NCF,8109,Autres formations en agriculture n.c.a,-0.12228703626540022,-0.07545989860588662
DOMAINE_DETAILLE_NCF,4105,"Métrologie (prix, poids et mesure, etc.)",-0.17532272190677983,-0.06811846035728379
DOMAINE_DETAILLE_NCF,6110,Conception et administration des bases de données,0.1425906008080785,-0.0893056634414837
DOMAINE_DETAILLE_NCF,5303,Chimie analytique,-0.2688998252496384,-0.01802015668324558
DOMAINE_DETAILLE_NCF,5309,Autres formations en sciences physiques n.c.a,-0.08822444792432184,-0.07380138472580745
DOMAINE_DETAILLE_NCF,6203,Réseaux et télécommunication,0.09403247550374015,-0.17832338844697004
DOMAINE_DETAILLE_NCF,5302,Chimie organique,-0.23028946087425992,-0.23664407036329688
DOMAINE_DETAILLE_NCF,2209,Autres formations en lettres et sciences humaines n.c.a,-0.11181227267856193,-0.1029847945551198
DOMAINE_DETAILLE_NCF,5403,Tectonophysique,-0.05862671000170523,-0.016935873382470653
DOMAINE_DETAILLE_NCF,7103,Électricité et énergie,-0.238893512100912,-0.01859247405566654
DOMAINE_DETAILLE_NCF,4202,Régies financières,0.027846094113133747,-0.067543622160464
DOMAINE_DETAILLE_NCF,2201,Religion et théologie,0.018894396660392235,-0.30034727166230907
DOMAINE_DETAILLE_NCF,10103,Hôtellerie et restauration,-0.17584171200646498,-0.1920883951223457
DOMAINE_DETAILLE_NCF,2109,Autres formations en art et artisanat n.c.a,-0.13787586455340595,-0.15828415370375443
DOMAINE_DETAILLE_NCF,5409,"Autres formations en sciences de la terre, de l'atmosphère et des fonds marins n.c.a",-0.11656986156441035,-0.060707293941864256
DOMAINE_DETAILLE_NCF,10501,Techniques d'exploitation en matière postale,0.02804708961807781,-0.11674224429691389
DOMAINE_DETAILLE_NCF,7306,"Construction et génie civil (maçonnerie, menuiserie, charpente, carrelage, Plomberie, …)",-0.16922076419970203,0.006466361452777323
DOMAINE_DETAILLE_NCF,6104,Génie logiciel,0.26277452053808714,-0.006068376804850712
DOMAINE_DETAILLE_NCF,7207,Raffinage et pétrochimie,-0.005835521272831759,0.007728485279601921
DOMAINE_DETAILLE_NCF,10404,Transport routier,-0.15890655788452154,0.022062267428562075
DOMAINE_DETAILLE_NCF,10204,Sécurité industrielle et minière,-0.1302012969862022,0.11107126213429816
DOMAINE_DETAILLE_NCF,1101,Formation des enseignants de maternelle/primaire,-0.027636505959429947,0.004293517863919257
DOMAINE_DETAILLE_NCF,6102,Maintenance des ordinateurs,0.024014487101003994,-0.04794462706739971
DOMAINE_DETAILLE_NCF,8201,Sylviculture et exploitation forestière,-0.049131878969818,-0.04008100208132163
DOMAINE_DETAILLE_NCF,6202,Informatique et réseaux des télécommunications,0.3288809104077745,-0.09115235863905721
DOMAINE_DETAILLE_NCF,4302,Greffe,-0.029643419743462945,-0.18455939851072597
DOMAINE_DETAILLE_NCF,9107,Médecine et thérapies traditionnelles et complémentaires,-0.08760738903281094,-0.04289231254877018
DOMAINE_DETAILLE_NCF,8103,Horticulture et jardinage,-0.17116779890286746,-0.1372559421915233
DOMAINE_DETAILLE_NCF,1108,Formation des maîtres d'apprentissage et maîtres d'artisans,-0.03326208428631634,-0.15569721905381873
DOMAINE_DETAILLE_NCF,10102,Soins de beauté et de coiffure,-0.19165944199816928,-0.24673512966694064
DOMAINE_DETAILLE_NCF,2301,Acquisition d'une langue,0.036578956606807295,-0.25456150370404335
DOMAINE_DETAILLE_NCF,3106,Géographie et démographie (à l'exception de la géographie physique),-0.0973474378447749,-0.16254438911808658
DOMAINE_DETAILLE_NCF,8403,Immunologie vétérinaire,-0.07945385931168222,0.02256203092326031
DOMAINE_DETAILLE_NCF,5402,Géologie,-0.14049581921959628,-0.09747750055771016
DOMAINE_DETAILLE_NCF,10309,Autres formations en services de sûreté n.c.a,0.009125730142778732,-0.134295992866274
DOMAINE_DETAILLE_NCF,2204,Education civique et morale,0.09664296711228403,-0.21594951032565193
DOMAINE_DETAILLE_NCF,8102,Elevage,-0.09522286680826879,-0.0554468290678648
DOMAINE_DETAILLE_NCF,2105,Artisanat,-0.23151887138419083,-0.1411205210731598
DOMAINE_DETAILLE_NCF,5104,Biochimie,-0.04873590910358181,0.057247541042488796
DOMAINE_DETAILLE_NCF,4203,Gestion des Ressources humaines,0.03926047364076937,-0.1409833190204091
DOMAINE_DETAILLE_NCF,5503,"Statistiques et autres sciences apparentées (économétrie,...)",-0.12813247752719112,-0.11501239297665143
DOMAINE_DETAILLE_NCF,10403,Transport ferroviaire,-0.1779441085972102,0.056453375002516785
DOMAINE_DETAILLE_NCF,8305,Limnologie,-0.1206222780280431,-0.1330254185122695
DOMAINE_DETAILLE_NCF,4208,Planification,0.03125884933516344,-0.06644093435583093
DOMAINE_DETAILLE_NCF,2203,Philosophie,0.11005505006358159,-0.21420070583320105
DOMAINE_DETAILLE_NCF,9102,Médecine humaine,-0.1504585593705671,0.06512649496980236
DOMAINE_DETAILLE_NCF,6119,Technologies de l'information et de la communication non classées ailleurs,0.09360507062023705,-0.13846225644149573
DOMAINE_DETAILLE_NCF,7304,Génie rural,-0.10571613481840707,0.05984843552661281
DOMAINE_DETAILLE_NCF,3105,Gérontologie,-0.09574903721506328,0.023404190387059397
DOMAINE_DETAILLE_NCF,4305,Formation des notaires,0.09415174435198272,-0.09261631969844086
DOMAINE_DETAILLE_NCF,1205,Formation des conseillers d'orientation,-0.036966337703245304,-0.18811602440521888
DOMAINE_DETAILLE_NCF,7204,"Traitement et transformation des matières premières du textile (coton, laine, cuir, etc.)",-0.16068147083433879,-0.12120920617002084
DOMAINE_DETAILLE_NCF,4209,Autres formations en gestion de services administratifs n.c.a,-0.0014948579183578022,-0.03262906412408612
DOMAINE_DETAILLE_NCF,8409,Autres formations en science/médecine vétérinaire n.c.a,-0.033347282989120805,0.0007529156578236664
DOMAINE_DETAILLE_NCF,2102,"Stylisme, Modélisme, esthétique, décoration et design industriel",-0.06016345157272115,-0.14383079538383242
DOMAINE_DETAILLE_NCF,9204,Santé et sécurité au travail,-0.18948231208176483,-0.11278046232756776
DOMAINE_DETAILLE_NCF,4109,Autres formations en commerce n.c.a,-0.07659656113324731,-0.15421480771562698
DOMAINE_DETAILLE_NCF,4103,"Marketing, relations publiques et publicité",0.05461493494094418,-0.30264120521248217
DOMAINE_DETAILLE_NCF,5209,Autres formations en environnement n.c.a,-0.12522154602207808,-0.06651576810522697
DOMAINE_DETAILLE_NCF,10209,Autres formations en services de sécurité n.c.a,0.005277265767715998,0.0038843640617475784
DOMAINE_DETAILLE_NCF,4303,Formation des huissiers,-0.009248228341586066,-0.12488382810605274
DOMAINE_DETAILLE_NCF,9101,Odontologie,-0.21676529201059708,-0.0032252875188313224
DOMAINE_DETAILLE_NCF,6101,Utilisation d'un ordinateur et bureautique,0.08928115572641789,-0.003082921678677763
DOMAINE_DETAILLE_NCF,3201,Journalisme et reportage,0.03907631452954674,-0.19165517289932715
DOMAINE_DETAILLE_NCF,6209,Autres formations en télécommunications n.c.a,0.16632746644502452,-0.1001772852350015
DOMAINE_DETAILLE_NCF,4206,Administration et Management,0.16541536181248362,-0.11124834984012166
DOMAINE_DETAILLE_NCF,5509,Autres formations en mathématiques et statistiques n.c.a,-0.10189040859558546,-0.1272176279670481
DOMAINE_DETAILLE_NCF,7305,Topographie et cadastre,-0.014653375448672437,-0.07311632654518962
DOMAINE_DETAILLE_NCF,8302,Gestion des écosystèmes aquatiques,-0.15945511744477628,-0.010588085249698162
DOMAINE_DETAILLE_NCF,1209,Autres formations des autres éducateurs n.c.a,0.03570745378424803,-0.18722649893472107
DOMAINE_DETAILLE_NCF,1204,Formation des Conseillers de jeunesse et d'animation,0.027163619285729156,-0.1718228740637523
DOMAINE_DETAILLE_NCF,10203,Sécurité maritime et fluviale,-0.156587086693738,0.08250615454659141
DOMAINE_DETAILLE_NCF,1119,Autres formations des enseignants n.c.a,-0.11740252472202556,-0.17296146014436908
DOMAINE_DETAILLE_NCF,7107,"Maintenance des véhicules à moteur (aéronautique civile, maritime, ferroviaire et routier, …)",-0.2151697592160949,0.08839801408108794
DOMAINE_DETAILLE_NCF,7203,Transformation des produits forestiers,-0.19038866580029246,-0.1081256573596808
DOMAINE_DETAILLE_NCF,8404,Médecine vétérinaire,-0.13104282178794746,0.010799631031925622
DOMAINE_DETAILLE_NCF,7209,Autres formations en industries de transformation et de traitement n.c.a,-0.1041650117362499,-0.12650889530275083
DOMAINE_DETAILLE_NCF,8301,Aquaculture,-0.19627473067894177,-0.018835591556663114
DOMAINE_DETAILLE_NCF,10106,"Blanchisserie, nettoyage et teinture",-0.2779732754869285,-0.0707318720097242
DOMAINE_DETAILLE_NCF,8209,Autres formations en foresterie n.c.a,-0.1085105922260581,-0.09898661267836224
DOMAINE_DETAILLE_NCF,5201,"Sciences environnementales (changements climatiques, QSE, évaluation environnementale, développement durable, Biodiversité, assainissement et déchets)",-0.23287466880599134,0.07266562333270947
DOMAINE_DETAILLE_NCF,10304,"Agent de Sécurité privé (gardien, vigile, …)",-0.04805546697094,-0.021969786020683855
DOMAINE_DETAILLE_NCF,9104,"Techniques biomédicales et techniques médico-sanitaires (imagerie médicale, laboratoire, etc.)",-0.07765526688901304,0.15009334290565549
DOMAINE_DETAILLE_NCF,2104,Gestion et conservation du patrimoine culturel,-0.17417971886456013,-0.18162790559119554
DOMAINE_DETAILLE_NCF,3109,Autres formations en sciences sociales et du comportement n.c.a,-0.04482958438830377,-0.1035753509911823
DOMAINE_DETAILLE_NCF,3103,Psychologie,0.0684807525377562,-0.11229836555395906
DOMAINE_DETAILLE_NCF,3204,Edition,0.04646899692299118,-0.21197506054830695
DOMAINE_DETAILLE_NCF,10405,Transport et logistique,-0.12308868708235443,-0.016393822883840278
DOMAINE_DETAILLE_NCF,10104,Sports,0.06046489219144267,-0.11570976896869709
DOMAINE_DETAILLE_NCF,6103,Maintenance des systèmes et réseaux,0.00285382545556428,-0.033091286660513815
DOMAINE_DETAILLE_NCF,7106,Mécanique et techniques apparentées,-0.11345248124294262,-0.03187262961922074
DOMAINE_DETAILLE_NCF,10109,Autres formations en services aux particuliers n.c.a,-0.16182734496099066,-0.14653883494407685
DOMAINE_DETAILLE_NCF,7102,Technologie de la protection de l'environnement,-0.2446565849548451,-0.049522402489628574
DOMAINE_DETAILLE_NCF,4205,Comptabilité-matières,-0.11103603772839865,-0.1756980551762088
DOMAINE_DETAILLE_NCF,7104,Ingénierie de l'eau et de l'environnement,-0.2841237402122362,-0.023397086698501688
DOMAINE_DETAILLE_NCF,4309,Autres formations en droit n.c.a,0.1064314483108268,-0.12717382972578545
DOMAINE_DETAILLE_NCF,3203,Formation de techniciens de musées et d'établissements analogues,-0.1548092857490276,-0.07927669315999462
DOMAINE_DETAILLE_NCF,7101,Ingénierie chimique et processus,-0.0774596240670423,0.025209219653247406
DOMAINE_DETAILLE_NCF,1106,Formation des enseignants d'Education Physique et Sportive (EPS),0.030792418806623673,-0.14300909427434114
DOMAINE_DETAILLE_NCF,5109,Autres formations en sciences biologiques et apparentées,-0.02790256022053833,-0.05752731901997204
DOMAINE_DETAILLE_NCF,8401,Pathologie et microbiologie vétérinaire,-0.17326744997242471,0.022684830467717614
DOMAINE_DETAILLE_NCF,2205,Géographie humaine,0.03884277584061904,-0.24398446097228044
DOMAINE_DETAILLE_NCF,4104,Commerce international,-0.025989257541485962,-0.13850524084347549
DOMAINE_DETAILLE_NCF,7307,Conduite des grues,-0.19749210501028827,-0.14733975151110837
DOMAINE_DETAILLE_NCF,8307,Arts nautiques,-0.11718279599634747,-0.07951058694788432
DOMAINE_DETAILLE_NCF,1203,Formation des encadreurs et animateurs des centres d'alphabétisation fonctionnels et des centres préscolaires communautaires,-0.062317178900558746,-0.1878294298636562
DOMAINE_DETAILLE_NCF,6107,Informatique industrielle,0.09330491934264494,0.000544947426068758
DOMAINE_DETAILLE_NCF,1104,Formation des enseignants de l'enseignement secondaire général,0.03069254035256075,-0.021826500139644937
DOMAINE_DETAILLE_NCF,8405,Pharmacie vétérinaire,-0.06254389678269459,0.03733849953918814
DOMAINE_DETAILLE_NCF,10105,Tourisme et loisirs,-0.0855226682496022,-0.195610342010443
DOMAINE_DETAILLE_NCF,4201,"Comptabilité, fiscalité, audit et contrôle de gestion",0.10560954300430186,0.12678706188415467
DOMAINE_DETAILLE_NCF,5502,Informatique fondamentale,0.0014395625812590744,-0.17648795169084833
DOMAINE_DETAILLE_NCF,4307,Formation en droit privé fondamental,0.020445104291818315,-0.22798238675967497
DOMAINE_DETAILLE_NCF,5105,"Biotechnologie (bioinformatique, modification technologique, etc.)",0.008271759068754953,0.10643531135009283
DOMAINE_DETAILLE_NCF,10201,Sécurité publique,-0.03176196781279475,-0.09099035145589968
DOMAINE_DETAILLE_NCF,9209,Autres formations en protection sociale n.c.a,-0.08309758449729349,-0.07446630313753519
DOMAINE_DETAILLE_NCF,1102,Formation des enseignants de l'enseignement secondaire technique,0.01315538899559787,0.06024497001655478
DOMAINE_DETAILLE_NCF,9103,Soins infirmiers et formation de sages-femmes,-0.15355890285329565,-0.15501586732759273
DOMAINE_DETAILLE_NCF,6109,Sécurité informatique,0.26695694785899227,0.01793974660922235
DOMAINE_DETAILLE_NCF,3104,"Sociologie et études culturelles (genre et développement, anthropologie à l'exception de l'anthropologie physique, ethnologie, futurologie, etc.)",0.05944562267545326,-0.16791223774143896
DOMAINE_DETAILLE_NCF,5407,Météorologie,-0.15750622494050862,-0.10343540183875628
DOMAINE_DETAILLE_NCF,9202,Soins aux enfants et aux jeunes,-0.00528469535175177,-0.2358260431181842
DOMAINE_DETAILLE_NCF,2309,Autres formations en langues et littérature n.c.a,-0.1750643420565567,-0.17819453055675236
DOMAINE_DETAILLE_NCF,3108,Techniques audiovisuelles,-0.11446807351059463,-0.11786207232676837
DOMAINE_DETAILLE_NCF,10303,Administration pénitentiaire,0.11386529286761693,0.007196481652712359
DOMAINE_DETAILLE_NCF,7202,"Traitement et transformation de matériaux (Sable, pétrole, caoutchouc/latex, bois, …)",-0.28419187904496696,-0.025550533217778167
DOMAINE_DETAILLE_NCF,7205,"Exploitation des mines, carrières et extraction",-0.15074395828909753,-0.08874959060352956
DOMAINE_DETAILLE_NCF,3102,Sciences politiques,0.026325559610430045,-0.04082404151338121
DOMAINE_DETAILLE_NCF,8309,Autres formations en halieutique n.c.a,-0.15666932449343796,-0.096273475761065
DOMAINE_DETAILLE_NCF,1105,Formation des enseignants de l'enseignement normal,0.02354292310901727,0.029890734068674502
DOMAINE_DETAILLE_NCF,7201,"Transformation, conservation des aliments et boissons et chimie alimentaire",-0.2583150742642897,-0.15146727748557168
DOMAINE_DETAILLE_NCF,8101,Agronomie et techniques de production agricoles,-0.2256723274695159,0.10281782112024546
DOMAINE_DETAILLE_NCF,1201,Sciences de l'éducation,0.10167418861898674,-0.08813815715887453
DOMAINE_DETAILLE_NCF,6108,Audit des systèmes d'information,0.14447476794442998,0.005984623225581281
DOMAINE_DETAILLE_NCF,6105,Conception et administration des systèmes d'informations,0.1582300096095497,-0.053613778396798435
DOMAINE_DETAILLE_NCF,4301,Magistrature,-0.007629055040780212,-0.06554538563116769
DOMAINE_DETAILLE_NCF,2103,"Beaux-arts (dessin, peinture, sculpture, art plastique, …)",-0.11856894810230903,-0.1298448410531062
DOMAINE_DETAILLE_NCF,5202,"Environnements naturels, faune et flore",-0.20298937506232584,-0.06424487634733925
DOMAINE_DETAILLE_NCF,6204,Management des télécommunications,0.25418752217926577,-0.1021142170723837
DOMAINE_DETAILLE_NCF,5101,"Biologie végétale (botanique, génétique, biophysique, physiologie végétale)",-0.11842899956667947,0.11263218919341501
DOMAINE_DETAILLE_NCF,1107,Ingénierie de formation,-0.0698736778976306,-0.0644114356369487
DOMAINE_DETAILLE_NCF,7206,Génie minier,-0.08751089211490373,-0.08152827435334314
DOMAINE_DETAILLE_NCF,3101,Économie,-0.07806037395994202,-0.042759296570463394
DOMAINE_DETAILLE_NCF,4304,Formation des avocats,-0.051324427814045795,-0.19020224422921045
DOMAINE_DETAILLE_NCF,1109,Formation des moniteurs d'auto-école,-0.21164995930366987,-0.003577385055744334
DOMAINE_DETAILLE_NCF,5103,Microbiologie,-0.1275233793857779,0.07101907626499256
DOMAINE_DETAILLE_NCF,1202,"Formation des éducateurs spécialisés (handicap physique, handicap moral, handicap mental, etc.)",0.01364675852643124,-0.19685585130902664
DOMAINE_DETAILLE_NCF,2202,Histoire et archéologie,-0.06480967031969229,-0.17801319433267562
DOMAINE_DETAILLE_NCF,4207,Montage et Evaluation des projets,-0.05382438117602585,-0.17300211289706283
DOMAINE_DETAILLE_NCF,5504,Sciences actuarielles,-0.048500528483233,-0.030885708600377225
DOMAINE_DETAILLE_NCF,1103,"Formation des instituteurs de l'enseignement technique (SAR/SM, Centres de Formation aux Métiers, …)",0.044725271061387926,0.13466013814189748
DOMAINE_DETAILLE_NCF,10402,Transport aérien,-0.12019904155298365,-0.09420244711747464
DOMAINE_DETAILLE_NCF,9105,Techniques du génie sanitaire,-0.0979951229752218,-0.03302307349031558
DOMAINE_DETAILLE_NCF,10509,Autres formations en services de la poste n.c.a,-0.1227478570849433,-0.116507977579276
DOMAINE_DETAILLE_NCF,5404,Vulcanologie,-0.1997800628881145,-0.09124961903873506
DOMAINE_DETAILLE_NCF,9109,Autres formations en santé humaine n.c.a,-0.14528610731390926,-0.0380866509035194
DOMAINE_DETAILLE_NCF,7301,Architecture,-0.08775534647465096,-0.16204357564878083
DOMAINE_DETAILLE_NCF,8306,Transformation et contrôle de qualité des produits halieutiques,-0.21411424794248243,-0.037613406736122665
